 
****************************************
Report : timing
        -path full
        -delay min
        -max_paths 100
Design : System_Top
Version: O-2018.06-SP1
Date   : Thu Aug 27 00:08:27 2026
****************************************

Operating Conditions: scmetro_tsmc_cl013g_rvt_ff_1p32v_m40c   Library: scmetro_tsmc_cl013g_rvt_ff_1p32v_m40c
Wire Load Model Mode: top

  Startpoint: U0_RegFile/regArr_reg[5][6]
              (rising edge-triggered flip-flop clocked by REG_CLK)
  Endpoint: U0_ALU/ALU_OUT_reg[7]
            (rising edge-triggered flip-flop clocked by ALU_CLK)
  Path Group: ALU_CLK
  Path Type: min

  Des/Clust/Port     Wire Load Model       Library
  ------------------------------------------------
  System_Top         tsmc13_wl30           scmetro_tsmc_cl013g_rvt_ss_1p08v_125c

  Point                                                   Incr       Path
  --------------------------------------------------------------------------
  clock REG_CLK (rise edge)                               0.00       0.00
  clock network delay (ideal)                             0.00       0.00
  U0_RegFile/regArr_reg[5][6]/CK (SDFFRQX2M)              0.00       0.00 r
  U0_RegFile/regArr_reg[5][6]/Q (SDFFRQX2M)               0.83       0.83 r
  U0_RegFile/test_so1 (RegFile_test_1)                    0.00       0.83 r
  U0_ALU/test_si2 (ALU_test_1)                            0.00       0.83 r
  U0_ALU/ALU_OUT_reg[7]/SI (SDFFRHQX1M)                   0.00       0.83 r
  data arrival time                                                  0.83

  clock ALU_CLK (rise edge)                               0.00       0.00
  clock network delay (ideal)                             0.00       0.00
  U0_ALU/ALU_OUT_reg[7]/CK (SDFFRHQX1M)                   0.00       0.00 r
  library hold time                                      -0.21      -0.21
  data required time                                                -0.21
  --------------------------------------------------------------------------
  data required time                                                -0.21
  data arrival time                                                 -0.83
  --------------------------------------------------------------------------
  slack (MET)                                                        1.04


  Startpoint: U0_ALU/ALU_OUT_reg[0]
              (rising edge-triggered flip-flop clocked by ALU_CLK)
  Endpoint: U0_ALU/ALU_OUT_reg[1]
            (rising edge-triggered flip-flop clocked by ALU_CLK)
  Path Group: ALU_CLK
  Path Type: min

  Des/Clust/Port     Wire Load Model       Library
  ------------------------------------------------
  System_Top         tsmc13_wl30           scmetro_tsmc_cl013g_rvt_ss_1p08v_125c

  Point                                                   Incr       Path
  --------------------------------------------------------------------------
  clock ALU_CLK (rise edge)                               0.00       0.00
  clock network delay (ideal)                             0.00       0.00
  U0_ALU/ALU_OUT_reg[0]/CK (SDFFRHQX8M)                   0.00       0.00 r
  U0_ALU/ALU_OUT_reg[0]/Q (SDFFRHQX8M)                    0.72       0.72 f
  U0_ALU/ALU_OUT_reg[1]/SI (SDFFRQX2M)                    0.00       0.72 f
  data arrival time                                                  0.72

  clock ALU_CLK (rise edge)                               0.00       0.00
  clock network delay (ideal)                             0.00       0.00
  U0_ALU/ALU_OUT_reg[1]/CK (SDFFRQX2M)                    0.00       0.00 r
  library hold time                                      -0.40      -0.40
  data required time                                                -0.40
  --------------------------------------------------------------------------
  data required time                                                -0.40
  data arrival time                                                 -0.72
  --------------------------------------------------------------------------
  slack (MET)                                                        1.13


  Startpoint: U0_ALU/ALU_OUT_reg[5]
              (rising edge-triggered flip-flop clocked by ALU_CLK)
  Endpoint: U0_ALU/ALU_OUT_reg[6]
            (rising edge-triggered flip-flop clocked by ALU_CLK)
  Path Group: ALU_CLK
  Path Type: min

  Des/Clust/Port     Wire Load Model       Library
  ------------------------------------------------
  System_Top         tsmc13_wl30           scmetro_tsmc_cl013g_rvt_ss_1p08v_125c

  Point                                                   Incr       Path
  --------------------------------------------------------------------------
  clock ALU_CLK (rise edge)                               0.00       0.00
  clock network delay (ideal)                             0.00       0.00
  U0_ALU/ALU_OUT_reg[5]/CK (SDFFRHQX8M)                   0.00       0.00 r
  U0_ALU/ALU_OUT_reg[5]/Q (SDFFRHQX8M)                    0.72       0.72 f
  U0_ALU/ALU_OUT_reg[6]/SI (SDFFRQX1M)                    0.00       0.72 f
  data arrival time                                                  0.72

  clock ALU_CLK (rise edge)                               0.00       0.00
  clock network delay (ideal)                             0.00       0.00
  U0_ALU/ALU_OUT_reg[6]/CK (SDFFRQX1M)                    0.00       0.00 r
  library hold time                                      -0.41      -0.41
  data required time                                                -0.41
  --------------------------------------------------------------------------
  data required time                                                -0.41
  data arrival time                                                 -0.72
  --------------------------------------------------------------------------
  slack (MET)                                                        1.13


  Startpoint: U0_ALU/ALU_OUT_reg[4]
              (rising edge-triggered flip-flop clocked by ALU_CLK)
  Endpoint: U0_ALU/ALU_OUT_reg[5]
            (rising edge-triggered flip-flop clocked by ALU_CLK)
  Path Group: ALU_CLK
  Path Type: min

  Des/Clust/Port     Wire Load Model       Library
  ------------------------------------------------
  System_Top         tsmc13_wl30           scmetro_tsmc_cl013g_rvt_ss_1p08v_125c

  Point                                                   Incr       Path
  --------------------------------------------------------------------------
  clock ALU_CLK (rise edge)                               0.00       0.00
  clock network delay (ideal)                             0.00       0.00
  U0_ALU/ALU_OUT_reg[4]/CK (SDFFRHQX8M)                   0.00       0.00 r
  U0_ALU/ALU_OUT_reg[4]/Q (SDFFRHQX8M)                    0.73       0.73 f
  U0_ALU/ALU_OUT_reg[5]/SI (SDFFRHQX8M)                   0.00       0.73 f
  data arrival time                                                  0.73

  clock ALU_CLK (rise edge)                               0.00       0.00
  clock network delay (ideal)                             0.00       0.00
  U0_ALU/ALU_OUT_reg[5]/CK (SDFFRHQX8M)                   0.00       0.00 r
  library hold time                                      -0.47      -0.47
  data required time                                                -0.47
  --------------------------------------------------------------------------
  data required time                                                -0.47
  data arrival time                                                 -0.73
  --------------------------------------------------------------------------
  slack (MET)                                                        1.19


  Startpoint: U0_ALU/ALU_OUT_reg[3]
              (rising edge-triggered flip-flop clocked by ALU_CLK)
  Endpoint: U0_ALU/ALU_OUT_reg[4]
            (rising edge-triggered flip-flop clocked by ALU_CLK)
  Path Group: ALU_CLK
  Path Type: min

  Des/Clust/Port     Wire Load Model       Library
  ------------------------------------------------
  System_Top         tsmc13_wl30           scmetro_tsmc_cl013g_rvt_ss_1p08v_125c

  Point                                                   Incr       Path
  --------------------------------------------------------------------------
  clock ALU_CLK (rise edge)                               0.00       0.00
  clock network delay (ideal)                             0.00       0.00
  U0_ALU/ALU_OUT_reg[3]/CK (SDFFRQX2M)                    0.00       0.00 r
  U0_ALU/ALU_OUT_reg[3]/Q (SDFFRQX2M)                     0.51       0.51 r
  U0_ALU/U10/Y (INVXLM)                                   0.47       0.97 f
  U0_ALU/U11/Y (INVX8M)                                   0.97       1.94 r
  U0_ALU/ALU_OUT_reg[4]/SI (SDFFRHQX8M)                   0.00       1.94 r
  data arrival time                                                  1.94

  clock ALU_CLK (rise edge)                               0.00       0.00
  clock network delay (ideal)                             0.00       0.00
  U0_ALU/ALU_OUT_reg[4]/CK (SDFFRHQX8M)                   0.00       0.00 r
  library hold time                                      -0.22      -0.22
  data required time                                                -0.22
  --------------------------------------------------------------------------
  data required time                                                -0.22
  data arrival time                                                 -1.94
  --------------------------------------------------------------------------
  slack (MET)                                                        2.16


  Startpoint: U0_ALU/ALU_OUT_reg[2]
              (rising edge-triggered flip-flop clocked by ALU_CLK)
  Endpoint: U0_ALU/ALU_OUT_reg[3]
            (rising edge-triggered flip-flop clocked by ALU_CLK)
  Path Group: ALU_CLK
  Path Type: min

  Des/Clust/Port     Wire Load Model       Library
  ------------------------------------------------
  System_Top         tsmc13_wl30           scmetro_tsmc_cl013g_rvt_ss_1p08v_125c

  Point                                                   Incr       Path
  --------------------------------------------------------------------------
  clock ALU_CLK (rise edge)                               0.00       0.00
  clock network delay (ideal)                             0.00       0.00
  U0_ALU/ALU_OUT_reg[2]/CK (SDFFRQX2M)                    0.00       0.00 r
  U0_ALU/ALU_OUT_reg[2]/Q (SDFFRQX2M)                     0.53       0.53 f
  U0_ALU/U8/Y (INVXLM)                                    0.62       1.15 r
  U0_ALU/U9/Y (INVX8M)                                    0.66       1.81 f
  U0_ALU/ALU_OUT_reg[3]/SI (SDFFRQX2M)                    0.00       1.81 f
  data arrival time                                                  1.81

  clock ALU_CLK (rise edge)                               0.00       0.00
  clock network delay (ideal)                             0.00       0.00
  U0_ALU/ALU_OUT_reg[3]/CK (SDFFRQX2M)                    0.00       0.00 r
  library hold time                                      -0.41      -0.41
  data required time                                                -0.41
  --------------------------------------------------------------------------
  data required time                                                -0.41
  data arrival time                                                 -1.81
  --------------------------------------------------------------------------
  slack (MET)                                                        2.22


  Startpoint: U0_ALU/ALU_OUT_reg[1]
              (rising edge-triggered flip-flop clocked by ALU_CLK)
  Endpoint: U0_ALU/ALU_OUT_reg[2]
            (rising edge-triggered flip-flop clocked by ALU_CLK)
  Path Group: ALU_CLK
  Path Type: min

  Des/Clust/Port     Wire Load Model       Library
  ------------------------------------------------
  System_Top         tsmc13_wl30           scmetro_tsmc_cl013g_rvt_ss_1p08v_125c

  Point                                                   Incr       Path
  --------------------------------------------------------------------------
  clock ALU_CLK (rise edge)                               0.00       0.00
  clock network delay (ideal)                             0.00       0.00
  U0_ALU/ALU_OUT_reg[1]/CK (SDFFRQX2M)                    0.00       0.00 r
  U0_ALU/ALU_OUT_reg[1]/Q (SDFFRQX2M)                     0.53       0.53 f
  U0_ALU/U3/Y (INVXLM)                                    0.62       1.15 r
  U0_ALU/U4/Y (INVX8M)                                    0.66       1.81 f
  U0_ALU/ALU_OUT_reg[2]/SI (SDFFRQX2M)                    0.00       1.81 f
  data arrival time                                                  1.81

  clock ALU_CLK (rise edge)                               0.00       0.00
  clock network delay (ideal)                             0.00       0.00
  U0_ALU/ALU_OUT_reg[2]/CK (SDFFRQX2M)                    0.00       0.00 r
  library hold time                                      -0.41      -0.41
  data required time                                                -0.41
  --------------------------------------------------------------------------
  data required time                                                -0.41
  data arrival time                                                 -1.81
  --------------------------------------------------------------------------
  slack (MET)                                                        2.22


  Startpoint: U0_ALU/ALU_OUT_reg[6]
              (rising edge-triggered flip-flop clocked by ALU_CLK)
  Endpoint: U0_ALU/OUT_VALID_reg
            (rising edge-triggered flip-flop clocked by ALU_CLK)
  Path Group: ALU_CLK
  Path Type: min

  Des/Clust/Port     Wire Load Model       Library
  ------------------------------------------------
  System_Top         tsmc13_wl30           scmetro_tsmc_cl013g_rvt_ss_1p08v_125c

  Point                                                   Incr       Path
  --------------------------------------------------------------------------
  clock ALU_CLK (rise edge)                               0.00       0.00
  clock network delay (ideal)                             0.00       0.00
  U0_ALU/ALU_OUT_reg[6]/CK (SDFFRQX1M)                    0.00       0.00 r
  U0_ALU/ALU_OUT_reg[6]/Q (SDFFRQX1M)                     0.59       0.59 f
  U0_ALU/U12/Y (INVXLM)                                   0.65       1.24 r
  U0_ALU/U13/Y (INVX8M)                                   0.66       1.90 f
  U0_ALU/OUT_VALID_reg/SI (SDFFRQX2M)                     0.00       1.90 f
  data arrival time                                                  1.90

  clock ALU_CLK (rise edge)                               0.00       0.00
  clock network delay (ideal)                             0.00       0.00
  U0_ALU/OUT_VALID_reg/CK (SDFFRQX2M)                     0.00       0.00 r
  library hold time                                      -0.41      -0.41
  data required time                                                -0.41
  --------------------------------------------------------------------------
  data required time                                                -0.41
  data arrival time                                                 -1.90
  --------------------------------------------------------------------------
  slack (MET)                                                        2.31


  Startpoint: U0_RegFile/regArr_reg[0][7]
              (rising edge-triggered flip-flop clocked by REG_CLK)
  Endpoint: U0_ALU/ALU_OUT_reg[7]
            (rising edge-triggered flip-flop clocked by ALU_CLK)
  Path Group: ALU_CLK
  Path Type: min

  Des/Clust/Port     Wire Load Model       Library
  ------------------------------------------------
  System_Top         tsmc13_wl30           scmetro_tsmc_cl013g_rvt_ss_1p08v_125c

  Point                                                   Incr       Path
  --------------------------------------------------------------------------
  clock REG_CLK (rise edge)                               0.00       0.00
  clock network delay (ideal)                             0.00       0.00
  U0_RegFile/regArr_reg[0][7]/CK (SDFFRQX2M)              0.00       0.00 r
  U0_RegFile/regArr_reg[0][7]/Q (SDFFRQX2M)               0.80       0.80 f
  U0_RegFile/REG0[7] (RegFile_test_1)                     0.00       0.80 f
  U0_ALU/A[7] (ALU_test_1)                                0.00       0.80 f
  U0_ALU/U130/Y (INVX2M)                                  0.74       1.53 r
  U0_ALU/U107/Y (AOI221X2M)                               0.37       1.91 f
  U0_ALU/U104/Y (AOI31X2M)                                0.56       2.46 r
  U0_ALU/ALU_OUT_reg[7]/D (SDFFRHQX1M)                    0.00       2.46 r
  data arrival time                                                  2.46

  clock ALU_CLK (rise edge)                               0.00       0.00
  clock network delay (ideal)                             0.00       0.00
  U0_ALU/ALU_OUT_reg[7]/CK (SDFFRHQX1M)                   0.00       0.00 r
  library hold time                                      -0.22      -0.22
  data required time                                                -0.22
  --------------------------------------------------------------------------
  data required time                                                -0.22
  data arrival time                                                 -2.46
  --------------------------------------------------------------------------
  slack (MET)                                                        2.68


  Startpoint: U0_RegFile/regArr_reg[0][0]
              (rising edge-triggered flip-flop clocked by REG_CLK)
  Endpoint: U0_ALU/ALU_OUT_reg[0]
            (rising edge-triggered flip-flop clocked by ALU_CLK)
  Path Group: ALU_CLK
  Path Type: min

  Des/Clust/Port     Wire Load Model       Library
  ------------------------------------------------
  System_Top         tsmc13_wl30           scmetro_tsmc_cl013g_rvt_ss_1p08v_125c

  Point                                                   Incr       Path
  --------------------------------------------------------------------------
  clock REG_CLK (rise edge)                               0.00       0.00
  clock network delay (ideal)                             0.00       0.00
  U0_RegFile/regArr_reg[0][0]/CK (SDFFRQX2M)              0.00       0.00 r
  U0_RegFile/regArr_reg[0][0]/Q (SDFFRQX2M)               0.80       0.80 f
  U0_RegFile/REG0[0] (RegFile_test_1)                     0.00       0.80 f
  U0_ALU/A[0] (ALU_test_1)                                0.00       0.80 f
  U0_ALU/U63/Y (BUFX6M)                                   0.60       1.40 f
  U0_ALU/U81/Y (AOI222X2M)                                0.65       2.05 r
  U0_ALU/U78/Y (AOI31X2M)                                 0.43       2.48 f
  U0_ALU/ALU_OUT_reg[0]/D (SDFFRHQX8M)                    0.00       2.48 f
  data arrival time                                                  2.48

  clock ALU_CLK (rise edge)                               0.00       0.00
  clock network delay (ideal)                             0.00       0.00
  U0_ALU/ALU_OUT_reg[0]/CK (SDFFRHQX8M)                   0.00       0.00 r
  library hold time                                      -0.22      -0.22
  data required time                                                -0.22
  --------------------------------------------------------------------------
  data required time                                                -0.22
  data arrival time                                                 -2.48
  --------------------------------------------------------------------------
  slack (MET)                                                        2.70


  Startpoint: U0_RegFile/regArr_reg[0][6]
              (rising edge-triggered flip-flop clocked by REG_CLK)
  Endpoint: U0_ALU/ALU_OUT_reg[6]
            (rising edge-triggered flip-flop clocked by ALU_CLK)
  Path Group: ALU_CLK
  Path Type: min

  Des/Clust/Port     Wire Load Model       Library
  ------------------------------------------------
  System_Top         tsmc13_wl30           scmetro_tsmc_cl013g_rvt_ss_1p08v_125c

  Point                                                   Incr       Path
  --------------------------------------------------------------------------
  clock REG_CLK (rise edge)                               0.00       0.00
  clock network delay (ideal)                             0.00       0.00
  U0_RegFile/regArr_reg[0][6]/CK (SDFFRQX2M)              0.00       0.00 r
  U0_RegFile/regArr_reg[0][6]/Q (SDFFRQX2M)               0.80       0.80 f
  U0_RegFile/REG0[6] (RegFile_test_1)                     0.00       0.80 f
  U0_ALU/A[6] (ALU_test_1)                                0.00       0.80 f
  U0_ALU/U131/Y (INVX2M)                                  0.73       1.53 r
  U0_ALU/U103/Y (AOI221X2M)                               0.40       1.93 f
  U0_ALU/U100/Y (AOI31X2M)                                0.55       2.47 r
  U0_ALU/ALU_OUT_reg[6]/D (SDFFRQX1M)                     0.00       2.47 r
  data arrival time                                                  2.47

  clock ALU_CLK (rise edge)                               0.00       0.00
  clock network delay (ideal)                             0.00       0.00
  U0_ALU/ALU_OUT_reg[6]/CK (SDFFRQX1M)                    0.00       0.00 r
  library hold time                                      -0.24      -0.24
  data required time                                                -0.24
  --------------------------------------------------------------------------
  data required time                                                -0.24
  data arrival time                                                 -2.47
  --------------------------------------------------------------------------
  slack (MET)                                                        2.71


  Startpoint: U0_RegFile/regArr_reg[0][2]
              (rising edge-triggered flip-flop clocked by REG_CLK)
  Endpoint: U0_ALU/ALU_OUT_reg[2]
            (rising edge-triggered flip-flop clocked by ALU_CLK)
  Path Group: ALU_CLK
  Path Type: min

  Des/Clust/Port     Wire Load Model       Library
  ------------------------------------------------
  System_Top         tsmc13_wl30           scmetro_tsmc_cl013g_rvt_ss_1p08v_125c

  Point                                                   Incr       Path
  --------------------------------------------------------------------------
  clock REG_CLK (rise edge)                               0.00       0.00
  clock network delay (ideal)                             0.00       0.00
  U0_RegFile/regArr_reg[0][2]/CK (SDFFRQX2M)              0.00       0.00 r
  U0_RegFile/regArr_reg[0][2]/Q (SDFFRQX2M)               0.80       0.80 f
  U0_RegFile/REG0[2] (RegFile_test_1)                     0.00       0.80 f
  U0_ALU/A[2] (ALU_test_1)                                0.00       0.80 f
  U0_ALU/U62/Y (BUFX6M)                                   0.61       1.41 f
  U0_ALU/U41/Y (AOI222X2M)                                0.64       2.05 r
  U0_ALU/U55/Y (AOI31X1M)                                 0.59       2.64 f
  U0_ALU/ALU_OUT_reg[2]/D (SDFFRQX2M)                     0.00       2.64 f
  data arrival time                                                  2.64

  clock ALU_CLK (rise edge)                               0.00       0.00
  clock network delay (ideal)                             0.00       0.00
  U0_ALU/ALU_OUT_reg[2]/CK (SDFFRQX2M)                    0.00       0.00 r
  library hold time                                      -0.30      -0.30
  data required time                                                -0.30
  --------------------------------------------------------------------------
  data required time                                                -0.30
  data arrival time                                                 -2.64
  --------------------------------------------------------------------------
  slack (MET)                                                        2.94


  Startpoint: U0_RegFile/regArr_reg[1][3]
              (rising edge-triggered flip-flop clocked by REG_CLK)
  Endpoint: U0_ALU/ALU_OUT_reg[3]
            (rising edge-triggered flip-flop clocked by ALU_CLK)
  Path Group: ALU_CLK
  Path Type: min

  Des/Clust/Port     Wire Load Model       Library
  ------------------------------------------------
  System_Top         tsmc13_wl30           scmetro_tsmc_cl013g_rvt_ss_1p08v_125c

  Point                                                   Incr       Path
  --------------------------------------------------------------------------
  clock REG_CLK (rise edge)                               0.00       0.00
  clock network delay (ideal)                             0.00       0.00
  U0_RegFile/regArr_reg[1][3]/CK (SDFFRQX4M)              0.00       0.00 r
  U0_RegFile/regArr_reg[1][3]/Q (SDFFRQX4M)               0.91       0.91 f
  U0_RegFile/REG1[3] (RegFile_test_1)                     0.00       0.91 f
  U0_ALU/B[3] (ALU_test_1)                                0.00       0.91 f
  U0_ALU/add_42/B[3] (ALU_DW01_add_0)                     0.00       0.91 f
  U0_ALU/add_42/U1_3/S (ADDFX2M)                          0.72       1.64 r
  U0_ALU/add_42/SUM[3] (ALU_DW01_add_0)                   0.00       1.64 r
  U0_ALU/U90/Y (AOI22X1M)                                 0.41       2.05 f
  U0_ALU/U56/Y (AOI31X1M)                                 0.71       2.76 r
  U0_ALU/ALU_OUT_reg[3]/D (SDFFRQX2M)                     0.00       2.76 r
  data arrival time                                                  2.76

  clock ALU_CLK (rise edge)                               0.00       0.00
  clock network delay (ideal)                             0.00       0.00
  U0_ALU/ALU_OUT_reg[3]/CK (SDFFRQX2M)                    0.00       0.00 r
  library hold time                                      -0.24      -0.24
  data required time                                                -0.24
  --------------------------------------------------------------------------
  data required time                                                -0.24
  data arrival time                                                 -2.76
  --------------------------------------------------------------------------
  slack (MET)                                                        3.00


  Startpoint: U0_RegFile/regArr_reg[0][1]
              (rising edge-triggered flip-flop clocked by REG_CLK)
  Endpoint: U0_ALU/ALU_OUT_reg[1]
            (rising edge-triggered flip-flop clocked by ALU_CLK)
  Path Group: ALU_CLK
  Path Type: min

  Des/Clust/Port     Wire Load Model       Library
  ------------------------------------------------
  System_Top         tsmc13_wl30           scmetro_tsmc_cl013g_rvt_ss_1p08v_125c

  Point                                                   Incr       Path
  --------------------------------------------------------------------------
  clock REG_CLK (rise edge)                               0.00       0.00
  clock network delay (ideal)                             0.00       0.00
  U0_RegFile/regArr_reg[0][1]/CK (SDFFRQX2M)              0.00       0.00 r
  U0_RegFile/regArr_reg[0][1]/Q (SDFFRQX2M)               0.80       0.80 f
  U0_RegFile/REG0[1] (RegFile_test_1)                     0.00       0.80 f
  U0_ALU/A[1] (ALU_test_1)                                0.00       0.80 f
  U0_ALU/U168/Y (INVX2M)                                  0.57       1.37 r
  U0_ALU/U122/Y (INVX4M)                                  0.43       1.79 f
  U0_ALU/U40/Y (AOI222X2M)                                0.59       2.39 r
  U0_ALU/U48/Y (AOI31X1M)                                 0.59       2.98 f
  U0_ALU/ALU_OUT_reg[1]/D (SDFFRQX2M)                     0.00       2.98 f
  data arrival time                                                  2.98

  clock ALU_CLK (rise edge)                               0.00       0.00
  clock network delay (ideal)                             0.00       0.00
  U0_ALU/ALU_OUT_reg[1]/CK (SDFFRQX2M)                    0.00       0.00 r
  library hold time                                      -0.30      -0.30
  data required time                                                -0.30
  --------------------------------------------------------------------------
  data required time                                                -0.30
  data arrival time                                                 -2.98
  --------------------------------------------------------------------------
  slack (MET)                                                        3.28


  Startpoint: U0_RegFile/regArr_reg[1][3]
              (rising edge-triggered flip-flop clocked by REG_CLK)
  Endpoint: U0_ALU/ALU_OUT_reg[4]
            (rising edge-triggered flip-flop clocked by ALU_CLK)
  Path Group: ALU_CLK
  Path Type: min

  Des/Clust/Port     Wire Load Model       Library
  ------------------------------------------------
  System_Top         tsmc13_wl30           scmetro_tsmc_cl013g_rvt_ss_1p08v_125c

  Point                                                   Incr       Path
  --------------------------------------------------------------------------
  clock REG_CLK (rise edge)                               0.00       0.00
  clock network delay (ideal)                             0.00       0.00
  U0_RegFile/regArr_reg[1][3]/CK (SDFFRQX4M)              0.00       0.00 r
  U0_RegFile/regArr_reg[1][3]/Q (SDFFRQX4M)               0.91       0.91 f
  U0_RegFile/REG1[3] (RegFile_test_1)                     0.00       0.91 f
  U0_ALU/B[3] (ALU_test_1)                                0.00       0.91 f
  U0_ALU/add_42/B[3] (ALU_DW01_add_0)                     0.00       0.91 f
  U0_ALU/add_42/U1_3/CO (ADDFX2M)                         0.60       1.52 f
  U0_ALU/add_42/U1_4/S (ADDFX2M)                          0.37       1.89 f
  U0_ALU/add_42/SUM[4] (ALU_DW01_add_0)                   0.00       1.89 f
  U0_ALU/U93/Y (AOI22X1M)                                 0.55       2.43 r
  U0_ALU/U57/Y (AOI31X1M)                                 0.63       3.06 f
  U0_ALU/ALU_OUT_reg[4]/D (SDFFRHQX8M)                    0.00       3.06 f
  data arrival time                                                  3.06

  clock ALU_CLK (rise edge)                               0.00       0.00
  clock network delay (ideal)                             0.00       0.00
  U0_ALU/ALU_OUT_reg[4]/CK (SDFFRHQX8M)                   0.00       0.00 r
  library hold time                                      -0.24      -0.24
  data required time                                                -0.24
  --------------------------------------------------------------------------
  data required time                                                -0.24
  data arrival time                                                 -3.06
  --------------------------------------------------------------------------
  slack (MET)                                                        3.30


  Startpoint: U0_RegFile/regArr_reg[0][5]
              (rising edge-triggered flip-flop clocked by REG_CLK)
  Endpoint: U0_ALU/ALU_OUT_reg[5]
            (rising edge-triggered flip-flop clocked by ALU_CLK)
  Path Group: ALU_CLK
  Path Type: min

  Des/Clust/Port     Wire Load Model       Library
  ------------------------------------------------
  System_Top         tsmc13_wl30           scmetro_tsmc_cl013g_rvt_ss_1p08v_125c

  Point                                                   Incr       Path
  --------------------------------------------------------------------------
  clock REG_CLK (rise edge)                               0.00       0.00
  clock network delay (ideal)                             0.00       0.00
  U0_RegFile/regArr_reg[0][5]/CK (SDFFRQX2M)              0.00       0.00 r
  U0_RegFile/regArr_reg[0][5]/Q (SDFFRQX2M)               0.80       0.80 f
  U0_RegFile/REG0[5] (RegFile_test_1)                     0.00       0.80 f
  U0_ALU/A[5] (ALU_test_1)                                0.00       0.80 f
  U0_ALU/U132/Y (INVX2M)                                  0.57       1.37 r
  U0_ALU/U123/Y (INVX4M)                                  0.51       1.87 f
  U0_ALU/U42/Y (AOI222X2M)                                0.62       2.49 r
  U0_ALU/U58/Y (AOI31X1M)                                 0.61       3.11 f
  U0_ALU/ALU_OUT_reg[5]/D (SDFFRHQX8M)                    0.00       3.11 f
  data arrival time                                                  3.11

  clock ALU_CLK (rise edge)                               0.00       0.00
  clock network delay (ideal)                             0.00       0.00
  U0_ALU/ALU_OUT_reg[5]/CK (SDFFRHQX8M)                   0.00       0.00 r
  library hold time                                      -0.24      -0.24
  data required time                                                -0.24
  --------------------------------------------------------------------------
  data required time                                                -0.24
  data arrival time                                                 -3.11
  --------------------------------------------------------------------------
  slack (MET)                                                        3.35


  Startpoint: ALU_Enable (input port clocked by CLK)
  Endpoint: U0_ALU/OUT_VALID_reg
            (rising edge-triggered flip-flop clocked by ALU_CLK)
  Path Group: ALU_CLK
  Path Type: min

  Des/Clust/Port     Wire Load Model       Library
  ------------------------------------------------
  System_Top         tsmc13_wl30           scmetro_tsmc_cl013g_rvt_ss_1p08v_125c

  Point                                    Incr       Path
  -----------------------------------------------------------
  clock CLK (rise edge)                    0.00       0.00
  clock network delay (ideal)              0.00       0.00
  input external delay                    10.00      10.00 f
  ALU_Enable (in)                          0.20      10.20 f
  U0_ALU/Enable (ALU_test_1)               0.00      10.20 f
  U0_ALU/OUT_VALID_reg/D (SDFFRQX2M)       0.00      10.20 f
  data arrival time                                  10.20

  clock ALU_CLK (rise edge)                0.00       0.00
  clock network delay (ideal)              0.00       0.00
  U0_ALU/OUT_VALID_reg/CK (SDFFRQX2M)      0.00       0.00 r
  library hold time                       -0.27      -0.27
  data required time                                 -0.27
  -----------------------------------------------------------
  data required time                                 -0.27
  data arrival time                                 -10.20
  -----------------------------------------------------------
  slack (MET)                                        10.47


  Startpoint: U0_ALU/OUT_VALID_reg
              (rising edge-triggered flip-flop clocked by ALU_CLK)
  Endpoint: U0_ClkDiv/count_reg[0]
            (rising edge-triggered flip-flop clocked by CLK)
  Path Group: CLK
  Path Type: min

  Des/Clust/Port     Wire Load Model       Library
  ------------------------------------------------
  System_Top         tsmc13_wl30           scmetro_tsmc_cl013g_rvt_ss_1p08v_125c

  Point                                                   Incr       Path
  --------------------------------------------------------------------------
  clock ALU_CLK (rise edge)                               0.00       0.00
  clock network delay (ideal)                             0.00       0.00
  U0_ALU/OUT_VALID_reg/CK (SDFFRQX2M)                     0.00       0.00 r
  U0_ALU/OUT_VALID_reg/Q (SDFFRQX2M)                      0.67       0.67 r
  U0_ALU/test_so1 (ALU_test_1)                            0.00       0.67 r
  U0_ClkDiv/test_si (ClkDiv_test_1)                       0.00       0.67 r
  U0_ClkDiv/count_reg[0]/SI (SDFFRQX4M)                   0.00       0.67 r
  data arrival time                                                  0.67

  clock CLK (rise edge)                                   0.00       0.00
  clock network delay (ideal)                             0.00       0.00
  clock uncertainty                                       0.10       0.10
  U0_ClkDiv/count_reg[0]/CK (SDFFRQX4M)                   0.00       0.10 r
  library hold time                                      -0.24      -0.14
  data required time                                                -0.14
  --------------------------------------------------------------------------
  data required time                                                -0.14
  data arrival time                                                 -0.67
  --------------------------------------------------------------------------
  slack (MET)                                                        0.81


  Startpoint: U0_ClkDiv/count_reg[0]
              (rising edge-triggered flip-flop clocked by CLK)
  Endpoint: U0_ClkDiv/count_reg[1]
            (rising edge-triggered flip-flop clocked by CLK)
  Path Group: CLK
  Path Type: min

  Des/Clust/Port     Wire Load Model       Library
  ------------------------------------------------
  System_Top         tsmc13_wl30           scmetro_tsmc_cl013g_rvt_ss_1p08v_125c

  Point                                                   Incr       Path
  --------------------------------------------------------------------------
  clock CLK (rise edge)                                   0.00       0.00
  clock network delay (ideal)                             0.00       0.00
  U0_ClkDiv/count_reg[0]/CK (SDFFRQX4M)                   0.00       0.00 r
  U0_ClkDiv/count_reg[0]/Q (SDFFRQX4M)                    0.87       0.87 r
  U0_ClkDiv/count_reg[1]/SI (SDFFRQX2M)                   0.00       0.87 r
  data arrival time                                                  0.87

  clock CLK (rise edge)                                   0.00       0.00
  clock network delay (ideal)                             0.00       0.00
  clock uncertainty                                       0.10       0.10
  U0_ClkDiv/count_reg[1]/CK (SDFFRQX2M)                   0.00       0.10 r
  library hold time                                      -0.26      -0.16
  data required time                                                -0.16
  --------------------------------------------------------------------------
  data required time                                                -0.16
  data arrival time                                                 -0.87
  --------------------------------------------------------------------------
  slack (MET)                                                        1.03


  Startpoint: U0_RegFile/regArr_reg[2][7]
              (rising edge-triggered flip-flop clocked by REG_CLK)
  Endpoint: U0_ClkDiv/i_div_ratio_reg_reg[7]
            (rising edge-triggered flip-flop clocked by CLK)
  Path Group: CLK
  Path Type: min

  Des/Clust/Port     Wire Load Model       Library
  ------------------------------------------------
  System_Top         tsmc13_wl30           scmetro_tsmc_cl013g_rvt_ss_1p08v_125c

  Point                                                   Incr       Path
  --------------------------------------------------------------------------
  clock REG_CLK (rise edge)                               0.00       0.00
  clock network delay (ideal)                             0.00       0.00
  U0_RegFile/regArr_reg[2][7]/CK (SDFFRQX2M)              0.00       0.00 r
  U0_RegFile/regArr_reg[2][7]/Q (SDFFRQX2M)               0.79       0.79 f
  U0_RegFile/REG2[7] (RegFile_test_1)                     0.00       0.79 f
  U0_ClkDiv/i_div_ratio[7] (ClkDiv_test_1)                0.00       0.79 f
  U0_ClkDiv/i_div_ratio_reg_reg[7]/D (SDFFQX2M)           0.00       0.79 f
  data arrival time                                                  0.79

  clock CLK (rise edge)                                   0.00       0.00
  clock network delay (ideal)                             0.00       0.00
  clock uncertainty                                       0.10       0.10
  U0_ClkDiv/i_div_ratio_reg_reg[7]/CK (SDFFQX2M)          0.00       0.10 r
  library hold time                                      -0.35      -0.25
  data required time                                                -0.25
  --------------------------------------------------------------------------
  data required time                                                -0.25
  data arrival time                                                 -0.79
  --------------------------------------------------------------------------
  slack (MET)                                                        1.04


  Startpoint: U0_RegFile/regArr_reg[2][6]
              (rising edge-triggered flip-flop clocked by REG_CLK)
  Endpoint: U0_ClkDiv/i_div_ratio_reg_reg[6]
            (rising edge-triggered flip-flop clocked by CLK)
  Path Group: CLK
  Path Type: min

  Des/Clust/Port     Wire Load Model       Library
  ------------------------------------------------
  System_Top         tsmc13_wl30           scmetro_tsmc_cl013g_rvt_ss_1p08v_125c

  Point                                                   Incr       Path
  --------------------------------------------------------------------------
  clock REG_CLK (rise edge)                               0.00       0.00
  clock network delay (ideal)                             0.00       0.00
  U0_RegFile/regArr_reg[2][6]/CK (SDFFRQX2M)              0.00       0.00 r
  U0_RegFile/regArr_reg[2][6]/Q (SDFFRQX2M)               0.79       0.79 f
  U0_RegFile/REG2[6] (RegFile_test_1)                     0.00       0.79 f
  U0_ClkDiv/i_div_ratio[6] (ClkDiv_test_1)                0.00       0.79 f
  U0_ClkDiv/i_div_ratio_reg_reg[6]/D (SDFFQX2M)           0.00       0.79 f
  data arrival time                                                  0.79

  clock CLK (rise edge)                                   0.00       0.00
  clock network delay (ideal)                             0.00       0.00
  clock uncertainty                                       0.10       0.10
  U0_ClkDiv/i_div_ratio_reg_reg[6]/CK (SDFFQX2M)          0.00       0.10 r
  library hold time                                      -0.35      -0.25
  data required time                                                -0.25
  --------------------------------------------------------------------------
  data required time                                                -0.25
  data arrival time                                                 -0.79
  --------------------------------------------------------------------------
  slack (MET)                                                        1.04


  Startpoint: U0_RegFile/regArr_reg[2][5]
              (rising edge-triggered flip-flop clocked by REG_CLK)
  Endpoint: U0_ClkDiv/i_div_ratio_reg_reg[5]
            (rising edge-triggered flip-flop clocked by CLK)
  Path Group: CLK
  Path Type: min

  Des/Clust/Port     Wire Load Model       Library
  ------------------------------------------------
  System_Top         tsmc13_wl30           scmetro_tsmc_cl013g_rvt_ss_1p08v_125c

  Point                                                   Incr       Path
  --------------------------------------------------------------------------
  clock REG_CLK (rise edge)                               0.00       0.00
  clock network delay (ideal)                             0.00       0.00
  U0_RegFile/regArr_reg[2][5]/CK (SDFFRQX2M)              0.00       0.00 r
  U0_RegFile/regArr_reg[2][5]/Q (SDFFRQX2M)               0.79       0.79 f
  U0_RegFile/REG2[5] (RegFile_test_1)                     0.00       0.79 f
  U0_ClkDiv/i_div_ratio[5] (ClkDiv_test_1)                0.00       0.79 f
  U0_ClkDiv/i_div_ratio_reg_reg[5]/D (SDFFQX2M)           0.00       0.79 f
  data arrival time                                                  0.79

  clock CLK (rise edge)                                   0.00       0.00
  clock network delay (ideal)                             0.00       0.00
  clock uncertainty                                       0.10       0.10
  U0_ClkDiv/i_div_ratio_reg_reg[5]/CK (SDFFQX2M)          0.00       0.10 r
  library hold time                                      -0.35      -0.25
  data required time                                                -0.25
  --------------------------------------------------------------------------
  data required time                                                -0.25
  data arrival time                                                 -0.79
  --------------------------------------------------------------------------
  slack (MET)                                                        1.04


  Startpoint: U0_RegFile/regArr_reg[2][4]
              (rising edge-triggered flip-flop clocked by REG_CLK)
  Endpoint: U0_ClkDiv/i_div_ratio_reg_reg[4]
            (rising edge-triggered flip-flop clocked by CLK)
  Path Group: CLK
  Path Type: min

  Des/Clust/Port     Wire Load Model       Library
  ------------------------------------------------
  System_Top         tsmc13_wl30           scmetro_tsmc_cl013g_rvt_ss_1p08v_125c

  Point                                                   Incr       Path
  --------------------------------------------------------------------------
  clock REG_CLK (rise edge)                               0.00       0.00
  clock network delay (ideal)                             0.00       0.00
  U0_RegFile/regArr_reg[2][4]/CK (SDFFRQX2M)              0.00       0.00 r
  U0_RegFile/regArr_reg[2][4]/Q (SDFFRQX2M)               0.79       0.79 f
  U0_RegFile/REG2[4] (RegFile_test_1)                     0.00       0.79 f
  U0_ClkDiv/i_div_ratio[4] (ClkDiv_test_1)                0.00       0.79 f
  U0_ClkDiv/i_div_ratio_reg_reg[4]/D (SDFFQX2M)           0.00       0.79 f
  data arrival time                                                  0.79

  clock CLK (rise edge)                                   0.00       0.00
  clock network delay (ideal)                             0.00       0.00
  clock uncertainty                                       0.10       0.10
  U0_ClkDiv/i_div_ratio_reg_reg[4]/CK (SDFFQX2M)          0.00       0.10 r
  library hold time                                      -0.35      -0.25
  data required time                                                -0.25
  --------------------------------------------------------------------------
  data required time                                                -0.25
  data arrival time                                                 -0.79
  --------------------------------------------------------------------------
  slack (MET)                                                        1.04


  Startpoint: U0_RegFile/regArr_reg[2][3]
              (rising edge-triggered flip-flop clocked by REG_CLK)
  Endpoint: U0_ClkDiv/i_div_ratio_reg_reg[3]
            (rising edge-triggered flip-flop clocked by CLK)
  Path Group: CLK
  Path Type: min

  Des/Clust/Port     Wire Load Model       Library
  ------------------------------------------------
  System_Top         tsmc13_wl30           scmetro_tsmc_cl013g_rvt_ss_1p08v_125c

  Point                                                   Incr       Path
  --------------------------------------------------------------------------
  clock REG_CLK (rise edge)                               0.00       0.00
  clock network delay (ideal)                             0.00       0.00
  U0_RegFile/regArr_reg[2][3]/CK (SDFFRQX2M)              0.00       0.00 r
  U0_RegFile/regArr_reg[2][3]/Q (SDFFRQX2M)               0.79       0.79 f
  U0_RegFile/REG2[3] (RegFile_test_1)                     0.00       0.79 f
  U0_ClkDiv/i_div_ratio[3] (ClkDiv_test_1)                0.00       0.79 f
  U0_ClkDiv/i_div_ratio_reg_reg[3]/D (SDFFQX2M)           0.00       0.79 f
  data arrival time                                                  0.79

  clock CLK (rise edge)                                   0.00       0.00
  clock network delay (ideal)                             0.00       0.00
  clock uncertainty                                       0.10       0.10
  U0_ClkDiv/i_div_ratio_reg_reg[3]/CK (SDFFQX2M)          0.00       0.10 r
  library hold time                                      -0.35      -0.25
  data required time                                                -0.25
  --------------------------------------------------------------------------
  data required time                                                -0.25
  data arrival time                                                 -0.79
  --------------------------------------------------------------------------
  slack (MET)                                                        1.04


  Startpoint: U0_RegFile/regArr_reg[2][2]
              (rising edge-triggered flip-flop clocked by REG_CLK)
  Endpoint: U0_ClkDiv/i_div_ratio_reg_reg[2]
            (rising edge-triggered flip-flop clocked by CLK)
  Path Group: CLK
  Path Type: min

  Des/Clust/Port     Wire Load Model       Library
  ------------------------------------------------
  System_Top         tsmc13_wl30           scmetro_tsmc_cl013g_rvt_ss_1p08v_125c

  Point                                                   Incr       Path
  --------------------------------------------------------------------------
  clock REG_CLK (rise edge)                               0.00       0.00
  clock network delay (ideal)                             0.00       0.00
  U0_RegFile/regArr_reg[2][2]/CK (SDFFRQX2M)              0.00       0.00 r
  U0_RegFile/regArr_reg[2][2]/Q (SDFFRQX2M)               0.79       0.79 f
  U0_RegFile/REG2[2] (RegFile_test_1)                     0.00       0.79 f
  U0_ClkDiv/i_div_ratio[2] (ClkDiv_test_1)                0.00       0.79 f
  U0_ClkDiv/i_div_ratio_reg_reg[2]/D (SDFFQX2M)           0.00       0.79 f
  data arrival time                                                  0.79

  clock CLK (rise edge)                                   0.00       0.00
  clock network delay (ideal)                             0.00       0.00
  clock uncertainty                                       0.10       0.10
  U0_ClkDiv/i_div_ratio_reg_reg[2]/CK (SDFFQX2M)          0.00       0.10 r
  library hold time                                      -0.35      -0.25
  data required time                                                -0.25
  --------------------------------------------------------------------------
  data required time                                                -0.25
  data arrival time                                                 -0.79
  --------------------------------------------------------------------------
  slack (MET)                                                        1.04


  Startpoint: U0_RegFile/regArr_reg[2][1]
              (rising edge-triggered flip-flop clocked by REG_CLK)
  Endpoint: U0_ClkDiv/i_div_ratio_reg_reg[1]
            (rising edge-triggered flip-flop clocked by CLK)
  Path Group: CLK
  Path Type: min

  Des/Clust/Port     Wire Load Model       Library
  ------------------------------------------------
  System_Top         tsmc13_wl30           scmetro_tsmc_cl013g_rvt_ss_1p08v_125c

  Point                                                   Incr       Path
  --------------------------------------------------------------------------
  clock REG_CLK (rise edge)                               0.00       0.00
  clock network delay (ideal)                             0.00       0.00
  U0_RegFile/regArr_reg[2][1]/CK (SDFFRQX2M)              0.00       0.00 r
  U0_RegFile/regArr_reg[2][1]/Q (SDFFRQX2M)               0.79       0.79 f
  U0_RegFile/REG2[1] (RegFile_test_1)                     0.00       0.79 f
  U0_ClkDiv/i_div_ratio[1] (ClkDiv_test_1)                0.00       0.79 f
  U0_ClkDiv/i_div_ratio_reg_reg[1]/D (SDFFQX2M)           0.00       0.79 f
  data arrival time                                                  0.79

  clock CLK (rise edge)                                   0.00       0.00
  clock network delay (ideal)                             0.00       0.00
  clock uncertainty                                       0.10       0.10
  U0_ClkDiv/i_div_ratio_reg_reg[1]/CK (SDFFQX2M)          0.00       0.10 r
  library hold time                                      -0.35      -0.25
  data required time                                                -0.25
  --------------------------------------------------------------------------
  data required time                                                -0.25
  data arrival time                                                 -0.79
  --------------------------------------------------------------------------
  slack (MET)                                                        1.04


  Startpoint: U0_RegFile/regArr_reg[2][0]
              (rising edge-triggered flip-flop clocked by REG_CLK)
  Endpoint: U0_ClkDiv/i_div_ratio_reg_reg[0]
            (rising edge-triggered flip-flop clocked by CLK)
  Path Group: CLK
  Path Type: min

  Des/Clust/Port     Wire Load Model       Library
  ------------------------------------------------
  System_Top         tsmc13_wl30           scmetro_tsmc_cl013g_rvt_ss_1p08v_125c

  Point                                                   Incr       Path
  --------------------------------------------------------------------------
  clock REG_CLK (rise edge)                               0.00       0.00
  clock network delay (ideal)                             0.00       0.00
  U0_RegFile/regArr_reg[2][0]/CK (SDFFRQX2M)              0.00       0.00 r
  U0_RegFile/regArr_reg[2][0]/Q (SDFFRQX2M)               0.79       0.79 f
  U0_RegFile/REG2[0] (RegFile_test_1)                     0.00       0.79 f
  U0_ClkDiv/i_div_ratio[0] (ClkDiv_test_1)                0.00       0.79 f
  U0_ClkDiv/i_div_ratio_reg_reg[0]/D (SDFFQX1M)           0.00       0.79 f
  data arrival time                                                  0.79

  clock CLK (rise edge)                                   0.00       0.00
  clock network delay (ideal)                             0.00       0.00
  clock uncertainty                                       0.10       0.10
  U0_ClkDiv/i_div_ratio_reg_reg[0]/CK (SDFFQX1M)          0.00       0.10 r
  library hold time                                      -0.36      -0.26
  data required time                                                -0.26
  --------------------------------------------------------------------------
  data required time                                                -0.26
  data arrival time                                                 -0.79
  --------------------------------------------------------------------------
  slack (MET)                                                        1.05


  Startpoint: U0_ClkDiv/i_div_ratio_reg_reg[7]
              (rising edge-triggered flip-flop clocked by CLK)
  Endpoint: U0_ClkDiv/odd_edge_tog_reg
            (rising edge-triggered flip-flop clocked by CLK)
  Path Group: CLK
  Path Type: min

  Des/Clust/Port     Wire Load Model       Library
  ------------------------------------------------
  System_Top         tsmc13_wl30           scmetro_tsmc_cl013g_rvt_ss_1p08v_125c

  Point                                                   Incr       Path
  --------------------------------------------------------------------------
  clock CLK (rise edge)                                   0.00       0.00
  clock network delay (ideal)                             0.00       0.00
  U0_ClkDiv/i_div_ratio_reg_reg[7]/CK (SDFFQX2M)          0.00       0.00 r
  U0_ClkDiv/i_div_ratio_reg_reg[7]/Q (SDFFQX2M)           0.73       0.73 f
  U0_ClkDiv/odd_edge_tog_reg/SI (SDFFSQX2M)               0.00       0.73 f
  data arrival time                                                  0.73

  clock CLK (rise edge)                                   0.00       0.00
  clock network delay (ideal)                             0.00       0.00
  clock uncertainty                                       0.10       0.10
  U0_ClkDiv/odd_edge_tog_reg/CK (SDFFSQX2M)               0.00       0.10 r
  library hold time                                      -0.46      -0.36
  data required time                                                -0.36
  --------------------------------------------------------------------------
  data required time                                                -0.36
  data arrival time                                                 -0.73
  --------------------------------------------------------------------------
  slack (MET)                                                        1.09


  Startpoint: U0_ClkDiv/i_div_ratio_reg_reg[1]
              (rising edge-triggered flip-flop clocked by CLK)
  Endpoint: U0_ClkDiv/i_div_ratio_reg_reg[2]
            (rising edge-triggered flip-flop clocked by CLK)
  Path Group: CLK
  Path Type: min

  Des/Clust/Port     Wire Load Model       Library
  ------------------------------------------------
  System_Top         tsmc13_wl30           scmetro_tsmc_cl013g_rvt_ss_1p08v_125c

  Point                                                   Incr       Path
  --------------------------------------------------------------------------
  clock CLK (rise edge)                                   0.00       0.00
  clock network delay (ideal)                             0.00       0.00
  U0_ClkDiv/i_div_ratio_reg_reg[1]/CK (SDFFQX2M)          0.00       0.00 r
  U0_ClkDiv/i_div_ratio_reg_reg[1]/Q (SDFFQX2M)           0.95       0.95 r
  U0_ClkDiv/i_div_ratio_reg_reg[2]/SI (SDFFQX2M)          0.00       0.95 r
  data arrival time                                                  0.95

  clock CLK (rise edge)                                   0.00       0.00
  clock network delay (ideal)                             0.00       0.00
  clock uncertainty                                       0.10       0.10
  U0_ClkDiv/i_div_ratio_reg_reg[2]/CK (SDFFQX2M)          0.00       0.10 r
  library hold time                                      -0.28      -0.18
  data required time                                                -0.18
  --------------------------------------------------------------------------
  data required time                                                -0.18
  data arrival time                                                 -0.95
  --------------------------------------------------------------------------
  slack (MET)                                                        1.13


  Startpoint: U0_ClkDiv/i_div_ratio_reg_reg[5]
              (rising edge-triggered flip-flop clocked by CLK)
  Endpoint: U0_ClkDiv/i_div_ratio_reg_reg[6]
            (rising edge-triggered flip-flop clocked by CLK)
  Path Group: CLK
  Path Type: min

  Des/Clust/Port     Wire Load Model       Library
  ------------------------------------------------
  System_Top         tsmc13_wl30           scmetro_tsmc_cl013g_rvt_ss_1p08v_125c

  Point                                                   Incr       Path
  --------------------------------------------------------------------------
  clock CLK (rise edge)                                   0.00       0.00
  clock network delay (ideal)                             0.00       0.00
  U0_ClkDiv/i_div_ratio_reg_reg[5]/CK (SDFFQX2M)          0.00       0.00 r
  U0_ClkDiv/i_div_ratio_reg_reg[5]/Q (SDFFQX2M)           0.95       0.95 r
  U0_ClkDiv/i_div_ratio_reg_reg[6]/SI (SDFFQX2M)          0.00       0.95 r
  data arrival time                                                  0.95

  clock CLK (rise edge)                                   0.00       0.00
  clock network delay (ideal)                             0.00       0.00
  clock uncertainty                                       0.10       0.10
  U0_ClkDiv/i_div_ratio_reg_reg[6]/CK (SDFFQX2M)          0.00       0.10 r
  library hold time                                      -0.28      -0.18
  data required time                                                -0.18
  --------------------------------------------------------------------------
  data required time                                                -0.18
  data arrival time                                                 -0.95
  --------------------------------------------------------------------------
  slack (MET)                                                        1.13


  Startpoint: U0_ClkDiv/i_div_ratio_reg_reg[2]
              (rising edge-triggered flip-flop clocked by CLK)
  Endpoint: U0_ClkDiv/i_div_ratio_reg_reg[3]
            (rising edge-triggered flip-flop clocked by CLK)
  Path Group: CLK
  Path Type: min

  Des/Clust/Port     Wire Load Model       Library
  ------------------------------------------------
  System_Top         tsmc13_wl30           scmetro_tsmc_cl013g_rvt_ss_1p08v_125c

  Point                                                   Incr       Path
  --------------------------------------------------------------------------
  clock CLK (rise edge)                                   0.00       0.00
  clock network delay (ideal)                             0.00       0.00
  U0_ClkDiv/i_div_ratio_reg_reg[2]/CK (SDFFQX2M)          0.00       0.00 r
  U0_ClkDiv/i_div_ratio_reg_reg[2]/Q (SDFFQX2M)           0.80       0.80 f
  U0_ClkDiv/i_div_ratio_reg_reg[3]/SI (SDFFQX2M)          0.00       0.80 f
  data arrival time                                                  0.80

  clock CLK (rise edge)                                   0.00       0.00
  clock network delay (ideal)                             0.00       0.00
  clock uncertainty                                       0.10       0.10
  U0_ClkDiv/i_div_ratio_reg_reg[3]/CK (SDFFQX2M)          0.00       0.10 r
  library hold time                                      -0.60      -0.50
  data required time                                                -0.50
  --------------------------------------------------------------------------
  data required time                                                -0.50
  data arrival time                                                 -0.80
  --------------------------------------------------------------------------
  slack (MET)                                                        1.29


  Startpoint: U0_ClkDiv/div_clk_reg
              (rising edge-triggered flip-flop clocked by CLK)
  Endpoint: U0_ClkDiv/div_clk_reg
            (rising edge-triggered flip-flop clocked by CLK)
  Path Group: CLK
  Path Type: min

  Des/Clust/Port     Wire Load Model       Library
  ------------------------------------------------
  System_Top         tsmc13_wl30           scmetro_tsmc_cl013g_rvt_ss_1p08v_125c

  Point                                                   Incr       Path
  --------------------------------------------------------------------------
  clock CLK (rise edge)                                   0.00       0.00
  clock network delay (ideal)                             0.00       0.00
  U0_ClkDiv/div_clk_reg/CK (SDFFRQX1M)                    0.00       0.00 r
  U0_ClkDiv/div_clk_reg/Q (SDFFRQX1M)                     0.76       0.76 f
  U0_ClkDiv/U49/Y (CLKXOR2X2M)                            0.46       1.22 r
  U0_ClkDiv/div_clk_reg/D (SDFFRQX1M)                     0.00       1.22 r
  data arrival time                                                  1.22

  clock CLK (rise edge)                                   0.00       0.00
  clock network delay (ideal)                             0.00       0.00
  clock uncertainty                                       0.10       0.10
  U0_ClkDiv/div_clk_reg/CK (SDFFRQX1M)                    0.00       0.10 r
  library hold time                                      -0.22      -0.12
  data required time                                                -0.12
  --------------------------------------------------------------------------
  data required time                                                -0.12
  data arrival time                                                 -1.22
  --------------------------------------------------------------------------
  slack (MET)                                                        1.34


  Startpoint: U0_ClkDiv/count_reg[0]
              (rising edge-triggered flip-flop clocked by CLK)
  Endpoint: U0_ClkDiv/count_reg[0]
            (rising edge-triggered flip-flop clocked by CLK)
  Path Group: CLK
  Path Type: min

  Des/Clust/Port     Wire Load Model       Library
  ------------------------------------------------
  System_Top         tsmc13_wl30           scmetro_tsmc_cl013g_rvt_ss_1p08v_125c

  Point                                                   Incr       Path
  --------------------------------------------------------------------------
  clock CLK (rise edge)                                   0.00       0.00
  clock network delay (ideal)                             0.00       0.00
  U0_ClkDiv/count_reg[0]/CK (SDFFRQX4M)                   0.00       0.00 r
  U0_ClkDiv/count_reg[0]/Q (SDFFRQX4M)                    0.87       0.87 r
  U0_ClkDiv/U47/Y (AO22X1M)                               0.45       1.32 r
  U0_ClkDiv/count_reg[0]/D (SDFFRQX4M)                    0.00       1.32 r
  data arrival time                                                  1.32

  clock CLK (rise edge)                                   0.00       0.00
  clock network delay (ideal)                             0.00       0.00
  clock uncertainty                                       0.10       0.10
  U0_ClkDiv/count_reg[0]/CK (SDFFRQX4M)                   0.00       0.10 r
  library hold time                                      -0.22      -0.12
  data required time                                                -0.12
  --------------------------------------------------------------------------
  data required time                                                -0.12
  data arrival time                                                 -1.32
  --------------------------------------------------------------------------
  slack (MET)                                                        1.44


  Startpoint: U0_ClkDiv/odd_edge_tog_reg
              (rising edge-triggered flip-flop clocked by CLK)
  Endpoint: U0_ClkDiv/odd_edge_tog_reg
            (rising edge-triggered flip-flop clocked by CLK)
  Path Group: CLK
  Path Type: min

  Des/Clust/Port     Wire Load Model       Library
  ------------------------------------------------
  System_Top         tsmc13_wl30           scmetro_tsmc_cl013g_rvt_ss_1p08v_125c

  Point                                                   Incr       Path
  --------------------------------------------------------------------------
  clock CLK (rise edge)                                   0.00       0.00
  clock network delay (ideal)                             0.00       0.00
  U0_ClkDiv/odd_edge_tog_reg/CK (SDFFSQX2M)               0.00       0.00 r
  U0_ClkDiv/odd_edge_tog_reg/Q (SDFFSQX2M)                0.73       0.73 f
  U0_ClkDiv/U52/Y (XNOR2X1M)                              0.47       1.20 f
  U0_ClkDiv/odd_edge_tog_reg/D (SDFFSQX2M)                0.00       1.20 f
  data arrival time                                                  1.20

  clock CLK (rise edge)                                   0.00       0.00
  clock network delay (ideal)                             0.00       0.00
  clock uncertainty                                       0.10       0.10
  U0_ClkDiv/odd_edge_tog_reg/CK (SDFFSQX2M)               0.00       0.10 r
  library hold time                                      -0.36      -0.26
  data required time                                                -0.26
  --------------------------------------------------------------------------
  data required time                                                -0.26
  data arrival time                                                 -1.20
  --------------------------------------------------------------------------
  slack (MET)                                                        1.46


  Startpoint: U0_ClkDiv/i_div_ratio_reg_reg[0]
              (rising edge-triggered flip-flop clocked by CLK)
  Endpoint: U0_ClkDiv/i_div_ratio_reg_reg[1]
            (rising edge-triggered flip-flop clocked by CLK)
  Path Group: CLK
  Path Type: min

  Des/Clust/Port     Wire Load Model       Library
  ------------------------------------------------
  System_Top         tsmc13_wl30           scmetro_tsmc_cl013g_rvt_ss_1p08v_125c

  Point                                                   Incr       Path
  --------------------------------------------------------------------------
  clock CLK (rise edge)                                   0.00       0.00
  clock network delay (ideal)                             0.00       0.00
  U0_ClkDiv/i_div_ratio_reg_reg[0]/CK (SDFFQX1M)          0.00       0.00 r
  U0_ClkDiv/i_div_ratio_reg_reg[0]/Q (SDFFQX1M)           0.78       0.78 r
  U0_ClkDiv/U99/Y (DLY1X1M)                               0.88       1.66 r
  U0_ClkDiv/i_div_ratio_reg_reg[1]/SI (SDFFQX2M)          0.00       1.66 r
  data arrival time                                                  1.66

  clock CLK (rise edge)                                   0.00       0.00
  clock network delay (ideal)                             0.00       0.00
  clock uncertainty                                       0.10       0.10
  U0_ClkDiv/i_div_ratio_reg_reg[1]/CK (SDFFQX2M)          0.00       0.10 r
  library hold time                                      -0.27      -0.17
  data required time                                                -0.17
  --------------------------------------------------------------------------
  data required time                                                -0.17
  data arrival time                                                 -1.66
  --------------------------------------------------------------------------
  slack (MET)                                                        1.83


  Startpoint: U0_ClkDiv/div_clk_reg
              (rising edge-triggered flip-flop clocked by CLK)
  Endpoint: U0_ClkDiv/i_div_ratio_reg_reg[0]
            (rising edge-triggered flip-flop clocked by CLK)
  Path Group: CLK
  Path Type: min

  Des/Clust/Port     Wire Load Model       Library
  ------------------------------------------------
  System_Top         tsmc13_wl30           scmetro_tsmc_cl013g_rvt_ss_1p08v_125c

  Point                                                   Incr       Path
  --------------------------------------------------------------------------
  clock CLK (rise edge)                                   0.00       0.00
  clock network delay (ideal)                             0.00       0.00
  U0_ClkDiv/div_clk_reg/CK (SDFFRQX1M)                    0.00       0.00 r
  U0_ClkDiv/div_clk_reg/Q (SDFFRQX1M)                     0.86       0.86 r
  U0_ClkDiv/U100/Y (DLY1X1M)                              0.88       1.74 r
  U0_ClkDiv/i_div_ratio_reg_reg[0]/SI (SDFFQX1M)          0.00       1.74 r
  data arrival time                                                  1.74

  clock CLK (rise edge)                                   0.00       0.00
  clock network delay (ideal)                             0.00       0.00
  clock uncertainty                                       0.10       0.10
  U0_ClkDiv/i_div_ratio_reg_reg[0]/CK (SDFFQX1M)          0.00       0.10 r
  library hold time                                      -0.27      -0.17
  data required time                                                -0.17
  --------------------------------------------------------------------------
  data required time                                                -0.17
  data arrival time                                                 -1.74
  --------------------------------------------------------------------------
  slack (MET)                                                        1.91


  Startpoint: U0_ClkDiv/count_reg[5]
              (rising edge-triggered flip-flop clocked by CLK)
  Endpoint: U0_ClkDiv/count_reg[6]
            (rising edge-triggered flip-flop clocked by CLK)
  Path Group: CLK
  Path Type: min

  Des/Clust/Port     Wire Load Model       Library
  ------------------------------------------------
  System_Top         tsmc13_wl30           scmetro_tsmc_cl013g_rvt_ss_1p08v_125c

  Point                                                   Incr       Path
  --------------------------------------------------------------------------
  clock CLK (rise edge)                                   0.00       0.00
  clock network delay (ideal)                             0.00       0.00
  U0_ClkDiv/count_reg[5]/CK (SDFFRQX2M)                   0.00       0.00 r
  U0_ClkDiv/count_reg[5]/Q (SDFFRQX2M)                    0.80       0.80 f
  U0_ClkDiv/U93/Y (DLY1X1M)                               0.83       1.63 f
  U0_ClkDiv/count_reg[6]/SI (SDFFRQX2M)                   0.00       1.63 f
  data arrival time                                                  1.63

  clock CLK (rise edge)                                   0.00       0.00
  clock network delay (ideal)                             0.00       0.00
  clock uncertainty                                       0.10       0.10
  U0_ClkDiv/count_reg[6]/CK (SDFFRQX2M)                   0.00       0.10 r
  library hold time                                      -0.40      -0.30
  data required time                                                -0.30
  --------------------------------------------------------------------------
  data required time                                                -0.30
  data arrival time                                                 -1.63
  --------------------------------------------------------------------------
  slack (MET)                                                        1.93


  Startpoint: U0_ClkDiv/count_reg[4]
              (rising edge-triggered flip-flop clocked by CLK)
  Endpoint: U0_ClkDiv/count_reg[5]
            (rising edge-triggered flip-flop clocked by CLK)
  Path Group: CLK
  Path Type: min

  Des/Clust/Port     Wire Load Model       Library
  ------------------------------------------------
  System_Top         tsmc13_wl30           scmetro_tsmc_cl013g_rvt_ss_1p08v_125c

  Point                                                   Incr       Path
  --------------------------------------------------------------------------
  clock CLK (rise edge)                                   0.00       0.00
  clock network delay (ideal)                             0.00       0.00
  U0_ClkDiv/count_reg[4]/CK (SDFFRQX2M)                   0.00       0.00 r
  U0_ClkDiv/count_reg[4]/Q (SDFFRQX2M)                    0.80       0.80 f
  U0_ClkDiv/U92/Y (DLY1X1M)                               0.83       1.63 f
  U0_ClkDiv/count_reg[5]/SI (SDFFRQX2M)                   0.00       1.63 f
  data arrival time                                                  1.63

  clock CLK (rise edge)                                   0.00       0.00
  clock network delay (ideal)                             0.00       0.00
  clock uncertainty                                       0.10       0.10
  U0_ClkDiv/count_reg[5]/CK (SDFFRQX2M)                   0.00       0.10 r
  library hold time                                      -0.40      -0.30
  data required time                                                -0.30
  --------------------------------------------------------------------------
  data required time                                                -0.30
  data arrival time                                                 -1.63
  --------------------------------------------------------------------------
  slack (MET)                                                        1.93


  Startpoint: U0_ClkDiv/count_reg[3]
              (rising edge-triggered flip-flop clocked by CLK)
  Endpoint: U0_ClkDiv/count_reg[4]
            (rising edge-triggered flip-flop clocked by CLK)
  Path Group: CLK
  Path Type: min

  Des/Clust/Port     Wire Load Model       Library
  ------------------------------------------------
  System_Top         tsmc13_wl30           scmetro_tsmc_cl013g_rvt_ss_1p08v_125c

  Point                                                   Incr       Path
  --------------------------------------------------------------------------
  clock CLK (rise edge)                                   0.00       0.00
  clock network delay (ideal)                             0.00       0.00
  U0_ClkDiv/count_reg[3]/CK (SDFFRQX2M)                   0.00       0.00 r
  U0_ClkDiv/count_reg[3]/Q (SDFFRQX2M)                    0.80       0.80 f
  U0_ClkDiv/U94/Y (DLY1X1M)                               0.83       1.63 f
  U0_ClkDiv/count_reg[4]/SI (SDFFRQX2M)                   0.00       1.63 f
  data arrival time                                                  1.63

  clock CLK (rise edge)                                   0.00       0.00
  clock network delay (ideal)                             0.00       0.00
  clock uncertainty                                       0.10       0.10
  U0_ClkDiv/count_reg[4]/CK (SDFFRQX2M)                   0.00       0.10 r
  library hold time                                      -0.40      -0.30
  data required time                                                -0.30
  --------------------------------------------------------------------------
  data required time                                                -0.30
  data arrival time                                                 -1.63
  --------------------------------------------------------------------------
  slack (MET)                                                        1.93


  Startpoint: U0_ClkDiv/count_reg[6]
              (rising edge-triggered flip-flop clocked by CLK)
  Endpoint: U0_ClkDiv/div_clk_reg
            (rising edge-triggered flip-flop clocked by CLK)
  Path Group: CLK
  Path Type: min

  Des/Clust/Port     Wire Load Model       Library
  ------------------------------------------------
  System_Top         tsmc13_wl30           scmetro_tsmc_cl013g_rvt_ss_1p08v_125c

  Point                                                   Incr       Path
  --------------------------------------------------------------------------
  clock CLK (rise edge)                                   0.00       0.00
  clock network delay (ideal)                             0.00       0.00
  U0_ClkDiv/count_reg[6]/CK (SDFFRQX2M)                   0.00       0.00 r
  U0_ClkDiv/count_reg[6]/Q (SDFFRQX2M)                    0.80       0.80 f
  U0_ClkDiv/U95/Y (DLY1X1M)                               0.83       1.63 f
  U0_ClkDiv/div_clk_reg/SI (SDFFRQX1M)                    0.00       1.63 f
  data arrival time                                                  1.63

  clock CLK (rise edge)                                   0.00       0.00
  clock network delay (ideal)                             0.00       0.00
  clock uncertainty                                       0.10       0.10
  U0_ClkDiv/div_clk_reg/CK (SDFFRQX1M)                    0.00       0.10 r
  library hold time                                      -0.40      -0.30
  data required time                                                -0.30
  --------------------------------------------------------------------------
  data required time                                                -0.30
  data arrival time                                                 -1.63
  --------------------------------------------------------------------------
  slack (MET)                                                        1.93


  Startpoint: U0_ClkDiv/count_reg[2]
              (rising edge-triggered flip-flop clocked by CLK)
  Endpoint: U0_ClkDiv/count_reg[3]
            (rising edge-triggered flip-flop clocked by CLK)
  Path Group: CLK
  Path Type: min

  Des/Clust/Port     Wire Load Model       Library
  ------------------------------------------------
  System_Top         tsmc13_wl30           scmetro_tsmc_cl013g_rvt_ss_1p08v_125c

  Point                                                   Incr       Path
  --------------------------------------------------------------------------
  clock CLK (rise edge)                                   0.00       0.00
  clock network delay (ideal)                             0.00       0.00
  U0_ClkDiv/count_reg[2]/CK (SDFFRQX2M)                   0.00       0.00 r
  U0_ClkDiv/count_reg[2]/Q (SDFFRQX2M)                    0.81       0.81 f
  U0_ClkDiv/U98/Y (DLY1X1M)                               0.83       1.64 f
  U0_ClkDiv/count_reg[3]/SI (SDFFRQX2M)                   0.00       1.64 f
  data arrival time                                                  1.64

  clock CLK (rise edge)                                   0.00       0.00
  clock network delay (ideal)                             0.00       0.00
  clock uncertainty                                       0.10       0.10
  U0_ClkDiv/count_reg[3]/CK (SDFFRQX2M)                   0.00       0.10 r
  library hold time                                      -0.40      -0.30
  data required time                                                -0.30
  --------------------------------------------------------------------------
  data required time                                                -0.30
  data arrival time                                                 -1.64
  --------------------------------------------------------------------------
  slack (MET)                                                        1.94


  Startpoint: U0_ClkDiv/count_reg[1]
              (rising edge-triggered flip-flop clocked by CLK)
  Endpoint: U0_ClkDiv/count_reg[2]
            (rising edge-triggered flip-flop clocked by CLK)
  Path Group: CLK
  Path Type: min

  Des/Clust/Port     Wire Load Model       Library
  ------------------------------------------------
  System_Top         tsmc13_wl30           scmetro_tsmc_cl013g_rvt_ss_1p08v_125c

  Point                                                   Incr       Path
  --------------------------------------------------------------------------
  clock CLK (rise edge)                                   0.00       0.00
  clock network delay (ideal)                             0.00       0.00
  U0_ClkDiv/count_reg[1]/CK (SDFFRQX2M)                   0.00       0.00 r
  U0_ClkDiv/count_reg[1]/Q (SDFFRQX2M)                    0.81       0.81 f
  U0_ClkDiv/U97/Y (DLY1X1M)                               0.83       1.64 f
  U0_ClkDiv/count_reg[2]/SI (SDFFRQX2M)                   0.00       1.64 f
  data arrival time                                                  1.64

  clock CLK (rise edge)                                   0.00       0.00
  clock network delay (ideal)                             0.00       0.00
  clock uncertainty                                       0.10       0.10
  U0_ClkDiv/count_reg[2]/CK (SDFFRQX2M)                   0.00       0.10 r
  library hold time                                      -0.40      -0.30
  data required time                                                -0.30
  --------------------------------------------------------------------------
  data required time                                                -0.30
  data arrival time                                                 -1.64
  --------------------------------------------------------------------------
  slack (MET)                                                        1.94


  Startpoint: U0_ClkDiv/i_div_ratio_reg_reg[3]
              (rising edge-triggered flip-flop clocked by CLK)
  Endpoint: U0_ClkDiv/i_div_ratio_reg_reg[4]
            (rising edge-triggered flip-flop clocked by CLK)
  Path Group: CLK
  Path Type: min

  Des/Clust/Port     Wire Load Model       Library
  ------------------------------------------------
  System_Top         tsmc13_wl30           scmetro_tsmc_cl013g_rvt_ss_1p08v_125c

  Point                                                   Incr       Path
  --------------------------------------------------------------------------
  clock CLK (rise edge)                                   0.00       0.00
  clock network delay (ideal)                             0.00       0.00
  U0_ClkDiv/i_div_ratio_reg_reg[3]/CK (SDFFQX2M)          0.00       0.00 r
  U0_ClkDiv/i_div_ratio_reg_reg[3]/Q (SDFFQX2M)           0.95       0.95 r
  U0_ClkDiv/U89/Y (DLY1X1M)                               0.88       1.82 r
  U0_ClkDiv/i_div_ratio_reg_reg[4]/SI (SDFFQX2M)          0.00       1.82 r
  data arrival time                                                  1.82

  clock CLK (rise edge)                                   0.00       0.00
  clock network delay (ideal)                             0.00       0.00
  clock uncertainty                                       0.10       0.10
  U0_ClkDiv/i_div_ratio_reg_reg[4]/CK (SDFFQX2M)          0.00       0.10 r
  library hold time                                      -0.27      -0.17
  data required time                                                -0.17
  --------------------------------------------------------------------------
  data required time                                                -0.17
  data arrival time                                                 -1.82
  --------------------------------------------------------------------------
  slack (MET)                                                        1.99


  Startpoint: U0_ClkDiv/i_div_ratio_reg_reg[6]
              (rising edge-triggered flip-flop clocked by CLK)
  Endpoint: U0_ClkDiv/i_div_ratio_reg_reg[7]
            (rising edge-triggered flip-flop clocked by CLK)
  Path Group: CLK
  Path Type: min

  Des/Clust/Port     Wire Load Model       Library
  ------------------------------------------------
  System_Top         tsmc13_wl30           scmetro_tsmc_cl013g_rvt_ss_1p08v_125c

  Point                                                   Incr       Path
  --------------------------------------------------------------------------
  clock CLK (rise edge)                                   0.00       0.00
  clock network delay (ideal)                             0.00       0.00
  U0_ClkDiv/i_div_ratio_reg_reg[6]/CK (SDFFQX2M)          0.00       0.00 r
  U0_ClkDiv/i_div_ratio_reg_reg[6]/Q (SDFFQX2M)           0.95       0.95 r
  U0_ClkDiv/U91/Y (DLY1X1M)                               0.88       1.83 r
  U0_ClkDiv/i_div_ratio_reg_reg[7]/SI (SDFFQX2M)          0.00       1.83 r
  data arrival time                                                  1.83

  clock CLK (rise edge)                                   0.00       0.00
  clock network delay (ideal)                             0.00       0.00
  clock uncertainty                                       0.10       0.10
  U0_ClkDiv/i_div_ratio_reg_reg[7]/CK (SDFFQX2M)          0.00       0.10 r
  library hold time                                      -0.27      -0.17
  data required time                                                -0.17
  --------------------------------------------------------------------------
  data required time                                                -0.17
  data arrival time                                                 -1.83
  --------------------------------------------------------------------------
  slack (MET)                                                        2.00


  Startpoint: U0_ClkDiv/i_div_ratio_reg_reg[4]
              (rising edge-triggered flip-flop clocked by CLK)
  Endpoint: U0_ClkDiv/i_div_ratio_reg_reg[5]
            (rising edge-triggered flip-flop clocked by CLK)
  Path Group: CLK
  Path Type: min

  Des/Clust/Port     Wire Load Model       Library
  ------------------------------------------------
  System_Top         tsmc13_wl30           scmetro_tsmc_cl013g_rvt_ss_1p08v_125c

  Point                                                   Incr       Path
  --------------------------------------------------------------------------
  clock CLK (rise edge)                                   0.00       0.00
  clock network delay (ideal)                             0.00       0.00
  U0_ClkDiv/i_div_ratio_reg_reg[4]/CK (SDFFQX2M)          0.00       0.00 r
  U0_ClkDiv/i_div_ratio_reg_reg[4]/Q (SDFFQX2M)           0.97       0.97 r
  U0_ClkDiv/U96/Y (DLY1X1M)                               0.88       1.85 r
  U0_ClkDiv/i_div_ratio_reg_reg[5]/SI (SDFFQX2M)          0.00       1.85 r
  data arrival time                                                  1.85

  clock CLK (rise edge)                                   0.00       0.00
  clock network delay (ideal)                             0.00       0.00
  clock uncertainty                                       0.10       0.10
  U0_ClkDiv/i_div_ratio_reg_reg[5]/CK (SDFFQX2M)          0.00       0.10 r
  library hold time                                      -0.27      -0.17
  data required time                                                -0.17
  --------------------------------------------------------------------------
  data required time                                                -0.17
  data arrival time                                                 -1.85
  --------------------------------------------------------------------------
  slack (MET)                                                        2.02


  Startpoint: U0_ClkDiv/count_reg[6]
              (rising edge-triggered flip-flop clocked by CLK)
  Endpoint: U0_ClkDiv/count_reg[6]
            (rising edge-triggered flip-flop clocked by CLK)
  Path Group: CLK
  Path Type: min

  Des/Clust/Port     Wire Load Model       Library
  ------------------------------------------------
  System_Top         tsmc13_wl30           scmetro_tsmc_cl013g_rvt_ss_1p08v_125c

  Point                                                   Incr       Path
  --------------------------------------------------------------------------
  clock CLK (rise edge)                                   0.00       0.00
  clock network delay (ideal)                             0.00       0.00
  U0_ClkDiv/count_reg[6]/CK (SDFFRQX2M)                   0.00       0.00 r
  U0_ClkDiv/count_reg[6]/Q (SDFFRQX2M)                    0.80       0.80 f
  U0_ClkDiv/add_52/A[6] (ClkDiv_DW01_inc_0)               0.00       0.80 f
  U0_ClkDiv/add_52/U2/Y (CLKXOR2X2M)                      0.54       1.34 r
  U0_ClkDiv/add_52/SUM[6] (ClkDiv_DW01_inc_0)             0.00       1.34 r
  U0_ClkDiv/U31/Y (AO22XLM)                               0.60       1.94 r
  U0_ClkDiv/count_reg[6]/D (SDFFRQX2M)                    0.00       1.94 r
  data arrival time                                                  1.94

  clock CLK (rise edge)                                   0.00       0.00
  clock network delay (ideal)                             0.00       0.00
  clock uncertainty                                       0.10       0.10
  U0_ClkDiv/count_reg[6]/CK (SDFFRQX2M)                   0.00       0.10 r
  library hold time                                      -0.25      -0.15
  data required time                                                -0.15
  --------------------------------------------------------------------------
  data required time                                                -0.15
  data arrival time                                                 -1.94
  --------------------------------------------------------------------------
  slack (MET)                                                        2.09


  Startpoint: U0_ClkDiv/count_reg[0]
              (rising edge-triggered flip-flop clocked by CLK)
  Endpoint: U0_ClkDiv/count_reg[1]
            (rising edge-triggered flip-flop clocked by CLK)
  Path Group: CLK
  Path Type: min

  Des/Clust/Port     Wire Load Model       Library
  ------------------------------------------------
  System_Top         tsmc13_wl30           scmetro_tsmc_cl013g_rvt_ss_1p08v_125c

  Point                                                   Incr       Path
  --------------------------------------------------------------------------
  clock CLK (rise edge)                                   0.00       0.00
  clock network delay (ideal)                             0.00       0.00
  U0_ClkDiv/count_reg[0]/CK (SDFFRQX4M)                   0.00       0.00 r
  U0_ClkDiv/count_reg[0]/Q (SDFFRQX4M)                    0.77       0.77 f
  U0_ClkDiv/add_52/A[0] (ClkDiv_DW01_inc_0)               0.00       0.77 f
  U0_ClkDiv/add_52/U1_1_1/S (ADDHX1M)                     0.48       1.25 f
  U0_ClkDiv/add_52/SUM[1] (ClkDiv_DW01_inc_0)             0.00       1.25 f
  U0_ClkDiv/U28/Y (AO22XLM)                               0.67       1.92 f
  U0_ClkDiv/count_reg[1]/D (SDFFRQX2M)                    0.00       1.92 f
  data arrival time                                                  1.92

  clock CLK (rise edge)                                   0.00       0.00
  clock network delay (ideal)                             0.00       0.00
  clock uncertainty                                       0.10       0.10
  U0_ClkDiv/count_reg[1]/CK (SDFFRQX2M)                   0.00       0.10 r
  library hold time                                      -0.30      -0.20
  data required time                                                -0.20
  --------------------------------------------------------------------------
  data required time                                                -0.20
  data arrival time                                                 -1.92
  --------------------------------------------------------------------------
  slack (MET)                                                        2.12


  Startpoint: U0_ClkDiv/count_reg[5]
              (rising edge-triggered flip-flop clocked by CLK)
  Endpoint: U0_ClkDiv/count_reg[5]
            (rising edge-triggered flip-flop clocked by CLK)
  Path Group: CLK
  Path Type: min

  Des/Clust/Port     Wire Load Model       Library
  ------------------------------------------------
  System_Top         tsmc13_wl30           scmetro_tsmc_cl013g_rvt_ss_1p08v_125c

  Point                                                   Incr       Path
  --------------------------------------------------------------------------
  clock CLK (rise edge)                                   0.00       0.00
  clock network delay (ideal)                             0.00       0.00
  U0_ClkDiv/count_reg[5]/CK (SDFFRQX2M)                   0.00       0.00 r
  U0_ClkDiv/count_reg[5]/Q (SDFFRQX2M)                    0.80       0.80 f
  U0_ClkDiv/add_52/A[5] (ClkDiv_DW01_inc_0)               0.00       0.80 f
  U0_ClkDiv/add_52/U1_1_5/S (ADDHX1M)                     0.55       1.35 f
  U0_ClkDiv/add_52/SUM[5] (ClkDiv_DW01_inc_0)             0.00       1.35 f
  U0_ClkDiv/U27/Y (AO22XLM)                               0.65       2.00 f
  U0_ClkDiv/count_reg[5]/D (SDFFRQX2M)                    0.00       2.00 f
  data arrival time                                                  2.00

  clock CLK (rise edge)                                   0.00       0.00
  clock network delay (ideal)                             0.00       0.00
  clock uncertainty                                       0.10       0.10
  U0_ClkDiv/count_reg[5]/CK (SDFFRQX2M)                   0.00       0.10 r
  library hold time                                      -0.30      -0.20
  data required time                                                -0.20
  --------------------------------------------------------------------------
  data required time                                                -0.20
  data arrival time                                                 -2.00
  --------------------------------------------------------------------------
  slack (MET)                                                        2.20


  Startpoint: U0_ClkDiv/count_reg[4]
              (rising edge-triggered flip-flop clocked by CLK)
  Endpoint: U0_ClkDiv/count_reg[4]
            (rising edge-triggered flip-flop clocked by CLK)
  Path Group: CLK
  Path Type: min

  Des/Clust/Port     Wire Load Model       Library
  ------------------------------------------------
  System_Top         tsmc13_wl30           scmetro_tsmc_cl013g_rvt_ss_1p08v_125c

  Point                                                   Incr       Path
  --------------------------------------------------------------------------
  clock CLK (rise edge)                                   0.00       0.00
  clock network delay (ideal)                             0.00       0.00
  U0_ClkDiv/count_reg[4]/CK (SDFFRQX2M)                   0.00       0.00 r
  U0_ClkDiv/count_reg[4]/Q (SDFFRQX2M)                    0.80       0.80 f
  U0_ClkDiv/add_52/A[4] (ClkDiv_DW01_inc_0)               0.00       0.80 f
  U0_ClkDiv/add_52/U1_1_4/S (ADDHX1M)                     0.55       1.35 f
  U0_ClkDiv/add_52/SUM[4] (ClkDiv_DW01_inc_0)             0.00       1.35 f
  U0_ClkDiv/U26/Y (AO22XLM)                               0.65       2.00 f
  U0_ClkDiv/count_reg[4]/D (SDFFRQX2M)                    0.00       2.00 f
  data arrival time                                                  2.00

  clock CLK (rise edge)                                   0.00       0.00
  clock network delay (ideal)                             0.00       0.00
  clock uncertainty                                       0.10       0.10
  U0_ClkDiv/count_reg[4]/CK (SDFFRQX2M)                   0.00       0.10 r
  library hold time                                      -0.30      -0.20
  data required time                                                -0.20
  --------------------------------------------------------------------------
  data required time                                                -0.20
  data arrival time                                                 -2.00
  --------------------------------------------------------------------------
  slack (MET)                                                        2.20


  Startpoint: U0_ClkDiv/count_reg[3]
              (rising edge-triggered flip-flop clocked by CLK)
  Endpoint: U0_ClkDiv/count_reg[3]
            (rising edge-triggered flip-flop clocked by CLK)
  Path Group: CLK
  Path Type: min

  Des/Clust/Port     Wire Load Model       Library
  ------------------------------------------------
  System_Top         tsmc13_wl30           scmetro_tsmc_cl013g_rvt_ss_1p08v_125c

  Point                                                   Incr       Path
  --------------------------------------------------------------------------
  clock CLK (rise edge)                                   0.00       0.00
  clock network delay (ideal)                             0.00       0.00
  U0_ClkDiv/count_reg[3]/CK (SDFFRQX2M)                   0.00       0.00 r
  U0_ClkDiv/count_reg[3]/Q (SDFFRQX2M)                    0.80       0.80 f
  U0_ClkDiv/add_52/A[3] (ClkDiv_DW01_inc_0)               0.00       0.80 f
  U0_ClkDiv/add_52/U1_1_3/S (ADDHX1M)                     0.55       1.35 f
  U0_ClkDiv/add_52/SUM[3] (ClkDiv_DW01_inc_0)             0.00       1.35 f
  U0_ClkDiv/U30/Y (AO22XLM)                               0.65       2.00 f
  U0_ClkDiv/count_reg[3]/D (SDFFRQX2M)                    0.00       2.00 f
  data arrival time                                                  2.00

  clock CLK (rise edge)                                   0.00       0.00
  clock network delay (ideal)                             0.00       0.00
  clock uncertainty                                       0.10       0.10
  U0_ClkDiv/count_reg[3]/CK (SDFFRQX2M)                   0.00       0.10 r
  library hold time                                      -0.30      -0.20
  data required time                                                -0.20
  --------------------------------------------------------------------------
  data required time                                                -0.20
  data arrival time                                                 -2.00
  --------------------------------------------------------------------------
  slack (MET)                                                        2.20


  Startpoint: U0_ClkDiv/count_reg[2]
              (rising edge-triggered flip-flop clocked by CLK)
  Endpoint: U0_ClkDiv/count_reg[2]
            (rising edge-triggered flip-flop clocked by CLK)
  Path Group: CLK
  Path Type: min

  Des/Clust/Port     Wire Load Model       Library
  ------------------------------------------------
  System_Top         tsmc13_wl30           scmetro_tsmc_cl013g_rvt_ss_1p08v_125c

  Point                                                   Incr       Path
  --------------------------------------------------------------------------
  clock CLK (rise edge)                                   0.00       0.00
  clock network delay (ideal)                             0.00       0.00
  U0_ClkDiv/count_reg[2]/CK (SDFFRQX2M)                   0.00       0.00 r
  U0_ClkDiv/count_reg[2]/Q (SDFFRQX2M)                    0.81       0.81 f
  U0_ClkDiv/add_52/A[2] (ClkDiv_DW01_inc_0)               0.00       0.81 f
  U0_ClkDiv/add_52/U1_1_2/S (ADDHX1M)                     0.55       1.35 f
  U0_ClkDiv/add_52/SUM[2] (ClkDiv_DW01_inc_0)             0.00       1.35 f
  U0_ClkDiv/U29/Y (AO22XLM)                               0.65       2.01 f
  U0_ClkDiv/count_reg[2]/D (SDFFRQX2M)                    0.00       2.01 f
  data arrival time                                                  2.01

  clock CLK (rise edge)                                   0.00       0.00
  clock network delay (ideal)                             0.00       0.00
  clock uncertainty                                       0.10       0.10
  U0_ClkDiv/count_reg[2]/CK (SDFFRQX2M)                   0.00       0.10 r
  library hold time                                      -0.30      -0.20
  data required time                                                -0.20
  --------------------------------------------------------------------------
  data required time                                                -0.20
  data arrival time                                                 -2.01
  --------------------------------------------------------------------------
  slack (MET)                                                        2.21


  Startpoint: CLKG_EN (input port clocked by CLK)
  Endpoint: U0_CLK_GATE/U0_TLATNCAX12M
            (gating element for clock CLK)
  Path Group: CLK
  Path Type: min

  Des/Clust/Port     Wire Load Model       Library
  ------------------------------------------------
  System_Top         tsmc13_wl30           scmetro_tsmc_cl013g_rvt_ss_1p08v_125c

  Point                                                   Incr       Path
  --------------------------------------------------------------------------
  clock CLK (rise edge)                                   0.00       0.00
  clock network delay (ideal)                             0.00       0.00
  input external delay                                   10.00      10.00 f
  CLKG_EN (in)                                            0.11      10.11 f
  U0_CLK_GATE/CLK_EN (CLK_GATE)                           0.00      10.11 f
  U0_CLK_GATE/U1/Y (OR2X2M)                               0.33      10.43 f
  U0_CLK_GATE/U0_TLATNCAX12M/E (TLATNCAX12M)              0.00      10.43 f
  data arrival time                                                 10.43

  clock CLK (rise edge)                                   0.00       0.00
  clock network delay (ideal)                             0.00       0.00
  clock uncertainty                                       0.10       0.10
  U0_CLK_GATE/U0_TLATNCAX12M/CK (TLATNCAX12M)             0.00       0.10 r
  clock gating hold time                                  0.05       0.15
  data required time                                                 0.15
  --------------------------------------------------------------------------
  data required time                                                 0.15
  data arrival time                                                -10.43
  --------------------------------------------------------------------------
  slack (MET)                                                       10.28


  Startpoint: U0_ALU/ALU_OUT_reg[5]
              (rising edge-triggered flip-flop clocked by ALU_CLK)
  Endpoint: ALU_OUT[5] (output port clocked by CLK)
  Path Group: CLK
  Path Type: min

  Des/Clust/Port     Wire Load Model       Library
  ------------------------------------------------
  System_Top         tsmc13_wl30           scmetro_tsmc_cl013g_rvt_ss_1p08v_125c

  Point                                                   Incr       Path
  --------------------------------------------------------------------------
  clock ALU_CLK (rise edge)                               0.00       0.00
  clock network delay (ideal)                             0.00       0.00
  U0_ALU/ALU_OUT_reg[5]/CK (SDFFRHQX8M)                   0.00       0.00 r
  U0_ALU/ALU_OUT_reg[5]/Q (SDFFRHQX8M)                    0.72       0.72 f
  U0_ALU/ALU_OUT[5] (ALU_test_1)                          0.00       0.72 f
  ALU_OUT[5] (out)                                        0.00       0.72 f
  data arrival time                                                  0.72

  clock CLK (rise edge)                                   0.00       0.00
  clock network delay (ideal)                             0.00       0.00
  clock uncertainty                                       0.10       0.10
  output external delay                                 -10.00      -9.90
  data required time                                                -9.90
  --------------------------------------------------------------------------
  data required time                                                -9.90
  data arrival time                                                 -0.72
  --------------------------------------------------------------------------
  slack (MET)                                                       10.62


  Startpoint: U0_ALU/ALU_OUT_reg[0]
              (rising edge-triggered flip-flop clocked by ALU_CLK)
  Endpoint: ALU_OUT[0] (output port clocked by CLK)
  Path Group: CLK
  Path Type: min

  Des/Clust/Port     Wire Load Model       Library
  ------------------------------------------------
  System_Top         tsmc13_wl30           scmetro_tsmc_cl013g_rvt_ss_1p08v_125c

  Point                                                   Incr       Path
  --------------------------------------------------------------------------
  clock ALU_CLK (rise edge)                               0.00       0.00
  clock network delay (ideal)                             0.00       0.00
  U0_ALU/ALU_OUT_reg[0]/CK (SDFFRHQX8M)                   0.00       0.00 r
  U0_ALU/ALU_OUT_reg[0]/Q (SDFFRHQX8M)                    0.72       0.72 f
  U0_ALU/ALU_OUT[0] (ALU_test_1)                          0.00       0.72 f
  ALU_OUT[0] (out)                                        0.00       0.72 f
  data arrival time                                                  0.72

  clock CLK (rise edge)                                   0.00       0.00
  clock network delay (ideal)                             0.00       0.00
  clock uncertainty                                       0.10       0.10
  output external delay                                 -10.00      -9.90
  data required time                                                -9.90
  --------------------------------------------------------------------------
  data required time                                                -9.90
  data arrival time                                                 -0.72
  --------------------------------------------------------------------------
  slack (MET)                                                       10.62


  Startpoint: U0_ALU/ALU_OUT_reg[4]
              (rising edge-triggered flip-flop clocked by ALU_CLK)
  Endpoint: ALU_OUT[4] (output port clocked by CLK)
  Path Group: CLK
  Path Type: min

  Des/Clust/Port     Wire Load Model       Library
  ------------------------------------------------
  System_Top         tsmc13_wl30           scmetro_tsmc_cl013g_rvt_ss_1p08v_125c

  Point                                                   Incr       Path
  --------------------------------------------------------------------------
  clock ALU_CLK (rise edge)                               0.00       0.00
  clock network delay (ideal)                             0.00       0.00
  U0_ALU/ALU_OUT_reg[4]/CK (SDFFRHQX8M)                   0.00       0.00 r
  U0_ALU/ALU_OUT_reg[4]/Q (SDFFRHQX8M)                    0.73       0.73 f
  U0_ALU/ALU_OUT[4] (ALU_test_1)                          0.00       0.73 f
  ALU_OUT[4] (out)                                        0.00       0.73 f
  data arrival time                                                  0.73

  clock CLK (rise edge)                                   0.00       0.00
  clock network delay (ideal)                             0.00       0.00
  clock uncertainty                                       0.10       0.10
  output external delay                                 -10.00      -9.90
  data required time                                                -9.90
  --------------------------------------------------------------------------
  data required time                                                -9.90
  data arrival time                                                 -0.73
  --------------------------------------------------------------------------
  slack (MET)                                                       10.63


  Startpoint: U0_ALU/ALU_OUT_reg[7]
              (rising edge-triggered flip-flop clocked by ALU_CLK)
  Endpoint: ALU_OUT[7] (output port clocked by CLK)
  Path Group: CLK
  Path Type: min

  Des/Clust/Port     Wire Load Model       Library
  ------------------------------------------------
  System_Top         tsmc13_wl30           scmetro_tsmc_cl013g_rvt_ss_1p08v_125c

  Point                                                   Incr       Path
  --------------------------------------------------------------------------
  clock ALU_CLK (rise edge)                               0.00       0.00
  clock network delay (ideal)                             0.00       0.00
  U0_ALU/ALU_OUT_reg[7]/CK (SDFFRHQX1M)                   0.00       0.00 r
  U0_ALU/ALU_OUT_reg[7]/Q (SDFFRHQX1M)                    0.52       0.52 r
  U0_ALU/U14/Y (INVX2M)                                   0.28       0.80 f
  U0_ALU/U21/Y (CLKINVX16M)                               0.81       1.61 r
  U0_ALU/ALU_OUT[7] (ALU_test_1)                          0.00       1.61 r
  ALU_OUT[7] (out)                                        0.00       1.61 r
  data arrival time                                                  1.61

  clock CLK (rise edge)                                   0.00       0.00
  clock network delay (ideal)                             0.00       0.00
  clock uncertainty                                       0.10       0.10
  output external delay                                 -10.00      -9.90
  data required time                                                -9.90
  --------------------------------------------------------------------------
  data required time                                                -9.90
  data arrival time                                                 -1.61
  --------------------------------------------------------------------------
  slack (MET)                                                       11.51


  Startpoint: U0_ALU/ALU_OUT_reg[2]
              (rising edge-triggered flip-flop clocked by ALU_CLK)
  Endpoint: ALU_OUT[2] (output port clocked by CLK)
  Path Group: CLK
  Path Type: min

  Des/Clust/Port     Wire Load Model       Library
  ------------------------------------------------
  System_Top         tsmc13_wl30           scmetro_tsmc_cl013g_rvt_ss_1p08v_125c

  Point                                                   Incr       Path
  --------------------------------------------------------------------------
  clock ALU_CLK (rise edge)                               0.00       0.00
  clock network delay (ideal)                             0.00       0.00
  U0_ALU/ALU_OUT_reg[2]/CK (SDFFRQX2M)                    0.00       0.00 r
  U0_ALU/ALU_OUT_reg[2]/Q (SDFFRQX2M)                     0.53       0.53 f
  U0_ALU/U8/Y (INVXLM)                                    0.62       1.15 r
  U0_ALU/U9/Y (INVX8M)                                    0.66       1.81 f
  U0_ALU/ALU_OUT[2] (ALU_test_1)                          0.00       1.81 f
  ALU_OUT[2] (out)                                        0.00       1.81 f
  data arrival time                                                  1.81

  clock CLK (rise edge)                                   0.00       0.00
  clock network delay (ideal)                             0.00       0.00
  clock uncertainty                                       0.10       0.10
  output external delay                                 -10.00      -9.90
  data required time                                                -9.90
  --------------------------------------------------------------------------
  data required time                                                -9.90
  data arrival time                                                 -1.81
  --------------------------------------------------------------------------
  slack (MET)                                                       11.71


  Startpoint: U0_ALU/ALU_OUT_reg[1]
              (rising edge-triggered flip-flop clocked by ALU_CLK)
  Endpoint: ALU_OUT[1] (output port clocked by CLK)
  Path Group: CLK
  Path Type: min

  Des/Clust/Port     Wire Load Model       Library
  ------------------------------------------------
  System_Top         tsmc13_wl30           scmetro_tsmc_cl013g_rvt_ss_1p08v_125c

  Point                                                   Incr       Path
  --------------------------------------------------------------------------
  clock ALU_CLK (rise edge)                               0.00       0.00
  clock network delay (ideal)                             0.00       0.00
  U0_ALU/ALU_OUT_reg[1]/CK (SDFFRQX2M)                    0.00       0.00 r
  U0_ALU/ALU_OUT_reg[1]/Q (SDFFRQX2M)                     0.53       0.53 f
  U0_ALU/U3/Y (INVXLM)                                    0.62       1.15 r
  U0_ALU/U4/Y (INVX8M)                                    0.66       1.81 f
  U0_ALU/ALU_OUT[1] (ALU_test_1)                          0.00       1.81 f
  ALU_OUT[1] (out)                                        0.00       1.81 f
  data arrival time                                                  1.81

  clock CLK (rise edge)                                   0.00       0.00
  clock network delay (ideal)                             0.00       0.00
  clock uncertainty                                       0.10       0.10
  output external delay                                 -10.00      -9.90
  data required time                                                -9.90
  --------------------------------------------------------------------------
  data required time                                                -9.90
  data arrival time                                                 -1.81
  --------------------------------------------------------------------------
  slack (MET)                                                       11.71


  Startpoint: U0_ALU/ALU_OUT_reg[3]
              (rising edge-triggered flip-flop clocked by ALU_CLK)
  Endpoint: ALU_OUT[3] (output port clocked by CLK)
  Path Group: CLK
  Path Type: min

  Des/Clust/Port     Wire Load Model       Library
  ------------------------------------------------
  System_Top         tsmc13_wl30           scmetro_tsmc_cl013g_rvt_ss_1p08v_125c

  Point                                                   Incr       Path
  --------------------------------------------------------------------------
  clock ALU_CLK (rise edge)                               0.00       0.00
  clock network delay (ideal)                             0.00       0.00
  U0_ALU/ALU_OUT_reg[3]/CK (SDFFRQX2M)                    0.00       0.00 r
  U0_ALU/ALU_OUT_reg[3]/Q (SDFFRQX2M)                     0.53       0.53 f
  U0_ALU/U10/Y (INVXLM)                                   0.62       1.15 r
  U0_ALU/U11/Y (INVX8M)                                   0.66       1.81 f
  U0_ALU/ALU_OUT[3] (ALU_test_1)                          0.00       1.81 f
  ALU_OUT[3] (out)                                        0.00       1.81 f
  data arrival time                                                  1.81

  clock CLK (rise edge)                                   0.00       0.00
  clock network delay (ideal)                             0.00       0.00
  clock uncertainty                                       0.10       0.10
  output external delay                                 -10.00      -9.90
  data required time                                                -9.90
  --------------------------------------------------------------------------
  data required time                                                -9.90
  data arrival time                                                 -1.81
  --------------------------------------------------------------------------
  slack (MET)                                                       11.71


  Startpoint: U0_ALU/ALU_OUT_reg[6]
              (rising edge-triggered flip-flop clocked by ALU_CLK)
  Endpoint: ALU_OUT[6] (output port clocked by CLK)
  Path Group: CLK
  Path Type: min

  Des/Clust/Port     Wire Load Model       Library
  ------------------------------------------------
  System_Top         tsmc13_wl30           scmetro_tsmc_cl013g_rvt_ss_1p08v_125c

  Point                                                   Incr       Path
  --------------------------------------------------------------------------
  clock ALU_CLK (rise edge)                               0.00       0.00
  clock network delay (ideal)                             0.00       0.00
  U0_ALU/ALU_OUT_reg[6]/CK (SDFFRQX1M)                    0.00       0.00 r
  U0_ALU/ALU_OUT_reg[6]/Q (SDFFRQX1M)                     0.59       0.59 f
  U0_ALU/U12/Y (INVXLM)                                   0.65       1.24 r
  U0_ALU/U13/Y (INVX8M)                                   0.66       1.90 f
  U0_ALU/ALU_OUT[6] (ALU_test_1)                          0.00       1.90 f
  ALU_OUT[6] (out)                                        0.00       1.90 f
  data arrival time                                                  1.90

  clock CLK (rise edge)                                   0.00       0.00
  clock network delay (ideal)                             0.00       0.00
  clock uncertainty                                       0.10       0.10
  output external delay                                 -10.00      -9.90
  data required time                                                -9.90
  --------------------------------------------------------------------------
  data required time                                                -9.90
  data arrival time                                                 -1.90
  --------------------------------------------------------------------------
  slack (MET)                                                       11.80


  Startpoint: U0_ALU/OUT_VALID_reg
              (rising edge-triggered flip-flop clocked by ALU_CLK)
  Endpoint: ALU_VLD (output port clocked by CLK)
  Path Group: CLK
  Path Type: min

  Des/Clust/Port     Wire Load Model       Library
  ------------------------------------------------
  System_Top         tsmc13_wl30           scmetro_tsmc_cl013g_rvt_ss_1p08v_125c

  Point                                    Incr       Path
  -----------------------------------------------------------
  clock ALU_CLK (rise edge)                0.00       0.00
  clock network delay (ideal)              0.00       0.00
  U0_ALU/OUT_VALID_reg/CK (SDFFRQX2M)      0.00       0.00 r
  U0_ALU/OUT_VALID_reg/Q (SDFFRQX2M)       0.62       0.62 f
  U0_ALU/U19/Y (INVXLM)                    0.66       1.28 r
  U0_ALU/U20/Y (INVX8M)                    0.64       1.92 f
  U0_ALU/OUT_VALID (ALU_test_1)            0.00       1.92 f
  ALU_VLD (out)                            0.00       1.92 f
  data arrival time                                   1.92

  clock CLK (rise edge)                    0.00       0.00
  clock network delay (ideal)              0.00       0.00
  clock uncertainty                        0.10       0.10
  output external delay                  -10.00      -9.90
  data required time                                 -9.90
  -----------------------------------------------------------
  data required time                                 -9.90
  data arrival time                                  -1.92
  -----------------------------------------------------------
  slack (MET)                                        11.82


  Startpoint: U0_RegFile/RdData_reg[7]
              (rising edge-triggered flip-flop clocked by REG_CLK)
  Endpoint: RdData[7] (output port clocked by CLK)
  Path Group: CLK
  Path Type: min

  Des/Clust/Port     Wire Load Model       Library
  ------------------------------------------------
  System_Top         tsmc13_wl30           scmetro_tsmc_cl013g_rvt_ss_1p08v_125c

  Point                                                   Incr       Path
  --------------------------------------------------------------------------
  clock REG_CLK (rise edge)                               0.00       0.00
  clock network delay (ideal)                             0.00       0.00
  U0_RegFile/RdData_reg[7]/CK (SDFFRQX2M)                 0.00       0.00 r
  U0_RegFile/RdData_reg[7]/Q (SDFFRQX2M)                  0.62       0.62 f
  U0_RegFile/U150/Y (INVXLM)                              0.66       1.28 r
  U0_RegFile/U151/Y (INVX8M)                              0.66       1.94 f
  U0_RegFile/RdData[7] (RegFile_test_1)                   0.00       1.94 f
  RdData[7] (out)                                         0.00       1.94 f
  data arrival time                                                  1.94

  clock CLK (rise edge)                                   0.00       0.00
  clock network delay (ideal)                             0.00       0.00
  clock uncertainty                                       0.10       0.10
  output external delay                                 -10.00      -9.90
  data required time                                                -9.90
  --------------------------------------------------------------------------
  data required time                                                -9.90
  data arrival time                                                 -1.94
  --------------------------------------------------------------------------
  slack (MET)                                                       11.84


  Startpoint: U0_RegFile/RdData_reg[6]
              (rising edge-triggered flip-flop clocked by REG_CLK)
  Endpoint: RdData[6] (output port clocked by CLK)
  Path Group: CLK
  Path Type: min

  Des/Clust/Port     Wire Load Model       Library
  ------------------------------------------------
  System_Top         tsmc13_wl30           scmetro_tsmc_cl013g_rvt_ss_1p08v_125c

  Point                                                   Incr       Path
  --------------------------------------------------------------------------
  clock REG_CLK (rise edge)                               0.00       0.00
  clock network delay (ideal)                             0.00       0.00
  U0_RegFile/RdData_reg[6]/CK (SDFFRQX2M)                 0.00       0.00 r
  U0_RegFile/RdData_reg[6]/Q (SDFFRQX2M)                  0.62       0.62 f
  U0_RegFile/U148/Y (INVXLM)                              0.66       1.28 r
  U0_RegFile/U149/Y (INVX8M)                              0.66       1.94 f
  U0_RegFile/RdData[6] (RegFile_test_1)                   0.00       1.94 f
  RdData[6] (out)                                         0.00       1.94 f
  data arrival time                                                  1.94

  clock CLK (rise edge)                                   0.00       0.00
  clock network delay (ideal)                             0.00       0.00
  clock uncertainty                                       0.10       0.10
  output external delay                                 -10.00      -9.90
  data required time                                                -9.90
  --------------------------------------------------------------------------
  data required time                                                -9.90
  data arrival time                                                 -1.94
  --------------------------------------------------------------------------
  slack (MET)                                                       11.84


  Startpoint: U0_RegFile/RdData_reg[5]
              (rising edge-triggered flip-flop clocked by REG_CLK)
  Endpoint: RdData[5] (output port clocked by CLK)
  Path Group: CLK
  Path Type: min

  Des/Clust/Port     Wire Load Model       Library
  ------------------------------------------------
  System_Top         tsmc13_wl30           scmetro_tsmc_cl013g_rvt_ss_1p08v_125c

  Point                                                   Incr       Path
  --------------------------------------------------------------------------
  clock REG_CLK (rise edge)                               0.00       0.00
  clock network delay (ideal)                             0.00       0.00
  U0_RegFile/RdData_reg[5]/CK (SDFFRQX2M)                 0.00       0.00 r
  U0_RegFile/RdData_reg[5]/Q (SDFFRQX2M)                  0.62       0.62 f
  U0_RegFile/U146/Y (INVXLM)                              0.66       1.28 r
  U0_RegFile/U147/Y (INVX8M)                              0.66       1.94 f
  U0_RegFile/RdData[5] (RegFile_test_1)                   0.00       1.94 f
  RdData[5] (out)                                         0.00       1.94 f
  data arrival time                                                  1.94

  clock CLK (rise edge)                                   0.00       0.00
  clock network delay (ideal)                             0.00       0.00
  clock uncertainty                                       0.10       0.10
  output external delay                                 -10.00      -9.90
  data required time                                                -9.90
  --------------------------------------------------------------------------
  data required time                                                -9.90
  data arrival time                                                 -1.94
  --------------------------------------------------------------------------
  slack (MET)                                                       11.84


  Startpoint: U0_RegFile/RdData_reg[4]
              (rising edge-triggered flip-flop clocked by REG_CLK)
  Endpoint: RdData[4] (output port clocked by CLK)
  Path Group: CLK
  Path Type: min

  Des/Clust/Port     Wire Load Model       Library
  ------------------------------------------------
  System_Top         tsmc13_wl30           scmetro_tsmc_cl013g_rvt_ss_1p08v_125c

  Point                                                   Incr       Path
  --------------------------------------------------------------------------
  clock REG_CLK (rise edge)                               0.00       0.00
  clock network delay (ideal)                             0.00       0.00
  U0_RegFile/RdData_reg[4]/CK (SDFFRQX2M)                 0.00       0.00 r
  U0_RegFile/RdData_reg[4]/Q (SDFFRQX2M)                  0.62       0.62 f
  U0_RegFile/U144/Y (INVXLM)                              0.66       1.28 r
  U0_RegFile/U145/Y (INVX8M)                              0.66       1.94 f
  U0_RegFile/RdData[4] (RegFile_test_1)                   0.00       1.94 f
  RdData[4] (out)                                         0.00       1.94 f
  data arrival time                                                  1.94

  clock CLK (rise edge)                                   0.00       0.00
  clock network delay (ideal)                             0.00       0.00
  clock uncertainty                                       0.10       0.10
  output external delay                                 -10.00      -9.90
  data required time                                                -9.90
  --------------------------------------------------------------------------
  data required time                                                -9.90
  data arrival time                                                 -1.94
  --------------------------------------------------------------------------
  slack (MET)                                                       11.84


  Startpoint: U0_RegFile/RdData_reg[3]
              (rising edge-triggered flip-flop clocked by REG_CLK)
  Endpoint: RdData[3] (output port clocked by CLK)
  Path Group: CLK
  Path Type: min

  Des/Clust/Port     Wire Load Model       Library
  ------------------------------------------------
  System_Top         tsmc13_wl30           scmetro_tsmc_cl013g_rvt_ss_1p08v_125c

  Point                                                   Incr       Path
  --------------------------------------------------------------------------
  clock REG_CLK (rise edge)                               0.00       0.00
  clock network delay (ideal)                             0.00       0.00
  U0_RegFile/RdData_reg[3]/CK (SDFFRQX2M)                 0.00       0.00 r
  U0_RegFile/RdData_reg[3]/Q (SDFFRQX2M)                  0.62       0.62 f
  U0_RegFile/U142/Y (INVXLM)                              0.66       1.28 r
  U0_RegFile/U143/Y (INVX8M)                              0.66       1.94 f
  U0_RegFile/RdData[3] (RegFile_test_1)                   0.00       1.94 f
  RdData[3] (out)                                         0.00       1.94 f
  data arrival time                                                  1.94

  clock CLK (rise edge)                                   0.00       0.00
  clock network delay (ideal)                             0.00       0.00
  clock uncertainty                                       0.10       0.10
  output external delay                                 -10.00      -9.90
  data required time                                                -9.90
  --------------------------------------------------------------------------
  data required time                                                -9.90
  data arrival time                                                 -1.94
  --------------------------------------------------------------------------
  slack (MET)                                                       11.84


  Startpoint: U0_RegFile/RdData_reg[2]
              (rising edge-triggered flip-flop clocked by REG_CLK)
  Endpoint: RdData[2] (output port clocked by CLK)
  Path Group: CLK
  Path Type: min

  Des/Clust/Port     Wire Load Model       Library
  ------------------------------------------------
  System_Top         tsmc13_wl30           scmetro_tsmc_cl013g_rvt_ss_1p08v_125c

  Point                                                   Incr       Path
  --------------------------------------------------------------------------
  clock REG_CLK (rise edge)                               0.00       0.00
  clock network delay (ideal)                             0.00       0.00
  U0_RegFile/RdData_reg[2]/CK (SDFFRQX2M)                 0.00       0.00 r
  U0_RegFile/RdData_reg[2]/Q (SDFFRQX2M)                  0.62       0.62 f
  U0_RegFile/U156/Y (INVXLM)                              0.66       1.28 r
  U0_RegFile/U157/Y (INVX8M)                              0.66       1.94 f
  U0_RegFile/RdData[2] (RegFile_test_1)                   0.00       1.94 f
  RdData[2] (out)                                         0.00       1.94 f
  data arrival time                                                  1.94

  clock CLK (rise edge)                                   0.00       0.00
  clock network delay (ideal)                             0.00       0.00
  clock uncertainty                                       0.10       0.10
  output external delay                                 -10.00      -9.90
  data required time                                                -9.90
  --------------------------------------------------------------------------
  data required time                                                -9.90
  data arrival time                                                 -1.94
  --------------------------------------------------------------------------
  slack (MET)                                                       11.84


  Startpoint: U0_RegFile/RdData_reg[1]
              (rising edge-triggered flip-flop clocked by REG_CLK)
  Endpoint: RdData[1] (output port clocked by CLK)
  Path Group: CLK
  Path Type: min

  Des/Clust/Port     Wire Load Model       Library
  ------------------------------------------------
  System_Top         tsmc13_wl30           scmetro_tsmc_cl013g_rvt_ss_1p08v_125c

  Point                                                   Incr       Path
  --------------------------------------------------------------------------
  clock REG_CLK (rise edge)                               0.00       0.00
  clock network delay (ideal)                             0.00       0.00
  U0_RegFile/RdData_reg[1]/CK (SDFFRQX2M)                 0.00       0.00 r
  U0_RegFile/RdData_reg[1]/Q (SDFFRQX2M)                  0.62       0.62 f
  U0_RegFile/U154/Y (INVXLM)                              0.66       1.28 r
  U0_RegFile/U155/Y (INVX8M)                              0.66       1.94 f
  U0_RegFile/RdData[1] (RegFile_test_1)                   0.00       1.94 f
  RdData[1] (out)                                         0.00       1.94 f
  data arrival time                                                  1.94

  clock CLK (rise edge)                                   0.00       0.00
  clock network delay (ideal)                             0.00       0.00
  clock uncertainty                                       0.10       0.10
  output external delay                                 -10.00      -9.90
  data required time                                                -9.90
  --------------------------------------------------------------------------
  data required time                                                -9.90
  data arrival time                                                 -1.94
  --------------------------------------------------------------------------
  slack (MET)                                                       11.84


  Startpoint: U0_RegFile/RdData_reg[0]
              (rising edge-triggered flip-flop clocked by REG_CLK)
  Endpoint: RdData[0] (output port clocked by CLK)
  Path Group: CLK
  Path Type: min

  Des/Clust/Port     Wire Load Model       Library
  ------------------------------------------------
  System_Top         tsmc13_wl30           scmetro_tsmc_cl013g_rvt_ss_1p08v_125c

  Point                                                   Incr       Path
  --------------------------------------------------------------------------
  clock REG_CLK (rise edge)                               0.00       0.00
  clock network delay (ideal)                             0.00       0.00
  U0_RegFile/RdData_reg[0]/CK (SDFFRQX2M)                 0.00       0.00 r
  U0_RegFile/RdData_reg[0]/Q (SDFFRQX2M)                  0.62       0.62 f
  U0_RegFile/U152/Y (INVXLM)                              0.66       1.28 r
  U0_RegFile/U153/Y (INVX8M)                              0.66       1.94 f
  U0_RegFile/RdData[0] (RegFile_test_1)                   0.00       1.94 f
  RdData[0] (out)                                         0.00       1.94 f
  data arrival time                                                  1.94

  clock CLK (rise edge)                                   0.00       0.00
  clock network delay (ideal)                             0.00       0.00
  clock uncertainty                                       0.10       0.10
  output external delay                                 -10.00      -9.90
  data required time                                                -9.90
  --------------------------------------------------------------------------
  data required time                                                -9.90
  data arrival time                                                 -1.94
  --------------------------------------------------------------------------
  slack (MET)                                                       11.84


  Startpoint: U0_RegFile/regArr_reg[1][7]
              (rising edge-triggered flip-flop clocked by REG_CLK)
  Endpoint: U0_RegFile/regArr_reg[2][0]
            (rising edge-triggered flip-flop clocked by REG_CLK)
  Path Group: REG_CLK
  Path Type: min

  Des/Clust/Port     Wire Load Model       Library
  ------------------------------------------------
  System_Top         tsmc13_wl30           scmetro_tsmc_cl013g_rvt_ss_1p08v_125c

  Point                                                   Incr       Path
  --------------------------------------------------------------------------
  clock REG_CLK (rise edge)                               0.00       0.00
  clock network delay (ideal)                             0.00       0.00
  U0_RegFile/regArr_reg[1][7]/CK (SDFFRQX2M)              0.00       0.00 r
  U0_RegFile/regArr_reg[1][7]/Q (SDFFRQX2M)               0.67       0.67 r
  U0_RegFile/regArr_reg[2][0]/SI (SDFFRQX2M)              0.00       0.67 r
  data arrival time                                                  0.67

  clock REG_CLK (rise edge)                               0.00       0.00
  clock network delay (ideal)                             0.00       0.00
  U0_RegFile/regArr_reg[2][0]/CK (SDFFRQX2M)              0.00       0.00 r
  library hold time                                      -0.24      -0.24
  data required time                                                -0.24
  --------------------------------------------------------------------------
  data required time                                                -0.24
  data arrival time                                                 -0.67
  --------------------------------------------------------------------------
  slack (MET)                                                        0.91


  Startpoint: U0_RegFile/RdData_reg[7]
              (rising edge-triggered flip-flop clocked by REG_CLK)
  Endpoint: U0_RegFile/regArr_reg[0][0]
            (rising edge-triggered flip-flop clocked by REG_CLK)
  Path Group: REG_CLK
  Path Type: min

  Des/Clust/Port     Wire Load Model       Library
  ------------------------------------------------
  System_Top         tsmc13_wl30           scmetro_tsmc_cl013g_rvt_ss_1p08v_125c

  Point                                                   Incr       Path
  --------------------------------------------------------------------------
  clock REG_CLK (rise edge)                               0.00       0.00
  clock network delay (ideal)                             0.00       0.00
  U0_RegFile/RdData_reg[7]/CK (SDFFRQX2M)                 0.00       0.00 r
  U0_RegFile/RdData_reg[7]/Q (SDFFRQX2M)                  0.67       0.67 r
  U0_RegFile/regArr_reg[0][0]/SI (SDFFRQX2M)              0.00       0.67 r
  data arrival time                                                  0.67

  clock REG_CLK (rise edge)                               0.00       0.00
  clock network delay (ideal)                             0.00       0.00
  U0_RegFile/regArr_reg[0][0]/CK (SDFFRQX2M)              0.00       0.00 r
  library hold time                                      -0.24      -0.24
  data required time                                                -0.24
  --------------------------------------------------------------------------
  data required time                                                -0.24
  data arrival time                                                 -0.67
  --------------------------------------------------------------------------
  slack (MET)                                                        0.91


  Startpoint: U0_RegFile/regArr_reg[1][5]
              (rising edge-triggered flip-flop clocked by REG_CLK)
  Endpoint: U0_RegFile/regArr_reg[1][6]
            (rising edge-triggered flip-flop clocked by REG_CLK)
  Path Group: REG_CLK
  Path Type: min

  Des/Clust/Port     Wire Load Model       Library
  ------------------------------------------------
  System_Top         tsmc13_wl30           scmetro_tsmc_cl013g_rvt_ss_1p08v_125c

  Point                                                   Incr       Path
  --------------------------------------------------------------------------
  clock REG_CLK (rise edge)                               0.00       0.00
  clock network delay (ideal)                             0.00       0.00
  U0_RegFile/regArr_reg[1][5]/CK (SDFFRQX2M)              0.00       0.00 r
  U0_RegFile/regArr_reg[1][5]/Q (SDFFRQX2M)               0.67       0.67 r
  U0_RegFile/regArr_reg[1][6]/SI (SDFFRQX2M)              0.00       0.67 r
  data arrival time                                                  0.67

  clock REG_CLK (rise edge)                               0.00       0.00
  clock network delay (ideal)                             0.00       0.00
  U0_RegFile/regArr_reg[1][6]/CK (SDFFRQX2M)              0.00       0.00 r
  library hold time                                      -0.24      -0.24
  data required time                                                -0.24
  --------------------------------------------------------------------------
  data required time                                                -0.24
  data arrival time                                                 -0.67
  --------------------------------------------------------------------------
  slack (MET)                                                        0.91


  Startpoint: U0_RegFile/regArr_reg[1][4]
              (rising edge-triggered flip-flop clocked by REG_CLK)
  Endpoint: U0_RegFile/regArr_reg[1][5]
            (rising edge-triggered flip-flop clocked by REG_CLK)
  Path Group: REG_CLK
  Path Type: min

  Des/Clust/Port     Wire Load Model       Library
  ------------------------------------------------
  System_Top         tsmc13_wl30           scmetro_tsmc_cl013g_rvt_ss_1p08v_125c

  Point                                                   Incr       Path
  --------------------------------------------------------------------------
  clock REG_CLK (rise edge)                               0.00       0.00
  clock network delay (ideal)                             0.00       0.00
  U0_RegFile/regArr_reg[1][4]/CK (SDFFRQX2M)              0.00       0.00 r
  U0_RegFile/regArr_reg[1][4]/Q (SDFFRQX2M)               0.67       0.67 r
  U0_RegFile/regArr_reg[1][5]/SI (SDFFRQX2M)              0.00       0.67 r
  data arrival time                                                  0.67

  clock REG_CLK (rise edge)                               0.00       0.00
  clock network delay (ideal)                             0.00       0.00
  U0_RegFile/regArr_reg[1][5]/CK (SDFFRQX2M)              0.00       0.00 r
  library hold time                                      -0.24      -0.24
  data required time                                                -0.24
  --------------------------------------------------------------------------
  data required time                                                -0.24
  data arrival time                                                 -0.67
  --------------------------------------------------------------------------
  slack (MET)                                                        0.91


  Startpoint: U0_RegFile/regArr_reg[1][0]
              (rising edge-triggered flip-flop clocked by REG_CLK)
  Endpoint: U0_RegFile/regArr_reg[1][1]
            (rising edge-triggered flip-flop clocked by REG_CLK)
  Path Group: REG_CLK
  Path Type: min

  Des/Clust/Port     Wire Load Model       Library
  ------------------------------------------------
  System_Top         tsmc13_wl30           scmetro_tsmc_cl013g_rvt_ss_1p08v_125c

  Point                                                   Incr       Path
  --------------------------------------------------------------------------
  clock REG_CLK (rise edge)                               0.00       0.00
  clock network delay (ideal)                             0.00       0.00
  U0_RegFile/regArr_reg[1][0]/CK (SDFFRQX2M)              0.00       0.00 r
  U0_RegFile/regArr_reg[1][0]/Q (SDFFRQX2M)               0.67       0.67 r
  U0_RegFile/regArr_reg[1][1]/SI (SDFFRQX2M)              0.00       0.67 r
  data arrival time                                                  0.67

  clock REG_CLK (rise edge)                               0.00       0.00
  clock network delay (ideal)                             0.00       0.00
  U0_RegFile/regArr_reg[1][1]/CK (SDFFRQX2M)              0.00       0.00 r
  library hold time                                      -0.24      -0.24
  data required time                                                -0.24
  --------------------------------------------------------------------------
  data required time                                                -0.24
  data arrival time                                                 -0.67
  --------------------------------------------------------------------------
  slack (MET)                                                        0.91


  Startpoint: U0_RegFile/RdData_reg[1]
              (rising edge-triggered flip-flop clocked by REG_CLK)
  Endpoint: U0_RegFile/RdData_reg[2]
            (rising edge-triggered flip-flop clocked by REG_CLK)
  Path Group: REG_CLK
  Path Type: min

  Des/Clust/Port     Wire Load Model       Library
  ------------------------------------------------
  System_Top         tsmc13_wl30           scmetro_tsmc_cl013g_rvt_ss_1p08v_125c

  Point                                                   Incr       Path
  --------------------------------------------------------------------------
  clock REG_CLK (rise edge)                               0.00       0.00
  clock network delay (ideal)                             0.00       0.00
  U0_RegFile/RdData_reg[1]/CK (SDFFRQX2M)                 0.00       0.00 r
  U0_RegFile/RdData_reg[1]/Q (SDFFRQX2M)                  0.67       0.67 r
  U0_RegFile/RdData_reg[2]/SI (SDFFRQX2M)                 0.00       0.67 r
  data arrival time                                                  0.67

  clock REG_CLK (rise edge)                               0.00       0.00
  clock network delay (ideal)                             0.00       0.00
  U0_RegFile/RdData_reg[2]/CK (SDFFRQX2M)                 0.00       0.00 r
  library hold time                                      -0.24      -0.24
  data required time                                                -0.24
  --------------------------------------------------------------------------
  data required time                                                -0.24
  data arrival time                                                 -0.67
  --------------------------------------------------------------------------
  slack (MET)                                                        0.91


  Startpoint: U0_RegFile/RdData_reg[0]
              (rising edge-triggered flip-flop clocked by REG_CLK)
  Endpoint: U0_RegFile/RdData_reg[1]
            (rising edge-triggered flip-flop clocked by REG_CLK)
  Path Group: REG_CLK
  Path Type: min

  Des/Clust/Port     Wire Load Model       Library
  ------------------------------------------------
  System_Top         tsmc13_wl30           scmetro_tsmc_cl013g_rvt_ss_1p08v_125c

  Point                                                   Incr       Path
  --------------------------------------------------------------------------
  clock REG_CLK (rise edge)                               0.00       0.00
  clock network delay (ideal)                             0.00       0.00
  U0_RegFile/RdData_reg[0]/CK (SDFFRQX2M)                 0.00       0.00 r
  U0_RegFile/RdData_reg[0]/Q (SDFFRQX2M)                  0.67       0.67 r
  U0_RegFile/RdData_reg[1]/SI (SDFFRQX2M)                 0.00       0.67 r
  data arrival time                                                  0.67

  clock REG_CLK (rise edge)                               0.00       0.00
  clock network delay (ideal)                             0.00       0.00
  U0_RegFile/RdData_reg[1]/CK (SDFFRQX2M)                 0.00       0.00 r
  library hold time                                      -0.24      -0.24
  data required time                                                -0.24
  --------------------------------------------------------------------------
  data required time                                                -0.24
  data arrival time                                                 -0.67
  --------------------------------------------------------------------------
  slack (MET)                                                        0.91


  Startpoint: U0_RegFile/RdData_reg[6]
              (rising edge-triggered flip-flop clocked by REG_CLK)
  Endpoint: U0_RegFile/RdData_reg[7]
            (rising edge-triggered flip-flop clocked by REG_CLK)
  Path Group: REG_CLK
  Path Type: min

  Des/Clust/Port     Wire Load Model       Library
  ------------------------------------------------
  System_Top         tsmc13_wl30           scmetro_tsmc_cl013g_rvt_ss_1p08v_125c

  Point                                                   Incr       Path
  --------------------------------------------------------------------------
  clock REG_CLK (rise edge)                               0.00       0.00
  clock network delay (ideal)                             0.00       0.00
  U0_RegFile/RdData_reg[6]/CK (SDFFRQX2M)                 0.00       0.00 r
  U0_RegFile/RdData_reg[6]/Q (SDFFRQX2M)                  0.67       0.67 r
  U0_RegFile/RdData_reg[7]/SI (SDFFRQX2M)                 0.00       0.67 r
  data arrival time                                                  0.67

  clock REG_CLK (rise edge)                               0.00       0.00
  clock network delay (ideal)                             0.00       0.00
  U0_RegFile/RdData_reg[7]/CK (SDFFRQX2M)                 0.00       0.00 r
  library hold time                                      -0.24      -0.24
  data required time                                                -0.24
  --------------------------------------------------------------------------
  data required time                                                -0.24
  data arrival time                                                 -0.67
  --------------------------------------------------------------------------
  slack (MET)                                                        0.91


  Startpoint: U0_RegFile/RdData_reg[5]
              (rising edge-triggered flip-flop clocked by REG_CLK)
  Endpoint: U0_RegFile/RdData_reg[6]
            (rising edge-triggered flip-flop clocked by REG_CLK)
  Path Group: REG_CLK
  Path Type: min

  Des/Clust/Port     Wire Load Model       Library
  ------------------------------------------------
  System_Top         tsmc13_wl30           scmetro_tsmc_cl013g_rvt_ss_1p08v_125c

  Point                                                   Incr       Path
  --------------------------------------------------------------------------
  clock REG_CLK (rise edge)                               0.00       0.00
  clock network delay (ideal)                             0.00       0.00
  U0_RegFile/RdData_reg[5]/CK (SDFFRQX2M)                 0.00       0.00 r
  U0_RegFile/RdData_reg[5]/Q (SDFFRQX2M)                  0.67       0.67 r
  U0_RegFile/RdData_reg[6]/SI (SDFFRQX2M)                 0.00       0.67 r
  data arrival time                                                  0.67

  clock REG_CLK (rise edge)                               0.00       0.00
  clock network delay (ideal)                             0.00       0.00
  U0_RegFile/RdData_reg[6]/CK (SDFFRQX2M)                 0.00       0.00 r
  library hold time                                      -0.24      -0.24
  data required time                                                -0.24
  --------------------------------------------------------------------------
  data required time                                                -0.24
  data arrival time                                                 -0.67
  --------------------------------------------------------------------------
  slack (MET)                                                        0.91


  Startpoint: U0_RegFile/RdData_reg[4]
              (rising edge-triggered flip-flop clocked by REG_CLK)
  Endpoint: U0_RegFile/RdData_reg[5]
            (rising edge-triggered flip-flop clocked by REG_CLK)
  Path Group: REG_CLK
  Path Type: min

  Des/Clust/Port     Wire Load Model       Library
  ------------------------------------------------
  System_Top         tsmc13_wl30           scmetro_tsmc_cl013g_rvt_ss_1p08v_125c

  Point                                                   Incr       Path
  --------------------------------------------------------------------------
  clock REG_CLK (rise edge)                               0.00       0.00
  clock network delay (ideal)                             0.00       0.00
  U0_RegFile/RdData_reg[4]/CK (SDFFRQX2M)                 0.00       0.00 r
  U0_RegFile/RdData_reg[4]/Q (SDFFRQX2M)                  0.67       0.67 r
  U0_RegFile/RdData_reg[5]/SI (SDFFRQX2M)                 0.00       0.67 r
  data arrival time                                                  0.67

  clock REG_CLK (rise edge)                               0.00       0.00
  clock network delay (ideal)                             0.00       0.00
  U0_RegFile/RdData_reg[5]/CK (SDFFRQX2M)                 0.00       0.00 r
  library hold time                                      -0.24      -0.24
  data required time                                                -0.24
  --------------------------------------------------------------------------
  data required time                                                -0.24
  data arrival time                                                 -0.67
  --------------------------------------------------------------------------
  slack (MET)                                                        0.91


  Startpoint: U0_RegFile/RdData_reg[3]
              (rising edge-triggered flip-flop clocked by REG_CLK)
  Endpoint: U0_RegFile/RdData_reg[4]
            (rising edge-triggered flip-flop clocked by REG_CLK)
  Path Group: REG_CLK
  Path Type: min

  Des/Clust/Port     Wire Load Model       Library
  ------------------------------------------------
  System_Top         tsmc13_wl30           scmetro_tsmc_cl013g_rvt_ss_1p08v_125c

  Point                                                   Incr       Path
  --------------------------------------------------------------------------
  clock REG_CLK (rise edge)                               0.00       0.00
  clock network delay (ideal)                             0.00       0.00
  U0_RegFile/RdData_reg[3]/CK (SDFFRQX2M)                 0.00       0.00 r
  U0_RegFile/RdData_reg[3]/Q (SDFFRQX2M)                  0.67       0.67 r
  U0_RegFile/RdData_reg[4]/SI (SDFFRQX2M)                 0.00       0.67 r
  data arrival time                                                  0.67

  clock REG_CLK (rise edge)                               0.00       0.00
  clock network delay (ideal)                             0.00       0.00
  U0_RegFile/RdData_reg[4]/CK (SDFFRQX2M)                 0.00       0.00 r
  library hold time                                      -0.24      -0.24
  data required time                                                -0.24
  --------------------------------------------------------------------------
  data required time                                                -0.24
  data arrival time                                                 -0.67
  --------------------------------------------------------------------------
  slack (MET)                                                        0.91


  Startpoint: U0_RegFile/RdData_reg[2]
              (rising edge-triggered flip-flop clocked by REG_CLK)
  Endpoint: U0_RegFile/RdData_reg[3]
            (rising edge-triggered flip-flop clocked by REG_CLK)
  Path Group: REG_CLK
  Path Type: min

  Des/Clust/Port     Wire Load Model       Library
  ------------------------------------------------
  System_Top         tsmc13_wl30           scmetro_tsmc_cl013g_rvt_ss_1p08v_125c

  Point                                                   Incr       Path
  --------------------------------------------------------------------------
  clock REG_CLK (rise edge)                               0.00       0.00
  clock network delay (ideal)                             0.00       0.00
  U0_RegFile/RdData_reg[2]/CK (SDFFRQX2M)                 0.00       0.00 r
  U0_RegFile/RdData_reg[2]/Q (SDFFRQX2M)                  0.67       0.67 r
  U0_RegFile/RdData_reg[3]/SI (SDFFRQX2M)                 0.00       0.67 r
  data arrival time                                                  0.67

  clock REG_CLK (rise edge)                               0.00       0.00
  clock network delay (ideal)                             0.00       0.00
  U0_RegFile/RdData_reg[3]/CK (SDFFRQX2M)                 0.00       0.00 r
  library hold time                                      -0.24      -0.24
  data required time                                                -0.24
  --------------------------------------------------------------------------
  data required time                                                -0.24
  data arrival time                                                 -0.67
  --------------------------------------------------------------------------
  slack (MET)                                                        0.91


  Startpoint: U0_RegFile/regArr_reg[1][1]
              (rising edge-triggered flip-flop clocked by REG_CLK)
  Endpoint: U0_RegFile/regArr_reg[1][2]
            (rising edge-triggered flip-flop clocked by REG_CLK)
  Path Group: REG_CLK
  Path Type: min

  Des/Clust/Port     Wire Load Model       Library
  ------------------------------------------------
  System_Top         tsmc13_wl30           scmetro_tsmc_cl013g_rvt_ss_1p08v_125c

  Point                                                   Incr       Path
  --------------------------------------------------------------------------
  clock REG_CLK (rise edge)                               0.00       0.00
  clock network delay (ideal)                             0.00       0.00
  U0_RegFile/regArr_reg[1][1]/CK (SDFFRQX2M)              0.00       0.00 r
  U0_RegFile/regArr_reg[1][1]/Q (SDFFRQX2M)               0.67       0.67 r
  U0_RegFile/regArr_reg[1][2]/SI (SDFFRQX4M)              0.00       0.67 r
  data arrival time                                                  0.67

  clock REG_CLK (rise edge)                               0.00       0.00
  clock network delay (ideal)                             0.00       0.00
  U0_RegFile/regArr_reg[1][2]/CK (SDFFRQX4M)              0.00       0.00 r
  library hold time                                      -0.24      -0.24
  data required time                                                -0.24
  --------------------------------------------------------------------------
  data required time                                                -0.24
  data arrival time                                                 -0.67
  --------------------------------------------------------------------------
  slack (MET)                                                        0.91


  Startpoint: U0_RegFile/regArr_reg[15][6]
              (rising edge-triggered flip-flop clocked by REG_CLK)
  Endpoint: U0_RegFile/regArr_reg[15][7]
            (rising edge-triggered flip-flop clocked by REG_CLK)
  Path Group: REG_CLK
  Path Type: min

  Des/Clust/Port     Wire Load Model       Library
  ------------------------------------------------
  System_Top         tsmc13_wl30           scmetro_tsmc_cl013g_rvt_ss_1p08v_125c

  Point                                                   Incr       Path
  --------------------------------------------------------------------------
  clock REG_CLK (rise edge)                               0.00       0.00
  clock network delay (ideal)                             0.00       0.00
  U0_RegFile/regArr_reg[15][6]/CK (SDFFRQX2M)             0.00       0.00 r
  U0_RegFile/regArr_reg[15][6]/Q (SDFFRQX2M)              0.71       0.71 f
  U0_RegFile/regArr_reg[15][7]/SI (SDFFRQX2M)             0.00       0.71 f
  data arrival time                                                  0.71

  clock REG_CLK (rise edge)                               0.00       0.00
  clock network delay (ideal)                             0.00       0.00
  U0_RegFile/regArr_reg[15][7]/CK (SDFFRQX2M)             0.00       0.00 r
  library hold time                                      -0.36      -0.36
  data required time                                                -0.36
  --------------------------------------------------------------------------
  data required time                                                -0.36
  data arrival time                                                 -0.71
  --------------------------------------------------------------------------
  slack (MET)                                                        1.07


  Startpoint: U0_RegFile/regArr_reg[15][5]
              (rising edge-triggered flip-flop clocked by REG_CLK)
  Endpoint: U0_RegFile/regArr_reg[15][6]
            (rising edge-triggered flip-flop clocked by REG_CLK)
  Path Group: REG_CLK
  Path Type: min

  Des/Clust/Port     Wire Load Model       Library
  ------------------------------------------------
  System_Top         tsmc13_wl30           scmetro_tsmc_cl013g_rvt_ss_1p08v_125c

  Point                                                   Incr       Path
  --------------------------------------------------------------------------
  clock REG_CLK (rise edge)                               0.00       0.00
  clock network delay (ideal)                             0.00       0.00
  U0_RegFile/regArr_reg[15][5]/CK (SDFFRQX2M)             0.00       0.00 r
  U0_RegFile/regArr_reg[15][5]/Q (SDFFRQX2M)              0.71       0.71 f
  U0_RegFile/regArr_reg[15][6]/SI (SDFFRQX2M)             0.00       0.71 f
  data arrival time                                                  0.71

  clock REG_CLK (rise edge)                               0.00       0.00
  clock network delay (ideal)                             0.00       0.00
  U0_RegFile/regArr_reg[15][6]/CK (SDFFRQX2M)             0.00       0.00 r
  library hold time                                      -0.36      -0.36
  data required time                                                -0.36
  --------------------------------------------------------------------------
  data required time                                                -0.36
  data arrival time                                                 -0.71
  --------------------------------------------------------------------------
  slack (MET)                                                        1.07


  Startpoint: U0_RegFile/regArr_reg[15][4]
              (rising edge-triggered flip-flop clocked by REG_CLK)
  Endpoint: U0_RegFile/regArr_reg[15][5]
            (rising edge-triggered flip-flop clocked by REG_CLK)
  Path Group: REG_CLK
  Path Type: min

  Des/Clust/Port     Wire Load Model       Library
  ------------------------------------------------
  System_Top         tsmc13_wl30           scmetro_tsmc_cl013g_rvt_ss_1p08v_125c

  Point                                                   Incr       Path
  --------------------------------------------------------------------------
  clock REG_CLK (rise edge)                               0.00       0.00
  clock network delay (ideal)                             0.00       0.00
  U0_RegFile/regArr_reg[15][4]/CK (SDFFRQX2M)             0.00       0.00 r
  U0_RegFile/regArr_reg[15][4]/Q (SDFFRQX2M)              0.71       0.71 f
  U0_RegFile/regArr_reg[15][5]/SI (SDFFRQX2M)             0.00       0.71 f
  data arrival time                                                  0.71

  clock REG_CLK (rise edge)                               0.00       0.00
  clock network delay (ideal)                             0.00       0.00
  U0_RegFile/regArr_reg[15][5]/CK (SDFFRQX2M)             0.00       0.00 r
  library hold time                                      -0.36      -0.36
  data required time                                                -0.36
  --------------------------------------------------------------------------
  data required time                                                -0.36
  data arrival time                                                 -0.71
  --------------------------------------------------------------------------
  slack (MET)                                                        1.07


  Startpoint: U0_RegFile/regArr_reg[15][3]
              (rising edge-triggered flip-flop clocked by REG_CLK)
  Endpoint: U0_RegFile/regArr_reg[15][4]
            (rising edge-triggered flip-flop clocked by REG_CLK)
  Path Group: REG_CLK
  Path Type: min

  Des/Clust/Port     Wire Load Model       Library
  ------------------------------------------------
  System_Top         tsmc13_wl30           scmetro_tsmc_cl013g_rvt_ss_1p08v_125c

  Point                                                   Incr       Path
  --------------------------------------------------------------------------
  clock REG_CLK (rise edge)                               0.00       0.00
  clock network delay (ideal)                             0.00       0.00
  U0_RegFile/regArr_reg[15][3]/CK (SDFFRQX2M)             0.00       0.00 r
  U0_RegFile/regArr_reg[15][3]/Q (SDFFRQX2M)              0.71       0.71 f
  U0_RegFile/regArr_reg[15][4]/SI (SDFFRQX2M)             0.00       0.71 f
  data arrival time                                                  0.71

  clock REG_CLK (rise edge)                               0.00       0.00
  clock network delay (ideal)                             0.00       0.00
  U0_RegFile/regArr_reg[15][4]/CK (SDFFRQX2M)             0.00       0.00 r
  library hold time                                      -0.36      -0.36
  data required time                                                -0.36
  --------------------------------------------------------------------------
  data required time                                                -0.36
  data arrival time                                                 -0.71
  --------------------------------------------------------------------------
  slack (MET)                                                        1.07


  Startpoint: U0_RegFile/regArr_reg[15][2]
              (rising edge-triggered flip-flop clocked by REG_CLK)
  Endpoint: U0_RegFile/regArr_reg[15][3]
            (rising edge-triggered flip-flop clocked by REG_CLK)
  Path Group: REG_CLK
  Path Type: min

  Des/Clust/Port     Wire Load Model       Library
  ------------------------------------------------
  System_Top         tsmc13_wl30           scmetro_tsmc_cl013g_rvt_ss_1p08v_125c

  Point                                                   Incr       Path
  --------------------------------------------------------------------------
  clock REG_CLK (rise edge)                               0.00       0.00
  clock network delay (ideal)                             0.00       0.00
  U0_RegFile/regArr_reg[15][2]/CK (SDFFRQX2M)             0.00       0.00 r
  U0_RegFile/regArr_reg[15][2]/Q (SDFFRQX2M)              0.71       0.71 f
  U0_RegFile/regArr_reg[15][3]/SI (SDFFRQX2M)             0.00       0.71 f
  data arrival time                                                  0.71

  clock REG_CLK (rise edge)                               0.00       0.00
  clock network delay (ideal)                             0.00       0.00
  U0_RegFile/regArr_reg[15][3]/CK (SDFFRQX2M)             0.00       0.00 r
  library hold time                                      -0.36      -0.36
  data required time                                                -0.36
  --------------------------------------------------------------------------
  data required time                                                -0.36
  data arrival time                                                 -0.71
  --------------------------------------------------------------------------
  slack (MET)                                                        1.07


  Startpoint: U0_RegFile/regArr_reg[15][1]
              (rising edge-triggered flip-flop clocked by REG_CLK)
  Endpoint: U0_RegFile/regArr_reg[15][2]
            (rising edge-triggered flip-flop clocked by REG_CLK)
  Path Group: REG_CLK
  Path Type: min

  Des/Clust/Port     Wire Load Model       Library
  ------------------------------------------------
  System_Top         tsmc13_wl30           scmetro_tsmc_cl013g_rvt_ss_1p08v_125c

  Point                                                   Incr       Path
  --------------------------------------------------------------------------
  clock REG_CLK (rise edge)                               0.00       0.00
  clock network delay (ideal)                             0.00       0.00
  U0_RegFile/regArr_reg[15][1]/CK (SDFFRQX2M)             0.00       0.00 r
  U0_RegFile/regArr_reg[15][1]/Q (SDFFRQX2M)              0.71       0.71 f
  U0_RegFile/regArr_reg[15][2]/SI (SDFFRQX2M)             0.00       0.71 f
  data arrival time                                                  0.71

  clock REG_CLK (rise edge)                               0.00       0.00
  clock network delay (ideal)                             0.00       0.00
  U0_RegFile/regArr_reg[15][2]/CK (SDFFRQX2M)             0.00       0.00 r
  library hold time                                      -0.36      -0.36
  data required time                                                -0.36
  --------------------------------------------------------------------------
  data required time                                                -0.36
  data arrival time                                                 -0.71
  --------------------------------------------------------------------------
  slack (MET)                                                        1.07


  Startpoint: U0_RegFile/regArr_reg[15][0]
              (rising edge-triggered flip-flop clocked by REG_CLK)
  Endpoint: U0_RegFile/regArr_reg[15][1]
            (rising edge-triggered flip-flop clocked by REG_CLK)
  Path Group: REG_CLK
  Path Type: min

  Des/Clust/Port     Wire Load Model       Library
  ------------------------------------------------
  System_Top         tsmc13_wl30           scmetro_tsmc_cl013g_rvt_ss_1p08v_125c

  Point                                                   Incr       Path
  --------------------------------------------------------------------------
  clock REG_CLK (rise edge)                               0.00       0.00
  clock network delay (ideal)                             0.00       0.00
  U0_RegFile/regArr_reg[15][0]/CK (SDFFRQX2M)             0.00       0.00 r
  U0_RegFile/regArr_reg[15][0]/Q (SDFFRQX2M)              0.71       0.71 f
  U0_RegFile/regArr_reg[15][1]/SI (SDFFRQX2M)             0.00       0.71 f
  data arrival time                                                  0.71

  clock REG_CLK (rise edge)                               0.00       0.00
  clock network delay (ideal)                             0.00       0.00
  U0_RegFile/regArr_reg[15][1]/CK (SDFFRQX2M)             0.00       0.00 r
  library hold time                                      -0.36      -0.36
  data required time                                                -0.36
  --------------------------------------------------------------------------
  data required time                                                -0.36
  data arrival time                                                 -0.71
  --------------------------------------------------------------------------
  slack (MET)                                                        1.07


  Startpoint: U0_RegFile/regArr_reg[13][6]
              (rising edge-triggered flip-flop clocked by REG_CLK)
  Endpoint: U0_RegFile/regArr_reg[13][7]
            (rising edge-triggered flip-flop clocked by REG_CLK)
  Path Group: REG_CLK
  Path Type: min

  Des/Clust/Port     Wire Load Model       Library
  ------------------------------------------------
  System_Top         tsmc13_wl30           scmetro_tsmc_cl013g_rvt_ss_1p08v_125c

  Point                                                   Incr       Path
  --------------------------------------------------------------------------
  clock REG_CLK (rise edge)                               0.00       0.00
  clock network delay (ideal)                             0.00       0.00
  U0_RegFile/regArr_reg[13][6]/CK (SDFFRQX2M)             0.00       0.00 r
  U0_RegFile/regArr_reg[13][6]/Q (SDFFRQX2M)              0.71       0.71 f
  U0_RegFile/regArr_reg[13][7]/SI (SDFFRQX2M)             0.00       0.71 f
  data arrival time                                                  0.71

  clock REG_CLK (rise edge)                               0.00       0.00
  clock network delay (ideal)                             0.00       0.00
  U0_RegFile/regArr_reg[13][7]/CK (SDFFRQX2M)             0.00       0.00 r
  library hold time                                      -0.36      -0.36
  data required time                                                -0.36
  --------------------------------------------------------------------------
  data required time                                                -0.36
  data arrival time                                                 -0.71
  --------------------------------------------------------------------------
  slack (MET)                                                        1.07


  Startpoint: U0_RegFile/regArr_reg[13][5]
              (rising edge-triggered flip-flop clocked by REG_CLK)
  Endpoint: U0_RegFile/regArr_reg[13][6]
            (rising edge-triggered flip-flop clocked by REG_CLK)
  Path Group: REG_CLK
  Path Type: min

  Des/Clust/Port     Wire Load Model       Library
  ------------------------------------------------
  System_Top         tsmc13_wl30           scmetro_tsmc_cl013g_rvt_ss_1p08v_125c

  Point                                                   Incr       Path
  --------------------------------------------------------------------------
  clock REG_CLK (rise edge)                               0.00       0.00
  clock network delay (ideal)                             0.00       0.00
  U0_RegFile/regArr_reg[13][5]/CK (SDFFRQX2M)             0.00       0.00 r
  U0_RegFile/regArr_reg[13][5]/Q (SDFFRQX2M)              0.71       0.71 f
  U0_RegFile/regArr_reg[13][6]/SI (SDFFRQX2M)             0.00       0.71 f
  data arrival time                                                  0.71

  clock REG_CLK (rise edge)                               0.00       0.00
  clock network delay (ideal)                             0.00       0.00
  U0_RegFile/regArr_reg[13][6]/CK (SDFFRQX2M)             0.00       0.00 r
  library hold time                                      -0.36      -0.36
  data required time                                                -0.36
  --------------------------------------------------------------------------
  data required time                                                -0.36
  data arrival time                                                 -0.71
  --------------------------------------------------------------------------
  slack (MET)                                                        1.07


  Startpoint: U0_RegFile/regArr_reg[13][4]
              (rising edge-triggered flip-flop clocked by REG_CLK)
  Endpoint: U0_RegFile/regArr_reg[13][5]
            (rising edge-triggered flip-flop clocked by REG_CLK)
  Path Group: REG_CLK
  Path Type: min

  Des/Clust/Port     Wire Load Model       Library
  ------------------------------------------------
  System_Top         tsmc13_wl30           scmetro_tsmc_cl013g_rvt_ss_1p08v_125c

  Point                                                   Incr       Path
  --------------------------------------------------------------------------
  clock REG_CLK (rise edge)                               0.00       0.00
  clock network delay (ideal)                             0.00       0.00
  U0_RegFile/regArr_reg[13][4]/CK (SDFFRQX2M)             0.00       0.00 r
  U0_RegFile/regArr_reg[13][4]/Q (SDFFRQX2M)              0.71       0.71 f
  U0_RegFile/regArr_reg[13][5]/SI (SDFFRQX2M)             0.00       0.71 f
  data arrival time                                                  0.71

  clock REG_CLK (rise edge)                               0.00       0.00
  clock network delay (ideal)                             0.00       0.00
  U0_RegFile/regArr_reg[13][5]/CK (SDFFRQX2M)             0.00       0.00 r
  library hold time                                      -0.36      -0.36
  data required time                                                -0.36
  --------------------------------------------------------------------------
  data required time                                                -0.36
  data arrival time                                                 -0.71
  --------------------------------------------------------------------------
  slack (MET)                                                        1.07


  Startpoint: U0_RegFile/regArr_reg[13][3]
              (rising edge-triggered flip-flop clocked by REG_CLK)
  Endpoint: U0_RegFile/regArr_reg[13][4]
            (rising edge-triggered flip-flop clocked by REG_CLK)
  Path Group: REG_CLK
  Path Type: min

  Des/Clust/Port     Wire Load Model       Library
  ------------------------------------------------
  System_Top         tsmc13_wl30           scmetro_tsmc_cl013g_rvt_ss_1p08v_125c

  Point                                                   Incr       Path
  --------------------------------------------------------------------------
  clock REG_CLK (rise edge)                               0.00       0.00
  clock network delay (ideal)                             0.00       0.00
  U0_RegFile/regArr_reg[13][3]/CK (SDFFRQX2M)             0.00       0.00 r
  U0_RegFile/regArr_reg[13][3]/Q (SDFFRQX2M)              0.71       0.71 f
  U0_RegFile/regArr_reg[13][4]/SI (SDFFRQX2M)             0.00       0.71 f
  data arrival time                                                  0.71

  clock REG_CLK (rise edge)                               0.00       0.00
  clock network delay (ideal)                             0.00       0.00
  U0_RegFile/regArr_reg[13][4]/CK (SDFFRQX2M)             0.00       0.00 r
  library hold time                                      -0.36      -0.36
  data required time                                                -0.36
  --------------------------------------------------------------------------
  data required time                                                -0.36
  data arrival time                                                 -0.71
  --------------------------------------------------------------------------
  slack (MET)                                                        1.07


  Startpoint: U0_RegFile/regArr_reg[13][2]
              (rising edge-triggered flip-flop clocked by REG_CLK)
  Endpoint: U0_RegFile/regArr_reg[13][3]
            (rising edge-triggered flip-flop clocked by REG_CLK)
  Path Group: REG_CLK
  Path Type: min

  Des/Clust/Port     Wire Load Model       Library
  ------------------------------------------------
  System_Top         tsmc13_wl30           scmetro_tsmc_cl013g_rvt_ss_1p08v_125c

  Point                                                   Incr       Path
  --------------------------------------------------------------------------
  clock REG_CLK (rise edge)                               0.00       0.00
  clock network delay (ideal)                             0.00       0.00
  U0_RegFile/regArr_reg[13][2]/CK (SDFFRQX2M)             0.00       0.00 r
  U0_RegFile/regArr_reg[13][2]/Q (SDFFRQX2M)              0.71       0.71 f
  U0_RegFile/regArr_reg[13][3]/SI (SDFFRQX2M)             0.00       0.71 f
  data arrival time                                                  0.71

  clock REG_CLK (rise edge)                               0.00       0.00
  clock network delay (ideal)                             0.00       0.00
  U0_RegFile/regArr_reg[13][3]/CK (SDFFRQX2M)             0.00       0.00 r
  library hold time                                      -0.36      -0.36
  data required time                                                -0.36
  --------------------------------------------------------------------------
  data required time                                                -0.36
  data arrival time                                                 -0.71
  --------------------------------------------------------------------------
  slack (MET)                                                        1.07


  Startpoint: U0_RegFile/regArr_reg[13][1]
              (rising edge-triggered flip-flop clocked by REG_CLK)
  Endpoint: U0_RegFile/regArr_reg[13][2]
            (rising edge-triggered flip-flop clocked by REG_CLK)
  Path Group: REG_CLK
  Path Type: min

  Des/Clust/Port     Wire Load Model       Library
  ------------------------------------------------
  System_Top         tsmc13_wl30           scmetro_tsmc_cl013g_rvt_ss_1p08v_125c

  Point                                                   Incr       Path
  --------------------------------------------------------------------------
  clock REG_CLK (rise edge)                               0.00       0.00
  clock network delay (ideal)                             0.00       0.00
  U0_RegFile/regArr_reg[13][1]/CK (SDFFRQX2M)             0.00       0.00 r
  U0_RegFile/regArr_reg[13][1]/Q (SDFFRQX2M)              0.71       0.71 f
  U0_RegFile/regArr_reg[13][2]/SI (SDFFRQX2M)             0.00       0.71 f
  data arrival time                                                  0.71

  clock REG_CLK (rise edge)                               0.00       0.00
  clock network delay (ideal)                             0.00       0.00
  U0_RegFile/regArr_reg[13][2]/CK (SDFFRQX2M)             0.00       0.00 r
  library hold time                                      -0.36      -0.36
  data required time                                                -0.36
  --------------------------------------------------------------------------
  data required time                                                -0.36
  data arrival time                                                 -0.71
  --------------------------------------------------------------------------
  slack (MET)                                                        1.07


  Startpoint: U0_RegFile/regArr_reg[13][0]
              (rising edge-triggered flip-flop clocked by REG_CLK)
  Endpoint: U0_RegFile/regArr_reg[13][1]
            (rising edge-triggered flip-flop clocked by REG_CLK)
  Path Group: REG_CLK
  Path Type: min

  Des/Clust/Port     Wire Load Model       Library
  ------------------------------------------------
  System_Top         tsmc13_wl30           scmetro_tsmc_cl013g_rvt_ss_1p08v_125c

  Point                                                   Incr       Path
  --------------------------------------------------------------------------
  clock REG_CLK (rise edge)                               0.00       0.00
  clock network delay (ideal)                             0.00       0.00
  U0_RegFile/regArr_reg[13][0]/CK (SDFFRQX2M)             0.00       0.00 r
  U0_RegFile/regArr_reg[13][0]/Q (SDFFRQX2M)              0.71       0.71 f
  U0_RegFile/regArr_reg[13][1]/SI (SDFFRQX2M)             0.00       0.71 f
  data arrival time                                                  0.71

  clock REG_CLK (rise edge)                               0.00       0.00
  clock network delay (ideal)                             0.00       0.00
  U0_RegFile/regArr_reg[13][1]/CK (SDFFRQX2M)             0.00       0.00 r
  library hold time                                      -0.36      -0.36
  data required time                                                -0.36
  --------------------------------------------------------------------------
  data required time                                                -0.36
  data arrival time                                                 -0.71
  --------------------------------------------------------------------------
  slack (MET)                                                        1.07


  Startpoint: U0_RegFile/regArr_reg[11][6]
              (rising edge-triggered flip-flop clocked by REG_CLK)
  Endpoint: U0_RegFile/regArr_reg[11][7]
            (rising edge-triggered flip-flop clocked by REG_CLK)
  Path Group: REG_CLK
  Path Type: min

  Des/Clust/Port     Wire Load Model       Library
  ------------------------------------------------
  System_Top         tsmc13_wl30           scmetro_tsmc_cl013g_rvt_ss_1p08v_125c

  Point                                                   Incr       Path
  --------------------------------------------------------------------------
  clock REG_CLK (rise edge)                               0.00       0.00
  clock network delay (ideal)                             0.00       0.00
  U0_RegFile/regArr_reg[11][6]/CK (SDFFRQX2M)             0.00       0.00 r
  U0_RegFile/regArr_reg[11][6]/Q (SDFFRQX2M)              0.71       0.71 f
  U0_RegFile/regArr_reg[11][7]/SI (SDFFRQX2M)             0.00       0.71 f
  data arrival time                                                  0.71

  clock REG_CLK (rise edge)                               0.00       0.00
  clock network delay (ideal)                             0.00       0.00
  U0_RegFile/regArr_reg[11][7]/CK (SDFFRQX2M)             0.00       0.00 r
  library hold time                                      -0.36      -0.36
  data required time                                                -0.36
  --------------------------------------------------------------------------
  data required time                                                -0.36
  data arrival time                                                 -0.71
  --------------------------------------------------------------------------
  slack (MET)                                                        1.07


  Startpoint: U0_RegFile/regArr_reg[11][5]
              (rising edge-triggered flip-flop clocked by REG_CLK)
  Endpoint: U0_RegFile/regArr_reg[11][6]
            (rising edge-triggered flip-flop clocked by REG_CLK)
  Path Group: REG_CLK
  Path Type: min

  Des/Clust/Port     Wire Load Model       Library
  ------------------------------------------------
  System_Top         tsmc13_wl30           scmetro_tsmc_cl013g_rvt_ss_1p08v_125c

  Point                                                   Incr       Path
  --------------------------------------------------------------------------
  clock REG_CLK (rise edge)                               0.00       0.00
  clock network delay (ideal)                             0.00       0.00
  U0_RegFile/regArr_reg[11][5]/CK (SDFFRQX2M)             0.00       0.00 r
  U0_RegFile/regArr_reg[11][5]/Q (SDFFRQX2M)              0.71       0.71 f
  U0_RegFile/regArr_reg[11][6]/SI (SDFFRQX2M)             0.00       0.71 f
  data arrival time                                                  0.71

  clock REG_CLK (rise edge)                               0.00       0.00
  clock network delay (ideal)                             0.00       0.00
  U0_RegFile/regArr_reg[11][6]/CK (SDFFRQX2M)             0.00       0.00 r
  library hold time                                      -0.36      -0.36
  data required time                                                -0.36
  --------------------------------------------------------------------------
  data required time                                                -0.36
  data arrival time                                                 -0.71
  --------------------------------------------------------------------------
  slack (MET)                                                        1.07


  Startpoint: U0_RegFile/regArr_reg[11][4]
              (rising edge-triggered flip-flop clocked by REG_CLK)
  Endpoint: U0_RegFile/regArr_reg[11][5]
            (rising edge-triggered flip-flop clocked by REG_CLK)
  Path Group: REG_CLK
  Path Type: min

  Des/Clust/Port     Wire Load Model       Library
  ------------------------------------------------
  System_Top         tsmc13_wl30           scmetro_tsmc_cl013g_rvt_ss_1p08v_125c

  Point                                                   Incr       Path
  --------------------------------------------------------------------------
  clock REG_CLK (rise edge)                               0.00       0.00
  clock network delay (ideal)                             0.00       0.00
  U0_RegFile/regArr_reg[11][4]/CK (SDFFRQX2M)             0.00       0.00 r
  U0_RegFile/regArr_reg[11][4]/Q (SDFFRQX2M)              0.71       0.71 f
  U0_RegFile/regArr_reg[11][5]/SI (SDFFRQX2M)             0.00       0.71 f
  data arrival time                                                  0.71

  clock REG_CLK (rise edge)                               0.00       0.00
  clock network delay (ideal)                             0.00       0.00
  U0_RegFile/regArr_reg[11][5]/CK (SDFFRQX2M)             0.00       0.00 r
  library hold time                                      -0.36      -0.36
  data required time                                                -0.36
  --------------------------------------------------------------------------
  data required time                                                -0.36
  data arrival time                                                 -0.71
  --------------------------------------------------------------------------
  slack (MET)                                                        1.07


  Startpoint: U0_RegFile/regArr_reg[11][3]
              (rising edge-triggered flip-flop clocked by REG_CLK)
  Endpoint: U0_RegFile/regArr_reg[11][4]
            (rising edge-triggered flip-flop clocked by REG_CLK)
  Path Group: REG_CLK
  Path Type: min

  Des/Clust/Port     Wire Load Model       Library
  ------------------------------------------------
  System_Top         tsmc13_wl30           scmetro_tsmc_cl013g_rvt_ss_1p08v_125c

  Point                                                   Incr       Path
  --------------------------------------------------------------------------
  clock REG_CLK (rise edge)                               0.00       0.00
  clock network delay (ideal)                             0.00       0.00
  U0_RegFile/regArr_reg[11][3]/CK (SDFFRQX2M)             0.00       0.00 r
  U0_RegFile/regArr_reg[11][3]/Q (SDFFRQX2M)              0.71       0.71 f
  U0_RegFile/regArr_reg[11][4]/SI (SDFFRQX2M)             0.00       0.71 f
  data arrival time                                                  0.71

  clock REG_CLK (rise edge)                               0.00       0.00
  clock network delay (ideal)                             0.00       0.00
  U0_RegFile/regArr_reg[11][4]/CK (SDFFRQX2M)             0.00       0.00 r
  library hold time                                      -0.36      -0.36
  data required time                                                -0.36
  --------------------------------------------------------------------------
  data required time                                                -0.36
  data arrival time                                                 -0.71
  --------------------------------------------------------------------------
  slack (MET)                                                        1.07


  Startpoint: U0_RegFile/regArr_reg[11][2]
              (rising edge-triggered flip-flop clocked by REG_CLK)
  Endpoint: U0_RegFile/regArr_reg[11][3]
            (rising edge-triggered flip-flop clocked by REG_CLK)
  Path Group: REG_CLK
  Path Type: min

  Des/Clust/Port     Wire Load Model       Library
  ------------------------------------------------
  System_Top         tsmc13_wl30           scmetro_tsmc_cl013g_rvt_ss_1p08v_125c

  Point                                                   Incr       Path
  --------------------------------------------------------------------------
  clock REG_CLK (rise edge)                               0.00       0.00
  clock network delay (ideal)                             0.00       0.00
  U0_RegFile/regArr_reg[11][2]/CK (SDFFRQX2M)             0.00       0.00 r
  U0_RegFile/regArr_reg[11][2]/Q (SDFFRQX2M)              0.71       0.71 f
  U0_RegFile/regArr_reg[11][3]/SI (SDFFRQX2M)             0.00       0.71 f
  data arrival time                                                  0.71

  clock REG_CLK (rise edge)                               0.00       0.00
  clock network delay (ideal)                             0.00       0.00
  U0_RegFile/regArr_reg[11][3]/CK (SDFFRQX2M)             0.00       0.00 r
  library hold time                                      -0.36      -0.36
  data required time                                                -0.36
  --------------------------------------------------------------------------
  data required time                                                -0.36
  data arrival time                                                 -0.71
  --------------------------------------------------------------------------
  slack (MET)                                                        1.07


  Startpoint: U0_RegFile/regArr_reg[11][1]
              (rising edge-triggered flip-flop clocked by REG_CLK)
  Endpoint: U0_RegFile/regArr_reg[11][2]
            (rising edge-triggered flip-flop clocked by REG_CLK)
  Path Group: REG_CLK
  Path Type: min

  Des/Clust/Port     Wire Load Model       Library
  ------------------------------------------------
  System_Top         tsmc13_wl30           scmetro_tsmc_cl013g_rvt_ss_1p08v_125c

  Point                                                   Incr       Path
  --------------------------------------------------------------------------
  clock REG_CLK (rise edge)                               0.00       0.00
  clock network delay (ideal)                             0.00       0.00
  U0_RegFile/regArr_reg[11][1]/CK (SDFFRQX2M)             0.00       0.00 r
  U0_RegFile/regArr_reg[11][1]/Q (SDFFRQX2M)              0.71       0.71 f
  U0_RegFile/regArr_reg[11][2]/SI (SDFFRQX2M)             0.00       0.71 f
  data arrival time                                                  0.71

  clock REG_CLK (rise edge)                               0.00       0.00
  clock network delay (ideal)                             0.00       0.00
  U0_RegFile/regArr_reg[11][2]/CK (SDFFRQX2M)             0.00       0.00 r
  library hold time                                      -0.36      -0.36
  data required time                                                -0.36
  --------------------------------------------------------------------------
  data required time                                                -0.36
  data arrival time                                                 -0.71
  --------------------------------------------------------------------------
  slack (MET)                                                        1.07


  Startpoint: U0_RegFile/regArr_reg[11][0]
              (rising edge-triggered flip-flop clocked by REG_CLK)
  Endpoint: U0_RegFile/regArr_reg[11][1]
            (rising edge-triggered flip-flop clocked by REG_CLK)
  Path Group: REG_CLK
  Path Type: min

  Des/Clust/Port     Wire Load Model       Library
  ------------------------------------------------
  System_Top         tsmc13_wl30           scmetro_tsmc_cl013g_rvt_ss_1p08v_125c

  Point                                                   Incr       Path
  --------------------------------------------------------------------------
  clock REG_CLK (rise edge)                               0.00       0.00
  clock network delay (ideal)                             0.00       0.00
  U0_RegFile/regArr_reg[11][0]/CK (SDFFRQX2M)             0.00       0.00 r
  U0_RegFile/regArr_reg[11][0]/Q (SDFFRQX2M)              0.71       0.71 f
  U0_RegFile/regArr_reg[11][1]/SI (SDFFRQX2M)             0.00       0.71 f
  data arrival time                                                  0.71

  clock REG_CLK (rise edge)                               0.00       0.00
  clock network delay (ideal)                             0.00       0.00
  U0_RegFile/regArr_reg[11][1]/CK (SDFFRQX2M)             0.00       0.00 r
  library hold time                                      -0.36      -0.36
  data required time                                                -0.36
  --------------------------------------------------------------------------
  data required time                                                -0.36
  data arrival time                                                 -0.71
  --------------------------------------------------------------------------
  slack (MET)                                                        1.07


  Startpoint: U0_RegFile/regArr_reg[9][6]
              (rising edge-triggered flip-flop clocked by REG_CLK)
  Endpoint: U0_RegFile/regArr_reg[9][7]
            (rising edge-triggered flip-flop clocked by REG_CLK)
  Path Group: REG_CLK
  Path Type: min

  Des/Clust/Port     Wire Load Model       Library
  ------------------------------------------------
  System_Top         tsmc13_wl30           scmetro_tsmc_cl013g_rvt_ss_1p08v_125c

  Point                                                   Incr       Path
  --------------------------------------------------------------------------
  clock REG_CLK (rise edge)                               0.00       0.00
  clock network delay (ideal)                             0.00       0.00
  U0_RegFile/regArr_reg[9][6]/CK (SDFFRQX2M)              0.00       0.00 r
  U0_RegFile/regArr_reg[9][6]/Q (SDFFRQX2M)               0.71       0.71 f
  U0_RegFile/regArr_reg[9][7]/SI (SDFFRQX2M)              0.00       0.71 f
  data arrival time                                                  0.71

  clock REG_CLK (rise edge)                               0.00       0.00
  clock network delay (ideal)                             0.00       0.00
  U0_RegFile/regArr_reg[9][7]/CK (SDFFRQX2M)              0.00       0.00 r
  library hold time                                      -0.36      -0.36
  data required time                                                -0.36
  --------------------------------------------------------------------------
  data required time                                                -0.36
  data arrival time                                                 -0.71
  --------------------------------------------------------------------------
  slack (MET)                                                        1.07


  Startpoint: U0_RegFile/regArr_reg[9][5]
              (rising edge-triggered flip-flop clocked by REG_CLK)
  Endpoint: U0_RegFile/regArr_reg[9][6]
            (rising edge-triggered flip-flop clocked by REG_CLK)
  Path Group: REG_CLK
  Path Type: min

  Des/Clust/Port     Wire Load Model       Library
  ------------------------------------------------
  System_Top         tsmc13_wl30           scmetro_tsmc_cl013g_rvt_ss_1p08v_125c

  Point                                                   Incr       Path
  --------------------------------------------------------------------------
  clock REG_CLK (rise edge)                               0.00       0.00
  clock network delay (ideal)                             0.00       0.00
  U0_RegFile/regArr_reg[9][5]/CK (SDFFRQX2M)              0.00       0.00 r
  U0_RegFile/regArr_reg[9][5]/Q (SDFFRQX2M)               0.71       0.71 f
  U0_RegFile/regArr_reg[9][6]/SI (SDFFRQX2M)              0.00       0.71 f
  data arrival time                                                  0.71

  clock REG_CLK (rise edge)                               0.00       0.00
  clock network delay (ideal)                             0.00       0.00
  U0_RegFile/regArr_reg[9][6]/CK (SDFFRQX2M)              0.00       0.00 r
  library hold time                                      -0.36      -0.36
  data required time                                                -0.36
  --------------------------------------------------------------------------
  data required time                                                -0.36
  data arrival time                                                 -0.71
  --------------------------------------------------------------------------
  slack (MET)                                                        1.07


  Startpoint: U0_RegFile/regArr_reg[9][4]
              (rising edge-triggered flip-flop clocked by REG_CLK)
  Endpoint: U0_RegFile/regArr_reg[9][5]
            (rising edge-triggered flip-flop clocked by REG_CLK)
  Path Group: REG_CLK
  Path Type: min

  Des/Clust/Port     Wire Load Model       Library
  ------------------------------------------------
  System_Top         tsmc13_wl30           scmetro_tsmc_cl013g_rvt_ss_1p08v_125c

  Point                                                   Incr       Path
  --------------------------------------------------------------------------
  clock REG_CLK (rise edge)                               0.00       0.00
  clock network delay (ideal)                             0.00       0.00
  U0_RegFile/regArr_reg[9][4]/CK (SDFFRQX2M)              0.00       0.00 r
  U0_RegFile/regArr_reg[9][4]/Q (SDFFRQX2M)               0.71       0.71 f
  U0_RegFile/regArr_reg[9][5]/SI (SDFFRQX2M)              0.00       0.71 f
  data arrival time                                                  0.71

  clock REG_CLK (rise edge)                               0.00       0.00
  clock network delay (ideal)                             0.00       0.00
  U0_RegFile/regArr_reg[9][5]/CK (SDFFRQX2M)              0.00       0.00 r
  library hold time                                      -0.36      -0.36
  data required time                                                -0.36
  --------------------------------------------------------------------------
  data required time                                                -0.36
  data arrival time                                                 -0.71
  --------------------------------------------------------------------------
  slack (MET)                                                        1.07


  Startpoint: U0_RegFile/regArr_reg[9][3]
              (rising edge-triggered flip-flop clocked by REG_CLK)
  Endpoint: U0_RegFile/regArr_reg[9][4]
            (rising edge-triggered flip-flop clocked by REG_CLK)
  Path Group: REG_CLK
  Path Type: min

  Des/Clust/Port     Wire Load Model       Library
  ------------------------------------------------
  System_Top         tsmc13_wl30           scmetro_tsmc_cl013g_rvt_ss_1p08v_125c

  Point                                                   Incr       Path
  --------------------------------------------------------------------------
  clock REG_CLK (rise edge)                               0.00       0.00
  clock network delay (ideal)                             0.00       0.00
  U0_RegFile/regArr_reg[9][3]/CK (SDFFRQX2M)              0.00       0.00 r
  U0_RegFile/regArr_reg[9][3]/Q (SDFFRQX2M)               0.71       0.71 f
  U0_RegFile/regArr_reg[9][4]/SI (SDFFRQX2M)              0.00       0.71 f
  data arrival time                                                  0.71

  clock REG_CLK (rise edge)                               0.00       0.00
  clock network delay (ideal)                             0.00       0.00
  U0_RegFile/regArr_reg[9][4]/CK (SDFFRQX2M)              0.00       0.00 r
  library hold time                                      -0.36      -0.36
  data required time                                                -0.36
  --------------------------------------------------------------------------
  data required time                                                -0.36
  data arrival time                                                 -0.71
  --------------------------------------------------------------------------
  slack (MET)                                                        1.07


  Startpoint: U0_RegFile/regArr_reg[9][2]
              (rising edge-triggered flip-flop clocked by REG_CLK)
  Endpoint: U0_RegFile/regArr_reg[9][3]
            (rising edge-triggered flip-flop clocked by REG_CLK)
  Path Group: REG_CLK
  Path Type: min

  Des/Clust/Port     Wire Load Model       Library
  ------------------------------------------------
  System_Top         tsmc13_wl30           scmetro_tsmc_cl013g_rvt_ss_1p08v_125c

  Point                                                   Incr       Path
  --------------------------------------------------------------------------
  clock REG_CLK (rise edge)                               0.00       0.00
  clock network delay (ideal)                             0.00       0.00
  U0_RegFile/regArr_reg[9][2]/CK (SDFFRQX2M)              0.00       0.00 r
  U0_RegFile/regArr_reg[9][2]/Q (SDFFRQX2M)               0.71       0.71 f
  U0_RegFile/regArr_reg[9][3]/SI (SDFFRQX2M)              0.00       0.71 f
  data arrival time                                                  0.71

  clock REG_CLK (rise edge)                               0.00       0.00
  clock network delay (ideal)                             0.00       0.00
  U0_RegFile/regArr_reg[9][3]/CK (SDFFRQX2M)              0.00       0.00 r
  library hold time                                      -0.36      -0.36
  data required time                                                -0.36
  --------------------------------------------------------------------------
  data required time                                                -0.36
  data arrival time                                                 -0.71
  --------------------------------------------------------------------------
  slack (MET)                                                        1.07


  Startpoint: U0_RegFile/regArr_reg[9][1]
              (rising edge-triggered flip-flop clocked by REG_CLK)
  Endpoint: U0_RegFile/regArr_reg[9][2]
            (rising edge-triggered flip-flop clocked by REG_CLK)
  Path Group: REG_CLK
  Path Type: min

  Des/Clust/Port     Wire Load Model       Library
  ------------------------------------------------
  System_Top         tsmc13_wl30           scmetro_tsmc_cl013g_rvt_ss_1p08v_125c

  Point                                                   Incr       Path
  --------------------------------------------------------------------------
  clock REG_CLK (rise edge)                               0.00       0.00
  clock network delay (ideal)                             0.00       0.00
  U0_RegFile/regArr_reg[9][1]/CK (SDFFRQX2M)              0.00       0.00 r
  U0_RegFile/regArr_reg[9][1]/Q (SDFFRQX2M)               0.71       0.71 f
  U0_RegFile/regArr_reg[9][2]/SI (SDFFRQX2M)              0.00       0.71 f
  data arrival time                                                  0.71

  clock REG_CLK (rise edge)                               0.00       0.00
  clock network delay (ideal)                             0.00       0.00
  U0_RegFile/regArr_reg[9][2]/CK (SDFFRQX2M)              0.00       0.00 r
  library hold time                                      -0.36      -0.36
  data required time                                                -0.36
  --------------------------------------------------------------------------
  data required time                                                -0.36
  data arrival time                                                 -0.71
  --------------------------------------------------------------------------
  slack (MET)                                                        1.07


  Startpoint: U0_RegFile/regArr_reg[9][0]
              (rising edge-triggered flip-flop clocked by REG_CLK)
  Endpoint: U0_RegFile/regArr_reg[9][1]
            (rising edge-triggered flip-flop clocked by REG_CLK)
  Path Group: REG_CLK
  Path Type: min

  Des/Clust/Port     Wire Load Model       Library
  ------------------------------------------------
  System_Top         tsmc13_wl30           scmetro_tsmc_cl013g_rvt_ss_1p08v_125c

  Point                                                   Incr       Path
  --------------------------------------------------------------------------
  clock REG_CLK (rise edge)                               0.00       0.00
  clock network delay (ideal)                             0.00       0.00
  U0_RegFile/regArr_reg[9][0]/CK (SDFFRQX2M)              0.00       0.00 r
  U0_RegFile/regArr_reg[9][0]/Q (SDFFRQX2M)               0.71       0.71 f
  U0_RegFile/regArr_reg[9][1]/SI (SDFFRQX2M)              0.00       0.71 f
  data arrival time                                                  0.71

  clock REG_CLK (rise edge)                               0.00       0.00
  clock network delay (ideal)                             0.00       0.00
  U0_RegFile/regArr_reg[9][1]/CK (SDFFRQX2M)              0.00       0.00 r
  library hold time                                      -0.36      -0.36
  data required time                                                -0.36
  --------------------------------------------------------------------------
  data required time                                                -0.36
  data arrival time                                                 -0.71
  --------------------------------------------------------------------------
  slack (MET)                                                        1.07


  Startpoint: U0_RegFile/regArr_reg[5][5]
              (rising edge-triggered flip-flop clocked by REG_CLK)
  Endpoint: U0_RegFile/regArr_reg[5][6]
            (rising edge-triggered flip-flop clocked by REG_CLK)
  Path Group: REG_CLK
  Path Type: min

  Des/Clust/Port     Wire Load Model       Library
  ------------------------------------------------
  System_Top         tsmc13_wl30           scmetro_tsmc_cl013g_rvt_ss_1p08v_125c

  Point                                                   Incr       Path
  --------------------------------------------------------------------------
  clock REG_CLK (rise edge)                               0.00       0.00
  clock network delay (ideal)                             0.00       0.00
  U0_RegFile/regArr_reg[5][5]/CK (SDFFRQX2M)              0.00       0.00 r
  U0_RegFile/regArr_reg[5][5]/Q (SDFFRQX2M)               0.71       0.71 f
  U0_RegFile/regArr_reg[5][6]/SI (SDFFRQX2M)              0.00       0.71 f
  data arrival time                                                  0.71

  clock REG_CLK (rise edge)                               0.00       0.00
  clock network delay (ideal)                             0.00       0.00
  U0_RegFile/regArr_reg[5][6]/CK (SDFFRQX2M)              0.00       0.00 r
  library hold time                                      -0.36      -0.36
  data required time                                                -0.36
  --------------------------------------------------------------------------
  data required time                                                -0.36
  data arrival time                                                 -0.71
  --------------------------------------------------------------------------
  slack (MET)                                                        1.07


  Startpoint: U0_RegFile/regArr_reg[5][4]
              (rising edge-triggered flip-flop clocked by REG_CLK)
  Endpoint: U0_RegFile/regArr_reg[5][5]
            (rising edge-triggered flip-flop clocked by REG_CLK)
  Path Group: REG_CLK
  Path Type: min

  Des/Clust/Port     Wire Load Model       Library
  ------------------------------------------------
  System_Top         tsmc13_wl30           scmetro_tsmc_cl013g_rvt_ss_1p08v_125c

  Point                                                   Incr       Path
  --------------------------------------------------------------------------
  clock REG_CLK (rise edge)                               0.00       0.00
  clock network delay (ideal)                             0.00       0.00
  U0_RegFile/regArr_reg[5][4]/CK (SDFFRQX2M)              0.00       0.00 r
  U0_RegFile/regArr_reg[5][4]/Q (SDFFRQX2M)               0.71       0.71 f
  U0_RegFile/regArr_reg[5][5]/SI (SDFFRQX2M)              0.00       0.71 f
  data arrival time                                                  0.71

  clock REG_CLK (rise edge)                               0.00       0.00
  clock network delay (ideal)                             0.00       0.00
  U0_RegFile/regArr_reg[5][5]/CK (SDFFRQX2M)              0.00       0.00 r
  library hold time                                      -0.36      -0.36
  data required time                                                -0.36
  --------------------------------------------------------------------------
  data required time                                                -0.36
  data arrival time                                                 -0.71
  --------------------------------------------------------------------------
  slack (MET)                                                        1.07


  Startpoint: U0_RegFile/regArr_reg[5][3]
              (rising edge-triggered flip-flop clocked by REG_CLK)
  Endpoint: U0_RegFile/regArr_reg[5][4]
            (rising edge-triggered flip-flop clocked by REG_CLK)
  Path Group: REG_CLK
  Path Type: min

  Des/Clust/Port     Wire Load Model       Library
  ------------------------------------------------
  System_Top         tsmc13_wl30           scmetro_tsmc_cl013g_rvt_ss_1p08v_125c

  Point                                                   Incr       Path
  --------------------------------------------------------------------------
  clock REG_CLK (rise edge)                               0.00       0.00
  clock network delay (ideal)                             0.00       0.00
  U0_RegFile/regArr_reg[5][3]/CK (SDFFRQX2M)              0.00       0.00 r
  U0_RegFile/regArr_reg[5][3]/Q (SDFFRQX2M)               0.71       0.71 f
  U0_RegFile/regArr_reg[5][4]/SI (SDFFRQX2M)              0.00       0.71 f
  data arrival time                                                  0.71

  clock REG_CLK (rise edge)                               0.00       0.00
  clock network delay (ideal)                             0.00       0.00
  U0_RegFile/regArr_reg[5][4]/CK (SDFFRQX2M)              0.00       0.00 r
  library hold time                                      -0.36      -0.36
  data required time                                                -0.36
  --------------------------------------------------------------------------
  data required time                                                -0.36
  data arrival time                                                 -0.71
  --------------------------------------------------------------------------
  slack (MET)                                                        1.07


  Startpoint: U0_RegFile/regArr_reg[5][2]
              (rising edge-triggered flip-flop clocked by REG_CLK)
  Endpoint: U0_RegFile/regArr_reg[5][3]
            (rising edge-triggered flip-flop clocked by REG_CLK)
  Path Group: REG_CLK
  Path Type: min

  Des/Clust/Port     Wire Load Model       Library
  ------------------------------------------------
  System_Top         tsmc13_wl30           scmetro_tsmc_cl013g_rvt_ss_1p08v_125c

  Point                                                   Incr       Path
  --------------------------------------------------------------------------
  clock REG_CLK (rise edge)                               0.00       0.00
  clock network delay (ideal)                             0.00       0.00
  U0_RegFile/regArr_reg[5][2]/CK (SDFFRQX2M)              0.00       0.00 r
  U0_RegFile/regArr_reg[5][2]/Q (SDFFRQX2M)               0.71       0.71 f
  U0_RegFile/regArr_reg[5][3]/SI (SDFFRQX2M)              0.00       0.71 f
  data arrival time                                                  0.71

  clock REG_CLK (rise edge)                               0.00       0.00
  clock network delay (ideal)                             0.00       0.00
  U0_RegFile/regArr_reg[5][3]/CK (SDFFRQX2M)              0.00       0.00 r
  library hold time                                      -0.36      -0.36
  data required time                                                -0.36
  --------------------------------------------------------------------------
  data required time                                                -0.36
  data arrival time                                                 -0.71
  --------------------------------------------------------------------------
  slack (MET)                                                        1.07


  Startpoint: U0_RegFile/regArr_reg[5][1]
              (rising edge-triggered flip-flop clocked by REG_CLK)
  Endpoint: U0_RegFile/regArr_reg[5][2]
            (rising edge-triggered flip-flop clocked by REG_CLK)
  Path Group: REG_CLK
  Path Type: min

  Des/Clust/Port     Wire Load Model       Library
  ------------------------------------------------
  System_Top         tsmc13_wl30           scmetro_tsmc_cl013g_rvt_ss_1p08v_125c

  Point                                                   Incr       Path
  --------------------------------------------------------------------------
  clock REG_CLK (rise edge)                               0.00       0.00
  clock network delay (ideal)                             0.00       0.00
  U0_RegFile/regArr_reg[5][1]/CK (SDFFRQX2M)              0.00       0.00 r
  U0_RegFile/regArr_reg[5][1]/Q (SDFFRQX2M)               0.71       0.71 f
  U0_RegFile/regArr_reg[5][2]/SI (SDFFRQX2M)              0.00       0.71 f
  data arrival time                                                  0.71

  clock REG_CLK (rise edge)                               0.00       0.00
  clock network delay (ideal)                             0.00       0.00
  U0_RegFile/regArr_reg[5][2]/CK (SDFFRQX2M)              0.00       0.00 r
  library hold time                                      -0.36      -0.36
  data required time                                                -0.36
  --------------------------------------------------------------------------
  data required time                                                -0.36
  data arrival time                                                 -0.71
  --------------------------------------------------------------------------
  slack (MET)                                                        1.07


  Startpoint: U0_RegFile/regArr_reg[5][0]
              (rising edge-triggered flip-flop clocked by REG_CLK)
  Endpoint: U0_RegFile/regArr_reg[5][1]
            (rising edge-triggered flip-flop clocked by REG_CLK)
  Path Group: REG_CLK
  Path Type: min

  Des/Clust/Port     Wire Load Model       Library
  ------------------------------------------------
  System_Top         tsmc13_wl30           scmetro_tsmc_cl013g_rvt_ss_1p08v_125c

  Point                                                   Incr       Path
  --------------------------------------------------------------------------
  clock REG_CLK (rise edge)                               0.00       0.00
  clock network delay (ideal)                             0.00       0.00
  U0_RegFile/regArr_reg[5][0]/CK (SDFFRQX2M)              0.00       0.00 r
  U0_RegFile/regArr_reg[5][0]/Q (SDFFRQX2M)               0.71       0.71 f
  U0_RegFile/regArr_reg[5][1]/SI (SDFFRQX2M)              0.00       0.71 f
  data arrival time                                                  0.71

  clock REG_CLK (rise edge)                               0.00       0.00
  clock network delay (ideal)                             0.00       0.00
  U0_RegFile/regArr_reg[5][1]/CK (SDFFRQX2M)              0.00       0.00 r
  library hold time                                      -0.36      -0.36
  data required time                                                -0.36
  --------------------------------------------------------------------------
  data required time                                                -0.36
  data arrival time                                                 -0.71
  --------------------------------------------------------------------------
  slack (MET)                                                        1.07


  Startpoint: U0_RegFile/regArr_reg[13][7]
              (rising edge-triggered flip-flop clocked by REG_CLK)
  Endpoint: U0_RegFile/regArr_reg[14][0]
            (rising edge-triggered flip-flop clocked by REG_CLK)
  Path Group: REG_CLK
  Path Type: min

  Des/Clust/Port     Wire Load Model       Library
  ------------------------------------------------
  System_Top         tsmc13_wl30           scmetro_tsmc_cl013g_rvt_ss_1p08v_125c

  Point                                                   Incr       Path
  --------------------------------------------------------------------------
  clock REG_CLK (rise edge)                               0.00       0.00
  clock network delay (ideal)                             0.00       0.00
  U0_RegFile/regArr_reg[13][7]/CK (SDFFRQX2M)             0.00       0.00 r
  U0_RegFile/regArr_reg[13][7]/Q (SDFFRQX2M)              0.71       0.71 f
  U0_RegFile/regArr_reg[14][0]/SI (SDFFRQX2M)             0.00       0.71 f
  data arrival time                                                  0.71

  clock REG_CLK (rise edge)                               0.00       0.00
  clock network delay (ideal)                             0.00       0.00
  U0_RegFile/regArr_reg[14][0]/CK (SDFFRQX2M)             0.00       0.00 r
  library hold time                                      -0.36      -0.36
  data required time                                                -0.36
  --------------------------------------------------------------------------
  data required time                                                -0.36
  data arrival time                                                 -0.71
  --------------------------------------------------------------------------
  slack (MET)                                                        1.07


  Startpoint: U0_RegFile/regArr_reg[11][7]
              (rising edge-triggered flip-flop clocked by REG_CLK)
  Endpoint: U0_RegFile/regArr_reg[12][0]
            (rising edge-triggered flip-flop clocked by REG_CLK)
  Path Group: REG_CLK
  Path Type: min

  Des/Clust/Port     Wire Load Model       Library
  ------------------------------------------------
  System_Top         tsmc13_wl30           scmetro_tsmc_cl013g_rvt_ss_1p08v_125c

  Point                                                   Incr       Path
  --------------------------------------------------------------------------
  clock REG_CLK (rise edge)                               0.00       0.00
  clock network delay (ideal)                             0.00       0.00
  U0_RegFile/regArr_reg[11][7]/CK (SDFFRQX2M)             0.00       0.00 r
  U0_RegFile/regArr_reg[11][7]/Q (SDFFRQX2M)              0.71       0.71 f
  U0_RegFile/regArr_reg[12][0]/SI (SDFFRQX2M)             0.00       0.71 f
  data arrival time                                                  0.71

  clock REG_CLK (rise edge)                               0.00       0.00
  clock network delay (ideal)                             0.00       0.00
  U0_RegFile/regArr_reg[12][0]/CK (SDFFRQX2M)             0.00       0.00 r
  library hold time                                      -0.36      -0.36
  data required time                                                -0.36
  --------------------------------------------------------------------------
  data required time                                                -0.36
  data arrival time                                                 -0.71
  --------------------------------------------------------------------------
  slack (MET)                                                        1.07


  Startpoint: U0_RegFile/regArr_reg[9][7]
              (rising edge-triggered flip-flop clocked by REG_CLK)
  Endpoint: U0_RegFile/regArr_reg[10][0]
            (rising edge-triggered flip-flop clocked by REG_CLK)
  Path Group: REG_CLK
  Path Type: min

  Des/Clust/Port     Wire Load Model       Library
  ------------------------------------------------
  System_Top         tsmc13_wl30           scmetro_tsmc_cl013g_rvt_ss_1p08v_125c

  Point                                                   Incr       Path
  --------------------------------------------------------------------------
  clock REG_CLK (rise edge)                               0.00       0.00
  clock network delay (ideal)                             0.00       0.00
  U0_RegFile/regArr_reg[9][7]/CK (SDFFRQX2M)              0.00       0.00 r
  U0_RegFile/regArr_reg[9][7]/Q (SDFFRQX2M)               0.71       0.71 f
  U0_RegFile/regArr_reg[10][0]/SI (SDFFRQX2M)             0.00       0.71 f
  data arrival time                                                  0.71

  clock REG_CLK (rise edge)                               0.00       0.00
  clock network delay (ideal)                             0.00       0.00
  U0_RegFile/regArr_reg[10][0]/CK (SDFFRQX2M)             0.00       0.00 r
  library hold time                                      -0.36      -0.36
  data required time                                                -0.36
  --------------------------------------------------------------------------
  data required time                                                -0.36
  data arrival time                                                 -0.71
  --------------------------------------------------------------------------
  slack (MET)                                                        1.07


  Startpoint: U0_RegFile/regArr_reg[7][7]
              (rising edge-triggered flip-flop clocked by REG_CLK)
  Endpoint: U0_RegFile/regArr_reg[8][0]
            (rising edge-triggered flip-flop clocked by REG_CLK)
  Path Group: REG_CLK
  Path Type: min

  Des/Clust/Port     Wire Load Model       Library
  ------------------------------------------------
  System_Top         tsmc13_wl30           scmetro_tsmc_cl013g_rvt_ss_1p08v_125c

  Point                                                   Incr       Path
  --------------------------------------------------------------------------
  clock REG_CLK (rise edge)                               0.00       0.00
  clock network delay (ideal)                             0.00       0.00
  U0_RegFile/regArr_reg[7][7]/CK (SDFFRQX2M)              0.00       0.00 r
  U0_RegFile/regArr_reg[7][7]/Q (SDFFRQX2M)               0.71       0.71 f
  U0_RegFile/regArr_reg[8][0]/SI (SDFFRQX2M)              0.00       0.71 f
  data arrival time                                                  0.71

  clock REG_CLK (rise edge)                               0.00       0.00
  clock network delay (ideal)                             0.00       0.00
  U0_RegFile/regArr_reg[8][0]/CK (SDFFRQX2M)              0.00       0.00 r
  library hold time                                      -0.36      -0.36
  data required time                                                -0.36
  --------------------------------------------------------------------------
  data required time                                                -0.36
  data arrival time                                                 -0.71
  --------------------------------------------------------------------------
  slack (MET)                                                        1.07


  Startpoint: U0_RegFile/regArr_reg[5][7]
              (rising edge-triggered flip-flop clocked by REG_CLK)
  Endpoint: U0_RegFile/regArr_reg[6][0]
            (rising edge-triggered flip-flop clocked by REG_CLK)
  Path Group: REG_CLK
  Path Type: min

  Des/Clust/Port     Wire Load Model       Library
  ------------------------------------------------
  System_Top         tsmc13_wl30           scmetro_tsmc_cl013g_rvt_ss_1p08v_125c

  Point                                                   Incr       Path
  --------------------------------------------------------------------------
  clock REG_CLK (rise edge)                               0.00       0.00
  clock network delay (ideal)                             0.00       0.00
  U0_RegFile/regArr_reg[5][7]/CK (SDFFRQX2M)              0.00       0.00 r
  U0_RegFile/regArr_reg[5][7]/Q (SDFFRQX2M)               0.71       0.71 f
  U0_RegFile/regArr_reg[6][0]/SI (SDFFRQX2M)              0.00       0.71 f
  data arrival time                                                  0.71

  clock REG_CLK (rise edge)                               0.00       0.00
  clock network delay (ideal)                             0.00       0.00
  U0_RegFile/regArr_reg[6][0]/CK (SDFFRQX2M)              0.00       0.00 r
  library hold time                                      -0.36      -0.36
  data required time                                                -0.36
  --------------------------------------------------------------------------
  data required time                                                -0.36
  data arrival time                                                 -0.71
  --------------------------------------------------------------------------
  slack (MET)                                                        1.07


  Startpoint: U0_RegFile/regArr_reg[3][7]
              (rising edge-triggered flip-flop clocked by REG_CLK)
  Endpoint: U0_RegFile/regArr_reg[4][0]
            (rising edge-triggered flip-flop clocked by REG_CLK)
  Path Group: REG_CLK
  Path Type: min

  Des/Clust/Port     Wire Load Model       Library
  ------------------------------------------------
  System_Top         tsmc13_wl30           scmetro_tsmc_cl013g_rvt_ss_1p08v_125c

  Point                                                   Incr       Path
  --------------------------------------------------------------------------
  clock REG_CLK (rise edge)                               0.00       0.00
  clock network delay (ideal)                             0.00       0.00
  U0_RegFile/regArr_reg[3][7]/CK (SDFFRQX2M)              0.00       0.00 r
  U0_RegFile/regArr_reg[3][7]/Q (SDFFRQX2M)               0.71       0.71 f
  U0_RegFile/regArr_reg[4][0]/SI (SDFFRQX2M)              0.00       0.71 f
  data arrival time                                                  0.71

  clock REG_CLK (rise edge)                               0.00       0.00
  clock network delay (ideal)                             0.00       0.00
  U0_RegFile/regArr_reg[4][0]/CK (SDFFRQX2M)              0.00       0.00 r
  library hold time                                      -0.36      -0.36
  data required time                                                -0.36
  --------------------------------------------------------------------------
  data required time                                                -0.36
  data arrival time                                                 -0.71
  --------------------------------------------------------------------------
  slack (MET)                                                        1.07


  Startpoint: U0_RegFile/regArr_reg[7][6]
              (rising edge-triggered flip-flop clocked by REG_CLK)
  Endpoint: U0_RegFile/regArr_reg[7][7]
            (rising edge-triggered flip-flop clocked by REG_CLK)
  Path Group: REG_CLK
  Path Type: min

  Des/Clust/Port     Wire Load Model       Library
  ------------------------------------------------
  System_Top         tsmc13_wl30           scmetro_tsmc_cl013g_rvt_ss_1p08v_125c

  Point                                                   Incr       Path
  --------------------------------------------------------------------------
  clock REG_CLK (rise edge)                               0.00       0.00
  clock network delay (ideal)                             0.00       0.00
  U0_RegFile/regArr_reg[7][6]/CK (SDFFRQX2M)              0.00       0.00 r
  U0_RegFile/regArr_reg[7][6]/Q (SDFFRQX2M)               0.71       0.71 f
  U0_RegFile/regArr_reg[7][7]/SI (SDFFRQX2M)              0.00       0.71 f
  data arrival time                                                  0.71

  clock REG_CLK (rise edge)                               0.00       0.00
  clock network delay (ideal)                             0.00       0.00
  U0_RegFile/regArr_reg[7][7]/CK (SDFFRQX2M)              0.00       0.00 r
  library hold time                                      -0.36      -0.36
  data required time                                                -0.36
  --------------------------------------------------------------------------
  data required time                                                -0.36
  data arrival time                                                 -0.71
  --------------------------------------------------------------------------
  slack (MET)                                                        1.07


  Startpoint: U0_RegFile/regArr_reg[7][5]
              (rising edge-triggered flip-flop clocked by REG_CLK)
  Endpoint: U0_RegFile/regArr_reg[7][6]
            (rising edge-triggered flip-flop clocked by REG_CLK)
  Path Group: REG_CLK
  Path Type: min

  Des/Clust/Port     Wire Load Model       Library
  ------------------------------------------------
  System_Top         tsmc13_wl30           scmetro_tsmc_cl013g_rvt_ss_1p08v_125c

  Point                                                   Incr       Path
  --------------------------------------------------------------------------
  clock REG_CLK (rise edge)                               0.00       0.00
  clock network delay (ideal)                             0.00       0.00
  U0_RegFile/regArr_reg[7][5]/CK (SDFFRQX2M)              0.00       0.00 r
  U0_RegFile/regArr_reg[7][5]/Q (SDFFRQX2M)               0.71       0.71 f
  U0_RegFile/regArr_reg[7][6]/SI (SDFFRQX2M)              0.00       0.71 f
  data arrival time                                                  0.71

  clock REG_CLK (rise edge)                               0.00       0.00
  clock network delay (ideal)                             0.00       0.00
  U0_RegFile/regArr_reg[7][6]/CK (SDFFRQX2M)              0.00       0.00 r
  library hold time                                      -0.36      -0.36
  data required time                                                -0.36
  --------------------------------------------------------------------------
  data required time                                                -0.36
  data arrival time                                                 -0.71
  --------------------------------------------------------------------------
  slack (MET)                                                        1.07


  Startpoint: U0_RegFile/regArr_reg[7][4]
              (rising edge-triggered flip-flop clocked by REG_CLK)
  Endpoint: U0_RegFile/regArr_reg[7][5]
            (rising edge-triggered flip-flop clocked by REG_CLK)
  Path Group: REG_CLK
  Path Type: min

  Des/Clust/Port     Wire Load Model       Library
  ------------------------------------------------
  System_Top         tsmc13_wl30           scmetro_tsmc_cl013g_rvt_ss_1p08v_125c

  Point                                                   Incr       Path
  --------------------------------------------------------------------------
  clock REG_CLK (rise edge)                               0.00       0.00
  clock network delay (ideal)                             0.00       0.00
  U0_RegFile/regArr_reg[7][4]/CK (SDFFRQX2M)              0.00       0.00 r
  U0_RegFile/regArr_reg[7][4]/Q (SDFFRQX2M)               0.71       0.71 f
  U0_RegFile/regArr_reg[7][5]/SI (SDFFRQX2M)              0.00       0.71 f
  data arrival time                                                  0.71

  clock REG_CLK (rise edge)                               0.00       0.00
  clock network delay (ideal)                             0.00       0.00
  U0_RegFile/regArr_reg[7][5]/CK (SDFFRQX2M)              0.00       0.00 r
  library hold time                                      -0.36      -0.36
  data required time                                                -0.36
  --------------------------------------------------------------------------
  data required time                                                -0.36
  data arrival time                                                 -0.71
  --------------------------------------------------------------------------
  slack (MET)                                                        1.07


  Startpoint: U0_RegFile/regArr_reg[7][3]
              (rising edge-triggered flip-flop clocked by REG_CLK)
  Endpoint: U0_RegFile/regArr_reg[7][4]
            (rising edge-triggered flip-flop clocked by REG_CLK)
  Path Group: REG_CLK
  Path Type: min

  Des/Clust/Port     Wire Load Model       Library
  ------------------------------------------------
  System_Top         tsmc13_wl30           scmetro_tsmc_cl013g_rvt_ss_1p08v_125c

  Point                                                   Incr       Path
  --------------------------------------------------------------------------
  clock REG_CLK (rise edge)                               0.00       0.00
  clock network delay (ideal)                             0.00       0.00
  U0_RegFile/regArr_reg[7][3]/CK (SDFFRQX2M)              0.00       0.00 r
  U0_RegFile/regArr_reg[7][3]/Q (SDFFRQX2M)               0.71       0.71 f
  U0_RegFile/regArr_reg[7][4]/SI (SDFFRQX2M)              0.00       0.71 f
  data arrival time                                                  0.71

  clock REG_CLK (rise edge)                               0.00       0.00
  clock network delay (ideal)                             0.00       0.00
  U0_RegFile/regArr_reg[7][4]/CK (SDFFRQX2M)              0.00       0.00 r
  library hold time                                      -0.36      -0.36
  data required time                                                -0.36
  --------------------------------------------------------------------------
  data required time                                                -0.36
  data arrival time                                                 -0.71
  --------------------------------------------------------------------------
  slack (MET)                                                        1.07


  Startpoint: U0_RegFile/regArr_reg[7][2]
              (rising edge-triggered flip-flop clocked by REG_CLK)
  Endpoint: U0_RegFile/regArr_reg[7][3]
            (rising edge-triggered flip-flop clocked by REG_CLK)
  Path Group: REG_CLK
  Path Type: min

  Des/Clust/Port     Wire Load Model       Library
  ------------------------------------------------
  System_Top         tsmc13_wl30           scmetro_tsmc_cl013g_rvt_ss_1p08v_125c

  Point                                                   Incr       Path
  --------------------------------------------------------------------------
  clock REG_CLK (rise edge)                               0.00       0.00
  clock network delay (ideal)                             0.00       0.00
  U0_RegFile/regArr_reg[7][2]/CK (SDFFRQX2M)              0.00       0.00 r
  U0_RegFile/regArr_reg[7][2]/Q (SDFFRQX2M)               0.71       0.71 f
  U0_RegFile/regArr_reg[7][3]/SI (SDFFRQX2M)              0.00       0.71 f
  data arrival time                                                  0.71

  clock REG_CLK (rise edge)                               0.00       0.00
  clock network delay (ideal)                             0.00       0.00
  U0_RegFile/regArr_reg[7][3]/CK (SDFFRQX2M)              0.00       0.00 r
  library hold time                                      -0.36      -0.36
  data required time                                                -0.36
  --------------------------------------------------------------------------
  data required time                                                -0.36
  data arrival time                                                 -0.71
  --------------------------------------------------------------------------
  slack (MET)                                                        1.07


  Startpoint: U0_RegFile/regArr_reg[7][1]
              (rising edge-triggered flip-flop clocked by REG_CLK)
  Endpoint: U0_RegFile/regArr_reg[7][2]
            (rising edge-triggered flip-flop clocked by REG_CLK)
  Path Group: REG_CLK
  Path Type: min

  Des/Clust/Port     Wire Load Model       Library
  ------------------------------------------------
  System_Top         tsmc13_wl30           scmetro_tsmc_cl013g_rvt_ss_1p08v_125c

  Point                                                   Incr       Path
  --------------------------------------------------------------------------
  clock REG_CLK (rise edge)                               0.00       0.00
  clock network delay (ideal)                             0.00       0.00
  U0_RegFile/regArr_reg[7][1]/CK (SDFFRQX2M)              0.00       0.00 r
  U0_RegFile/regArr_reg[7][1]/Q (SDFFRQX2M)               0.71       0.71 f
  U0_RegFile/regArr_reg[7][2]/SI (SDFFRQX2M)              0.00       0.71 f
  data arrival time                                                  0.71

  clock REG_CLK (rise edge)                               0.00       0.00
  clock network delay (ideal)                             0.00       0.00
  U0_RegFile/regArr_reg[7][2]/CK (SDFFRQX2M)              0.00       0.00 r
  library hold time                                      -0.36      -0.36
  data required time                                                -0.36
  --------------------------------------------------------------------------
  data required time                                                -0.36
  data arrival time                                                 -0.71
  --------------------------------------------------------------------------
  slack (MET)                                                        1.07


  Startpoint: U0_RegFile/regArr_reg[7][0]
              (rising edge-triggered flip-flop clocked by REG_CLK)
  Endpoint: U0_RegFile/regArr_reg[7][1]
            (rising edge-triggered flip-flop clocked by REG_CLK)
  Path Group: REG_CLK
  Path Type: min

  Des/Clust/Port     Wire Load Model       Library
  ------------------------------------------------
  System_Top         tsmc13_wl30           scmetro_tsmc_cl013g_rvt_ss_1p08v_125c

  Point                                                   Incr       Path
  --------------------------------------------------------------------------
  clock REG_CLK (rise edge)                               0.00       0.00
  clock network delay (ideal)                             0.00       0.00
  U0_RegFile/regArr_reg[7][0]/CK (SDFFRQX2M)              0.00       0.00 r
  U0_RegFile/regArr_reg[7][0]/Q (SDFFRQX2M)               0.71       0.71 f
  U0_RegFile/regArr_reg[7][1]/SI (SDFFRQX2M)              0.00       0.71 f
  data arrival time                                                  0.71

  clock REG_CLK (rise edge)                               0.00       0.00
  clock network delay (ideal)                             0.00       0.00
  U0_RegFile/regArr_reg[7][1]/CK (SDFFRQX2M)              0.00       0.00 r
  library hold time                                      -0.36      -0.36
  data required time                                                -0.36
  --------------------------------------------------------------------------
  data required time                                                -0.36
  data arrival time                                                 -0.71
  --------------------------------------------------------------------------
  slack (MET)                                                        1.07


  Startpoint: U0_RegFile/regArr_reg[3][6]
              (rising edge-triggered flip-flop clocked by REG_CLK)
  Endpoint: U0_RegFile/regArr_reg[3][7]
            (rising edge-triggered flip-flop clocked by REG_CLK)
  Path Group: REG_CLK
  Path Type: min

  Des/Clust/Port     Wire Load Model       Library
  ------------------------------------------------
  System_Top         tsmc13_wl30           scmetro_tsmc_cl013g_rvt_ss_1p08v_125c

  Point                                                   Incr       Path
  --------------------------------------------------------------------------
  clock REG_CLK (rise edge)                               0.00       0.00
  clock network delay (ideal)                             0.00       0.00
  U0_RegFile/regArr_reg[3][6]/CK (SDFFRQX2M)              0.00       0.00 r
  U0_RegFile/regArr_reg[3][6]/Q (SDFFRQX2M)               0.71       0.71 f
  U0_RegFile/regArr_reg[3][7]/SI (SDFFRQX2M)              0.00       0.71 f
  data arrival time                                                  0.71

  clock REG_CLK (rise edge)                               0.00       0.00
  clock network delay (ideal)                             0.00       0.00
  U0_RegFile/regArr_reg[3][7]/CK (SDFFRQX2M)              0.00       0.00 r
  library hold time                                      -0.36      -0.36
  data required time                                                -0.36
  --------------------------------------------------------------------------
  data required time                                                -0.36
  data arrival time                                                 -0.71
  --------------------------------------------------------------------------
  slack (MET)                                                        1.07


  Startpoint: U0_RegFile/regArr_reg[3][5]
              (rising edge-triggered flip-flop clocked by REG_CLK)
  Endpoint: U0_RegFile/regArr_reg[3][6]
            (rising edge-triggered flip-flop clocked by REG_CLK)
  Path Group: REG_CLK
  Path Type: min

  Des/Clust/Port     Wire Load Model       Library
  ------------------------------------------------
  System_Top         tsmc13_wl30           scmetro_tsmc_cl013g_rvt_ss_1p08v_125c

  Point                                                   Incr       Path
  --------------------------------------------------------------------------
  clock REG_CLK (rise edge)                               0.00       0.00
  clock network delay (ideal)                             0.00       0.00
  U0_RegFile/regArr_reg[3][5]/CK (SDFFRQX2M)              0.00       0.00 r
  U0_RegFile/regArr_reg[3][5]/Q (SDFFRQX2M)               0.71       0.71 f
  U0_RegFile/regArr_reg[3][6]/SI (SDFFRQX2M)              0.00       0.71 f
  data arrival time                                                  0.71

  clock REG_CLK (rise edge)                               0.00       0.00
  clock network delay (ideal)                             0.00       0.00
  U0_RegFile/regArr_reg[3][6]/CK (SDFFRQX2M)              0.00       0.00 r
  library hold time                                      -0.36      -0.36
  data required time                                                -0.36
  --------------------------------------------------------------------------
  data required time                                                -0.36
  data arrival time                                                 -0.71
  --------------------------------------------------------------------------
  slack (MET)                                                        1.07


  Startpoint: U0_RegFile/regArr_reg[3][4]
              (rising edge-triggered flip-flop clocked by REG_CLK)
  Endpoint: U0_RegFile/regArr_reg[3][5]
            (rising edge-triggered flip-flop clocked by REG_CLK)
  Path Group: REG_CLK
  Path Type: min

  Des/Clust/Port     Wire Load Model       Library
  ------------------------------------------------
  System_Top         tsmc13_wl30           scmetro_tsmc_cl013g_rvt_ss_1p08v_125c

  Point                                                   Incr       Path
  --------------------------------------------------------------------------
  clock REG_CLK (rise edge)                               0.00       0.00
  clock network delay (ideal)                             0.00       0.00
  U0_RegFile/regArr_reg[3][4]/CK (SDFFRQX2M)              0.00       0.00 r
  U0_RegFile/regArr_reg[3][4]/Q (SDFFRQX2M)               0.71       0.71 f
  U0_RegFile/regArr_reg[3][5]/SI (SDFFRQX2M)              0.00       0.71 f
  data arrival time                                                  0.71

  clock REG_CLK (rise edge)                               0.00       0.00
  clock network delay (ideal)                             0.00       0.00
  U0_RegFile/regArr_reg[3][5]/CK (SDFFRQX2M)              0.00       0.00 r
  library hold time                                      -0.36      -0.36
  data required time                                                -0.36
  --------------------------------------------------------------------------
  data required time                                                -0.36
  data arrival time                                                 -0.71
  --------------------------------------------------------------------------
  slack (MET)                                                        1.07


  Startpoint: U0_RegFile/regArr_reg[3][3]
              (rising edge-triggered flip-flop clocked by REG_CLK)
  Endpoint: U0_RegFile/regArr_reg[3][4]
            (rising edge-triggered flip-flop clocked by REG_CLK)
  Path Group: REG_CLK
  Path Type: min

  Des/Clust/Port     Wire Load Model       Library
  ------------------------------------------------
  System_Top         tsmc13_wl30           scmetro_tsmc_cl013g_rvt_ss_1p08v_125c

  Point                                                   Incr       Path
  --------------------------------------------------------------------------
  clock REG_CLK (rise edge)                               0.00       0.00
  clock network delay (ideal)                             0.00       0.00
  U0_RegFile/regArr_reg[3][3]/CK (SDFFRQX2M)              0.00       0.00 r
  U0_RegFile/regArr_reg[3][3]/Q (SDFFRQX2M)               0.71       0.71 f
  U0_RegFile/regArr_reg[3][4]/SI (SDFFRQX2M)              0.00       0.71 f
  data arrival time                                                  0.71

  clock REG_CLK (rise edge)                               0.00       0.00
  clock network delay (ideal)                             0.00       0.00
  U0_RegFile/regArr_reg[3][4]/CK (SDFFRQX2M)              0.00       0.00 r
  library hold time                                      -0.36      -0.36
  data required time                                                -0.36
  --------------------------------------------------------------------------
  data required time                                                -0.36
  data arrival time                                                 -0.71
  --------------------------------------------------------------------------
  slack (MET)                                                        1.07


  Startpoint: U0_RegFile/regArr_reg[3][2]
              (rising edge-triggered flip-flop clocked by REG_CLK)
  Endpoint: U0_RegFile/regArr_reg[3][3]
            (rising edge-triggered flip-flop clocked by REG_CLK)
  Path Group: REG_CLK
  Path Type: min

  Des/Clust/Port     Wire Load Model       Library
  ------------------------------------------------
  System_Top         tsmc13_wl30           scmetro_tsmc_cl013g_rvt_ss_1p08v_125c

  Point                                                   Incr       Path
  --------------------------------------------------------------------------
  clock REG_CLK (rise edge)                               0.00       0.00
  clock network delay (ideal)                             0.00       0.00
  U0_RegFile/regArr_reg[3][2]/CK (SDFFRQX2M)              0.00       0.00 r
  U0_RegFile/regArr_reg[3][2]/Q (SDFFRQX2M)               0.71       0.71 f
  U0_RegFile/regArr_reg[3][3]/SI (SDFFRQX2M)              0.00       0.71 f
  data arrival time                                                  0.71

  clock REG_CLK (rise edge)                               0.00       0.00
  clock network delay (ideal)                             0.00       0.00
  U0_RegFile/regArr_reg[3][3]/CK (SDFFRQX2M)              0.00       0.00 r
  library hold time                                      -0.36      -0.36
  data required time                                                -0.36
  --------------------------------------------------------------------------
  data required time                                                -0.36
  data arrival time                                                 -0.71
  --------------------------------------------------------------------------
  slack (MET)                                                        1.07


  Startpoint: U0_RegFile/regArr_reg[3][1]
              (rising edge-triggered flip-flop clocked by REG_CLK)
  Endpoint: U0_RegFile/regArr_reg[3][2]
            (rising edge-triggered flip-flop clocked by REG_CLK)
  Path Group: REG_CLK
  Path Type: min

  Des/Clust/Port     Wire Load Model       Library
  ------------------------------------------------
  System_Top         tsmc13_wl30           scmetro_tsmc_cl013g_rvt_ss_1p08v_125c

  Point                                                   Incr       Path
  --------------------------------------------------------------------------
  clock REG_CLK (rise edge)                               0.00       0.00
  clock network delay (ideal)                             0.00       0.00
  U0_RegFile/regArr_reg[3][1]/CK (SDFFRQX2M)              0.00       0.00 r
  U0_RegFile/regArr_reg[3][1]/Q (SDFFRQX2M)               0.71       0.71 f
  U0_RegFile/regArr_reg[3][2]/SI (SDFFRQX2M)              0.00       0.71 f
  data arrival time                                                  0.71

  clock REG_CLK (rise edge)                               0.00       0.00
  clock network delay (ideal)                             0.00       0.00
  U0_RegFile/regArr_reg[3][2]/CK (SDFFRQX2M)              0.00       0.00 r
  library hold time                                      -0.36      -0.36
  data required time                                                -0.36
  --------------------------------------------------------------------------
  data required time                                                -0.36
  data arrival time                                                 -0.71
  --------------------------------------------------------------------------
  slack (MET)                                                        1.07


  Startpoint: U0_RegFile/regArr_reg[3][0]
              (rising edge-triggered flip-flop clocked by REG_CLK)
  Endpoint: U0_RegFile/regArr_reg[3][1]
            (rising edge-triggered flip-flop clocked by REG_CLK)
  Path Group: REG_CLK
  Path Type: min

  Des/Clust/Port     Wire Load Model       Library
  ------------------------------------------------
  System_Top         tsmc13_wl30           scmetro_tsmc_cl013g_rvt_ss_1p08v_125c

  Point                                                   Incr       Path
  --------------------------------------------------------------------------
  clock REG_CLK (rise edge)                               0.00       0.00
  clock network delay (ideal)                             0.00       0.00
  U0_RegFile/regArr_reg[3][0]/CK (SDFFRQX2M)              0.00       0.00 r
  U0_RegFile/regArr_reg[3][0]/Q (SDFFRQX2M)               0.71       0.71 f
  U0_RegFile/regArr_reg[3][1]/SI (SDFFRQX2M)              0.00       0.71 f
  data arrival time                                                  0.71

  clock REG_CLK (rise edge)                               0.00       0.00
  clock network delay (ideal)                             0.00       0.00
  U0_RegFile/regArr_reg[3][1]/CK (SDFFRQX2M)              0.00       0.00 r
  library hold time                                      -0.36      -0.36
  data required time                                                -0.36
  --------------------------------------------------------------------------
  data required time                                                -0.36
  data arrival time                                                 -0.71
  --------------------------------------------------------------------------
  slack (MET)                                                        1.07


  Startpoint: U0_RegFile/regArr_reg[10][7]
              (rising edge-triggered flip-flop clocked by REG_CLK)
  Endpoint: U0_RegFile/regArr_reg[11][0]
            (rising edge-triggered flip-flop clocked by REG_CLK)
  Path Group: REG_CLK
  Path Type: min

  Des/Clust/Port     Wire Load Model       Library
  ------------------------------------------------
  System_Top         tsmc13_wl30           scmetro_tsmc_cl013g_rvt_ss_1p08v_125c

  Point                                                   Incr       Path
  --------------------------------------------------------------------------
  clock REG_CLK (rise edge)                               0.00       0.00
  clock network delay (ideal)                             0.00       0.00
  U0_RegFile/regArr_reg[10][7]/CK (SDFFRQX2M)             0.00       0.00 r
  U0_RegFile/regArr_reg[10][7]/Q (SDFFRQX2M)              0.71       0.71 f
  U0_RegFile/regArr_reg[11][0]/SI (SDFFRQX2M)             0.00       0.71 f
  data arrival time                                                  0.71

  clock REG_CLK (rise edge)                               0.00       0.00
  clock network delay (ideal)                             0.00       0.00
  U0_RegFile/regArr_reg[11][0]/CK (SDFFRQX2M)             0.00       0.00 r
  library hold time                                      -0.36      -0.36
  data required time                                                -0.36
  --------------------------------------------------------------------------
  data required time                                                -0.36
  data arrival time                                                 -0.71
  --------------------------------------------------------------------------
  slack (MET)                                                        1.07


  Startpoint: U0_RegFile/regArr_reg[8][7]
              (rising edge-triggered flip-flop clocked by REG_CLK)
  Endpoint: U0_RegFile/regArr_reg[9][0]
            (rising edge-triggered flip-flop clocked by REG_CLK)
  Path Group: REG_CLK
  Path Type: min

  Des/Clust/Port     Wire Load Model       Library
  ------------------------------------------------
  System_Top         tsmc13_wl30           scmetro_tsmc_cl013g_rvt_ss_1p08v_125c

  Point                                                   Incr       Path
  --------------------------------------------------------------------------
  clock REG_CLK (rise edge)                               0.00       0.00
  clock network delay (ideal)                             0.00       0.00
  U0_RegFile/regArr_reg[8][7]/CK (SDFFRQX2M)              0.00       0.00 r
  U0_RegFile/regArr_reg[8][7]/Q (SDFFRQX2M)               0.71       0.71 f
  U0_RegFile/regArr_reg[9][0]/SI (SDFFRQX2M)              0.00       0.71 f
  data arrival time                                                  0.71

  clock REG_CLK (rise edge)                               0.00       0.00
  clock network delay (ideal)                             0.00       0.00
  U0_RegFile/regArr_reg[9][0]/CK (SDFFRQX2M)              0.00       0.00 r
  library hold time                                      -0.36      -0.36
  data required time                                                -0.36
  --------------------------------------------------------------------------
  data required time                                                -0.36
  data arrival time                                                 -0.71
  --------------------------------------------------------------------------
  slack (MET)                                                        1.07


  Startpoint: U0_RegFile/regArr_reg[4][7]
              (rising edge-triggered flip-flop clocked by REG_CLK)
  Endpoint: U0_RegFile/regArr_reg[5][0]
            (rising edge-triggered flip-flop clocked by REG_CLK)
  Path Group: REG_CLK
  Path Type: min

  Des/Clust/Port     Wire Load Model       Library
  ------------------------------------------------
  System_Top         tsmc13_wl30           scmetro_tsmc_cl013g_rvt_ss_1p08v_125c

  Point                                                   Incr       Path
  --------------------------------------------------------------------------
  clock REG_CLK (rise edge)                               0.00       0.00
  clock network delay (ideal)                             0.00       0.00
  U0_RegFile/regArr_reg[4][7]/CK (SDFFRQX2M)              0.00       0.00 r
  U0_RegFile/regArr_reg[4][7]/Q (SDFFRQX2M)               0.71       0.71 f
  U0_RegFile/regArr_reg[5][0]/SI (SDFFRQX2M)              0.00       0.71 f
  data arrival time                                                  0.71

  clock REG_CLK (rise edge)                               0.00       0.00
  clock network delay (ideal)                             0.00       0.00
  U0_RegFile/regArr_reg[5][0]/CK (SDFFRQX2M)              0.00       0.00 r
  library hold time                                      -0.36      -0.36
  data required time                                                -0.36
  --------------------------------------------------------------------------
  data required time                                                -0.36
  data arrival time                                                 -0.71
  --------------------------------------------------------------------------
  slack (MET)                                                        1.07


  Startpoint: U0_RegFile/regArr_reg[12][0]
              (rising edge-triggered flip-flop clocked by REG_CLK)
  Endpoint: U0_RegFile/regArr_reg[12][1]
            (rising edge-triggered flip-flop clocked by REG_CLK)
  Path Group: REG_CLK
  Path Type: min

  Des/Clust/Port     Wire Load Model       Library
  ------------------------------------------------
  System_Top         tsmc13_wl30           scmetro_tsmc_cl013g_rvt_ss_1p08v_125c

  Point                                                   Incr       Path
  --------------------------------------------------------------------------
  clock REG_CLK (rise edge)                               0.00       0.00
  clock network delay (ideal)                             0.00       0.00
  U0_RegFile/regArr_reg[12][0]/CK (SDFFRQX2M)             0.00       0.00 r
  U0_RegFile/regArr_reg[12][0]/Q (SDFFRQX2M)              0.71       0.71 f
  U0_RegFile/regArr_reg[12][1]/SI (SDFFRQX2M)             0.00       0.71 f
  data arrival time                                                  0.71

  clock REG_CLK (rise edge)                               0.00       0.00
  clock network delay (ideal)                             0.00       0.00
  U0_RegFile/regArr_reg[12][1]/CK (SDFFRQX2M)             0.00       0.00 r
  library hold time                                      -0.36      -0.36
  data required time                                                -0.36
  --------------------------------------------------------------------------
  data required time                                                -0.36
  data arrival time                                                 -0.71
  --------------------------------------------------------------------------
  slack (MET)                                                        1.07


  Startpoint: U0_RegFile/regArr_reg[10][6]
              (rising edge-triggered flip-flop clocked by REG_CLK)
  Endpoint: U0_RegFile/regArr_reg[10][7]
            (rising edge-triggered flip-flop clocked by REG_CLK)
  Path Group: REG_CLK
  Path Type: min

  Des/Clust/Port     Wire Load Model       Library
  ------------------------------------------------
  System_Top         tsmc13_wl30           scmetro_tsmc_cl013g_rvt_ss_1p08v_125c

  Point                                                   Incr       Path
  --------------------------------------------------------------------------
  clock REG_CLK (rise edge)                               0.00       0.00
  clock network delay (ideal)                             0.00       0.00
  U0_RegFile/regArr_reg[10][6]/CK (SDFFRQX2M)             0.00       0.00 r
  U0_RegFile/regArr_reg[10][6]/Q (SDFFRQX2M)              0.71       0.71 f
  U0_RegFile/regArr_reg[10][7]/SI (SDFFRQX2M)             0.00       0.71 f
  data arrival time                                                  0.71

  clock REG_CLK (rise edge)                               0.00       0.00
  clock network delay (ideal)                             0.00       0.00
  U0_RegFile/regArr_reg[10][7]/CK (SDFFRQX2M)             0.00       0.00 r
  library hold time                                      -0.36      -0.36
  data required time                                                -0.36
  --------------------------------------------------------------------------
  data required time                                                -0.36
  data arrival time                                                 -0.71
  --------------------------------------------------------------------------
  slack (MET)                                                        1.07


  Startpoint: U0_RegFile/regArr_reg[10][5]
              (rising edge-triggered flip-flop clocked by REG_CLK)
  Endpoint: U0_RegFile/regArr_reg[10][6]
            (rising edge-triggered flip-flop clocked by REG_CLK)
  Path Group: REG_CLK
  Path Type: min

  Des/Clust/Port     Wire Load Model       Library
  ------------------------------------------------
  System_Top         tsmc13_wl30           scmetro_tsmc_cl013g_rvt_ss_1p08v_125c

  Point                                                   Incr       Path
  --------------------------------------------------------------------------
  clock REG_CLK (rise edge)                               0.00       0.00
  clock network delay (ideal)                             0.00       0.00
  U0_RegFile/regArr_reg[10][5]/CK (SDFFRQX2M)             0.00       0.00 r
  U0_RegFile/regArr_reg[10][5]/Q (SDFFRQX2M)              0.71       0.71 f
  U0_RegFile/regArr_reg[10][6]/SI (SDFFRQX2M)             0.00       0.71 f
  data arrival time                                                  0.71

  clock REG_CLK (rise edge)                               0.00       0.00
  clock network delay (ideal)                             0.00       0.00
  U0_RegFile/regArr_reg[10][6]/CK (SDFFRQX2M)             0.00       0.00 r
  library hold time                                      -0.36      -0.36
  data required time                                                -0.36
  --------------------------------------------------------------------------
  data required time                                                -0.36
  data arrival time                                                 -0.71
  --------------------------------------------------------------------------
  slack (MET)                                                        1.07


  Startpoint: U0_RegFile/regArr_reg[10][4]
              (rising edge-triggered flip-flop clocked by REG_CLK)
  Endpoint: U0_RegFile/regArr_reg[10][5]
            (rising edge-triggered flip-flop clocked by REG_CLK)
  Path Group: REG_CLK
  Path Type: min

  Des/Clust/Port     Wire Load Model       Library
  ------------------------------------------------
  System_Top         tsmc13_wl30           scmetro_tsmc_cl013g_rvt_ss_1p08v_125c

  Point                                                   Incr       Path
  --------------------------------------------------------------------------
  clock REG_CLK (rise edge)                               0.00       0.00
  clock network delay (ideal)                             0.00       0.00
  U0_RegFile/regArr_reg[10][4]/CK (SDFFRQX2M)             0.00       0.00 r
  U0_RegFile/regArr_reg[10][4]/Q (SDFFRQX2M)              0.71       0.71 f
  U0_RegFile/regArr_reg[10][5]/SI (SDFFRQX2M)             0.00       0.71 f
  data arrival time                                                  0.71

  clock REG_CLK (rise edge)                               0.00       0.00
  clock network delay (ideal)                             0.00       0.00
  U0_RegFile/regArr_reg[10][5]/CK (SDFFRQX2M)             0.00       0.00 r
  library hold time                                      -0.36      -0.36
  data required time                                                -0.36
  --------------------------------------------------------------------------
  data required time                                                -0.36
  data arrival time                                                 -0.71
  --------------------------------------------------------------------------
  slack (MET)                                                        1.07


  Startpoint: U0_RegFile/regArr_reg[10][3]
              (rising edge-triggered flip-flop clocked by REG_CLK)
  Endpoint: U0_RegFile/regArr_reg[10][4]
            (rising edge-triggered flip-flop clocked by REG_CLK)
  Path Group: REG_CLK
  Path Type: min

  Des/Clust/Port     Wire Load Model       Library
  ------------------------------------------------
  System_Top         tsmc13_wl30           scmetro_tsmc_cl013g_rvt_ss_1p08v_125c

  Point                                                   Incr       Path
  --------------------------------------------------------------------------
  clock REG_CLK (rise edge)                               0.00       0.00
  clock network delay (ideal)                             0.00       0.00
  U0_RegFile/regArr_reg[10][3]/CK (SDFFRQX2M)             0.00       0.00 r
  U0_RegFile/regArr_reg[10][3]/Q (SDFFRQX2M)              0.71       0.71 f
  U0_RegFile/regArr_reg[10][4]/SI (SDFFRQX2M)             0.00       0.71 f
  data arrival time                                                  0.71

  clock REG_CLK (rise edge)                               0.00       0.00
  clock network delay (ideal)                             0.00       0.00
  U0_RegFile/regArr_reg[10][4]/CK (SDFFRQX2M)             0.00       0.00 r
  library hold time                                      -0.36      -0.36
  data required time                                                -0.36
  --------------------------------------------------------------------------
  data required time                                                -0.36
  data arrival time                                                 -0.71
  --------------------------------------------------------------------------
  slack (MET)                                                        1.07


  Startpoint: U0_RegFile/regArr_reg[10][2]
              (rising edge-triggered flip-flop clocked by REG_CLK)
  Endpoint: U0_RegFile/regArr_reg[10][3]
            (rising edge-triggered flip-flop clocked by REG_CLK)
  Path Group: REG_CLK
  Path Type: min

  Des/Clust/Port     Wire Load Model       Library
  ------------------------------------------------
  System_Top         tsmc13_wl30           scmetro_tsmc_cl013g_rvt_ss_1p08v_125c

  Point                                                   Incr       Path
  --------------------------------------------------------------------------
  clock REG_CLK (rise edge)                               0.00       0.00
  clock network delay (ideal)                             0.00       0.00
  U0_RegFile/regArr_reg[10][2]/CK (SDFFRQX2M)             0.00       0.00 r
  U0_RegFile/regArr_reg[10][2]/Q (SDFFRQX2M)              0.71       0.71 f
  U0_RegFile/regArr_reg[10][3]/SI (SDFFRQX2M)             0.00       0.71 f
  data arrival time                                                  0.71

  clock REG_CLK (rise edge)                               0.00       0.00
  clock network delay (ideal)                             0.00       0.00
  U0_RegFile/regArr_reg[10][3]/CK (SDFFRQX2M)             0.00       0.00 r
  library hold time                                      -0.36      -0.36
  data required time                                                -0.36
  --------------------------------------------------------------------------
  data required time                                                -0.36
  data arrival time                                                 -0.71
  --------------------------------------------------------------------------
  slack (MET)                                                        1.07


  Startpoint: U0_RegFile/regArr_reg[10][1]
              (rising edge-triggered flip-flop clocked by REG_CLK)
  Endpoint: U0_RegFile/regArr_reg[10][2]
            (rising edge-triggered flip-flop clocked by REG_CLK)
  Path Group: REG_CLK
  Path Type: min

  Des/Clust/Port     Wire Load Model       Library
  ------------------------------------------------
  System_Top         tsmc13_wl30           scmetro_tsmc_cl013g_rvt_ss_1p08v_125c

  Point                                                   Incr       Path
  --------------------------------------------------------------------------
  clock REG_CLK (rise edge)                               0.00       0.00
  clock network delay (ideal)                             0.00       0.00
  U0_RegFile/regArr_reg[10][1]/CK (SDFFRQX2M)             0.00       0.00 r
  U0_RegFile/regArr_reg[10][1]/Q (SDFFRQX2M)              0.71       0.71 f
  U0_RegFile/regArr_reg[10][2]/SI (SDFFRQX2M)             0.00       0.71 f
  data arrival time                                                  0.71

  clock REG_CLK (rise edge)                               0.00       0.00
  clock network delay (ideal)                             0.00       0.00
  U0_RegFile/regArr_reg[10][2]/CK (SDFFRQX2M)             0.00       0.00 r
  library hold time                                      -0.36      -0.36
  data required time                                                -0.36
  --------------------------------------------------------------------------
  data required time                                                -0.36
  data arrival time                                                 -0.71
  --------------------------------------------------------------------------
  slack (MET)                                                        1.07


  Startpoint: U0_RegFile/regArr_reg[10][0]
              (rising edge-triggered flip-flop clocked by REG_CLK)
  Endpoint: U0_RegFile/regArr_reg[10][1]
            (rising edge-triggered flip-flop clocked by REG_CLK)
  Path Group: REG_CLK
  Path Type: min

  Des/Clust/Port     Wire Load Model       Library
  ------------------------------------------------
  System_Top         tsmc13_wl30           scmetro_tsmc_cl013g_rvt_ss_1p08v_125c

  Point                                                   Incr       Path
  --------------------------------------------------------------------------
  clock REG_CLK (rise edge)                               0.00       0.00
  clock network delay (ideal)                             0.00       0.00
  U0_RegFile/regArr_reg[10][0]/CK (SDFFRQX2M)             0.00       0.00 r
  U0_RegFile/regArr_reg[10][0]/Q (SDFFRQX2M)              0.71       0.71 f
  U0_RegFile/regArr_reg[10][1]/SI (SDFFRQX2M)             0.00       0.71 f
  data arrival time                                                  0.71

  clock REG_CLK (rise edge)                               0.00       0.00
  clock network delay (ideal)                             0.00       0.00
  U0_RegFile/regArr_reg[10][1]/CK (SDFFRQX2M)             0.00       0.00 r
  library hold time                                      -0.36      -0.36
  data required time                                                -0.36
  --------------------------------------------------------------------------
  data required time                                                -0.36
  data arrival time                                                 -0.71
  --------------------------------------------------------------------------
  slack (MET)                                                        1.07


  Startpoint: U0_RegFile/regArr_reg[8][6]
              (rising edge-triggered flip-flop clocked by REG_CLK)
  Endpoint: U0_RegFile/regArr_reg[8][7]
            (rising edge-triggered flip-flop clocked by REG_CLK)
  Path Group: REG_CLK
  Path Type: min

  Des/Clust/Port     Wire Load Model       Library
  ------------------------------------------------
  System_Top         tsmc13_wl30           scmetro_tsmc_cl013g_rvt_ss_1p08v_125c

  Point                                                   Incr       Path
  --------------------------------------------------------------------------
  clock REG_CLK (rise edge)                               0.00       0.00
  clock network delay (ideal)                             0.00       0.00
  U0_RegFile/regArr_reg[8][6]/CK (SDFFRQX2M)              0.00       0.00 r
  U0_RegFile/regArr_reg[8][6]/Q (SDFFRQX2M)               0.71       0.71 f
  U0_RegFile/regArr_reg[8][7]/SI (SDFFRQX2M)              0.00       0.71 f
  data arrival time                                                  0.71

  clock REG_CLK (rise edge)                               0.00       0.00
  clock network delay (ideal)                             0.00       0.00
  U0_RegFile/regArr_reg[8][7]/CK (SDFFRQX2M)              0.00       0.00 r
  library hold time                                      -0.36      -0.36
  data required time                                                -0.36
  --------------------------------------------------------------------------
  data required time                                                -0.36
  data arrival time                                                 -0.71
  --------------------------------------------------------------------------
  slack (MET)                                                        1.07


  Startpoint: U0_RegFile/regArr_reg[8][5]
              (rising edge-triggered flip-flop clocked by REG_CLK)
  Endpoint: U0_RegFile/regArr_reg[8][6]
            (rising edge-triggered flip-flop clocked by REG_CLK)
  Path Group: REG_CLK
  Path Type: min

  Des/Clust/Port     Wire Load Model       Library
  ------------------------------------------------
  System_Top         tsmc13_wl30           scmetro_tsmc_cl013g_rvt_ss_1p08v_125c

  Point                                                   Incr       Path
  --------------------------------------------------------------------------
  clock REG_CLK (rise edge)                               0.00       0.00
  clock network delay (ideal)                             0.00       0.00
  U0_RegFile/regArr_reg[8][5]/CK (SDFFRQX2M)              0.00       0.00 r
  U0_RegFile/regArr_reg[8][5]/Q (SDFFRQX2M)               0.71       0.71 f
  U0_RegFile/regArr_reg[8][6]/SI (SDFFRQX2M)              0.00       0.71 f
  data arrival time                                                  0.71

  clock REG_CLK (rise edge)                               0.00       0.00
  clock network delay (ideal)                             0.00       0.00
  U0_RegFile/regArr_reg[8][6]/CK (SDFFRQX2M)              0.00       0.00 r
  library hold time                                      -0.36      -0.36
  data required time                                                -0.36
  --------------------------------------------------------------------------
  data required time                                                -0.36
  data arrival time                                                 -0.71
  --------------------------------------------------------------------------
  slack (MET)                                                        1.07


  Startpoint: U0_RegFile/regArr_reg[8][4]
              (rising edge-triggered flip-flop clocked by REG_CLK)
  Endpoint: U0_RegFile/regArr_reg[8][5]
            (rising edge-triggered flip-flop clocked by REG_CLK)
  Path Group: REG_CLK
  Path Type: min

  Des/Clust/Port     Wire Load Model       Library
  ------------------------------------------------
  System_Top         tsmc13_wl30           scmetro_tsmc_cl013g_rvt_ss_1p08v_125c

  Point                                                   Incr       Path
  --------------------------------------------------------------------------
  clock REG_CLK (rise edge)                               0.00       0.00
  clock network delay (ideal)                             0.00       0.00
  U0_RegFile/regArr_reg[8][4]/CK (SDFFRQX2M)              0.00       0.00 r
  U0_RegFile/regArr_reg[8][4]/Q (SDFFRQX2M)               0.71       0.71 f
  U0_RegFile/regArr_reg[8][5]/SI (SDFFRQX2M)              0.00       0.71 f
  data arrival time                                                  0.71

  clock REG_CLK (rise edge)                               0.00       0.00
  clock network delay (ideal)                             0.00       0.00
  U0_RegFile/regArr_reg[8][5]/CK (SDFFRQX2M)              0.00       0.00 r
  library hold time                                      -0.36      -0.36
  data required time                                                -0.36
  --------------------------------------------------------------------------
  data required time                                                -0.36
  data arrival time                                                 -0.71
  --------------------------------------------------------------------------
  slack (MET)                                                        1.07


  Startpoint: U0_RegFile/regArr_reg[8][3]
              (rising edge-triggered flip-flop clocked by REG_CLK)
  Endpoint: U0_RegFile/regArr_reg[8][4]
            (rising edge-triggered flip-flop clocked by REG_CLK)
  Path Group: REG_CLK
  Path Type: min

  Des/Clust/Port     Wire Load Model       Library
  ------------------------------------------------
  System_Top         tsmc13_wl30           scmetro_tsmc_cl013g_rvt_ss_1p08v_125c

  Point                                                   Incr       Path
  --------------------------------------------------------------------------
  clock REG_CLK (rise edge)                               0.00       0.00
  clock network delay (ideal)                             0.00       0.00
  U0_RegFile/regArr_reg[8][3]/CK (SDFFRQX2M)              0.00       0.00 r
  U0_RegFile/regArr_reg[8][3]/Q (SDFFRQX2M)               0.71       0.71 f
  U0_RegFile/regArr_reg[8][4]/SI (SDFFRQX2M)              0.00       0.71 f
  data arrival time                                                  0.71

  clock REG_CLK (rise edge)                               0.00       0.00
  clock network delay (ideal)                             0.00       0.00
  U0_RegFile/regArr_reg[8][4]/CK (SDFFRQX2M)              0.00       0.00 r
  library hold time                                      -0.36      -0.36
  data required time                                                -0.36
  --------------------------------------------------------------------------
  data required time                                                -0.36
  data arrival time                                                 -0.71
  --------------------------------------------------------------------------
  slack (MET)                                                        1.07


  Startpoint: U0_RegFile/regArr_reg[8][2]
              (rising edge-triggered flip-flop clocked by REG_CLK)
  Endpoint: U0_RegFile/regArr_reg[8][3]
            (rising edge-triggered flip-flop clocked by REG_CLK)
  Path Group: REG_CLK
  Path Type: min

  Des/Clust/Port     Wire Load Model       Library
  ------------------------------------------------
  System_Top         tsmc13_wl30           scmetro_tsmc_cl013g_rvt_ss_1p08v_125c

  Point                                                   Incr       Path
  --------------------------------------------------------------------------
  clock REG_CLK (rise edge)                               0.00       0.00
  clock network delay (ideal)                             0.00       0.00
  U0_RegFile/regArr_reg[8][2]/CK (SDFFRQX2M)              0.00       0.00 r
  U0_RegFile/regArr_reg[8][2]/Q (SDFFRQX2M)               0.71       0.71 f
  U0_RegFile/regArr_reg[8][3]/SI (SDFFRQX2M)              0.00       0.71 f
  data arrival time                                                  0.71

  clock REG_CLK (rise edge)                               0.00       0.00
  clock network delay (ideal)                             0.00       0.00
  U0_RegFile/regArr_reg[8][3]/CK (SDFFRQX2M)              0.00       0.00 r
  library hold time                                      -0.36      -0.36
  data required time                                                -0.36
  --------------------------------------------------------------------------
  data required time                                                -0.36
  data arrival time                                                 -0.71
  --------------------------------------------------------------------------
  slack (MET)                                                        1.07


  Startpoint: U0_RegFile/regArr_reg[8][1]
              (rising edge-triggered flip-flop clocked by REG_CLK)
  Endpoint: U0_RegFile/regArr_reg[8][2]
            (rising edge-triggered flip-flop clocked by REG_CLK)
  Path Group: REG_CLK
  Path Type: min

  Des/Clust/Port     Wire Load Model       Library
  ------------------------------------------------
  System_Top         tsmc13_wl30           scmetro_tsmc_cl013g_rvt_ss_1p08v_125c

  Point                                                   Incr       Path
  --------------------------------------------------------------------------
  clock REG_CLK (rise edge)                               0.00       0.00
  clock network delay (ideal)                             0.00       0.00
  U0_RegFile/regArr_reg[8][1]/CK (SDFFRQX2M)              0.00       0.00 r
  U0_RegFile/regArr_reg[8][1]/Q (SDFFRQX2M)               0.71       0.71 f
  U0_RegFile/regArr_reg[8][2]/SI (SDFFRQX2M)              0.00       0.71 f
  data arrival time                                                  0.71

  clock REG_CLK (rise edge)                               0.00       0.00
  clock network delay (ideal)                             0.00       0.00
  U0_RegFile/regArr_reg[8][2]/CK (SDFFRQX2M)              0.00       0.00 r
  library hold time                                      -0.36      -0.36
  data required time                                                -0.36
  --------------------------------------------------------------------------
  data required time                                                -0.36
  data arrival time                                                 -0.71
  --------------------------------------------------------------------------
  slack (MET)                                                        1.07


  Startpoint: U0_RegFile/regArr_reg[8][0]
              (rising edge-triggered flip-flop clocked by REG_CLK)
  Endpoint: U0_RegFile/regArr_reg[8][1]
            (rising edge-triggered flip-flop clocked by REG_CLK)
  Path Group: REG_CLK
  Path Type: min

  Des/Clust/Port     Wire Load Model       Library
  ------------------------------------------------
  System_Top         tsmc13_wl30           scmetro_tsmc_cl013g_rvt_ss_1p08v_125c

  Point                                                   Incr       Path
  --------------------------------------------------------------------------
  clock REG_CLK (rise edge)                               0.00       0.00
  clock network delay (ideal)                             0.00       0.00
  U0_RegFile/regArr_reg[8][0]/CK (SDFFRQX2M)              0.00       0.00 r
  U0_RegFile/regArr_reg[8][0]/Q (SDFFRQX2M)               0.71       0.71 f
  U0_RegFile/regArr_reg[8][1]/SI (SDFFRQX2M)              0.00       0.71 f
  data arrival time                                                  0.71

  clock REG_CLK (rise edge)                               0.00       0.00
  clock network delay (ideal)                             0.00       0.00
  U0_RegFile/regArr_reg[8][1]/CK (SDFFRQX2M)              0.00       0.00 r
  library hold time                                      -0.36      -0.36
  data required time                                                -0.36
  --------------------------------------------------------------------------
  data required time                                                -0.36
  data arrival time                                                 -0.71
  --------------------------------------------------------------------------
  slack (MET)                                                        1.07


  Startpoint: U0_RegFile/regArr_reg[6][6]
              (rising edge-triggered flip-flop clocked by REG_CLK)
  Endpoint: U0_RegFile/regArr_reg[6][7]
            (rising edge-triggered flip-flop clocked by REG_CLK)
  Path Group: REG_CLK
  Path Type: min

  Des/Clust/Port     Wire Load Model       Library
  ------------------------------------------------
  System_Top         tsmc13_wl30           scmetro_tsmc_cl013g_rvt_ss_1p08v_125c

  Point                                                   Incr       Path
  --------------------------------------------------------------------------
  clock REG_CLK (rise edge)                               0.00       0.00
  clock network delay (ideal)                             0.00       0.00
  U0_RegFile/regArr_reg[6][6]/CK (SDFFRQX2M)              0.00       0.00 r
  U0_RegFile/regArr_reg[6][6]/Q (SDFFRQX2M)               0.71       0.71 f
  U0_RegFile/regArr_reg[6][7]/SI (SDFFRQX2M)              0.00       0.71 f
  data arrival time                                                  0.71

  clock REG_CLK (rise edge)                               0.00       0.00
  clock network delay (ideal)                             0.00       0.00
  U0_RegFile/regArr_reg[6][7]/CK (SDFFRQX2M)              0.00       0.00 r
  library hold time                                      -0.36      -0.36
  data required time                                                -0.36
  --------------------------------------------------------------------------
  data required time                                                -0.36
  data arrival time                                                 -0.71
  --------------------------------------------------------------------------
  slack (MET)                                                        1.07


  Startpoint: U0_RegFile/regArr_reg[6][5]
              (rising edge-triggered flip-flop clocked by REG_CLK)
  Endpoint: U0_RegFile/regArr_reg[6][6]
            (rising edge-triggered flip-flop clocked by REG_CLK)
  Path Group: REG_CLK
  Path Type: min

  Des/Clust/Port     Wire Load Model       Library
  ------------------------------------------------
  System_Top         tsmc13_wl30           scmetro_tsmc_cl013g_rvt_ss_1p08v_125c

  Point                                                   Incr       Path
  --------------------------------------------------------------------------
  clock REG_CLK (rise edge)                               0.00       0.00
  clock network delay (ideal)                             0.00       0.00
  U0_RegFile/regArr_reg[6][5]/CK (SDFFRQX2M)              0.00       0.00 r
  U0_RegFile/regArr_reg[6][5]/Q (SDFFRQX2M)               0.71       0.71 f
  U0_RegFile/regArr_reg[6][6]/SI (SDFFRQX2M)              0.00       0.71 f
  data arrival time                                                  0.71

  clock REG_CLK (rise edge)                               0.00       0.00
  clock network delay (ideal)                             0.00       0.00
  U0_RegFile/regArr_reg[6][6]/CK (SDFFRQX2M)              0.00       0.00 r
  library hold time                                      -0.36      -0.36
  data required time                                                -0.36
  --------------------------------------------------------------------------
  data required time                                                -0.36
  data arrival time                                                 -0.71
  --------------------------------------------------------------------------
  slack (MET)                                                        1.07


  Startpoint: U0_RegFile/regArr_reg[6][4]
              (rising edge-triggered flip-flop clocked by REG_CLK)
  Endpoint: U0_RegFile/regArr_reg[6][5]
            (rising edge-triggered flip-flop clocked by REG_CLK)
  Path Group: REG_CLK
  Path Type: min

  Des/Clust/Port     Wire Load Model       Library
  ------------------------------------------------
  System_Top         tsmc13_wl30           scmetro_tsmc_cl013g_rvt_ss_1p08v_125c

  Point                                                   Incr       Path
  --------------------------------------------------------------------------
  clock REG_CLK (rise edge)                               0.00       0.00
  clock network delay (ideal)                             0.00       0.00
  U0_RegFile/regArr_reg[6][4]/CK (SDFFRQX2M)              0.00       0.00 r
  U0_RegFile/regArr_reg[6][4]/Q (SDFFRQX2M)               0.71       0.71 f
  U0_RegFile/regArr_reg[6][5]/SI (SDFFRQX2M)              0.00       0.71 f
  data arrival time                                                  0.71

  clock REG_CLK (rise edge)                               0.00       0.00
  clock network delay (ideal)                             0.00       0.00
  U0_RegFile/regArr_reg[6][5]/CK (SDFFRQX2M)              0.00       0.00 r
  library hold time                                      -0.36      -0.36
  data required time                                                -0.36
  --------------------------------------------------------------------------
  data required time                                                -0.36
  data arrival time                                                 -0.71
  --------------------------------------------------------------------------
  slack (MET)                                                        1.07


  Startpoint: U0_RegFile/regArr_reg[6][3]
              (rising edge-triggered flip-flop clocked by REG_CLK)
  Endpoint: U0_RegFile/regArr_reg[6][4]
            (rising edge-triggered flip-flop clocked by REG_CLK)
  Path Group: REG_CLK
  Path Type: min

  Des/Clust/Port     Wire Load Model       Library
  ------------------------------------------------
  System_Top         tsmc13_wl30           scmetro_tsmc_cl013g_rvt_ss_1p08v_125c

  Point                                                   Incr       Path
  --------------------------------------------------------------------------
  clock REG_CLK (rise edge)                               0.00       0.00
  clock network delay (ideal)                             0.00       0.00
  U0_RegFile/regArr_reg[6][3]/CK (SDFFRQX2M)              0.00       0.00 r
  U0_RegFile/regArr_reg[6][3]/Q (SDFFRQX2M)               0.71       0.71 f
  U0_RegFile/regArr_reg[6][4]/SI (SDFFRQX2M)              0.00       0.71 f
  data arrival time                                                  0.71

  clock REG_CLK (rise edge)                               0.00       0.00
  clock network delay (ideal)                             0.00       0.00
  U0_RegFile/regArr_reg[6][4]/CK (SDFFRQX2M)              0.00       0.00 r
  library hold time                                      -0.36      -0.36
  data required time                                                -0.36
  --------------------------------------------------------------------------
  data required time                                                -0.36
  data arrival time                                                 -0.71
  --------------------------------------------------------------------------
  slack (MET)                                                        1.07


  Startpoint: U0_RegFile/regArr_reg[6][2]
              (rising edge-triggered flip-flop clocked by REG_CLK)
  Endpoint: U0_RegFile/regArr_reg[6][3]
            (rising edge-triggered flip-flop clocked by REG_CLK)
  Path Group: REG_CLK
  Path Type: min

  Des/Clust/Port     Wire Load Model       Library
  ------------------------------------------------
  System_Top         tsmc13_wl30           scmetro_tsmc_cl013g_rvt_ss_1p08v_125c

  Point                                                   Incr       Path
  --------------------------------------------------------------------------
  clock REG_CLK (rise edge)                               0.00       0.00
  clock network delay (ideal)                             0.00       0.00
  U0_RegFile/regArr_reg[6][2]/CK (SDFFRQX2M)              0.00       0.00 r
  U0_RegFile/regArr_reg[6][2]/Q (SDFFRQX2M)               0.71       0.71 f
  U0_RegFile/regArr_reg[6][3]/SI (SDFFRQX2M)              0.00       0.71 f
  data arrival time                                                  0.71

  clock REG_CLK (rise edge)                               0.00       0.00
  clock network delay (ideal)                             0.00       0.00
  U0_RegFile/regArr_reg[6][3]/CK (SDFFRQX2M)              0.00       0.00 r
  library hold time                                      -0.36      -0.36
  data required time                                                -0.36
  --------------------------------------------------------------------------
  data required time                                                -0.36
  data arrival time                                                 -0.71
  --------------------------------------------------------------------------
  slack (MET)                                                        1.07


  Startpoint: U0_RegFile/regArr_reg[6][1]
              (rising edge-triggered flip-flop clocked by REG_CLK)
  Endpoint: U0_RegFile/regArr_reg[6][2]
            (rising edge-triggered flip-flop clocked by REG_CLK)
  Path Group: REG_CLK
  Path Type: min

  Des/Clust/Port     Wire Load Model       Library
  ------------------------------------------------
  System_Top         tsmc13_wl30           scmetro_tsmc_cl013g_rvt_ss_1p08v_125c

  Point                                                   Incr       Path
  --------------------------------------------------------------------------
  clock REG_CLK (rise edge)                               0.00       0.00
  clock network delay (ideal)                             0.00       0.00
  U0_RegFile/regArr_reg[6][1]/CK (SDFFRQX2M)              0.00       0.00 r
  U0_RegFile/regArr_reg[6][1]/Q (SDFFRQX2M)               0.71       0.71 f
  U0_RegFile/regArr_reg[6][2]/SI (SDFFRQX2M)              0.00       0.71 f
  data arrival time                                                  0.71

  clock REG_CLK (rise edge)                               0.00       0.00
  clock network delay (ideal)                             0.00       0.00
  U0_RegFile/regArr_reg[6][2]/CK (SDFFRQX2M)              0.00       0.00 r
  library hold time                                      -0.36      -0.36
  data required time                                                -0.36
  --------------------------------------------------------------------------
  data required time                                                -0.36
  data arrival time                                                 -0.71
  --------------------------------------------------------------------------
  slack (MET)                                                        1.07


  Startpoint: U0_RegFile/regArr_reg[6][0]
              (rising edge-triggered flip-flop clocked by REG_CLK)
  Endpoint: U0_RegFile/regArr_reg[6][1]
            (rising edge-triggered flip-flop clocked by REG_CLK)
  Path Group: REG_CLK
  Path Type: min

  Des/Clust/Port     Wire Load Model       Library
  ------------------------------------------------
  System_Top         tsmc13_wl30           scmetro_tsmc_cl013g_rvt_ss_1p08v_125c

  Point                                                   Incr       Path
  --------------------------------------------------------------------------
  clock REG_CLK (rise edge)                               0.00       0.00
  clock network delay (ideal)                             0.00       0.00
  U0_RegFile/regArr_reg[6][0]/CK (SDFFRQX2M)              0.00       0.00 r
  U0_RegFile/regArr_reg[6][0]/Q (SDFFRQX2M)               0.71       0.71 f
  U0_RegFile/regArr_reg[6][1]/SI (SDFFRQX2M)              0.00       0.71 f
  data arrival time                                                  0.71

  clock REG_CLK (rise edge)                               0.00       0.00
  clock network delay (ideal)                             0.00       0.00
  U0_RegFile/regArr_reg[6][1]/CK (SDFFRQX2M)              0.00       0.00 r
  library hold time                                      -0.36      -0.36
  data required time                                                -0.36
  --------------------------------------------------------------------------
  data required time                                                -0.36
  data arrival time                                                 -0.71
  --------------------------------------------------------------------------
  slack (MET)                                                        1.07


  Startpoint: U0_RegFile/regArr_reg[4][6]
              (rising edge-triggered flip-flop clocked by REG_CLK)
  Endpoint: U0_RegFile/regArr_reg[4][7]
            (rising edge-triggered flip-flop clocked by REG_CLK)
  Path Group: REG_CLK
  Path Type: min

  Des/Clust/Port     Wire Load Model       Library
  ------------------------------------------------
  System_Top         tsmc13_wl30           scmetro_tsmc_cl013g_rvt_ss_1p08v_125c

  Point                                                   Incr       Path
  --------------------------------------------------------------------------
  clock REG_CLK (rise edge)                               0.00       0.00
  clock network delay (ideal)                             0.00       0.00
  U0_RegFile/regArr_reg[4][6]/CK (SDFFRQX2M)              0.00       0.00 r
  U0_RegFile/regArr_reg[4][6]/Q (SDFFRQX2M)               0.71       0.71 f
  U0_RegFile/regArr_reg[4][7]/SI (SDFFRQX2M)              0.00       0.71 f
  data arrival time                                                  0.71

  clock REG_CLK (rise edge)                               0.00       0.00
  clock network delay (ideal)                             0.00       0.00
  U0_RegFile/regArr_reg[4][7]/CK (SDFFRQX2M)              0.00       0.00 r
  library hold time                                      -0.36      -0.36
  data required time                                                -0.36
  --------------------------------------------------------------------------
  data required time                                                -0.36
  data arrival time                                                 -0.71
  --------------------------------------------------------------------------
  slack (MET)                                                        1.07


  Startpoint: U0_RegFile/regArr_reg[4][5]
              (rising edge-triggered flip-flop clocked by REG_CLK)
  Endpoint: U0_RegFile/regArr_reg[4][6]
            (rising edge-triggered flip-flop clocked by REG_CLK)
  Path Group: REG_CLK
  Path Type: min

  Des/Clust/Port     Wire Load Model       Library
  ------------------------------------------------
  System_Top         tsmc13_wl30           scmetro_tsmc_cl013g_rvt_ss_1p08v_125c

  Point                                                   Incr       Path
  --------------------------------------------------------------------------
  clock REG_CLK (rise edge)                               0.00       0.00
  clock network delay (ideal)                             0.00       0.00
  U0_RegFile/regArr_reg[4][5]/CK (SDFFRQX2M)              0.00       0.00 r
  U0_RegFile/regArr_reg[4][5]/Q (SDFFRQX2M)               0.71       0.71 f
  U0_RegFile/regArr_reg[4][6]/SI (SDFFRQX2M)              0.00       0.71 f
  data arrival time                                                  0.71

  clock REG_CLK (rise edge)                               0.00       0.00
  clock network delay (ideal)                             0.00       0.00
  U0_RegFile/regArr_reg[4][6]/CK (SDFFRQX2M)              0.00       0.00 r
  library hold time                                      -0.36      -0.36
  data required time                                                -0.36
  --------------------------------------------------------------------------
  data required time                                                -0.36
  data arrival time                                                 -0.71
  --------------------------------------------------------------------------
  slack (MET)                                                        1.07


  Startpoint: U0_RegFile/regArr_reg[4][4]
              (rising edge-triggered flip-flop clocked by REG_CLK)
  Endpoint: U0_RegFile/regArr_reg[4][5]
            (rising edge-triggered flip-flop clocked by REG_CLK)
  Path Group: REG_CLK
  Path Type: min

  Des/Clust/Port     Wire Load Model       Library
  ------------------------------------------------
  System_Top         tsmc13_wl30           scmetro_tsmc_cl013g_rvt_ss_1p08v_125c

  Point                                                   Incr       Path
  --------------------------------------------------------------------------
  clock REG_CLK (rise edge)                               0.00       0.00
  clock network delay (ideal)                             0.00       0.00
  U0_RegFile/regArr_reg[4][4]/CK (SDFFRQX2M)              0.00       0.00 r
  U0_RegFile/regArr_reg[4][4]/Q (SDFFRQX2M)               0.71       0.71 f
  U0_RegFile/regArr_reg[4][5]/SI (SDFFRQX2M)              0.00       0.71 f
  data arrival time                                                  0.71

  clock REG_CLK (rise edge)                               0.00       0.00
  clock network delay (ideal)                             0.00       0.00
  U0_RegFile/regArr_reg[4][5]/CK (SDFFRQX2M)              0.00       0.00 r
  library hold time                                      -0.36      -0.36
  data required time                                                -0.36
  --------------------------------------------------------------------------
  data required time                                                -0.36
  data arrival time                                                 -0.71
  --------------------------------------------------------------------------
  slack (MET)                                                        1.07


  Startpoint: U0_RegFile/regArr_reg[4][3]
              (rising edge-triggered flip-flop clocked by REG_CLK)
  Endpoint: U0_RegFile/regArr_reg[4][4]
            (rising edge-triggered flip-flop clocked by REG_CLK)
  Path Group: REG_CLK
  Path Type: min

  Des/Clust/Port     Wire Load Model       Library
  ------------------------------------------------
  System_Top         tsmc13_wl30           scmetro_tsmc_cl013g_rvt_ss_1p08v_125c

  Point                                                   Incr       Path
  --------------------------------------------------------------------------
  clock REG_CLK (rise edge)                               0.00       0.00
  clock network delay (ideal)                             0.00       0.00
  U0_RegFile/regArr_reg[4][3]/CK (SDFFRQX2M)              0.00       0.00 r
  U0_RegFile/regArr_reg[4][3]/Q (SDFFRQX2M)               0.71       0.71 f
  U0_RegFile/regArr_reg[4][4]/SI (SDFFRQX2M)              0.00       0.71 f
  data arrival time                                                  0.71

  clock REG_CLK (rise edge)                               0.00       0.00
  clock network delay (ideal)                             0.00       0.00
  U0_RegFile/regArr_reg[4][4]/CK (SDFFRQX2M)              0.00       0.00 r
  library hold time                                      -0.36      -0.36
  data required time                                                -0.36
  --------------------------------------------------------------------------
  data required time                                                -0.36
  data arrival time                                                 -0.71
  --------------------------------------------------------------------------
  slack (MET)                                                        1.07


  Startpoint: U0_RegFile/regArr_reg[4][2]
              (rising edge-triggered flip-flop clocked by REG_CLK)
  Endpoint: U0_RegFile/regArr_reg[4][3]
            (rising edge-triggered flip-flop clocked by REG_CLK)
  Path Group: REG_CLK
  Path Type: min

  Des/Clust/Port     Wire Load Model       Library
  ------------------------------------------------
  System_Top         tsmc13_wl30           scmetro_tsmc_cl013g_rvt_ss_1p08v_125c

  Point                                                   Incr       Path
  --------------------------------------------------------------------------
  clock REG_CLK (rise edge)                               0.00       0.00
  clock network delay (ideal)                             0.00       0.00
  U0_RegFile/regArr_reg[4][2]/CK (SDFFRQX2M)              0.00       0.00 r
  U0_RegFile/regArr_reg[4][2]/Q (SDFFRQX2M)               0.71       0.71 f
  U0_RegFile/regArr_reg[4][3]/SI (SDFFRQX2M)              0.00       0.71 f
  data arrival time                                                  0.71

  clock REG_CLK (rise edge)                               0.00       0.00
  clock network delay (ideal)                             0.00       0.00
  U0_RegFile/regArr_reg[4][3]/CK (SDFFRQX2M)              0.00       0.00 r
  library hold time                                      -0.36      -0.36
  data required time                                                -0.36
  --------------------------------------------------------------------------
  data required time                                                -0.36
  data arrival time                                                 -0.71
  --------------------------------------------------------------------------
  slack (MET)                                                        1.07


  Startpoint: U0_RegFile/regArr_reg[4][1]
              (rising edge-triggered flip-flop clocked by REG_CLK)
  Endpoint: U0_RegFile/regArr_reg[4][2]
            (rising edge-triggered flip-flop clocked by REG_CLK)
  Path Group: REG_CLK
  Path Type: min

  Des/Clust/Port     Wire Load Model       Library
  ------------------------------------------------
  System_Top         tsmc13_wl30           scmetro_tsmc_cl013g_rvt_ss_1p08v_125c

  Point                                                   Incr       Path
  --------------------------------------------------------------------------
  clock REG_CLK (rise edge)                               0.00       0.00
  clock network delay (ideal)                             0.00       0.00
  U0_RegFile/regArr_reg[4][1]/CK (SDFFRQX2M)              0.00       0.00 r
  U0_RegFile/regArr_reg[4][1]/Q (SDFFRQX2M)               0.71       0.71 f
  U0_RegFile/regArr_reg[4][2]/SI (SDFFRQX2M)              0.00       0.71 f
  data arrival time                                                  0.71

  clock REG_CLK (rise edge)                               0.00       0.00
  clock network delay (ideal)                             0.00       0.00
  U0_RegFile/regArr_reg[4][2]/CK (SDFFRQX2M)              0.00       0.00 r
  library hold time                                      -0.36      -0.36
  data required time                                                -0.36
  --------------------------------------------------------------------------
  data required time                                                -0.36
  data arrival time                                                 -0.71
  --------------------------------------------------------------------------
  slack (MET)                                                        1.07


  Startpoint: U0_RegFile/regArr_reg[4][0]
              (rising edge-triggered flip-flop clocked by REG_CLK)
  Endpoint: U0_RegFile/regArr_reg[4][1]
            (rising edge-triggered flip-flop clocked by REG_CLK)
  Path Group: REG_CLK
  Path Type: min

  Des/Clust/Port     Wire Load Model       Library
  ------------------------------------------------
  System_Top         tsmc13_wl30           scmetro_tsmc_cl013g_rvt_ss_1p08v_125c

  Point                                                   Incr       Path
  --------------------------------------------------------------------------
  clock REG_CLK (rise edge)                               0.00       0.00
  clock network delay (ideal)                             0.00       0.00
  U0_RegFile/regArr_reg[4][0]/CK (SDFFRQX2M)              0.00       0.00 r
  U0_RegFile/regArr_reg[4][0]/Q (SDFFRQX2M)               0.71       0.71 f
  U0_RegFile/regArr_reg[4][1]/SI (SDFFRQX2M)              0.00       0.71 f
  data arrival time                                                  0.71

  clock REG_CLK (rise edge)                               0.00       0.00
  clock network delay (ideal)                             0.00       0.00
  U0_RegFile/regArr_reg[4][1]/CK (SDFFRQX2M)              0.00       0.00 r
  library hold time                                      -0.36      -0.36
  data required time                                                -0.36
  --------------------------------------------------------------------------
  data required time                                                -0.36
  data arrival time                                                 -0.71
  --------------------------------------------------------------------------
  slack (MET)                                                        1.07


  Startpoint: U0_RegFile/regArr_reg[6][7]
              (rising edge-triggered flip-flop clocked by REG_CLK)
  Endpoint: U0_RegFile/regArr_reg[7][0]
            (rising edge-triggered flip-flop clocked by REG_CLK)
  Path Group: REG_CLK
  Path Type: min

  Des/Clust/Port     Wire Load Model       Library
  ------------------------------------------------
  System_Top         tsmc13_wl30           scmetro_tsmc_cl013g_rvt_ss_1p08v_125c

  Point                                                   Incr       Path
  --------------------------------------------------------------------------
  clock REG_CLK (rise edge)                               0.00       0.00
  clock network delay (ideal)                             0.00       0.00
  U0_RegFile/regArr_reg[6][7]/CK (SDFFRQX2M)              0.00       0.00 r
  U0_RegFile/regArr_reg[6][7]/Q (SDFFRQX2M)               0.71       0.71 f
  U0_RegFile/regArr_reg[7][0]/SI (SDFFRQX2M)              0.00       0.71 f
  data arrival time                                                  0.71

  clock REG_CLK (rise edge)                               0.00       0.00
  clock network delay (ideal)                             0.00       0.00
  U0_RegFile/regArr_reg[7][0]/CK (SDFFRQX2M)              0.00       0.00 r
  library hold time                                      -0.36      -0.36
  data required time                                                -0.36
  --------------------------------------------------------------------------
  data required time                                                -0.36
  data arrival time                                                 -0.71
  --------------------------------------------------------------------------
  slack (MET)                                                        1.07


1
