 
****************************************
Report : timing
        -path full
        -delay max
        -max_paths 100
Design : System_Top
Version: O-2018.06-SP1
Date   : Thu Aug 27 00:08:27 2026
****************************************

Operating Conditions: scmetro_tsmc_cl013g_rvt_ss_1p08v_125c   Library: scmetro_tsmc_cl013g_rvt_ss_1p08v_125c
Wire Load Model Mode: top

  Startpoint: U0_RegFile/regArr_reg[1][7]
              (rising edge-triggered flip-flop clocked by REG_CLK)
  Endpoint: U0_ALU/ALU_OUT_reg[0]
            (rising edge-triggered flip-flop clocked by ALU_CLK)
  Path Group: ALU_CLK
  Path Type: max

  Des/Clust/Port     Wire Load Model       Library
  ------------------------------------------------
  System_Top         tsmc13_wl30           scmetro_tsmc_cl013g_rvt_ss_1p08v_125c

  Point                                                   Incr       Path
  --------------------------------------------------------------------------
  clock REG_CLK (rise edge)                               0.00       0.00
  clock network delay (ideal)                             0.00       0.00
  U0_RegFile/regArr_reg[1][7]/CK (SDFFRQX2M)              0.00       0.00 r
  U0_RegFile/regArr_reg[1][7]/Q (SDFFRQX2M)               0.62       0.62 f
  U0_RegFile/U166/Y (INVXLM)                              0.62       1.24 r
  U0_RegFile/U167/Y (INVX6M)                              0.58       1.82 f
  U0_RegFile/REG1[7] (RegFile_test_1)                     0.00       1.82 f
  U0_ALU/B[7] (ALU_test_1)                                0.00       1.82 f
  U0_ALU/div_51/b[7] (ALU_DW_div_uns_0)                   0.00       1.82 f
  U0_ALU/div_51/U2/Y (NOR2X4M)                            0.71       2.54 r
  U0_ALU/div_51/U61/Y (AND3X1M)                           0.77       3.31 r
  U0_ALU/div_51/U23/Y (AND2X2M)                           0.71       4.01 r
  U0_ALU/div_51/U60/Y (AND4X1M)                           0.80       4.82 r
  U0_ALU/div_51/U48/Y (CLKMX2X2M)                         0.62       5.44 r
  U0_ALU/div_51/u_div/u_fa_PartRem_0_6_1/CO (ADDFX2M)     0.71       6.15 r
  U0_ALU/div_51/U22/Y (AND3X2M)                           0.73       6.89 r
  U0_ALU/div_51/U50/Y (CLKMX2X2M)                         0.63       7.51 r
  U0_ALU/div_51/u_div/u_fa_PartRem_0_5_1/CO (ADDFX2M)     0.72       8.23 r
  U0_ALU/div_51/u_div/u_fa_PartRem_0_5_2/CO (ADDFX2M)     0.46       8.69 r
  U0_ALU/div_51/U7/Y (AND2X2M)                            0.86       9.55 r
  U0_ALU/div_51/U52/Y (CLKMX2X2M)                         0.71      10.25 f
  U0_ALU/div_51/u_div/u_fa_PartRem_0_4_1/CO (ADDFX2M)     0.73      10.98 f
  U0_ALU/div_51/u_div/u_fa_PartRem_0_4_2/CO (ADDFX2M)     0.51      11.49 f
  U0_ALU/div_51/u_div/u_fa_PartRem_0_4_3/CO (ADDFX2M)     0.50      11.99 f
  U0_ALU/div_51/U4/Y (CLKAND2X4M)                         0.67      12.66 f
  U0_ALU/div_51/U54/Y (CLKMX2X2M)                         0.71      13.37 r
  U0_ALU/div_51/u_div/u_fa_PartRem_0_3_1/CO (ADDFX2M)     0.72      14.09 r
  U0_ALU/div_51/u_div/u_fa_PartRem_0_3_2/CO (ADDFX2M)     0.47      14.56 r
  U0_ALU/div_51/u_div/u_fa_PartRem_0_3_3/CO (ADDFX2M)     0.47      15.03 r
  U0_ALU/div_51/u_div/u_fa_PartRem_0_3_4/CO (ADDFX2M)     0.46      15.49 r
  U0_ALU/div_51/U3/Y (AND3X4M)                            0.76      16.25 r
  U0_ALU/div_51/U56/Y (CLKMX2X2M)                         0.69      16.94 f
  U0_ALU/div_51/u_div/u_fa_PartRem_0_2_1/CO (ADDFX2M)     0.73      17.67 f
  U0_ALU/div_51/u_div/u_fa_PartRem_0_2_2/CO (ADDFX2M)     0.51      18.18 f
  U0_ALU/div_51/u_div/u_fa_PartRem_0_2_3/CO (ADDFX2M)     0.51      18.68 f
  U0_ALU/div_51/u_div/u_fa_PartRem_0_2_4/CO (ADDFX2M)     0.51      19.19 f
  U0_ALU/div_51/u_div/u_fa_PartRem_0_2_5/CO (ADDFX2M)     0.50      19.69 f
  U0_ALU/div_51/U5/Y (CLKAND2X4M)                         0.87      20.56 f
  U0_ALU/div_51/U58/Y (CLKMX2X2M)                         0.77      21.33 f
  U0_ALU/div_51/u_div/u_fa_PartRem_0_1_1/CO (ADDFX2M)     0.73      22.06 f
  U0_ALU/div_51/u_div/u_fa_PartRem_0_1_2/CO (ADDFX2M)     0.51      22.57 f
  U0_ALU/div_51/u_div/u_fa_PartRem_0_1_3/CO (ADDFX2M)     0.51      23.08 f
  U0_ALU/div_51/u_div/u_fa_PartRem_0_1_4/CO (ADDFX2M)     0.51      23.58 f
  U0_ALU/div_51/u_div/u_fa_PartRem_0_1_5/CO (ADDFX2M)     0.51      24.09 f
  U0_ALU/div_51/u_div/u_fa_PartRem_0_1_6/CO (ADDFX2M)     0.50      24.59 f
  U0_ALU/div_51/U6/Y (CLKAND2X4M)                         0.98      25.57 f
  U0_ALU/div_51/U59/Y (CLKMX2X2M)                         0.62      26.19 f
  U0_ALU/div_51/u_div/u_fa_PartRem_0_0_1/CO (ADDFX2M)     0.66      26.85 f
  U0_ALU/div_51/u_div/u_fa_PartRem_0_0_2/CO (ADDFX2M)     0.51      27.36 f
  U0_ALU/div_51/u_div/u_fa_PartRem_0_0_3/CO (ADDFX2M)     0.51      27.86 f
  U0_ALU/div_51/u_div/u_fa_PartRem_0_0_4/CO (ADDFX2M)     0.51      28.37 f
  U0_ALU/div_51/u_div/u_fa_PartRem_0_0_5/CO (ADDFX2M)     0.51      28.88 f
  U0_ALU/div_51/u_div/u_fa_PartRem_0_0_6/CO (ADDFX2M)     0.51      29.38 f
  U0_ALU/div_51/u_div/u_fa_PartRem_0_0_7/CO (ADDFX2M)     0.50      29.89 f
  U0_ALU/div_51/quotient[0] (ALU_DW_div_uns_0)            0.00      29.89 f
  U0_ALU/U81/Y (AOI222X2M)                                0.93      30.81 r
  U0_ALU/U78/Y (AOI31X2M)                                 0.51      31.32 f
  U0_ALU/ALU_OUT_reg[0]/D (SDFFRHQX8M)                    0.00      31.32 f
  data arrival time                                                 31.32

  clock ALU_CLK (rise edge)                              50.00      50.00
  clock network delay (ideal)                             0.00      50.00
  U0_ALU/ALU_OUT_reg[0]/CK (SDFFRHQX8M)                   0.00      50.00 r
  library setup time                                     -0.36      49.64
  data required time                                                49.64
  --------------------------------------------------------------------------
  data required time                                                49.64
  data arrival time                                                -31.32
  --------------------------------------------------------------------------
  slack (MET)                                                       18.32


  Startpoint: U0_RegFile/regArr_reg[1][7]
              (rising edge-triggered flip-flop clocked by REG_CLK)
  Endpoint: U0_ALU/ALU_OUT_reg[1]
            (rising edge-triggered flip-flop clocked by ALU_CLK)
  Path Group: ALU_CLK
  Path Type: max

  Des/Clust/Port     Wire Load Model       Library
  ------------------------------------------------
  System_Top         tsmc13_wl30           scmetro_tsmc_cl013g_rvt_ss_1p08v_125c

  Point                                                   Incr       Path
  --------------------------------------------------------------------------
  clock REG_CLK (rise edge)                               0.00       0.00
  clock network delay (ideal)                             0.00       0.00
  U0_RegFile/regArr_reg[1][7]/CK (SDFFRQX2M)              0.00       0.00 r
  U0_RegFile/regArr_reg[1][7]/Q (SDFFRQX2M)               0.62       0.62 f
  U0_RegFile/U166/Y (INVXLM)                              0.62       1.24 r
  U0_RegFile/U167/Y (INVX6M)                              0.58       1.82 f
  U0_RegFile/REG1[7] (RegFile_test_1)                     0.00       1.82 f
  U0_ALU/B[7] (ALU_test_1)                                0.00       1.82 f
  U0_ALU/div_51/b[7] (ALU_DW_div_uns_0)                   0.00       1.82 f
  U0_ALU/div_51/U2/Y (NOR2X4M)                            0.71       2.54 r
  U0_ALU/div_51/U61/Y (AND3X1M)                           0.77       3.31 r
  U0_ALU/div_51/U23/Y (AND2X2M)                           0.71       4.01 r
  U0_ALU/div_51/U60/Y (AND4X1M)                           0.80       4.82 r
  U0_ALU/div_51/U48/Y (CLKMX2X2M)                         0.62       5.44 r
  U0_ALU/div_51/u_div/u_fa_PartRem_0_6_1/CO (ADDFX2M)     0.71       6.15 r
  U0_ALU/div_51/U22/Y (AND3X2M)                           0.73       6.89 r
  U0_ALU/div_51/U50/Y (CLKMX2X2M)                         0.63       7.51 r
  U0_ALU/div_51/u_div/u_fa_PartRem_0_5_1/CO (ADDFX2M)     0.72       8.23 r
  U0_ALU/div_51/u_div/u_fa_PartRem_0_5_2/CO (ADDFX2M)     0.46       8.69 r
  U0_ALU/div_51/U7/Y (AND2X2M)                            0.86       9.55 r
  U0_ALU/div_51/U52/Y (CLKMX2X2M)                         0.71      10.25 f
  U0_ALU/div_51/u_div/u_fa_PartRem_0_4_1/CO (ADDFX2M)     0.73      10.98 f
  U0_ALU/div_51/u_div/u_fa_PartRem_0_4_2/CO (ADDFX2M)     0.51      11.49 f
  U0_ALU/div_51/u_div/u_fa_PartRem_0_4_3/CO (ADDFX2M)     0.50      11.99 f
  U0_ALU/div_51/U4/Y (CLKAND2X4M)                         0.67      12.66 f
  U0_ALU/div_51/U54/Y (CLKMX2X2M)                         0.71      13.37 r
  U0_ALU/div_51/u_div/u_fa_PartRem_0_3_1/CO (ADDFX2M)     0.72      14.09 r
  U0_ALU/div_51/u_div/u_fa_PartRem_0_3_2/CO (ADDFX2M)     0.47      14.56 r
  U0_ALU/div_51/u_div/u_fa_PartRem_0_3_3/CO (ADDFX2M)     0.47      15.03 r
  U0_ALU/div_51/u_div/u_fa_PartRem_0_3_4/CO (ADDFX2M)     0.46      15.49 r
  U0_ALU/div_51/U3/Y (AND3X4M)                            0.76      16.25 r
  U0_ALU/div_51/U56/Y (CLKMX2X2M)                         0.69      16.94 f
  U0_ALU/div_51/u_div/u_fa_PartRem_0_2_1/CO (ADDFX2M)     0.73      17.67 f
  U0_ALU/div_51/u_div/u_fa_PartRem_0_2_2/CO (ADDFX2M)     0.51      18.18 f
  U0_ALU/div_51/u_div/u_fa_PartRem_0_2_3/CO (ADDFX2M)     0.51      18.68 f
  U0_ALU/div_51/u_div/u_fa_PartRem_0_2_4/CO (ADDFX2M)     0.51      19.19 f
  U0_ALU/div_51/u_div/u_fa_PartRem_0_2_5/CO (ADDFX2M)     0.50      19.69 f
  U0_ALU/div_51/U5/Y (CLKAND2X4M)                         0.87      20.56 f
  U0_ALU/div_51/U58/Y (CLKMX2X2M)                         0.77      21.33 f
  U0_ALU/div_51/u_div/u_fa_PartRem_0_1_1/CO (ADDFX2M)     0.73      22.06 f
  U0_ALU/div_51/u_div/u_fa_PartRem_0_1_2/CO (ADDFX2M)     0.51      22.57 f
  U0_ALU/div_51/u_div/u_fa_PartRem_0_1_3/CO (ADDFX2M)     0.51      23.08 f
  U0_ALU/div_51/u_div/u_fa_PartRem_0_1_4/CO (ADDFX2M)     0.51      23.58 f
  U0_ALU/div_51/u_div/u_fa_PartRem_0_1_5/CO (ADDFX2M)     0.51      24.09 f
  U0_ALU/div_51/u_div/u_fa_PartRem_0_1_6/CO (ADDFX2M)     0.50      24.59 f
  U0_ALU/div_51/U6/Y (CLKAND2X4M)                         0.98      25.57 f
  U0_ALU/div_51/quotient[1] (ALU_DW_div_uns_0)            0.00      25.57 f
  U0_ALU/U40/Y (AOI222X2M)                                1.08      26.65 r
  U0_ALU/U48/Y (AOI31X1M)                                 0.69      27.33 f
  U0_ALU/ALU_OUT_reg[1]/D (SDFFRQX2M)                     0.00      27.33 f
  data arrival time                                                 27.33

  clock ALU_CLK (rise edge)                              50.00      50.00
  clock network delay (ideal)                             0.00      50.00
  U0_ALU/ALU_OUT_reg[1]/CK (SDFFRQX2M)                    0.00      50.00 r
  library setup time                                     -0.56      49.44
  data required time                                                49.44
  --------------------------------------------------------------------------
  data required time                                                49.44
  data arrival time                                                -27.33
  --------------------------------------------------------------------------
  slack (MET)                                                       22.11


  Startpoint: U0_RegFile/regArr_reg[1][7]
              (rising edge-triggered flip-flop clocked by REG_CLK)
  Endpoint: U0_ALU/ALU_OUT_reg[2]
            (rising edge-triggered flip-flop clocked by ALU_CLK)
  Path Group: ALU_CLK
  Path Type: max

  Des/Clust/Port     Wire Load Model       Library
  ------------------------------------------------
  System_Top         tsmc13_wl30           scmetro_tsmc_cl013g_rvt_ss_1p08v_125c

  Point                                                   Incr       Path
  --------------------------------------------------------------------------
  clock REG_CLK (rise edge)                               0.00       0.00
  clock network delay (ideal)                             0.00       0.00
  U0_RegFile/regArr_reg[1][7]/CK (SDFFRQX2M)              0.00       0.00 r
  U0_RegFile/regArr_reg[1][7]/Q (SDFFRQX2M)               0.62       0.62 f
  U0_RegFile/U166/Y (INVXLM)                              0.62       1.24 r
  U0_RegFile/U167/Y (INVX6M)                              0.58       1.82 f
  U0_RegFile/REG1[7] (RegFile_test_1)                     0.00       1.82 f
  U0_ALU/B[7] (ALU_test_1)                                0.00       1.82 f
  U0_ALU/div_51/b[7] (ALU_DW_div_uns_0)                   0.00       1.82 f
  U0_ALU/div_51/U2/Y (NOR2X4M)                            0.71       2.54 r
  U0_ALU/div_51/U61/Y (AND3X1M)                           0.77       3.31 r
  U0_ALU/div_51/U23/Y (AND2X2M)                           0.71       4.01 r
  U0_ALU/div_51/U60/Y (AND4X1M)                           0.80       4.82 r
  U0_ALU/div_51/U48/Y (CLKMX2X2M)                         0.62       5.44 r
  U0_ALU/div_51/u_div/u_fa_PartRem_0_6_1/CO (ADDFX2M)     0.71       6.15 r
  U0_ALU/div_51/U22/Y (AND3X2M)                           0.73       6.89 r
  U0_ALU/div_51/U50/Y (CLKMX2X2M)                         0.63       7.51 r
  U0_ALU/div_51/u_div/u_fa_PartRem_0_5_1/CO (ADDFX2M)     0.72       8.23 r
  U0_ALU/div_51/u_div/u_fa_PartRem_0_5_2/CO (ADDFX2M)     0.46       8.69 r
  U0_ALU/div_51/U7/Y (AND2X2M)                            0.86       9.55 r
  U0_ALU/div_51/U52/Y (CLKMX2X2M)                         0.71      10.25 f
  U0_ALU/div_51/u_div/u_fa_PartRem_0_4_1/CO (ADDFX2M)     0.73      10.98 f
  U0_ALU/div_51/u_div/u_fa_PartRem_0_4_2/CO (ADDFX2M)     0.51      11.49 f
  U0_ALU/div_51/u_div/u_fa_PartRem_0_4_3/CO (ADDFX2M)     0.50      11.99 f
  U0_ALU/div_51/U4/Y (CLKAND2X4M)                         0.67      12.66 f
  U0_ALU/div_51/U54/Y (CLKMX2X2M)                         0.71      13.37 r
  U0_ALU/div_51/u_div/u_fa_PartRem_0_3_1/CO (ADDFX2M)     0.72      14.09 r
  U0_ALU/div_51/u_div/u_fa_PartRem_0_3_2/CO (ADDFX2M)     0.47      14.56 r
  U0_ALU/div_51/u_div/u_fa_PartRem_0_3_3/CO (ADDFX2M)     0.47      15.03 r
  U0_ALU/div_51/u_div/u_fa_PartRem_0_3_4/CO (ADDFX2M)     0.46      15.49 r
  U0_ALU/div_51/U3/Y (AND3X4M)                            0.76      16.25 r
  U0_ALU/div_51/U56/Y (CLKMX2X2M)                         0.69      16.94 f
  U0_ALU/div_51/u_div/u_fa_PartRem_0_2_1/CO (ADDFX2M)     0.73      17.67 f
  U0_ALU/div_51/u_div/u_fa_PartRem_0_2_2/CO (ADDFX2M)     0.51      18.18 f
  U0_ALU/div_51/u_div/u_fa_PartRem_0_2_3/CO (ADDFX2M)     0.51      18.68 f
  U0_ALU/div_51/u_div/u_fa_PartRem_0_2_4/CO (ADDFX2M)     0.51      19.19 f
  U0_ALU/div_51/u_div/u_fa_PartRem_0_2_5/CO (ADDFX2M)     0.50      19.69 f
  U0_ALU/div_51/U5/Y (CLKAND2X4M)                         0.87      20.56 f
  U0_ALU/div_51/quotient[2] (ALU_DW_div_uns_0)            0.00      20.56 f
  U0_ALU/U41/Y (AOI222X2M)                                1.05      21.61 r
  U0_ALU/U55/Y (AOI31X1M)                                 0.69      22.30 f
  U0_ALU/ALU_OUT_reg[2]/D (SDFFRQX2M)                     0.00      22.30 f
  data arrival time                                                 22.30

  clock ALU_CLK (rise edge)                              50.00      50.00
  clock network delay (ideal)                             0.00      50.00
  U0_ALU/ALU_OUT_reg[2]/CK (SDFFRQX2M)                    0.00      50.00 r
  library setup time                                     -0.56      49.44
  data required time                                                49.44
  --------------------------------------------------------------------------
  data required time                                                49.44
  data arrival time                                                -22.30
  --------------------------------------------------------------------------
  slack (MET)                                                       27.14


  Startpoint: U0_RegFile/regArr_reg[1][7]
              (rising edge-triggered flip-flop clocked by REG_CLK)
  Endpoint: U0_ALU/ALU_OUT_reg[3]
            (rising edge-triggered flip-flop clocked by ALU_CLK)
  Path Group: ALU_CLK
  Path Type: max

  Des/Clust/Port     Wire Load Model       Library
  ------------------------------------------------
  System_Top         tsmc13_wl30           scmetro_tsmc_cl013g_rvt_ss_1p08v_125c

  Point                                                   Incr       Path
  --------------------------------------------------------------------------
  clock REG_CLK (rise edge)                               0.00       0.00
  clock network delay (ideal)                             0.00       0.00
  U0_RegFile/regArr_reg[1][7]/CK (SDFFRQX2M)              0.00       0.00 r
  U0_RegFile/regArr_reg[1][7]/Q (SDFFRQX2M)               0.62       0.62 f
  U0_RegFile/U166/Y (INVXLM)                              0.62       1.24 r
  U0_RegFile/U167/Y (INVX6M)                              0.58       1.82 f
  U0_RegFile/REG1[7] (RegFile_test_1)                     0.00       1.82 f
  U0_ALU/B[7] (ALU_test_1)                                0.00       1.82 f
  U0_ALU/div_51/b[7] (ALU_DW_div_uns_0)                   0.00       1.82 f
  U0_ALU/div_51/U2/Y (NOR2X4M)                            0.71       2.54 r
  U0_ALU/div_51/U61/Y (AND3X1M)                           0.77       3.31 r
  U0_ALU/div_51/U23/Y (AND2X2M)                           0.71       4.01 r
  U0_ALU/div_51/U60/Y (AND4X1M)                           0.80       4.82 r
  U0_ALU/div_51/U48/Y (CLKMX2X2M)                         0.62       5.44 r
  U0_ALU/div_51/u_div/u_fa_PartRem_0_6_1/CO (ADDFX2M)     0.71       6.15 r
  U0_ALU/div_51/U22/Y (AND3X2M)                           0.73       6.89 r
  U0_ALU/div_51/U50/Y (CLKMX2X2M)                         0.63       7.51 r
  U0_ALU/div_51/u_div/u_fa_PartRem_0_5_1/CO (ADDFX2M)     0.72       8.23 r
  U0_ALU/div_51/u_div/u_fa_PartRem_0_5_2/CO (ADDFX2M)     0.46       8.69 r
  U0_ALU/div_51/U7/Y (AND2X2M)                            0.86       9.55 r
  U0_ALU/div_51/U52/Y (CLKMX2X2M)                         0.71      10.25 f
  U0_ALU/div_51/u_div/u_fa_PartRem_0_4_1/CO (ADDFX2M)     0.73      10.98 f
  U0_ALU/div_51/u_div/u_fa_PartRem_0_4_2/CO (ADDFX2M)     0.51      11.49 f
  U0_ALU/div_51/u_div/u_fa_PartRem_0_4_3/CO (ADDFX2M)     0.50      11.99 f
  U0_ALU/div_51/U4/Y (CLKAND2X4M)                         0.67      12.66 f
  U0_ALU/div_51/U54/Y (CLKMX2X2M)                         0.72      13.38 f
  U0_ALU/div_51/u_div/u_fa_PartRem_0_3_1/CO (ADDFX2M)     0.73      14.11 f
  U0_ALU/div_51/u_div/u_fa_PartRem_0_3_2/CO (ADDFX2M)     0.51      14.62 f
  U0_ALU/div_51/u_div/u_fa_PartRem_0_3_3/CO (ADDFX2M)     0.51      15.12 f
  U0_ALU/div_51/u_div/u_fa_PartRem_0_3_4/CO (ADDFX2M)     0.50      15.63 f
  U0_ALU/div_51/U3/Y (AND3X4M)                            0.50      16.13 f
  U0_ALU/div_51/quotient[3] (ALU_DW_div_uns_0)            0.00      16.13 f
  U0_ALU/U43/Y (AOI222X2M)                                0.94      17.07 r
  U0_ALU/U56/Y (AOI31X1M)                                 0.69      17.76 f
  U0_ALU/ALU_OUT_reg[3]/D (SDFFRQX2M)                     0.00      17.76 f
  data arrival time                                                 17.76

  clock ALU_CLK (rise edge)                              50.00      50.00
  clock network delay (ideal)                             0.00      50.00
  U0_ALU/ALU_OUT_reg[3]/CK (SDFFRQX2M)                    0.00      50.00 r
  library setup time                                     -0.56      49.44
  data required time                                                49.44
  --------------------------------------------------------------------------
  data required time                                                49.44
  data arrival time                                                -17.76
  --------------------------------------------------------------------------
  slack (MET)                                                       31.69


  Startpoint: ALU_FUN[3] (input port clocked by CLK)
  Endpoint: U0_ALU/ALU_OUT_reg[5]
            (rising edge-triggered flip-flop clocked by ALU_CLK)
  Path Group: ALU_CLK
  Path Type: max

  Des/Clust/Port     Wire Load Model       Library
  ------------------------------------------------
  System_Top         tsmc13_wl30           scmetro_tsmc_cl013g_rvt_ss_1p08v_125c

  Point                                                   Incr       Path
  --------------------------------------------------------------------------
  clock CLK (rise edge)                                   0.00       0.00
  clock network delay (ideal)                             0.00       0.00
  input external delay                                   10.00      10.00 r
  ALU_FUN[3] (in)                                         0.18      10.18 r
  U2/Y (BUFX4M)                                           0.86      11.04 r
  U0_ALU/ALU_FUN[3] (ALU_test_1)                          0.00      11.04 r
  U0_ALU/U16/Y (NAND2BX2M)                                0.94      11.98 r
  U0_ALU/U46/Y (OR2X1M)                                   0.80      12.77 r
  U0_ALU/U54/Y (INVX4M)                                   0.64      13.42 f
  U0_ALU/U148/Y (AOI221X2M)                               0.87      14.29 r
  U0_ALU/U145/Y (OAI222X1M)                               0.78      15.07 f
  U0_ALU/U99/Y (AOI221X2M)                                0.93      16.00 r
  U0_ALU/U58/Y (AOI31X1M)                                 0.65      16.65 f
  U0_ALU/ALU_OUT_reg[5]/D (SDFFRHQX8M)                    0.00      16.65 f
  data arrival time                                                 16.65

  clock ALU_CLK (rise edge)                              50.00      50.00
  clock network delay (ideal)                             0.00      50.00
  U0_ALU/ALU_OUT_reg[5]/CK (SDFFRHQX8M)                   0.00      50.00 r
  library setup time                                     -0.41      49.59
  data required time                                                49.59
  --------------------------------------------------------------------------
  data required time                                                49.59
  data arrival time                                                -16.65
  --------------------------------------------------------------------------
  slack (MET)                                                       32.94


  Startpoint: ALU_FUN[3] (input port clocked by CLK)
  Endpoint: U0_ALU/ALU_OUT_reg[4]
            (rising edge-triggered flip-flop clocked by ALU_CLK)
  Path Group: ALU_CLK
  Path Type: max

  Des/Clust/Port     Wire Load Model       Library
  ------------------------------------------------
  System_Top         tsmc13_wl30           scmetro_tsmc_cl013g_rvt_ss_1p08v_125c

  Point                                                   Incr       Path
  --------------------------------------------------------------------------
  clock CLK (rise edge)                                   0.00       0.00
  clock network delay (ideal)                             0.00       0.00
  input external delay                                   10.00      10.00 r
  ALU_FUN[3] (in)                                         0.18      10.18 r
  U2/Y (BUFX4M)                                           0.86      11.04 r
  U0_ALU/ALU_FUN[3] (ALU_test_1)                          0.00      11.04 r
  U0_ALU/U16/Y (NAND2BX2M)                                0.94      11.98 r
  U0_ALU/U46/Y (OR2X1M)                                   0.80      12.77 r
  U0_ALU/U18/Y (INVX4M)                                   0.64      13.42 f
  U0_ALU/U144/Y (AOI221X2M)                               0.87      14.29 r
  U0_ALU/U141/Y (OAI222X1M)                               0.78      15.07 f
  U0_ALU/U94/Y (AOI221X2M)                                0.93      16.00 r
  U0_ALU/U57/Y (AOI31X1M)                                 0.65      16.65 f
  U0_ALU/ALU_OUT_reg[4]/D (SDFFRHQX8M)                    0.00      16.65 f
  data arrival time                                                 16.65

  clock ALU_CLK (rise edge)                              50.00      50.00
  clock network delay (ideal)                             0.00      50.00
  U0_ALU/ALU_OUT_reg[4]/CK (SDFFRHQX8M)                   0.00      50.00 r
  library setup time                                     -0.41      49.59
  data required time                                                49.59
  --------------------------------------------------------------------------
  data required time                                                49.59
  data arrival time                                                -16.65
  --------------------------------------------------------------------------
  slack (MET)                                                       32.94


  Startpoint: ALU_FUN[3] (input port clocked by CLK)
  Endpoint: U0_ALU/ALU_OUT_reg[6]
            (rising edge-triggered flip-flop clocked by ALU_CLK)
  Path Group: ALU_CLK
  Path Type: max

  Des/Clust/Port     Wire Load Model       Library
  ------------------------------------------------
  System_Top         tsmc13_wl30           scmetro_tsmc_cl013g_rvt_ss_1p08v_125c

  Point                                    Incr       Path
  -----------------------------------------------------------
  clock CLK (rise edge)                    0.00       0.00
  clock network delay (ideal)              0.00       0.00
  input external delay                    10.00      10.00 r
  ALU_FUN[3] (in)                          0.18      10.18 r
  U2/Y (BUFX4M)                            0.86      11.04 r
  U0_ALU/ALU_FUN[3] (ALU_test_1)           0.00      11.04 r
  U0_ALU/U16/Y (NAND2BX2M)                 0.94      11.98 r
  U0_ALU/U46/Y (OR2X1M)                    0.80      12.77 r
  U0_ALU/U18/Y (INVX4M)                    0.64      13.42 f
  U0_ALU/U97/Y (AOI221X2M)                 0.87      14.29 r
  U0_ALU/U95/Y (OAI222X1M)                 0.78      15.07 f
  U0_ALU/U103/Y (AOI221X2M)                0.95      16.02 r
  U0_ALU/U100/Y (AOI31X2M)                 0.44      16.46 f
  U0_ALU/ALU_OUT_reg[6]/D (SDFFRQX1M)      0.00      16.46 f
  data arrival time                                  16.46

  clock ALU_CLK (rise edge)               50.00      50.00
  clock network delay (ideal)              0.00      50.00
  U0_ALU/ALU_OUT_reg[6]/CK (SDFFRQX1M)     0.00      50.00 r
  library setup time                      -0.50      49.50
  data required time                                 49.50
  -----------------------------------------------------------
  data required time                                 49.50
  data arrival time                                 -16.46
  -----------------------------------------------------------
  slack (MET)                                        33.04


  Startpoint: ALU_FUN[3] (input port clocked by CLK)
  Endpoint: U0_ALU/ALU_OUT_reg[7]
            (rising edge-triggered flip-flop clocked by ALU_CLK)
  Path Group: ALU_CLK
  Path Type: max

  Des/Clust/Port     Wire Load Model       Library
  ------------------------------------------------
  System_Top         tsmc13_wl30           scmetro_tsmc_cl013g_rvt_ss_1p08v_125c

  Point                                                   Incr       Path
  --------------------------------------------------------------------------
  clock CLK (rise edge)                                   0.00       0.00
  clock network delay (ideal)                             0.00       0.00
  input external delay                                   10.00      10.00 r
  ALU_FUN[3] (in)                                         0.18      10.18 r
  U2/Y (BUFX4M)                                           0.86      11.04 r
  U0_ALU/ALU_FUN[3] (ALU_test_1)                          0.00      11.04 r
  U0_ALU/U16/Y (NAND2BX2M)                                0.94      11.98 r
  U0_ALU/U46/Y (OR2X1M)                                   0.80      12.77 r
  U0_ALU/U54/Y (INVX4M)                                   0.64      13.42 f
  U0_ALU/U152/Y (AOI221X2M)                               0.87      14.29 r
  U0_ALU/U149/Y (OAI222X1M)                               0.78      15.07 f
  U0_ALU/U107/Y (AOI221X2M)                               0.95      16.02 r
  U0_ALU/U104/Y (AOI31X2M)                                0.45      16.47 f
  U0_ALU/ALU_OUT_reg[7]/D (SDFFRHQX1M)                    0.00      16.47 f
  data arrival time                                                 16.47

  clock ALU_CLK (rise edge)                              50.00      50.00
  clock network delay (ideal)                             0.00      50.00
  U0_ALU/ALU_OUT_reg[7]/CK (SDFFRHQX1M)                   0.00      50.00 r
  library setup time                                     -0.32      49.68
  data required time                                                49.68
  --------------------------------------------------------------------------
  data required time                                                49.68
  data arrival time                                                -16.47
  --------------------------------------------------------------------------
  slack (MET)                                                       33.21


  Startpoint: ALU_Enable (input port clocked by CLK)
  Endpoint: U0_ALU/OUT_VALID_reg
            (rising edge-triggered flip-flop clocked by ALU_CLK)
  Path Group: ALU_CLK
  Path Type: max

  Des/Clust/Port     Wire Load Model       Library
  ------------------------------------------------
  System_Top         tsmc13_wl30           scmetro_tsmc_cl013g_rvt_ss_1p08v_125c

  Point                                    Incr       Path
  -----------------------------------------------------------
  clock CLK (rise edge)                    0.00       0.00
  clock network delay (ideal)              0.00       0.00
  input external delay                    10.00      10.00 r
  ALU_Enable (in)                          0.36      10.36 r
  U0_ALU/Enable (ALU_test_1)               0.00      10.36 r
  U0_ALU/OUT_VALID_reg/D (SDFFRQX2M)       0.00      10.36 r
  data arrival time                                  10.36

  clock ALU_CLK (rise edge)               50.00      50.00
  clock network delay (ideal)              0.00      50.00
  U0_ALU/OUT_VALID_reg/CK (SDFFRQX2M)      0.00      50.00 r
  library setup time                      -0.36      49.64
  data required time                                 49.64
  -----------------------------------------------------------
  data required time                                 49.64
  data arrival time                                 -10.36
  -----------------------------------------------------------
  slack (MET)                                        39.28


  Startpoint: U0_ALU/ALU_OUT_reg[6]
              (rising edge-triggered flip-flop clocked by ALU_CLK)
  Endpoint: U0_ALU/OUT_VALID_reg
            (rising edge-triggered flip-flop clocked by ALU_CLK)
  Path Group: ALU_CLK
  Path Type: max

  Des/Clust/Port     Wire Load Model       Library
  ------------------------------------------------
  System_Top         tsmc13_wl30           scmetro_tsmc_cl013g_rvt_ss_1p08v_125c

  Point                                                   Incr       Path
  --------------------------------------------------------------------------
  clock ALU_CLK (rise edge)                               0.00       0.00
  clock network delay (ideal)                             0.00       0.00
  U0_ALU/ALU_OUT_reg[6]/CK (SDFFRQX1M)                    0.00       0.00 r
  U0_ALU/ALU_OUT_reg[6]/Q (SDFFRQX1M)                     0.59       0.59 f
  U0_ALU/U12/Y (INVXLM)                                   0.65       1.24 r
  U0_ALU/U13/Y (INVX8M)                                   0.66       1.90 f
  U0_ALU/OUT_VALID_reg/SI (SDFFRQX2M)                     0.00       1.90 f
  data arrival time                                                  1.90

  clock ALU_CLK (rise edge)                              50.00      50.00
  clock network delay (ideal)                             0.00      50.00
  U0_ALU/OUT_VALID_reg/CK (SDFFRQX2M)                     0.00      50.00 r
  library setup time                                     -0.64      49.36
  data required time                                                49.36
  --------------------------------------------------------------------------
  data required time                                                49.36
  data arrival time                                                 -1.90
  --------------------------------------------------------------------------
  slack (MET)                                                       47.46


  Startpoint: U0_ALU/ALU_OUT_reg[2]
              (rising edge-triggered flip-flop clocked by ALU_CLK)
  Endpoint: U0_ALU/ALU_OUT_reg[3]
            (rising edge-triggered flip-flop clocked by ALU_CLK)
  Path Group: ALU_CLK
  Path Type: max

  Des/Clust/Port     Wire Load Model       Library
  ------------------------------------------------
  System_Top         tsmc13_wl30           scmetro_tsmc_cl013g_rvt_ss_1p08v_125c

  Point                                                   Incr       Path
  --------------------------------------------------------------------------
  clock ALU_CLK (rise edge)                               0.00       0.00
  clock network delay (ideal)                             0.00       0.00
  U0_ALU/ALU_OUT_reg[2]/CK (SDFFRQX2M)                    0.00       0.00 r
  U0_ALU/ALU_OUT_reg[2]/Q (SDFFRQX2M)                     0.53       0.53 f
  U0_ALU/U8/Y (INVXLM)                                    0.62       1.15 r
  U0_ALU/U9/Y (INVX8M)                                    0.66       1.81 f
  U0_ALU/ALU_OUT_reg[3]/SI (SDFFRQX2M)                    0.00       1.81 f
  data arrival time                                                  1.81

  clock ALU_CLK (rise edge)                              50.00      50.00
  clock network delay (ideal)                             0.00      50.00
  U0_ALU/ALU_OUT_reg[3]/CK (SDFFRQX2M)                    0.00      50.00 r
  library setup time                                     -0.64      49.36
  data required time                                                49.36
  --------------------------------------------------------------------------
  data required time                                                49.36
  data arrival time                                                 -1.81
  --------------------------------------------------------------------------
  slack (MET)                                                       47.55


  Startpoint: U0_ALU/ALU_OUT_reg[1]
              (rising edge-triggered flip-flop clocked by ALU_CLK)
  Endpoint: U0_ALU/ALU_OUT_reg[2]
            (rising edge-triggered flip-flop clocked by ALU_CLK)
  Path Group: ALU_CLK
  Path Type: max

  Des/Clust/Port     Wire Load Model       Library
  ------------------------------------------------
  System_Top         tsmc13_wl30           scmetro_tsmc_cl013g_rvt_ss_1p08v_125c

  Point                                                   Incr       Path
  --------------------------------------------------------------------------
  clock ALU_CLK (rise edge)                               0.00       0.00
  clock network delay (ideal)                             0.00       0.00
  U0_ALU/ALU_OUT_reg[1]/CK (SDFFRQX2M)                    0.00       0.00 r
  U0_ALU/ALU_OUT_reg[1]/Q (SDFFRQX2M)                     0.53       0.53 f
  U0_ALU/U3/Y (INVXLM)                                    0.62       1.15 r
  U0_ALU/U4/Y (INVX8M)                                    0.66       1.81 f
  U0_ALU/ALU_OUT_reg[2]/SI (SDFFRQX2M)                    0.00       1.81 f
  data arrival time                                                  1.81

  clock ALU_CLK (rise edge)                              50.00      50.00
  clock network delay (ideal)                             0.00      50.00
  U0_ALU/ALU_OUT_reg[2]/CK (SDFFRQX2M)                    0.00      50.00 r
  library setup time                                     -0.64      49.36
  data required time                                                49.36
  --------------------------------------------------------------------------
  data required time                                                49.36
  data arrival time                                                 -1.81
  --------------------------------------------------------------------------
  slack (MET)                                                       47.55


  Startpoint: U0_ALU/ALU_OUT_reg[3]
              (rising edge-triggered flip-flop clocked by ALU_CLK)
  Endpoint: U0_ALU/ALU_OUT_reg[4]
            (rising edge-triggered flip-flop clocked by ALU_CLK)
  Path Group: ALU_CLK
  Path Type: max

  Des/Clust/Port     Wire Load Model       Library
  ------------------------------------------------
  System_Top         tsmc13_wl30           scmetro_tsmc_cl013g_rvt_ss_1p08v_125c

  Point                                                   Incr       Path
  --------------------------------------------------------------------------
  clock ALU_CLK (rise edge)                               0.00       0.00
  clock network delay (ideal)                             0.00       0.00
  U0_ALU/ALU_OUT_reg[3]/CK (SDFFRQX2M)                    0.00       0.00 r
  U0_ALU/ALU_OUT_reg[3]/Q (SDFFRQX2M)                     0.53       0.53 f
  U0_ALU/U10/Y (INVXLM)                                   0.62       1.15 r
  U0_ALU/U11/Y (INVX8M)                                   0.66       1.81 f
  U0_ALU/ALU_OUT_reg[4]/SI (SDFFRHQX8M)                   0.00       1.81 f
  data arrival time                                                  1.81

  clock ALU_CLK (rise edge)                              50.00      50.00
  clock network delay (ideal)                             0.00      50.00
  U0_ALU/ALU_OUT_reg[4]/CK (SDFFRHQX8M)                   0.00      50.00 r
  library setup time                                     -0.60      49.40
  data required time                                                49.40
  --------------------------------------------------------------------------
  data required time                                                49.40
  data arrival time                                                 -1.81
  --------------------------------------------------------------------------
  slack (MET)                                                       47.59


  Startpoint: U0_ALU/ALU_OUT_reg[5]
              (rising edge-triggered flip-flop clocked by ALU_CLK)
  Endpoint: U0_ALU/ALU_OUT_reg[6]
            (rising edge-triggered flip-flop clocked by ALU_CLK)
  Path Group: ALU_CLK
  Path Type: max

  Des/Clust/Port     Wire Load Model       Library
  ------------------------------------------------
  System_Top         tsmc13_wl30           scmetro_tsmc_cl013g_rvt_ss_1p08v_125c

  Point                                                   Incr       Path
  --------------------------------------------------------------------------
  clock ALU_CLK (rise edge)                               0.00       0.00
  clock network delay (ideal)                             0.00       0.00
  U0_ALU/ALU_OUT_reg[5]/CK (SDFFRHQX8M)                   0.00       0.00 r
  U0_ALU/ALU_OUT_reg[5]/Q (SDFFRHQX8M)                    1.14       1.14 r
  U0_ALU/ALU_OUT_reg[6]/SI (SDFFRQX1M)                    0.00       1.14 r
  data arrival time                                                  1.14

  clock ALU_CLK (rise edge)                              50.00      50.00
  clock network delay (ideal)                             0.00      50.00
  U0_ALU/ALU_OUT_reg[6]/CK (SDFFRQX1M)                    0.00      50.00 r
  library setup time                                     -0.47      49.53
  data required time                                                49.53
  --------------------------------------------------------------------------
  data required time                                                49.53
  data arrival time                                                 -1.14
  --------------------------------------------------------------------------
  slack (MET)                                                       48.39


  Startpoint: U0_ALU/ALU_OUT_reg[0]
              (rising edge-triggered flip-flop clocked by ALU_CLK)
  Endpoint: U0_ALU/ALU_OUT_reg[1]
            (rising edge-triggered flip-flop clocked by ALU_CLK)
  Path Group: ALU_CLK
  Path Type: max

  Des/Clust/Port     Wire Load Model       Library
  ------------------------------------------------
  System_Top         tsmc13_wl30           scmetro_tsmc_cl013g_rvt_ss_1p08v_125c

  Point                                                   Incr       Path
  --------------------------------------------------------------------------
  clock ALU_CLK (rise edge)                               0.00       0.00
  clock network delay (ideal)                             0.00       0.00
  U0_ALU/ALU_OUT_reg[0]/CK (SDFFRHQX8M)                   0.00       0.00 r
  U0_ALU/ALU_OUT_reg[0]/Q (SDFFRHQX8M)                    1.14       1.14 r
  U0_ALU/ALU_OUT_reg[1]/SI (SDFFRQX2M)                    0.00       1.14 r
  data arrival time                                                  1.14

  clock ALU_CLK (rise edge)                              50.00      50.00
  clock network delay (ideal)                             0.00      50.00
  U0_ALU/ALU_OUT_reg[1]/CK (SDFFRQX2M)                    0.00      50.00 r
  library setup time                                     -0.46      49.54
  data required time                                                49.54
  --------------------------------------------------------------------------
  data required time                                                49.54
  data arrival time                                                 -1.14
  --------------------------------------------------------------------------
  slack (MET)                                                       48.40


  Startpoint: U0_ALU/ALU_OUT_reg[4]
              (rising edge-triggered flip-flop clocked by ALU_CLK)
  Endpoint: U0_ALU/ALU_OUT_reg[5]
            (rising edge-triggered flip-flop clocked by ALU_CLK)
  Path Group: ALU_CLK
  Path Type: max

  Des/Clust/Port     Wire Load Model       Library
  ------------------------------------------------
  System_Top         tsmc13_wl30           scmetro_tsmc_cl013g_rvt_ss_1p08v_125c

  Point                                                   Incr       Path
  --------------------------------------------------------------------------
  clock ALU_CLK (rise edge)                               0.00       0.00
  clock network delay (ideal)                             0.00       0.00
  U0_ALU/ALU_OUT_reg[4]/CK (SDFFRHQX8M)                   0.00       0.00 r
  U0_ALU/ALU_OUT_reg[4]/Q (SDFFRHQX8M)                    1.15       1.15 r
  U0_ALU/ALU_OUT_reg[5]/SI (SDFFRHQX8M)                   0.00       1.15 r
  data arrival time                                                  1.15

  clock ALU_CLK (rise edge)                              50.00      50.00
  clock network delay (ideal)                             0.00      50.00
  U0_ALU/ALU_OUT_reg[5]/CK (SDFFRHQX8M)                   0.00      50.00 r
  library setup time                                     -0.37      49.63
  data required time                                                49.63
  --------------------------------------------------------------------------
  data required time                                                49.63
  data arrival time                                                 -1.15
  --------------------------------------------------------------------------
  slack (MET)                                                       48.48


  Startpoint: U0_RegFile/regArr_reg[5][6]
              (rising edge-triggered flip-flop clocked by REG_CLK)
  Endpoint: U0_ALU/ALU_OUT_reg[7]
            (rising edge-triggered flip-flop clocked by ALU_CLK)
  Path Group: ALU_CLK
  Path Type: max

  Des/Clust/Port     Wire Load Model       Library
  ------------------------------------------------
  System_Top         tsmc13_wl30           scmetro_tsmc_cl013g_rvt_ss_1p08v_125c

  Point                                                   Incr       Path
  --------------------------------------------------------------------------
  clock REG_CLK (rise edge)                               0.00       0.00
  clock network delay (ideal)                             0.00       0.00
  U0_RegFile/regArr_reg[5][6]/CK (SDFFRQX2M)              0.00       0.00 r
  U0_RegFile/regArr_reg[5][6]/Q (SDFFRQX2M)               0.71       0.71 f
  U0_RegFile/test_so1 (RegFile_test_1)                    0.00       0.71 f
  U0_ALU/test_si2 (ALU_test_1)                            0.00       0.71 f
  U0_ALU/ALU_OUT_reg[7]/SI (SDFFRHQX1M)                   0.00       0.71 f
  data arrival time                                                  0.71

  clock ALU_CLK (rise edge)                              50.00      50.00
  clock network delay (ideal)                             0.00      50.00
  U0_ALU/ALU_OUT_reg[7]/CK (SDFFRHQX1M)                   0.00      50.00 r
  library setup time                                     -0.49      49.51
  data required time                                                49.51
  --------------------------------------------------------------------------
  data required time                                                49.51
  data arrival time                                                 -0.71
  --------------------------------------------------------------------------
  slack (MET)                                                       48.80


  Startpoint: CLKDIV_EN (input port clocked by CLK)
  Endpoint: U0_ClkDiv/count_reg[6]
            (rising edge-triggered flip-flop clocked by CLK)
  Path Group: CLK
  Path Type: max

  Des/Clust/Port     Wire Load Model       Library
  ------------------------------------------------
  System_Top         tsmc13_wl30           scmetro_tsmc_cl013g_rvt_ss_1p08v_125c

  Point                                                   Incr       Path
  --------------------------------------------------------------------------
  clock CLK (rise edge)                                   0.00       0.00
  clock network delay (ideal)                             0.00       0.00
  input external delay                                   10.00      10.00 f
  CLKDIV_EN (in)                                          0.11      10.11 f
  U0_ClkDiv/i_clk_en (ClkDiv_test_1)                      0.00      10.11 f
  U0_ClkDiv/U38/Y (OAI21X2M)                              0.25      10.36 r
  U0_ClkDiv/U37/Y (CLKBUFX6M)                             0.88      11.24 r
  U0_ClkDiv/U48/Y (CLKINVX1M)                             0.89      12.13 f
  U0_ClkDiv/U11/Y (AND3X4M)                               0.72      12.85 f
  U0_ClkDiv/U31/Y (AO22XLM)                               0.76      13.61 f
  U0_ClkDiv/count_reg[6]/D (SDFFRQX2M)                    0.00      13.61 f
  data arrival time                                                 13.61

  clock CLK (rise edge)                                  50.00      50.00
  clock network delay (ideal)                             0.00      50.00
  clock uncertainty                                      -0.20      49.80
  U0_ClkDiv/count_reg[6]/CK (SDFFRQX2M)                   0.00      49.80 r
  library setup time                                     -0.50      49.30
  data required time                                                49.30
  --------------------------------------------------------------------------
  data required time                                                49.30
  data arrival time                                                -13.61
  --------------------------------------------------------------------------
  slack (MET)                                                       35.69


  Startpoint: CLKDIV_EN (input port clocked by CLK)
  Endpoint: U0_ClkDiv/count_reg[3]
            (rising edge-triggered flip-flop clocked by CLK)
  Path Group: CLK
  Path Type: max

  Des/Clust/Port     Wire Load Model       Library
  ------------------------------------------------
  System_Top         tsmc13_wl30           scmetro_tsmc_cl013g_rvt_ss_1p08v_125c

  Point                                                   Incr       Path
  --------------------------------------------------------------------------
  clock CLK (rise edge)                                   0.00       0.00
  clock network delay (ideal)                             0.00       0.00
  input external delay                                   10.00      10.00 f
  CLKDIV_EN (in)                                          0.11      10.11 f
  U0_ClkDiv/i_clk_en (ClkDiv_test_1)                      0.00      10.11 f
  U0_ClkDiv/U38/Y (OAI21X2M)                              0.25      10.36 r
  U0_ClkDiv/U37/Y (CLKBUFX6M)                             0.88      11.24 r
  U0_ClkDiv/U48/Y (CLKINVX1M)                             0.89      12.13 f
  U0_ClkDiv/U11/Y (AND3X4M)                               0.72      12.85 f
  U0_ClkDiv/U30/Y (AO22XLM)                               0.76      13.61 f
  U0_ClkDiv/count_reg[3]/D (SDFFRQX2M)                    0.00      13.61 f
  data arrival time                                                 13.61

  clock CLK (rise edge)                                  50.00      50.00
  clock network delay (ideal)                             0.00      50.00
  clock uncertainty                                      -0.20      49.80
  U0_ClkDiv/count_reg[3]/CK (SDFFRQX2M)                   0.00      49.80 r
  library setup time                                     -0.50      49.30
  data required time                                                49.30
  --------------------------------------------------------------------------
  data required time                                                49.30
  data arrival time                                                -13.61
  --------------------------------------------------------------------------
  slack (MET)                                                       35.69


  Startpoint: CLKDIV_EN (input port clocked by CLK)
  Endpoint: U0_ClkDiv/count_reg[5]
            (rising edge-triggered flip-flop clocked by CLK)
  Path Group: CLK
  Path Type: max

  Des/Clust/Port     Wire Load Model       Library
  ------------------------------------------------
  System_Top         tsmc13_wl30           scmetro_tsmc_cl013g_rvt_ss_1p08v_125c

  Point                                                   Incr       Path
  --------------------------------------------------------------------------
  clock CLK (rise edge)                                   0.00       0.00
  clock network delay (ideal)                             0.00       0.00
  input external delay                                   10.00      10.00 f
  CLKDIV_EN (in)                                          0.11      10.11 f
  U0_ClkDiv/i_clk_en (ClkDiv_test_1)                      0.00      10.11 f
  U0_ClkDiv/U38/Y (OAI21X2M)                              0.25      10.36 r
  U0_ClkDiv/U37/Y (CLKBUFX6M)                             0.88      11.24 r
  U0_ClkDiv/U48/Y (CLKINVX1M)                             0.89      12.13 f
  U0_ClkDiv/U11/Y (AND3X4M)                               0.72      12.85 f
  U0_ClkDiv/U27/Y (AO22XLM)                               0.76      13.61 f
  U0_ClkDiv/count_reg[5]/D (SDFFRQX2M)                    0.00      13.61 f
  data arrival time                                                 13.61

  clock CLK (rise edge)                                  50.00      50.00
  clock network delay (ideal)                             0.00      50.00
  clock uncertainty                                      -0.20      49.80
  U0_ClkDiv/count_reg[5]/CK (SDFFRQX2M)                   0.00      49.80 r
  library setup time                                     -0.50      49.30
  data required time                                                49.30
  --------------------------------------------------------------------------
  data required time                                                49.30
  data arrival time                                                -13.61
  --------------------------------------------------------------------------
  slack (MET)                                                       35.69


  Startpoint: CLKDIV_EN (input port clocked by CLK)
  Endpoint: U0_ClkDiv/count_reg[4]
            (rising edge-triggered flip-flop clocked by CLK)
  Path Group: CLK
  Path Type: max

  Des/Clust/Port     Wire Load Model       Library
  ------------------------------------------------
  System_Top         tsmc13_wl30           scmetro_tsmc_cl013g_rvt_ss_1p08v_125c

  Point                                                   Incr       Path
  --------------------------------------------------------------------------
  clock CLK (rise edge)                                   0.00       0.00
  clock network delay (ideal)                             0.00       0.00
  input external delay                                   10.00      10.00 f
  CLKDIV_EN (in)                                          0.11      10.11 f
  U0_ClkDiv/i_clk_en (ClkDiv_test_1)                      0.00      10.11 f
  U0_ClkDiv/U38/Y (OAI21X2M)                              0.25      10.36 r
  U0_ClkDiv/U37/Y (CLKBUFX6M)                             0.88      11.24 r
  U0_ClkDiv/U48/Y (CLKINVX1M)                             0.89      12.13 f
  U0_ClkDiv/U11/Y (AND3X4M)                               0.72      12.85 f
  U0_ClkDiv/U26/Y (AO22XLM)                               0.76      13.61 f
  U0_ClkDiv/count_reg[4]/D (SDFFRQX2M)                    0.00      13.61 f
  data arrival time                                                 13.61

  clock CLK (rise edge)                                  50.00      50.00
  clock network delay (ideal)                             0.00      50.00
  clock uncertainty                                      -0.20      49.80
  U0_ClkDiv/count_reg[4]/CK (SDFFRQX2M)                   0.00      49.80 r
  library setup time                                     -0.50      49.30
  data required time                                                49.30
  --------------------------------------------------------------------------
  data required time                                                49.30
  data arrival time                                                -13.61
  --------------------------------------------------------------------------
  slack (MET)                                                       35.69


  Startpoint: CLKDIV_EN (input port clocked by CLK)
  Endpoint: U0_ClkDiv/count_reg[2]
            (rising edge-triggered flip-flop clocked by CLK)
  Path Group: CLK
  Path Type: max

  Des/Clust/Port     Wire Load Model       Library
  ------------------------------------------------
  System_Top         tsmc13_wl30           scmetro_tsmc_cl013g_rvt_ss_1p08v_125c

  Point                                                   Incr       Path
  --------------------------------------------------------------------------
  clock CLK (rise edge)                                   0.00       0.00
  clock network delay (ideal)                             0.00       0.00
  input external delay                                   10.00      10.00 f
  CLKDIV_EN (in)                                          0.11      10.11 f
  U0_ClkDiv/i_clk_en (ClkDiv_test_1)                      0.00      10.11 f
  U0_ClkDiv/U38/Y (OAI21X2M)                              0.25      10.36 r
  U0_ClkDiv/U37/Y (CLKBUFX6M)                             0.88      11.24 r
  U0_ClkDiv/U48/Y (CLKINVX1M)                             0.89      12.13 f
  U0_ClkDiv/U11/Y (AND3X4M)                               0.72      12.85 f
  U0_ClkDiv/U29/Y (AO22XLM)                               0.76      13.61 f
  U0_ClkDiv/count_reg[2]/D (SDFFRQX2M)                    0.00      13.61 f
  data arrival time                                                 13.61

  clock CLK (rise edge)                                  50.00      50.00
  clock network delay (ideal)                             0.00      50.00
  clock uncertainty                                      -0.20      49.80
  U0_ClkDiv/count_reg[2]/CK (SDFFRQX2M)                   0.00      49.80 r
  library setup time                                     -0.50      49.30
  data required time                                                49.30
  --------------------------------------------------------------------------
  data required time                                                49.30
  data arrival time                                                -13.61
  --------------------------------------------------------------------------
  slack (MET)                                                       35.69


  Startpoint: CLKDIV_EN (input port clocked by CLK)
  Endpoint: U0_ClkDiv/count_reg[1]
            (rising edge-triggered flip-flop clocked by CLK)
  Path Group: CLK
  Path Type: max

  Des/Clust/Port     Wire Load Model       Library
  ------------------------------------------------
  System_Top         tsmc13_wl30           scmetro_tsmc_cl013g_rvt_ss_1p08v_125c

  Point                                                   Incr       Path
  --------------------------------------------------------------------------
  clock CLK (rise edge)                                   0.00       0.00
  clock network delay (ideal)                             0.00       0.00
  input external delay                                   10.00      10.00 f
  CLKDIV_EN (in)                                          0.11      10.11 f
  U0_ClkDiv/i_clk_en (ClkDiv_test_1)                      0.00      10.11 f
  U0_ClkDiv/U38/Y (OAI21X2M)                              0.25      10.36 r
  U0_ClkDiv/U37/Y (CLKBUFX6M)                             0.88      11.24 r
  U0_ClkDiv/U48/Y (CLKINVX1M)                             0.89      12.13 f
  U0_ClkDiv/U11/Y (AND3X4M)                               0.72      12.85 f
  U0_ClkDiv/U28/Y (AO22XLM)                               0.76      13.61 f
  U0_ClkDiv/count_reg[1]/D (SDFFRQX2M)                    0.00      13.61 f
  data arrival time                                                 13.61

  clock CLK (rise edge)                                  50.00      50.00
  clock network delay (ideal)                             0.00      50.00
  clock uncertainty                                      -0.20      49.80
  U0_ClkDiv/count_reg[1]/CK (SDFFRQX2M)                   0.00      49.80 r
  library setup time                                     -0.50      49.30
  data required time                                                49.30
  --------------------------------------------------------------------------
  data required time                                                49.30
  data arrival time                                                -13.61
  --------------------------------------------------------------------------
  slack (MET)                                                       35.69


  Startpoint: CLKDIV_EN (input port clocked by CLK)
  Endpoint: U0_ClkDiv/count_reg[0]
            (rising edge-triggered flip-flop clocked by CLK)
  Path Group: CLK
  Path Type: max

  Des/Clust/Port     Wire Load Model       Library
  ------------------------------------------------
  System_Top         tsmc13_wl30           scmetro_tsmc_cl013g_rvt_ss_1p08v_125c

  Point                                                   Incr       Path
  --------------------------------------------------------------------------
  clock CLK (rise edge)                                   0.00       0.00
  clock network delay (ideal)                             0.00       0.00
  input external delay                                   10.00      10.00 f
  CLKDIV_EN (in)                                          0.11      10.11 f
  U0_ClkDiv/i_clk_en (ClkDiv_test_1)                      0.00      10.11 f
  U0_ClkDiv/U38/Y (OAI21X2M)                              0.25      10.36 r
  U0_ClkDiv/U37/Y (CLKBUFX6M)                             0.88      11.24 r
  U0_ClkDiv/U48/Y (CLKINVX1M)                             0.89      12.13 f
  U0_ClkDiv/U11/Y (AND3X4M)                               0.72      12.85 f
  U0_ClkDiv/U47/Y (AO22X1M)                               0.72      13.58 f
  U0_ClkDiv/count_reg[0]/D (SDFFRQX4M)                    0.00      13.58 f
  data arrival time                                                 13.58

  clock CLK (rise edge)                                  50.00      50.00
  clock network delay (ideal)                             0.00      50.00
  clock uncertainty                                      -0.20      49.80
  U0_ClkDiv/count_reg[0]/CK (SDFFRQX4M)                   0.00      49.80 r
  library setup time                                     -0.47      49.33
  data required time                                                49.33
  --------------------------------------------------------------------------
  data required time                                                49.33
  data arrival time                                                -13.58
  --------------------------------------------------------------------------
  slack (MET)                                                       35.76


  Startpoint: CLKDIV_EN (input port clocked by CLK)
  Endpoint: U0_ClkDiv/div_clk_reg
            (rising edge-triggered flip-flop clocked by CLK)
  Path Group: CLK
  Path Type: max

  Des/Clust/Port     Wire Load Model       Library
  ------------------------------------------------
  System_Top         tsmc13_wl30           scmetro_tsmc_cl013g_rvt_ss_1p08v_125c

  Point                                    Incr       Path
  -----------------------------------------------------------
  clock CLK (rise edge)                    0.00       0.00
  clock network delay (ideal)              0.00       0.00
  input external delay                    10.00      10.00 r
  CLKDIV_EN (in)                           0.18      10.18 r
  U0_ClkDiv/i_clk_en (ClkDiv_test_1)       0.00      10.18 r
  U0_ClkDiv/U38/Y (OAI21X2M)               0.27      10.45 f
  U0_ClkDiv/U37/Y (CLKBUFX6M)              0.79      11.23 f
  U0_ClkDiv/U50/Y (AOI21X1M)               0.86      12.09 r
  U0_ClkDiv/U49/Y (CLKXOR2X2M)             0.62      12.72 f
  U0_ClkDiv/div_clk_reg/D (SDFFRQX1M)      0.00      12.72 f
  data arrival time                                  12.72

  clock CLK (rise edge)                   50.00      50.00
  clock network delay (ideal)              0.00      50.00
  clock uncertainty                       -0.20      49.80
  U0_ClkDiv/div_clk_reg/CK (SDFFRQX1M)     0.00      49.80 r
  library setup time                      -0.46      49.34
  data required time                                 49.34
  -----------------------------------------------------------
  data required time                                 49.34
  data arrival time                                 -12.72
  -----------------------------------------------------------
  slack (MET)                                        36.62


  Startpoint: CLKDIV_EN (input port clocked by CLK)
  Endpoint: U0_ClkDiv/odd_edge_tog_reg
            (rising edge-triggered flip-flop clocked by CLK)
  Path Group: CLK
  Path Type: max

  Des/Clust/Port     Wire Load Model       Library
  ------------------------------------------------
  System_Top         tsmc13_wl30           scmetro_tsmc_cl013g_rvt_ss_1p08v_125c

  Point                                                   Incr       Path
  --------------------------------------------------------------------------
  clock CLK (rise edge)                                   0.00       0.00
  clock network delay (ideal)                             0.00       0.00
  input external delay                                   10.00      10.00 r
  CLKDIV_EN (in)                                          0.18      10.18 r
  U0_ClkDiv/i_clk_en (ClkDiv_test_1)                      0.00      10.18 r
  U0_ClkDiv/U38/Y (OAI21X2M)                              0.27      10.45 f
  U0_ClkDiv/U37/Y (CLKBUFX6M)                             0.79      11.23 f
  U0_ClkDiv/U53/Y (OR2X1M)                                0.61      11.84 f
  U0_ClkDiv/U52/Y (XNOR2X1M)                              0.49      12.33 f
  U0_ClkDiv/odd_edge_tog_reg/D (SDFFSQX2M)                0.00      12.33 f
  data arrival time                                                 12.33

  clock CLK (rise edge)                                  50.00      50.00
  clock network delay (ideal)                             0.00      50.00
  clock uncertainty                                      -0.20      49.80
  U0_ClkDiv/odd_edge_tog_reg/CK (SDFFSQX2M)               0.00      49.80 r
  library setup time                                     -0.55      49.25
  data required time                                                49.25
  --------------------------------------------------------------------------
  data required time                                                49.25
  data arrival time                                                -12.33
  --------------------------------------------------------------------------
  slack (MET)                                                       36.93


  Startpoint: U0_RegFile/RdData_reg[7]
              (rising edge-triggered flip-flop clocked by REG_CLK)
  Endpoint: RdData[7] (output port clocked by CLK)
  Path Group: CLK
  Path Type: max

  Des/Clust/Port     Wire Load Model       Library
  ------------------------------------------------
  System_Top         tsmc13_wl30           scmetro_tsmc_cl013g_rvt_ss_1p08v_125c

  Point                                                   Incr       Path
  --------------------------------------------------------------------------
  clock REG_CLK (rise edge)                               0.00       0.00
  clock network delay (ideal)                             0.00       0.00
  U0_RegFile/RdData_reg[7]/CK (SDFFRQX2M)                 0.00       0.00 r
  U0_RegFile/RdData_reg[7]/Q (SDFFRQX2M)                  0.67       0.67 r
  U0_RegFile/U150/Y (INVXLM)                              0.54       1.21 f
  U0_RegFile/U151/Y (INVX8M)                              0.97       2.18 r
  U0_RegFile/RdData[7] (RegFile_test_1)                   0.00       2.18 r
  RdData[7] (out)                                         0.00       2.18 r
  data arrival time                                                  2.18

  clock CLK (rise edge)                                  50.00      50.00
  clock network delay (ideal)                             0.00      50.00
  clock uncertainty                                      -0.20      49.80
  output external delay                                 -10.00      39.80
  data required time                                                39.80
  --------------------------------------------------------------------------
  data required time                                                39.80
  data arrival time                                                 -2.18
  --------------------------------------------------------------------------
  slack (MET)                                                       37.62


  Startpoint: U0_RegFile/RdData_reg[6]
              (rising edge-triggered flip-flop clocked by REG_CLK)
  Endpoint: RdData[6] (output port clocked by CLK)
  Path Group: CLK
  Path Type: max

  Des/Clust/Port     Wire Load Model       Library
  ------------------------------------------------
  System_Top         tsmc13_wl30           scmetro_tsmc_cl013g_rvt_ss_1p08v_125c

  Point                                                   Incr       Path
  --------------------------------------------------------------------------
  clock REG_CLK (rise edge)                               0.00       0.00
  clock network delay (ideal)                             0.00       0.00
  U0_RegFile/RdData_reg[6]/CK (SDFFRQX2M)                 0.00       0.00 r
  U0_RegFile/RdData_reg[6]/Q (SDFFRQX2M)                  0.67       0.67 r
  U0_RegFile/U148/Y (INVXLM)                              0.54       1.21 f
  U0_RegFile/U149/Y (INVX8M)                              0.97       2.18 r
  U0_RegFile/RdData[6] (RegFile_test_1)                   0.00       2.18 r
  RdData[6] (out)                                         0.00       2.18 r
  data arrival time                                                  2.18

  clock CLK (rise edge)                                  50.00      50.00
  clock network delay (ideal)                             0.00      50.00
  clock uncertainty                                      -0.20      49.80
  output external delay                                 -10.00      39.80
  data required time                                                39.80
  --------------------------------------------------------------------------
  data required time                                                39.80
  data arrival time                                                 -2.18
  --------------------------------------------------------------------------
  slack (MET)                                                       37.62


  Startpoint: U0_RegFile/RdData_reg[5]
              (rising edge-triggered flip-flop clocked by REG_CLK)
  Endpoint: RdData[5] (output port clocked by CLK)
  Path Group: CLK
  Path Type: max

  Des/Clust/Port     Wire Load Model       Library
  ------------------------------------------------
  System_Top         tsmc13_wl30           scmetro_tsmc_cl013g_rvt_ss_1p08v_125c

  Point                                                   Incr       Path
  --------------------------------------------------------------------------
  clock REG_CLK (rise edge)                               0.00       0.00
  clock network delay (ideal)                             0.00       0.00
  U0_RegFile/RdData_reg[5]/CK (SDFFRQX2M)                 0.00       0.00 r
  U0_RegFile/RdData_reg[5]/Q (SDFFRQX2M)                  0.67       0.67 r
  U0_RegFile/U146/Y (INVXLM)                              0.54       1.21 f
  U0_RegFile/U147/Y (INVX8M)                              0.97       2.18 r
  U0_RegFile/RdData[5] (RegFile_test_1)                   0.00       2.18 r
  RdData[5] (out)                                         0.00       2.18 r
  data arrival time                                                  2.18

  clock CLK (rise edge)                                  50.00      50.00
  clock network delay (ideal)                             0.00      50.00
  clock uncertainty                                      -0.20      49.80
  output external delay                                 -10.00      39.80
  data required time                                                39.80
  --------------------------------------------------------------------------
  data required time                                                39.80
  data arrival time                                                 -2.18
  --------------------------------------------------------------------------
  slack (MET)                                                       37.62


  Startpoint: U0_RegFile/RdData_reg[4]
              (rising edge-triggered flip-flop clocked by REG_CLK)
  Endpoint: RdData[4] (output port clocked by CLK)
  Path Group: CLK
  Path Type: max

  Des/Clust/Port     Wire Load Model       Library
  ------------------------------------------------
  System_Top         tsmc13_wl30           scmetro_tsmc_cl013g_rvt_ss_1p08v_125c

  Point                                                   Incr       Path
  --------------------------------------------------------------------------
  clock REG_CLK (rise edge)                               0.00       0.00
  clock network delay (ideal)                             0.00       0.00
  U0_RegFile/RdData_reg[4]/CK (SDFFRQX2M)                 0.00       0.00 r
  U0_RegFile/RdData_reg[4]/Q (SDFFRQX2M)                  0.67       0.67 r
  U0_RegFile/U144/Y (INVXLM)                              0.54       1.21 f
  U0_RegFile/U145/Y (INVX8M)                              0.97       2.18 r
  U0_RegFile/RdData[4] (RegFile_test_1)                   0.00       2.18 r
  RdData[4] (out)                                         0.00       2.18 r
  data arrival time                                                  2.18

  clock CLK (rise edge)                                  50.00      50.00
  clock network delay (ideal)                             0.00      50.00
  clock uncertainty                                      -0.20      49.80
  output external delay                                 -10.00      39.80
  data required time                                                39.80
  --------------------------------------------------------------------------
  data required time                                                39.80
  data arrival time                                                 -2.18
  --------------------------------------------------------------------------
  slack (MET)                                                       37.62


  Startpoint: U0_RegFile/RdData_reg[3]
              (rising edge-triggered flip-flop clocked by REG_CLK)
  Endpoint: RdData[3] (output port clocked by CLK)
  Path Group: CLK
  Path Type: max

  Des/Clust/Port     Wire Load Model       Library
  ------------------------------------------------
  System_Top         tsmc13_wl30           scmetro_tsmc_cl013g_rvt_ss_1p08v_125c

  Point                                                   Incr       Path
  --------------------------------------------------------------------------
  clock REG_CLK (rise edge)                               0.00       0.00
  clock network delay (ideal)                             0.00       0.00
  U0_RegFile/RdData_reg[3]/CK (SDFFRQX2M)                 0.00       0.00 r
  U0_RegFile/RdData_reg[3]/Q (SDFFRQX2M)                  0.67       0.67 r
  U0_RegFile/U142/Y (INVXLM)                              0.54       1.21 f
  U0_RegFile/U143/Y (INVX8M)                              0.97       2.18 r
  U0_RegFile/RdData[3] (RegFile_test_1)                   0.00       2.18 r
  RdData[3] (out)                                         0.00       2.18 r
  data arrival time                                                  2.18

  clock CLK (rise edge)                                  50.00      50.00
  clock network delay (ideal)                             0.00      50.00
  clock uncertainty                                      -0.20      49.80
  output external delay                                 -10.00      39.80
  data required time                                                39.80
  --------------------------------------------------------------------------
  data required time                                                39.80
  data arrival time                                                 -2.18
  --------------------------------------------------------------------------
  slack (MET)                                                       37.62


  Startpoint: U0_RegFile/RdData_reg[2]
              (rising edge-triggered flip-flop clocked by REG_CLK)
  Endpoint: RdData[2] (output port clocked by CLK)
  Path Group: CLK
  Path Type: max

  Des/Clust/Port     Wire Load Model       Library
  ------------------------------------------------
  System_Top         tsmc13_wl30           scmetro_tsmc_cl013g_rvt_ss_1p08v_125c

  Point                                                   Incr       Path
  --------------------------------------------------------------------------
  clock REG_CLK (rise edge)                               0.00       0.00
  clock network delay (ideal)                             0.00       0.00
  U0_RegFile/RdData_reg[2]/CK (SDFFRQX2M)                 0.00       0.00 r
  U0_RegFile/RdData_reg[2]/Q (SDFFRQX2M)                  0.67       0.67 r
  U0_RegFile/U156/Y (INVXLM)                              0.54       1.21 f
  U0_RegFile/U157/Y (INVX8M)                              0.97       2.18 r
  U0_RegFile/RdData[2] (RegFile_test_1)                   0.00       2.18 r
  RdData[2] (out)                                         0.00       2.18 r
  data arrival time                                                  2.18

  clock CLK (rise edge)                                  50.00      50.00
  clock network delay (ideal)                             0.00      50.00
  clock uncertainty                                      -0.20      49.80
  output external delay                                 -10.00      39.80
  data required time                                                39.80
  --------------------------------------------------------------------------
  data required time                                                39.80
  data arrival time                                                 -2.18
  --------------------------------------------------------------------------
  slack (MET)                                                       37.62


  Startpoint: U0_RegFile/RdData_reg[1]
              (rising edge-triggered flip-flop clocked by REG_CLK)
  Endpoint: RdData[1] (output port clocked by CLK)
  Path Group: CLK
  Path Type: max

  Des/Clust/Port     Wire Load Model       Library
  ------------------------------------------------
  System_Top         tsmc13_wl30           scmetro_tsmc_cl013g_rvt_ss_1p08v_125c

  Point                                                   Incr       Path
  --------------------------------------------------------------------------
  clock REG_CLK (rise edge)                               0.00       0.00
  clock network delay (ideal)                             0.00       0.00
  U0_RegFile/RdData_reg[1]/CK (SDFFRQX2M)                 0.00       0.00 r
  U0_RegFile/RdData_reg[1]/Q (SDFFRQX2M)                  0.67       0.67 r
  U0_RegFile/U154/Y (INVXLM)                              0.54       1.21 f
  U0_RegFile/U155/Y (INVX8M)                              0.97       2.18 r
  U0_RegFile/RdData[1] (RegFile_test_1)                   0.00       2.18 r
  RdData[1] (out)                                         0.00       2.18 r
  data arrival time                                                  2.18

  clock CLK (rise edge)                                  50.00      50.00
  clock network delay (ideal)                             0.00      50.00
  clock uncertainty                                      -0.20      49.80
  output external delay                                 -10.00      39.80
  data required time                                                39.80
  --------------------------------------------------------------------------
  data required time                                                39.80
  data arrival time                                                 -2.18
  --------------------------------------------------------------------------
  slack (MET)                                                       37.62


  Startpoint: U0_RegFile/RdData_reg[0]
              (rising edge-triggered flip-flop clocked by REG_CLK)
  Endpoint: RdData[0] (output port clocked by CLK)
  Path Group: CLK
  Path Type: max

  Des/Clust/Port     Wire Load Model       Library
  ------------------------------------------------
  System_Top         tsmc13_wl30           scmetro_tsmc_cl013g_rvt_ss_1p08v_125c

  Point                                                   Incr       Path
  --------------------------------------------------------------------------
  clock REG_CLK (rise edge)                               0.00       0.00
  clock network delay (ideal)                             0.00       0.00
  U0_RegFile/RdData_reg[0]/CK (SDFFRQX2M)                 0.00       0.00 r
  U0_RegFile/RdData_reg[0]/Q (SDFFRQX2M)                  0.67       0.67 r
  U0_RegFile/U152/Y (INVXLM)                              0.54       1.21 f
  U0_RegFile/U153/Y (INVX8M)                              0.97       2.18 r
  U0_RegFile/RdData[0] (RegFile_test_1)                   0.00       2.18 r
  RdData[0] (out)                                         0.00       2.18 r
  data arrival time                                                  2.18

  clock CLK (rise edge)                                  50.00      50.00
  clock network delay (ideal)                             0.00      50.00
  clock uncertainty                                      -0.20      49.80
  output external delay                                 -10.00      39.80
  data required time                                                39.80
  --------------------------------------------------------------------------
  data required time                                                39.80
  data arrival time                                                 -2.18
  --------------------------------------------------------------------------
  slack (MET)                                                       37.62


  Startpoint: U0_ALU/OUT_VALID_reg
              (rising edge-triggered flip-flop clocked by ALU_CLK)
  Endpoint: ALU_VLD (output port clocked by CLK)
  Path Group: CLK
  Path Type: max

  Des/Clust/Port     Wire Load Model       Library
  ------------------------------------------------
  System_Top         tsmc13_wl30           scmetro_tsmc_cl013g_rvt_ss_1p08v_125c

  Point                                    Incr       Path
  -----------------------------------------------------------
  clock ALU_CLK (rise edge)                0.00       0.00
  clock network delay (ideal)              0.00       0.00
  U0_ALU/OUT_VALID_reg/CK (SDFFRQX2M)      0.00       0.00 r
  U0_ALU/OUT_VALID_reg/Q (SDFFRQX2M)       0.67       0.67 r
  U0_ALU/U19/Y (INVXLM)                    0.54       1.21 f
  U0_ALU/U20/Y (INVX8M)                    0.93       2.14 r
  U0_ALU/OUT_VALID (ALU_test_1)            0.00       2.14 r
  ALU_VLD (out)                            0.00       2.14 r
  data arrival time                                   2.14

  clock CLK (rise edge)                   50.00      50.00
  clock network delay (ideal)              0.00      50.00
  clock uncertainty                       -0.20      49.80
  output external delay                  -10.00      39.80
  data required time                                 39.80
  -----------------------------------------------------------
  data required time                                 39.80
  data arrival time                                  -2.14
  -----------------------------------------------------------
  slack (MET)                                        37.66


  Startpoint: U0_ALU/ALU_OUT_reg[6]
              (rising edge-triggered flip-flop clocked by ALU_CLK)
  Endpoint: ALU_OUT[6] (output port clocked by CLK)
  Path Group: CLK
  Path Type: max

  Des/Clust/Port     Wire Load Model       Library
  ------------------------------------------------
  System_Top         tsmc13_wl30           scmetro_tsmc_cl013g_rvt_ss_1p08v_125c

  Point                                                   Incr       Path
  --------------------------------------------------------------------------
  clock ALU_CLK (rise edge)                               0.00       0.00
  clock network delay (ideal)                             0.00       0.00
  U0_ALU/ALU_OUT_reg[6]/CK (SDFFRQX1M)                    0.00       0.00 r
  U0_ALU/ALU_OUT_reg[6]/Q (SDFFRQX1M)                     0.60       0.60 r
  U0_ALU/U12/Y (INVXLM)                                   0.50       1.10 f
  U0_ALU/U13/Y (INVX8M)                                   0.97       2.07 r
  U0_ALU/ALU_OUT[6] (ALU_test_1)                          0.00       2.07 r
  ALU_OUT[6] (out)                                        0.00       2.07 r
  data arrival time                                                  2.07

  clock CLK (rise edge)                                  50.00      50.00
  clock network delay (ideal)                             0.00      50.00
  clock uncertainty                                      -0.20      49.80
  output external delay                                 -10.00      39.80
  data required time                                                39.80
  --------------------------------------------------------------------------
  data required time                                                39.80
  data arrival time                                                 -2.07
  --------------------------------------------------------------------------
  slack (MET)                                                       37.73


  Startpoint: U0_ALU/ALU_OUT_reg[3]
              (rising edge-triggered flip-flop clocked by ALU_CLK)
  Endpoint: ALU_OUT[3] (output port clocked by CLK)
  Path Group: CLK
  Path Type: max

  Des/Clust/Port     Wire Load Model       Library
  ------------------------------------------------
  System_Top         tsmc13_wl30           scmetro_tsmc_cl013g_rvt_ss_1p08v_125c

  Point                                                   Incr       Path
  --------------------------------------------------------------------------
  clock ALU_CLK (rise edge)                               0.00       0.00
  clock network delay (ideal)                             0.00       0.00
  U0_ALU/ALU_OUT_reg[3]/CK (SDFFRQX2M)                    0.00       0.00 r
  U0_ALU/ALU_OUT_reg[3]/Q (SDFFRQX2M)                     0.51       0.51 r
  U0_ALU/U10/Y (INVXLM)                                   0.47       0.97 f
  U0_ALU/U11/Y (INVX8M)                                   0.97       1.94 r
  U0_ALU/ALU_OUT[3] (ALU_test_1)                          0.00       1.94 r
  ALU_OUT[3] (out)                                        0.00       1.94 r
  data arrival time                                                  1.94

  clock CLK (rise edge)                                  50.00      50.00
  clock network delay (ideal)                             0.00      50.00
  clock uncertainty                                      -0.20      49.80
  output external delay                                 -10.00      39.80
  data required time                                                39.80
  --------------------------------------------------------------------------
  data required time                                                39.80
  data arrival time                                                 -1.94
  --------------------------------------------------------------------------
  slack (MET)                                                       37.86


  Startpoint: U0_ALU/ALU_OUT_reg[2]
              (rising edge-triggered flip-flop clocked by ALU_CLK)
  Endpoint: ALU_OUT[2] (output port clocked by CLK)
  Path Group: CLK
  Path Type: max

  Des/Clust/Port     Wire Load Model       Library
  ------------------------------------------------
  System_Top         tsmc13_wl30           scmetro_tsmc_cl013g_rvt_ss_1p08v_125c

  Point                                                   Incr       Path
  --------------------------------------------------------------------------
  clock ALU_CLK (rise edge)                               0.00       0.00
  clock network delay (ideal)                             0.00       0.00
  U0_ALU/ALU_OUT_reg[2]/CK (SDFFRQX2M)                    0.00       0.00 r
  U0_ALU/ALU_OUT_reg[2]/Q (SDFFRQX2M)                     0.51       0.51 r
  U0_ALU/U8/Y (INVXLM)                                    0.47       0.97 f
  U0_ALU/U9/Y (INVX8M)                                    0.97       1.94 r
  U0_ALU/ALU_OUT[2] (ALU_test_1)                          0.00       1.94 r
  ALU_OUT[2] (out)                                        0.00       1.94 r
  data arrival time                                                  1.94

  clock CLK (rise edge)                                  50.00      50.00
  clock network delay (ideal)                             0.00      50.00
  clock uncertainty                                      -0.20      49.80
  output external delay                                 -10.00      39.80
  data required time                                                39.80
  --------------------------------------------------------------------------
  data required time                                                39.80
  data arrival time                                                 -1.94
  --------------------------------------------------------------------------
  slack (MET)                                                       37.86


  Startpoint: U0_ALU/ALU_OUT_reg[1]
              (rising edge-triggered flip-flop clocked by ALU_CLK)
  Endpoint: ALU_OUT[1] (output port clocked by CLK)
  Path Group: CLK
  Path Type: max

  Des/Clust/Port     Wire Load Model       Library
  ------------------------------------------------
  System_Top         tsmc13_wl30           scmetro_tsmc_cl013g_rvt_ss_1p08v_125c

  Point                                                   Incr       Path
  --------------------------------------------------------------------------
  clock ALU_CLK (rise edge)                               0.00       0.00
  clock network delay (ideal)                             0.00       0.00
  U0_ALU/ALU_OUT_reg[1]/CK (SDFFRQX2M)                    0.00       0.00 r
  U0_ALU/ALU_OUT_reg[1]/Q (SDFFRQX2M)                     0.51       0.51 r
  U0_ALU/U3/Y (INVXLM)                                    0.47       0.97 f
  U0_ALU/U4/Y (INVX8M)                                    0.97       1.94 r
  U0_ALU/ALU_OUT[1] (ALU_test_1)                          0.00       1.94 r
  ALU_OUT[1] (out)                                        0.00       1.94 r
  data arrival time                                                  1.94

  clock CLK (rise edge)                                  50.00      50.00
  clock network delay (ideal)                             0.00      50.00
  clock uncertainty                                      -0.20      49.80
  output external delay                                 -10.00      39.80
  data required time                                                39.80
  --------------------------------------------------------------------------
  data required time                                                39.80
  data arrival time                                                 -1.94
  --------------------------------------------------------------------------
  slack (MET)                                                       37.86


  Startpoint: U0_ALU/ALU_OUT_reg[7]
              (rising edge-triggered flip-flop clocked by ALU_CLK)
  Endpoint: ALU_OUT[7] (output port clocked by CLK)
  Path Group: CLK
  Path Type: max

  Des/Clust/Port     Wire Load Model       Library
  ------------------------------------------------
  System_Top         tsmc13_wl30           scmetro_tsmc_cl013g_rvt_ss_1p08v_125c

  Point                                                   Incr       Path
  --------------------------------------------------------------------------
  clock ALU_CLK (rise edge)                               0.00       0.00
  clock network delay (ideal)                             0.00       0.00
  U0_ALU/ALU_OUT_reg[7]/CK (SDFFRHQX1M)                   0.00       0.00 r
  U0_ALU/ALU_OUT_reg[7]/Q (SDFFRHQX1M)                    0.46       0.46 f
  U0_ALU/U14/Y (INVX2M)                                   0.36       0.83 r
  U0_ALU/U21/Y (CLKINVX16M)                               0.88       1.71 f
  U0_ALU/ALU_OUT[7] (ALU_test_1)                          0.00       1.71 f
  ALU_OUT[7] (out)                                        0.00       1.71 f
  data arrival time                                                  1.71

  clock CLK (rise edge)                                  50.00      50.00
  clock network delay (ideal)                             0.00      50.00
  clock uncertainty                                      -0.20      49.80
  output external delay                                 -10.00      39.80
  data required time                                                39.80
  --------------------------------------------------------------------------
  data required time                                                39.80
  data arrival time                                                 -1.71
  --------------------------------------------------------------------------
  slack (MET)                                                       38.09


  Startpoint: U0_ALU/ALU_OUT_reg[4]
              (rising edge-triggered flip-flop clocked by ALU_CLK)
  Endpoint: ALU_OUT[4] (output port clocked by CLK)
  Path Group: CLK
  Path Type: max

  Des/Clust/Port     Wire Load Model       Library
  ------------------------------------------------
  System_Top         tsmc13_wl30           scmetro_tsmc_cl013g_rvt_ss_1p08v_125c

  Point                                                   Incr       Path
  --------------------------------------------------------------------------
  clock ALU_CLK (rise edge)                               0.00       0.00
  clock network delay (ideal)                             0.00       0.00
  U0_ALU/ALU_OUT_reg[4]/CK (SDFFRHQX8M)                   0.00       0.00 r
  U0_ALU/ALU_OUT_reg[4]/Q (SDFFRHQX8M)                    1.15       1.15 r
  U0_ALU/ALU_OUT[4] (ALU_test_1)                          0.00       1.15 r
  ALU_OUT[4] (out)                                        0.00       1.15 r
  data arrival time                                                  1.15

  clock CLK (rise edge)                                  50.00      50.00
  clock network delay (ideal)                             0.00      50.00
  clock uncertainty                                      -0.20      49.80
  output external delay                                 -10.00      39.80
  data required time                                                39.80
  --------------------------------------------------------------------------
  data required time                                                39.80
  data arrival time                                                 -1.15
  --------------------------------------------------------------------------
  slack (MET)                                                       38.65


  Startpoint: U0_ALU/ALU_OUT_reg[0]
              (rising edge-triggered flip-flop clocked by ALU_CLK)
  Endpoint: ALU_OUT[0] (output port clocked by CLK)
  Path Group: CLK
  Path Type: max

  Des/Clust/Port     Wire Load Model       Library
  ------------------------------------------------
  System_Top         tsmc13_wl30           scmetro_tsmc_cl013g_rvt_ss_1p08v_125c

  Point                                                   Incr       Path
  --------------------------------------------------------------------------
  clock ALU_CLK (rise edge)                               0.00       0.00
  clock network delay (ideal)                             0.00       0.00
  U0_ALU/ALU_OUT_reg[0]/CK (SDFFRHQX8M)                   0.00       0.00 r
  U0_ALU/ALU_OUT_reg[0]/Q (SDFFRHQX8M)                    1.14       1.14 r
  U0_ALU/ALU_OUT[0] (ALU_test_1)                          0.00       1.14 r
  ALU_OUT[0] (out)                                        0.00       1.14 r
  data arrival time                                                  1.14

  clock CLK (rise edge)                                  50.00      50.00
  clock network delay (ideal)                             0.00      50.00
  clock uncertainty                                      -0.20      49.80
  output external delay                                 -10.00      39.80
  data required time                                                39.80
  --------------------------------------------------------------------------
  data required time                                                39.80
  data arrival time                                                 -1.14
  --------------------------------------------------------------------------
  slack (MET)                                                       38.66


  Startpoint: U0_ALU/ALU_OUT_reg[5]
              (rising edge-triggered flip-flop clocked by ALU_CLK)
  Endpoint: ALU_OUT[5] (output port clocked by CLK)
  Path Group: CLK
  Path Type: max

  Des/Clust/Port     Wire Load Model       Library
  ------------------------------------------------
  System_Top         tsmc13_wl30           scmetro_tsmc_cl013g_rvt_ss_1p08v_125c

  Point                                                   Incr       Path
  --------------------------------------------------------------------------
  clock ALU_CLK (rise edge)                               0.00       0.00
  clock network delay (ideal)                             0.00       0.00
  U0_ALU/ALU_OUT_reg[5]/CK (SDFFRHQX8M)                   0.00       0.00 r
  U0_ALU/ALU_OUT_reg[5]/Q (SDFFRHQX8M)                    1.14       1.14 r
  U0_ALU/ALU_OUT[5] (ALU_test_1)                          0.00       1.14 r
  ALU_OUT[5] (out)                                        0.00       1.14 r
  data arrival time                                                  1.14

  clock CLK (rise edge)                                  50.00      50.00
  clock network delay (ideal)                             0.00      50.00
  clock uncertainty                                      -0.20      49.80
  output external delay                                 -10.00      39.80
  data required time                                                39.80
  --------------------------------------------------------------------------
  data required time                                                39.80
  data arrival time                                                 -1.14
  --------------------------------------------------------------------------
  slack (MET)                                                       38.66


  Startpoint: CLKG_EN (input port clocked by CLK)
  Endpoint: U0_CLK_GATE/U0_TLATNCAX12M
            (gating element for clock CLK)
  Path Group: CLK
  Path Type: max

  Des/Clust/Port     Wire Load Model       Library
  ------------------------------------------------
  System_Top         tsmc13_wl30           scmetro_tsmc_cl013g_rvt_ss_1p08v_125c

  Point                                                   Incr       Path
  --------------------------------------------------------------------------
  clock CLK (rise edge)                                   0.00       0.00
  clock network delay (ideal)                             0.00       0.00
  input external delay                                   10.00      10.00 r
  CLKG_EN (in)                                            0.17      10.17 r
  U0_CLK_GATE/CLK_EN (CLK_GATE)                           0.00      10.17 r
  U0_CLK_GATE/U1/Y (OR2X2M)                               0.37      10.54 r
  U0_CLK_GATE/U0_TLATNCAX12M/E (TLATNCAX12M)              0.00      10.54 r
  data arrival time                                                 10.54

  clock CLK (rise edge)                                  50.00      50.00
  clock network delay (ideal)                             0.00      50.00
  clock uncertainty                                      -0.20      49.80
  U0_CLK_GATE/U0_TLATNCAX12M/CK (TLATNCAX12M)             0.00      49.80 r
  clock gating setup time                                -0.13      49.67
  data required time                                                49.67
  --------------------------------------------------------------------------
  data required time                                                49.67
  data arrival time                                                -10.54
  --------------------------------------------------------------------------
  slack (MET)                                                       39.12


  Startpoint: U0_ClkDiv/count_reg[2]
              (rising edge-triggered flip-flop clocked by CLK)
  Endpoint: U0_ClkDiv/count_reg[3]
            (rising edge-triggered flip-flop clocked by CLK)
  Path Group: CLK
  Path Type: max

  Des/Clust/Port     Wire Load Model       Library
  ------------------------------------------------
  System_Top         tsmc13_wl30           scmetro_tsmc_cl013g_rvt_ss_1p08v_125c

  Point                                                   Incr       Path
  --------------------------------------------------------------------------
  clock CLK (rise edge)                                   0.00       0.00
  clock network delay (ideal)                             0.00       0.00
  U0_ClkDiv/count_reg[2]/CK (SDFFRQX2M)                   0.00       0.00 r
  U0_ClkDiv/count_reg[2]/Q (SDFFRQX2M)                    1.02       1.02 r
  U0_ClkDiv/U98/Y (DLY1X1M)                               0.87       1.89 r
  U0_ClkDiv/count_reg[3]/SI (SDFFRQX2M)                   0.00       1.89 r
  data arrival time                                                  1.89

  clock CLK (rise edge)                                  50.00      50.00
  clock network delay (ideal)                             0.00      50.00
  clock uncertainty                                      -0.20      49.80
  U0_ClkDiv/count_reg[3]/CK (SDFFRQX2M)                   0.00      49.80 r
  library setup time                                     -0.42      49.38
  data required time                                                49.38
  --------------------------------------------------------------------------
  data required time                                                49.38
  data arrival time                                                 -1.89
  --------------------------------------------------------------------------
  slack (MET)                                                       47.49


  Startpoint: U0_ClkDiv/count_reg[1]
              (rising edge-triggered flip-flop clocked by CLK)
  Endpoint: U0_ClkDiv/count_reg[2]
            (rising edge-triggered flip-flop clocked by CLK)
  Path Group: CLK
  Path Type: max

  Des/Clust/Port     Wire Load Model       Library
  ------------------------------------------------
  System_Top         tsmc13_wl30           scmetro_tsmc_cl013g_rvt_ss_1p08v_125c

  Point                                                   Incr       Path
  --------------------------------------------------------------------------
  clock CLK (rise edge)                                   0.00       0.00
  clock network delay (ideal)                             0.00       0.00
  U0_ClkDiv/count_reg[1]/CK (SDFFRQX2M)                   0.00       0.00 r
  U0_ClkDiv/count_reg[1]/Q (SDFFRQX2M)                    1.02       1.02 r
  U0_ClkDiv/U97/Y (DLY1X1M)                               0.87       1.89 r
  U0_ClkDiv/count_reg[2]/SI (SDFFRQX2M)                   0.00       1.89 r
  data arrival time                                                  1.89

  clock CLK (rise edge)                                  50.00      50.00
  clock network delay (ideal)                             0.00      50.00
  clock uncertainty                                      -0.20      49.80
  U0_ClkDiv/count_reg[2]/CK (SDFFRQX2M)                   0.00      49.80 r
  library setup time                                     -0.42      49.38
  data required time                                                49.38
  --------------------------------------------------------------------------
  data required time                                                49.38
  data arrival time                                                 -1.89
  --------------------------------------------------------------------------
  slack (MET)                                                       47.49


  Startpoint: U0_ClkDiv/count_reg[6]
              (rising edge-triggered flip-flop clocked by CLK)
  Endpoint: U0_ClkDiv/div_clk_reg
            (rising edge-triggered flip-flop clocked by CLK)
  Path Group: CLK
  Path Type: max

  Des/Clust/Port     Wire Load Model       Library
  ------------------------------------------------
  System_Top         tsmc13_wl30           scmetro_tsmc_cl013g_rvt_ss_1p08v_125c

  Point                                                   Incr       Path
  --------------------------------------------------------------------------
  clock CLK (rise edge)                                   0.00       0.00
  clock network delay (ideal)                             0.00       0.00
  U0_ClkDiv/count_reg[6]/CK (SDFFRQX2M)                   0.00       0.00 r
  U0_ClkDiv/count_reg[6]/Q (SDFFRQX2M)                    1.01       1.01 r
  U0_ClkDiv/U95/Y (DLY1X1M)                               0.87       1.88 r
  U0_ClkDiv/div_clk_reg/SI (SDFFRQX1M)                    0.00       1.88 r
  data arrival time                                                  1.88

  clock CLK (rise edge)                                  50.00      50.00
  clock network delay (ideal)                             0.00      50.00
  clock uncertainty                                      -0.20      49.80
  U0_ClkDiv/div_clk_reg/CK (SDFFRQX1M)                    0.00      49.80 r
  library setup time                                     -0.43      49.37
  data required time                                                49.37
  --------------------------------------------------------------------------
  data required time                                                49.37
  data arrival time                                                 -1.88
  --------------------------------------------------------------------------
  slack (MET)                                                       47.50


  Startpoint: U0_ClkDiv/count_reg[5]
              (rising edge-triggered flip-flop clocked by CLK)
  Endpoint: U0_ClkDiv/count_reg[6]
            (rising edge-triggered flip-flop clocked by CLK)
  Path Group: CLK
  Path Type: max

  Des/Clust/Port     Wire Load Model       Library
  ------------------------------------------------
  System_Top         tsmc13_wl30           scmetro_tsmc_cl013g_rvt_ss_1p08v_125c

  Point                                                   Incr       Path
  --------------------------------------------------------------------------
  clock CLK (rise edge)                                   0.00       0.00
  clock network delay (ideal)                             0.00       0.00
  U0_ClkDiv/count_reg[5]/CK (SDFFRQX2M)                   0.00       0.00 r
  U0_ClkDiv/count_reg[5]/Q (SDFFRQX2M)                    1.01       1.01 r
  U0_ClkDiv/U93/Y (DLY1X1M)                               0.87       1.88 r
  U0_ClkDiv/count_reg[6]/SI (SDFFRQX2M)                   0.00       1.88 r
  data arrival time                                                  1.88

  clock CLK (rise edge)                                  50.00      50.00
  clock network delay (ideal)                             0.00      50.00
  clock uncertainty                                      -0.20      49.80
  U0_ClkDiv/count_reg[6]/CK (SDFFRQX2M)                   0.00      49.80 r
  library setup time                                     -0.42      49.38
  data required time                                                49.38
  --------------------------------------------------------------------------
  data required time                                                49.38
  data arrival time                                                 -1.88
  --------------------------------------------------------------------------
  slack (MET)                                                       47.50


  Startpoint: U0_ClkDiv/count_reg[4]
              (rising edge-triggered flip-flop clocked by CLK)
  Endpoint: U0_ClkDiv/count_reg[5]
            (rising edge-triggered flip-flop clocked by CLK)
  Path Group: CLK
  Path Type: max

  Des/Clust/Port     Wire Load Model       Library
  ------------------------------------------------
  System_Top         tsmc13_wl30           scmetro_tsmc_cl013g_rvt_ss_1p08v_125c

  Point                                                   Incr       Path
  --------------------------------------------------------------------------
  clock CLK (rise edge)                                   0.00       0.00
  clock network delay (ideal)                             0.00       0.00
  U0_ClkDiv/count_reg[4]/CK (SDFFRQX2M)                   0.00       0.00 r
  U0_ClkDiv/count_reg[4]/Q (SDFFRQX2M)                    1.01       1.01 r
  U0_ClkDiv/U92/Y (DLY1X1M)                               0.87       1.88 r
  U0_ClkDiv/count_reg[5]/SI (SDFFRQX2M)                   0.00       1.88 r
  data arrival time                                                  1.88

  clock CLK (rise edge)                                  50.00      50.00
  clock network delay (ideal)                             0.00      50.00
  clock uncertainty                                      -0.20      49.80
  U0_ClkDiv/count_reg[5]/CK (SDFFRQX2M)                   0.00      49.80 r
  library setup time                                     -0.42      49.38
  data required time                                                49.38
  --------------------------------------------------------------------------
  data required time                                                49.38
  data arrival time                                                 -1.88
  --------------------------------------------------------------------------
  slack (MET)                                                       47.50


  Startpoint: U0_ClkDiv/count_reg[3]
              (rising edge-triggered flip-flop clocked by CLK)
  Endpoint: U0_ClkDiv/count_reg[4]
            (rising edge-triggered flip-flop clocked by CLK)
  Path Group: CLK
  Path Type: max

  Des/Clust/Port     Wire Load Model       Library
  ------------------------------------------------
  System_Top         tsmc13_wl30           scmetro_tsmc_cl013g_rvt_ss_1p08v_125c

  Point                                                   Incr       Path
  --------------------------------------------------------------------------
  clock CLK (rise edge)                                   0.00       0.00
  clock network delay (ideal)                             0.00       0.00
  U0_ClkDiv/count_reg[3]/CK (SDFFRQX2M)                   0.00       0.00 r
  U0_ClkDiv/count_reg[3]/Q (SDFFRQX2M)                    1.01       1.01 r
  U0_ClkDiv/U94/Y (DLY1X1M)                               0.87       1.88 r
  U0_ClkDiv/count_reg[4]/SI (SDFFRQX2M)                   0.00       1.88 r
  data arrival time                                                  1.88

  clock CLK (rise edge)                                  50.00      50.00
  clock network delay (ideal)                             0.00      50.00
  clock uncertainty                                      -0.20      49.80
  U0_ClkDiv/count_reg[4]/CK (SDFFRQX2M)                   0.00      49.80 r
  library setup time                                     -0.42      49.38
  data required time                                                49.38
  --------------------------------------------------------------------------
  data required time                                                49.38
  data arrival time                                                 -1.88
  --------------------------------------------------------------------------
  slack (MET)                                                       47.50


  Startpoint: U0_ClkDiv/div_clk_reg
              (rising edge-triggered flip-flop clocked by CLK)
  Endpoint: U0_ClkDiv/i_div_ratio_reg_reg[0]
            (rising edge-triggered flip-flop clocked by CLK)
  Path Group: CLK
  Path Type: max

  Des/Clust/Port     Wire Load Model       Library
  ------------------------------------------------
  System_Top         tsmc13_wl30           scmetro_tsmc_cl013g_rvt_ss_1p08v_125c

  Point                                                   Incr       Path
  --------------------------------------------------------------------------
  clock CLK (rise edge)                                   0.00       0.00
  clock network delay (ideal)                             0.00       0.00
  U0_ClkDiv/div_clk_reg/CK (SDFFRQX1M)                    0.00       0.00 r
  U0_ClkDiv/div_clk_reg/Q (SDFFRQX1M)                     0.76       0.76 f
  U0_ClkDiv/U100/Y (DLY1X1M)                              0.83       1.59 f
  U0_ClkDiv/i_div_ratio_reg_reg[0]/SI (SDFFQX1M)          0.00       1.59 f
  data arrival time                                                  1.59

  clock CLK (rise edge)                                  50.00      50.00
  clock network delay (ideal)                             0.00      50.00
  clock uncertainty                                      -0.20      49.80
  U0_ClkDiv/i_div_ratio_reg_reg[0]/CK (SDFFQX1M)          0.00      49.80 r
  library setup time                                     -0.70      49.10
  data required time                                                49.10
  --------------------------------------------------------------------------
  data required time                                                49.10
  data arrival time                                                 -1.59
  --------------------------------------------------------------------------
  slack (MET)                                                       47.52


  Startpoint: U0_ClkDiv/i_div_ratio_reg_reg[4]
              (rising edge-triggered flip-flop clocked by CLK)
  Endpoint: U0_ClkDiv/i_div_ratio_reg_reg[5]
            (rising edge-triggered flip-flop clocked by CLK)
  Path Group: CLK
  Path Type: max

  Des/Clust/Port     Wire Load Model       Library
  ------------------------------------------------
  System_Top         tsmc13_wl30           scmetro_tsmc_cl013g_rvt_ss_1p08v_125c

  Point                                                   Incr       Path
  --------------------------------------------------------------------------
  clock CLK (rise edge)                                   0.00       0.00
  clock network delay (ideal)                             0.00       0.00
  U0_ClkDiv/i_div_ratio_reg_reg[4]/CK (SDFFQX2M)          0.00       0.00 r
  U0_ClkDiv/i_div_ratio_reg_reg[4]/Q (SDFFQX2M)           0.73       0.73 f
  U0_ClkDiv/U96/Y (DLY1X1M)                               0.84       1.56 f
  U0_ClkDiv/i_div_ratio_reg_reg[5]/SI (SDFFQX2M)          0.00       1.56 f
  data arrival time                                                  1.56

  clock CLK (rise edge)                                  50.00      50.00
  clock network delay (ideal)                             0.00      50.00
  clock uncertainty                                      -0.20      49.80
  U0_ClkDiv/i_div_ratio_reg_reg[5]/CK (SDFFQX2M)          0.00      49.80 r
  library setup time                                     -0.70      49.10
  data required time                                                49.10
  --------------------------------------------------------------------------
  data required time                                                49.10
  data arrival time                                                 -1.56
  --------------------------------------------------------------------------
  slack (MET)                                                       47.53


  Startpoint: U0_ClkDiv/i_div_ratio_reg_reg[0]
              (rising edge-triggered flip-flop clocked by CLK)
  Endpoint: U0_ClkDiv/i_div_ratio_reg_reg[1]
            (rising edge-triggered flip-flop clocked by CLK)
  Path Group: CLK
  Path Type: max

  Des/Clust/Port     Wire Load Model       Library
  ------------------------------------------------
  System_Top         tsmc13_wl30           scmetro_tsmc_cl013g_rvt_ss_1p08v_125c

  Point                                                   Incr       Path
  --------------------------------------------------------------------------
  clock CLK (rise edge)                                   0.00       0.00
  clock network delay (ideal)                             0.00       0.00
  U0_ClkDiv/i_div_ratio_reg_reg[0]/CK (SDFFQX1M)          0.00       0.00 r
  U0_ClkDiv/i_div_ratio_reg_reg[0]/Q (SDFFQX1M)           0.73       0.73 f
  U0_ClkDiv/U99/Y (DLY1X1M)                               0.83       1.55 f
  U0_ClkDiv/i_div_ratio_reg_reg[1]/SI (SDFFQX2M)          0.00       1.55 f
  data arrival time                                                  1.55

  clock CLK (rise edge)                                  50.00      50.00
  clock network delay (ideal)                             0.00      50.00
  clock uncertainty                                      -0.20      49.80
  U0_ClkDiv/i_div_ratio_reg_reg[1]/CK (SDFFQX2M)          0.00      49.80 r
  library setup time                                     -0.70      49.10
  data required time                                                49.10
  --------------------------------------------------------------------------
  data required time                                                49.10
  data arrival time                                                 -1.55
  --------------------------------------------------------------------------
  slack (MET)                                                       47.54


  Startpoint: U0_ClkDiv/i_div_ratio_reg_reg[6]
              (rising edge-triggered flip-flop clocked by CLK)
  Endpoint: U0_ClkDiv/i_div_ratio_reg_reg[7]
            (rising edge-triggered flip-flop clocked by CLK)
  Path Group: CLK
  Path Type: max

  Des/Clust/Port     Wire Load Model       Library
  ------------------------------------------------
  System_Top         tsmc13_wl30           scmetro_tsmc_cl013g_rvt_ss_1p08v_125c

  Point                                                   Incr       Path
  --------------------------------------------------------------------------
  clock CLK (rise edge)                                   0.00       0.00
  clock network delay (ideal)                             0.00       0.00
  U0_ClkDiv/i_div_ratio_reg_reg[6]/CK (SDFFQX2M)          0.00       0.00 r
  U0_ClkDiv/i_div_ratio_reg_reg[6]/Q (SDFFQX2M)           0.72       0.72 f
  U0_ClkDiv/U91/Y (DLY1X1M)                               0.83       1.55 f
  U0_ClkDiv/i_div_ratio_reg_reg[7]/SI (SDFFQX2M)          0.00       1.55 f
  data arrival time                                                  1.55

  clock CLK (rise edge)                                  50.00      50.00
  clock network delay (ideal)                             0.00      50.00
  clock uncertainty                                      -0.20      49.80
  U0_ClkDiv/i_div_ratio_reg_reg[7]/CK (SDFFQX2M)          0.00      49.80 r
  library setup time                                     -0.70      49.10
  data required time                                                49.10
  --------------------------------------------------------------------------
  data required time                                                49.10
  data arrival time                                                 -1.55
  --------------------------------------------------------------------------
  slack (MET)                                                       47.55


  Startpoint: U0_ClkDiv/i_div_ratio_reg_reg[3]
              (rising edge-triggered flip-flop clocked by CLK)
  Endpoint: U0_ClkDiv/i_div_ratio_reg_reg[4]
            (rising edge-triggered flip-flop clocked by CLK)
  Path Group: CLK
  Path Type: max

  Des/Clust/Port     Wire Load Model       Library
  ------------------------------------------------
  System_Top         tsmc13_wl30           scmetro_tsmc_cl013g_rvt_ss_1p08v_125c

  Point                                                   Incr       Path
  --------------------------------------------------------------------------
  clock CLK (rise edge)                                   0.00       0.00
  clock network delay (ideal)                             0.00       0.00
  U0_ClkDiv/i_div_ratio_reg_reg[3]/CK (SDFFQX2M)          0.00       0.00 r
  U0_ClkDiv/i_div_ratio_reg_reg[3]/Q (SDFFQX2M)           0.71       0.71 f
  U0_ClkDiv/U89/Y (DLY1X1M)                               0.83       1.55 f
  U0_ClkDiv/i_div_ratio_reg_reg[4]/SI (SDFFQX2M)          0.00       1.55 f
  data arrival time                                                  1.55

  clock CLK (rise edge)                                  50.00      50.00
  clock network delay (ideal)                             0.00      50.00
  clock uncertainty                                      -0.20      49.80
  U0_ClkDiv/i_div_ratio_reg_reg[4]/CK (SDFFQX2M)          0.00      49.80 r
  library setup time                                     -0.70      49.10
  data required time                                                49.10
  --------------------------------------------------------------------------
  data required time                                                49.10
  data arrival time                                                 -1.55
  --------------------------------------------------------------------------
  slack (MET)                                                       47.55


  Startpoint: U0_ClkDiv/i_div_ratio_reg_reg[2]
              (rising edge-triggered flip-flop clocked by CLK)
  Endpoint: U0_ClkDiv/i_div_ratio_reg_reg[3]
            (rising edge-triggered flip-flop clocked by CLK)
  Path Group: CLK
  Path Type: max

  Des/Clust/Port     Wire Load Model       Library
  ------------------------------------------------
  System_Top         tsmc13_wl30           scmetro_tsmc_cl013g_rvt_ss_1p08v_125c

  Point                                                   Incr       Path
  --------------------------------------------------------------------------
  clock CLK (rise edge)                                   0.00       0.00
  clock network delay (ideal)                             0.00       0.00
  U0_ClkDiv/i_div_ratio_reg_reg[2]/CK (SDFFQX2M)          0.00       0.00 r
  U0_ClkDiv/i_div_ratio_reg_reg[2]/Q (SDFFQX2M)           0.80       0.80 f
  U0_ClkDiv/i_div_ratio_reg_reg[3]/SI (SDFFQX2M)          0.00       0.80 f
  data arrival time                                                  0.80

  clock CLK (rise edge)                                  50.00      50.00
  clock network delay (ideal)                             0.00      50.00
  clock uncertainty                                      -0.20      49.80
  U0_ClkDiv/i_div_ratio_reg_reg[3]/CK (SDFFQX2M)          0.00      49.80 r
  library setup time                                     -0.72      49.08
  data required time                                                49.08
  --------------------------------------------------------------------------
  data required time                                                49.08
  data arrival time                                                 -0.80
  --------------------------------------------------------------------------
  slack (MET)                                                       48.29


  Startpoint: U0_ClkDiv/i_div_ratio_reg_reg[5]
              (rising edge-triggered flip-flop clocked by CLK)
  Endpoint: U0_ClkDiv/i_div_ratio_reg_reg[6]
            (rising edge-triggered flip-flop clocked by CLK)
  Path Group: CLK
  Path Type: max

  Des/Clust/Port     Wire Load Model       Library
  ------------------------------------------------
  System_Top         tsmc13_wl30           scmetro_tsmc_cl013g_rvt_ss_1p08v_125c

  Point                                                   Incr       Path
  --------------------------------------------------------------------------
  clock CLK (rise edge)                                   0.00       0.00
  clock network delay (ideal)                             0.00       0.00
  U0_ClkDiv/i_div_ratio_reg_reg[5]/CK (SDFFQX2M)          0.00       0.00 r
  U0_ClkDiv/i_div_ratio_reg_reg[5]/Q (SDFFQX2M)           0.72       0.72 f
  U0_ClkDiv/i_div_ratio_reg_reg[6]/SI (SDFFQX2M)          0.00       0.72 f
  data arrival time                                                  0.72

  clock CLK (rise edge)                                  50.00      50.00
  clock network delay (ideal)                             0.00      50.00
  clock uncertainty                                      -0.20      49.80
  U0_ClkDiv/i_div_ratio_reg_reg[6]/CK (SDFFQX2M)          0.00      49.80 r
  library setup time                                     -0.70      49.10
  data required time                                                49.10
  --------------------------------------------------------------------------
  data required time                                                49.10
  data arrival time                                                 -0.72
  --------------------------------------------------------------------------
  slack (MET)                                                       48.38


  Startpoint: U0_ClkDiv/i_div_ratio_reg_reg[1]
              (rising edge-triggered flip-flop clocked by CLK)
  Endpoint: U0_ClkDiv/i_div_ratio_reg_reg[2]
            (rising edge-triggered flip-flop clocked by CLK)
  Path Group: CLK
  Path Type: max

  Des/Clust/Port     Wire Load Model       Library
  ------------------------------------------------
  System_Top         tsmc13_wl30           scmetro_tsmc_cl013g_rvt_ss_1p08v_125c

  Point                                                   Incr       Path
  --------------------------------------------------------------------------
  clock CLK (rise edge)                                   0.00       0.00
  clock network delay (ideal)                             0.00       0.00
  U0_ClkDiv/i_div_ratio_reg_reg[1]/CK (SDFFQX2M)          0.00       0.00 r
  U0_ClkDiv/i_div_ratio_reg_reg[1]/Q (SDFFQX2M)           0.72       0.72 f
  U0_ClkDiv/i_div_ratio_reg_reg[2]/SI (SDFFQX2M)          0.00       0.72 f
  data arrival time                                                  0.72

  clock CLK (rise edge)                                  50.00      50.00
  clock network delay (ideal)                             0.00      50.00
  clock uncertainty                                      -0.20      49.80
  U0_ClkDiv/i_div_ratio_reg_reg[2]/CK (SDFFQX2M)          0.00      49.80 r
  library setup time                                     -0.70      49.10
  data required time                                                49.10
  --------------------------------------------------------------------------
  data required time                                                49.10
  data arrival time                                                 -0.72
  --------------------------------------------------------------------------
  slack (MET)                                                       48.39


  Startpoint: U0_ClkDiv/i_div_ratio_reg_reg[7]
              (rising edge-triggered flip-flop clocked by CLK)
  Endpoint: U0_ClkDiv/odd_edge_tog_reg
            (rising edge-triggered flip-flop clocked by CLK)
  Path Group: CLK
  Path Type: max

  Des/Clust/Port     Wire Load Model       Library
  ------------------------------------------------
  System_Top         tsmc13_wl30           scmetro_tsmc_cl013g_rvt_ss_1p08v_125c

  Point                                                   Incr       Path
  --------------------------------------------------------------------------
  clock CLK (rise edge)                                   0.00       0.00
  clock network delay (ideal)                             0.00       0.00
  U0_ClkDiv/i_div_ratio_reg_reg[7]/CK (SDFFQX2M)          0.00       0.00 r
  U0_ClkDiv/i_div_ratio_reg_reg[7]/Q (SDFFQX2M)           0.97       0.97 r
  U0_ClkDiv/odd_edge_tog_reg/SI (SDFFSQX2M)               0.00       0.97 r
  data arrival time                                                  0.97

  clock CLK (rise edge)                                  50.00      50.00
  clock network delay (ideal)                             0.00      50.00
  clock uncertainty                                      -0.20      49.80
  U0_ClkDiv/odd_edge_tog_reg/CK (SDFFSQX2M)               0.00      49.80 r
  library setup time                                     -0.44      49.36
  data required time                                                49.36
  --------------------------------------------------------------------------
  data required time                                                49.36
  data arrival time                                                 -0.97
  --------------------------------------------------------------------------
  slack (MET)                                                       48.39


  Startpoint: U0_ClkDiv/count_reg[0]
              (rising edge-triggered flip-flop clocked by CLK)
  Endpoint: U0_ClkDiv/count_reg[1]
            (rising edge-triggered flip-flop clocked by CLK)
  Path Group: CLK
  Path Type: max

  Des/Clust/Port     Wire Load Model       Library
  ------------------------------------------------
  System_Top         tsmc13_wl30           scmetro_tsmc_cl013g_rvt_ss_1p08v_125c

  Point                                                   Incr       Path
  --------------------------------------------------------------------------
  clock CLK (rise edge)                                   0.00       0.00
  clock network delay (ideal)                             0.00       0.00
  U0_ClkDiv/count_reg[0]/CK (SDFFRQX4M)                   0.00       0.00 r
  U0_ClkDiv/count_reg[0]/Q (SDFFRQX4M)                    0.77       0.77 f
  U0_ClkDiv/count_reg[1]/SI (SDFFRQX2M)                   0.00       0.77 f
  data arrival time                                                  0.77

  clock CLK (rise edge)                                  50.00      50.00
  clock network delay (ideal)                             0.00      50.00
  clock uncertainty                                      -0.20      49.80
  U0_ClkDiv/count_reg[1]/CK (SDFFRQX2M)                   0.00      49.80 r
  library setup time                                     -0.60      49.20
  data required time                                                49.20
  --------------------------------------------------------------------------
  data required time                                                49.20
  data arrival time                                                 -0.77
  --------------------------------------------------------------------------
  slack (MET)                                                       48.43


  Startpoint: U0_RegFile/regArr_reg[2][7]
              (rising edge-triggered flip-flop clocked by REG_CLK)
  Endpoint: U0_ClkDiv/i_div_ratio_reg_reg[7]
            (rising edge-triggered flip-flop clocked by CLK)
  Path Group: CLK
  Path Type: max

  Des/Clust/Port     Wire Load Model       Library
  ------------------------------------------------
  System_Top         tsmc13_wl30           scmetro_tsmc_cl013g_rvt_ss_1p08v_125c

  Point                                                   Incr       Path
  --------------------------------------------------------------------------
  clock REG_CLK (rise edge)                               0.00       0.00
  clock network delay (ideal)                             0.00       0.00
  U0_RegFile/regArr_reg[2][7]/CK (SDFFRQX2M)              0.00       0.00 r
  U0_RegFile/regArr_reg[2][7]/Q (SDFFRQX2M)               0.99       0.99 r
  U0_RegFile/REG2[7] (RegFile_test_1)                     0.00       0.99 r
  U0_ClkDiv/i_div_ratio[7] (ClkDiv_test_1)                0.00       0.99 r
  U0_ClkDiv/i_div_ratio_reg_reg[7]/D (SDFFQX2M)           0.00       0.99 r
  data arrival time                                                  0.99

  clock CLK (rise edge)                                  50.00      50.00
  clock network delay (ideal)                             0.00      50.00
  clock uncertainty                                      -0.20      49.80
  U0_ClkDiv/i_div_ratio_reg_reg[7]/CK (SDFFQX2M)          0.00      49.80 r
  library setup time                                     -0.34      49.46
  data required time                                                49.46
  --------------------------------------------------------------------------
  data required time                                                49.46
  data arrival time                                                 -0.99
  --------------------------------------------------------------------------
  slack (MET)                                                       48.46


  Startpoint: U0_RegFile/regArr_reg[2][6]
              (rising edge-triggered flip-flop clocked by REG_CLK)
  Endpoint: U0_ClkDiv/i_div_ratio_reg_reg[6]
            (rising edge-triggered flip-flop clocked by CLK)
  Path Group: CLK
  Path Type: max

  Des/Clust/Port     Wire Load Model       Library
  ------------------------------------------------
  System_Top         tsmc13_wl30           scmetro_tsmc_cl013g_rvt_ss_1p08v_125c

  Point                                                   Incr       Path
  --------------------------------------------------------------------------
  clock REG_CLK (rise edge)                               0.00       0.00
  clock network delay (ideal)                             0.00       0.00
  U0_RegFile/regArr_reg[2][6]/CK (SDFFRQX2M)              0.00       0.00 r
  U0_RegFile/regArr_reg[2][6]/Q (SDFFRQX2M)               0.99       0.99 r
  U0_RegFile/REG2[6] (RegFile_test_1)                     0.00       0.99 r
  U0_ClkDiv/i_div_ratio[6] (ClkDiv_test_1)                0.00       0.99 r
  U0_ClkDiv/i_div_ratio_reg_reg[6]/D (SDFFQX2M)           0.00       0.99 r
  data arrival time                                                  0.99

  clock CLK (rise edge)                                  50.00      50.00
  clock network delay (ideal)                             0.00      50.00
  clock uncertainty                                      -0.20      49.80
  U0_ClkDiv/i_div_ratio_reg_reg[6]/CK (SDFFQX2M)          0.00      49.80 r
  library setup time                                     -0.34      49.46
  data required time                                                49.46
  --------------------------------------------------------------------------
  data required time                                                49.46
  data arrival time                                                 -0.99
  --------------------------------------------------------------------------
  slack (MET)                                                       48.46


  Startpoint: U0_RegFile/regArr_reg[2][5]
              (rising edge-triggered flip-flop clocked by REG_CLK)
  Endpoint: U0_ClkDiv/i_div_ratio_reg_reg[5]
            (rising edge-triggered flip-flop clocked by CLK)
  Path Group: CLK
  Path Type: max

  Des/Clust/Port     Wire Load Model       Library
  ------------------------------------------------
  System_Top         tsmc13_wl30           scmetro_tsmc_cl013g_rvt_ss_1p08v_125c

  Point                                                   Incr       Path
  --------------------------------------------------------------------------
  clock REG_CLK (rise edge)                               0.00       0.00
  clock network delay (ideal)                             0.00       0.00
  U0_RegFile/regArr_reg[2][5]/CK (SDFFRQX2M)              0.00       0.00 r
  U0_RegFile/regArr_reg[2][5]/Q (SDFFRQX2M)               0.99       0.99 r
  U0_RegFile/REG2[5] (RegFile_test_1)                     0.00       0.99 r
  U0_ClkDiv/i_div_ratio[5] (ClkDiv_test_1)                0.00       0.99 r
  U0_ClkDiv/i_div_ratio_reg_reg[5]/D (SDFFQX2M)           0.00       0.99 r
  data arrival time                                                  0.99

  clock CLK (rise edge)                                  50.00      50.00
  clock network delay (ideal)                             0.00      50.00
  clock uncertainty                                      -0.20      49.80
  U0_ClkDiv/i_div_ratio_reg_reg[5]/CK (SDFFQX2M)          0.00      49.80 r
  library setup time                                     -0.34      49.46
  data required time                                                49.46
  --------------------------------------------------------------------------
  data required time                                                49.46
  data arrival time                                                 -0.99
  --------------------------------------------------------------------------
  slack (MET)                                                       48.46


  Startpoint: U0_RegFile/regArr_reg[2][4]
              (rising edge-triggered flip-flop clocked by REG_CLK)
  Endpoint: U0_ClkDiv/i_div_ratio_reg_reg[4]
            (rising edge-triggered flip-flop clocked by CLK)
  Path Group: CLK
  Path Type: max

  Des/Clust/Port     Wire Load Model       Library
  ------------------------------------------------
  System_Top         tsmc13_wl30           scmetro_tsmc_cl013g_rvt_ss_1p08v_125c

  Point                                                   Incr       Path
  --------------------------------------------------------------------------
  clock REG_CLK (rise edge)                               0.00       0.00
  clock network delay (ideal)                             0.00       0.00
  U0_RegFile/regArr_reg[2][4]/CK (SDFFRQX2M)              0.00       0.00 r
  U0_RegFile/regArr_reg[2][4]/Q (SDFFRQX2M)               0.99       0.99 r
  U0_RegFile/REG2[4] (RegFile_test_1)                     0.00       0.99 r
  U0_ClkDiv/i_div_ratio[4] (ClkDiv_test_1)                0.00       0.99 r
  U0_ClkDiv/i_div_ratio_reg_reg[4]/D (SDFFQX2M)           0.00       0.99 r
  data arrival time                                                  0.99

  clock CLK (rise edge)                                  50.00      50.00
  clock network delay (ideal)                             0.00      50.00
  clock uncertainty                                      -0.20      49.80
  U0_ClkDiv/i_div_ratio_reg_reg[4]/CK (SDFFQX2M)          0.00      49.80 r
  library setup time                                     -0.34      49.46
  data required time                                                49.46
  --------------------------------------------------------------------------
  data required time                                                49.46
  data arrival time                                                 -0.99
  --------------------------------------------------------------------------
  slack (MET)                                                       48.46


  Startpoint: U0_RegFile/regArr_reg[2][3]
              (rising edge-triggered flip-flop clocked by REG_CLK)
  Endpoint: U0_ClkDiv/i_div_ratio_reg_reg[3]
            (rising edge-triggered flip-flop clocked by CLK)
  Path Group: CLK
  Path Type: max

  Des/Clust/Port     Wire Load Model       Library
  ------------------------------------------------
  System_Top         tsmc13_wl30           scmetro_tsmc_cl013g_rvt_ss_1p08v_125c

  Point                                                   Incr       Path
  --------------------------------------------------------------------------
  clock REG_CLK (rise edge)                               0.00       0.00
  clock network delay (ideal)                             0.00       0.00
  U0_RegFile/regArr_reg[2][3]/CK (SDFFRQX2M)              0.00       0.00 r
  U0_RegFile/regArr_reg[2][3]/Q (SDFFRQX2M)               0.99       0.99 r
  U0_RegFile/REG2[3] (RegFile_test_1)                     0.00       0.99 r
  U0_ClkDiv/i_div_ratio[3] (ClkDiv_test_1)                0.00       0.99 r
  U0_ClkDiv/i_div_ratio_reg_reg[3]/D (SDFFQX2M)           0.00       0.99 r
  data arrival time                                                  0.99

  clock CLK (rise edge)                                  50.00      50.00
  clock network delay (ideal)                             0.00      50.00
  clock uncertainty                                      -0.20      49.80
  U0_ClkDiv/i_div_ratio_reg_reg[3]/CK (SDFFQX2M)          0.00      49.80 r
  library setup time                                     -0.34      49.46
  data required time                                                49.46
  --------------------------------------------------------------------------
  data required time                                                49.46
  data arrival time                                                 -0.99
  --------------------------------------------------------------------------
  slack (MET)                                                       48.46


  Startpoint: U0_RegFile/regArr_reg[2][2]
              (rising edge-triggered flip-flop clocked by REG_CLK)
  Endpoint: U0_ClkDiv/i_div_ratio_reg_reg[2]
            (rising edge-triggered flip-flop clocked by CLK)
  Path Group: CLK
  Path Type: max

  Des/Clust/Port     Wire Load Model       Library
  ------------------------------------------------
  System_Top         tsmc13_wl30           scmetro_tsmc_cl013g_rvt_ss_1p08v_125c

  Point                                                   Incr       Path
  --------------------------------------------------------------------------
  clock REG_CLK (rise edge)                               0.00       0.00
  clock network delay (ideal)                             0.00       0.00
  U0_RegFile/regArr_reg[2][2]/CK (SDFFRQX2M)              0.00       0.00 r
  U0_RegFile/regArr_reg[2][2]/Q (SDFFRQX2M)               0.99       0.99 r
  U0_RegFile/REG2[2] (RegFile_test_1)                     0.00       0.99 r
  U0_ClkDiv/i_div_ratio[2] (ClkDiv_test_1)                0.00       0.99 r
  U0_ClkDiv/i_div_ratio_reg_reg[2]/D (SDFFQX2M)           0.00       0.99 r
  data arrival time                                                  0.99

  clock CLK (rise edge)                                  50.00      50.00
  clock network delay (ideal)                             0.00      50.00
  clock uncertainty                                      -0.20      49.80
  U0_ClkDiv/i_div_ratio_reg_reg[2]/CK (SDFFQX2M)          0.00      49.80 r
  library setup time                                     -0.34      49.46
  data required time                                                49.46
  --------------------------------------------------------------------------
  data required time                                                49.46
  data arrival time                                                 -0.99
  --------------------------------------------------------------------------
  slack (MET)                                                       48.46


  Startpoint: U0_RegFile/regArr_reg[2][1]
              (rising edge-triggered flip-flop clocked by REG_CLK)
  Endpoint: U0_ClkDiv/i_div_ratio_reg_reg[1]
            (rising edge-triggered flip-flop clocked by CLK)
  Path Group: CLK
  Path Type: max

  Des/Clust/Port     Wire Load Model       Library
  ------------------------------------------------
  System_Top         tsmc13_wl30           scmetro_tsmc_cl013g_rvt_ss_1p08v_125c

  Point                                                   Incr       Path
  --------------------------------------------------------------------------
  clock REG_CLK (rise edge)                               0.00       0.00
  clock network delay (ideal)                             0.00       0.00
  U0_RegFile/regArr_reg[2][1]/CK (SDFFRQX2M)              0.00       0.00 r
  U0_RegFile/regArr_reg[2][1]/Q (SDFFRQX2M)               0.99       0.99 r
  U0_RegFile/REG2[1] (RegFile_test_1)                     0.00       0.99 r
  U0_ClkDiv/i_div_ratio[1] (ClkDiv_test_1)                0.00       0.99 r
  U0_ClkDiv/i_div_ratio_reg_reg[1]/D (SDFFQX2M)           0.00       0.99 r
  data arrival time                                                  0.99

  clock CLK (rise edge)                                  50.00      50.00
  clock network delay (ideal)                             0.00      50.00
  clock uncertainty                                      -0.20      49.80
  U0_ClkDiv/i_div_ratio_reg_reg[1]/CK (SDFFQX2M)          0.00      49.80 r
  library setup time                                     -0.34      49.46
  data required time                                                49.46
  --------------------------------------------------------------------------
  data required time                                                49.46
  data arrival time                                                 -0.99
  --------------------------------------------------------------------------
  slack (MET)                                                       48.46


  Startpoint: U0_RegFile/regArr_reg[2][0]
              (rising edge-triggered flip-flop clocked by REG_CLK)
  Endpoint: U0_ClkDiv/i_div_ratio_reg_reg[0]
            (rising edge-triggered flip-flop clocked by CLK)
  Path Group: CLK
  Path Type: max

  Des/Clust/Port     Wire Load Model       Library
  ------------------------------------------------
  System_Top         tsmc13_wl30           scmetro_tsmc_cl013g_rvt_ss_1p08v_125c

  Point                                                   Incr       Path
  --------------------------------------------------------------------------
  clock REG_CLK (rise edge)                               0.00       0.00
  clock network delay (ideal)                             0.00       0.00
  U0_RegFile/regArr_reg[2][0]/CK (SDFFRQX2M)              0.00       0.00 r
  U0_RegFile/regArr_reg[2][0]/Q (SDFFRQX2M)               0.99       0.99 r
  U0_RegFile/REG2[0] (RegFile_test_1)                     0.00       0.99 r
  U0_ClkDiv/i_div_ratio[0] (ClkDiv_test_1)                0.00       0.99 r
  U0_ClkDiv/i_div_ratio_reg_reg[0]/D (SDFFQX1M)           0.00       0.99 r
  data arrival time                                                  0.99

  clock CLK (rise edge)                                  50.00      50.00
  clock network delay (ideal)                             0.00      50.00
  clock uncertainty                                      -0.20      49.80
  U0_ClkDiv/i_div_ratio_reg_reg[0]/CK (SDFFQX1M)          0.00      49.80 r
  library setup time                                     -0.34      49.46
  data required time                                                49.46
  --------------------------------------------------------------------------
  data required time                                                49.46
  data arrival time                                                 -0.99
  --------------------------------------------------------------------------
  slack (MET)                                                       48.47


  Startpoint: U0_ALU/OUT_VALID_reg
              (rising edge-triggered flip-flop clocked by ALU_CLK)
  Endpoint: U0_ClkDiv/count_reg[0]
            (rising edge-triggered flip-flop clocked by CLK)
  Path Group: CLK
  Path Type: max

  Des/Clust/Port     Wire Load Model       Library
  ------------------------------------------------
  System_Top         tsmc13_wl30           scmetro_tsmc_cl013g_rvt_ss_1p08v_125c

  Point                                                   Incr       Path
  --------------------------------------------------------------------------
  clock ALU_CLK (rise edge)                               0.00       0.00
  clock network delay (ideal)                             0.00       0.00
  U0_ALU/OUT_VALID_reg/CK (SDFFRQX2M)                     0.00       0.00 r
  U0_ALU/OUT_VALID_reg/Q (SDFFRQX2M)                      0.62       0.62 f
  U0_ALU/test_so1 (ALU_test_1)                            0.00       0.62 f
  U0_ClkDiv/test_si (ClkDiv_test_1)                       0.00       0.62 f
  U0_ClkDiv/count_reg[0]/SI (SDFFRQX4M)                   0.00       0.62 f
  data arrival time                                                  0.62

  clock CLK (rise edge)                                  50.00      50.00
  clock network delay (ideal)                             0.00      50.00
  clock uncertainty                                      -0.20      49.80
  U0_ClkDiv/count_reg[0]/CK (SDFFRQX4M)                   0.00      49.80 r
  library setup time                                     -0.57      49.23
  data required time                                                49.23
  --------------------------------------------------------------------------
  data required time                                                49.23
  data arrival time                                                 -0.62
  --------------------------------------------------------------------------
  slack (MET)                                                       48.61


  Startpoint: Address[1] (input port clocked by CLK)
  Endpoint: U0_RegFile/RdData_reg[2]
            (rising edge-triggered flip-flop clocked by REG_CLK)
  Path Group: REG_CLK
  Path Type: max

  Des/Clust/Port     Wire Load Model       Library
  ------------------------------------------------
  System_Top         tsmc13_wl30           scmetro_tsmc_cl013g_rvt_ss_1p08v_125c

  Point                                                   Incr       Path
  --------------------------------------------------------------------------
  clock CLK (rise edge)                                  50.00      50.00
  clock network delay (ideal)                             0.00      50.00
  input external delay                                   10.00      60.00 f
  Address[1] (in)                                         0.11      60.11 f
  U5/Y (BUFX4M)                                           0.38      60.49 f
  U0_RegFile/Address[1] (RegFile_test_1)                  0.00      60.49 f
  U0_RegFile/U448/Y (NOR2X1M)                             0.64      61.13 r
  U0_RegFile/U281/Y (BUFX2M)                              0.84      61.97 r
  U0_RegFile/U257/Y (BUFX2M)                              0.86      62.84 r
  U0_RegFile/U256/Y (CLKBUFX6M)                           1.08      63.91 r
  U0_RegFile/U484/Y (AOI22X1M)                            0.57      64.48 f
  U0_RegFile/U485/Y (AOI21X1M)                            0.75      65.23 r
  U0_RegFile/U486/Y (OR4X1M)                              0.53      65.76 r
  U0_RegFile/U304/Y (AO22XLM)                             0.60      66.36 r
  U0_RegFile/RdData_reg[2]/D (SDFFRQX2M)                  0.00      66.36 r
  data arrival time                                                 66.36

  clock REG_CLK (rise edge)                             100.00     100.00
  clock network delay (ideal)                             0.00     100.00
  U0_RegFile/RdData_reg[2]/CK (SDFFRQX2M)                 0.00     100.00 r
  library setup time                                     -0.37      99.63
  data required time                                                99.63
  --------------------------------------------------------------------------
  data required time                                                99.63
  data arrival time                                                -66.36
  --------------------------------------------------------------------------
  slack (MET)                                                       33.27


  Startpoint: Address[1] (input port clocked by CLK)
  Endpoint: U0_RegFile/RdData_reg[1]
            (rising edge-triggered flip-flop clocked by REG_CLK)
  Path Group: REG_CLK
  Path Type: max

  Des/Clust/Port     Wire Load Model       Library
  ------------------------------------------------
  System_Top         tsmc13_wl30           scmetro_tsmc_cl013g_rvt_ss_1p08v_125c

  Point                                                   Incr       Path
  --------------------------------------------------------------------------
  clock CLK (rise edge)                                  50.00      50.00
  clock network delay (ideal)                             0.00      50.00
  input external delay                                   10.00      60.00 f
  Address[1] (in)                                         0.11      60.11 f
  U5/Y (BUFX4M)                                           0.38      60.49 f
  U0_RegFile/Address[1] (RegFile_test_1)                  0.00      60.49 f
  U0_RegFile/U448/Y (NOR2X1M)                             0.64      61.13 r
  U0_RegFile/U281/Y (BUFX2M)                              0.84      61.97 r
  U0_RegFile/U257/Y (BUFX2M)                              0.86      62.84 r
  U0_RegFile/U256/Y (CLKBUFX6M)                           1.08      63.91 r
  U0_RegFile/U471/Y (AOI22X1M)                            0.57      64.48 f
  U0_RegFile/U472/Y (AOI21X1M)                            0.75      65.23 r
  U0_RegFile/U473/Y (OR4X1M)                              0.53      65.76 r
  U0_RegFile/U303/Y (AO22XLM)                             0.60      66.36 r
  U0_RegFile/RdData_reg[1]/D (SDFFRQX2M)                  0.00      66.36 r
  data arrival time                                                 66.36

  clock REG_CLK (rise edge)                             100.00     100.00
  clock network delay (ideal)                             0.00     100.00
  U0_RegFile/RdData_reg[1]/CK (SDFFRQX2M)                 0.00     100.00 r
  library setup time                                     -0.37      99.63
  data required time                                                99.63
  --------------------------------------------------------------------------
  data required time                                                99.63
  data arrival time                                                -66.36
  --------------------------------------------------------------------------
  slack (MET)                                                       33.27


  Startpoint: Address[1] (input port clocked by CLK)
  Endpoint: U0_RegFile/RdData_reg[0]
            (rising edge-triggered flip-flop clocked by REG_CLK)
  Path Group: REG_CLK
  Path Type: max

  Des/Clust/Port     Wire Load Model       Library
  ------------------------------------------------
  System_Top         tsmc13_wl30           scmetro_tsmc_cl013g_rvt_ss_1p08v_125c

  Point                                                   Incr       Path
  --------------------------------------------------------------------------
  clock CLK (rise edge)                                  50.00      50.00
  clock network delay (ideal)                             0.00      50.00
  input external delay                                   10.00      60.00 f
  Address[1] (in)                                         0.11      60.11 f
  U5/Y (BUFX4M)                                           0.38      60.49 f
  U0_RegFile/Address[1] (RegFile_test_1)                  0.00      60.49 f
  U0_RegFile/U448/Y (NOR2X1M)                             0.64      61.13 r
  U0_RegFile/U281/Y (BUFX2M)                              0.84      61.97 r
  U0_RegFile/U257/Y (BUFX2M)                              0.86      62.84 r
  U0_RegFile/U256/Y (CLKBUFX6M)                           1.08      63.91 r
  U0_RegFile/U458/Y (AOI22X1M)                            0.57      64.48 f
  U0_RegFile/U459/Y (AOI21X1M)                            0.75      65.23 r
  U0_RegFile/U460/Y (OR4X1M)                              0.53      65.76 r
  U0_RegFile/U302/Y (AO22XLM)                             0.60      66.36 r
  U0_RegFile/RdData_reg[0]/D (SDFFRQX2M)                  0.00      66.36 r
  data arrival time                                                 66.36

  clock REG_CLK (rise edge)                             100.00     100.00
  clock network delay (ideal)                             0.00     100.00
  U0_RegFile/RdData_reg[0]/CK (SDFFRQX2M)                 0.00     100.00 r
  library setup time                                     -0.37      99.63
  data required time                                                99.63
  --------------------------------------------------------------------------
  data required time                                                99.63
  data arrival time                                                -66.36
  --------------------------------------------------------------------------
  slack (MET)                                                       33.27


  Startpoint: Address[1] (input port clocked by CLK)
  Endpoint: U0_RegFile/RdData_reg[5]
            (rising edge-triggered flip-flop clocked by REG_CLK)
  Path Group: REG_CLK
  Path Type: max

  Des/Clust/Port     Wire Load Model       Library
  ------------------------------------------------
  System_Top         tsmc13_wl30           scmetro_tsmc_cl013g_rvt_ss_1p08v_125c

  Point                                                   Incr       Path
  --------------------------------------------------------------------------
  clock CLK (rise edge)                                  50.00      50.00
  clock network delay (ideal)                             0.00      50.00
  input external delay                                   10.00      60.00 f
  Address[1] (in)                                         0.11      60.11 f
  U5/Y (BUFX4M)                                           0.38      60.49 f
  U0_RegFile/Address[1] (RegFile_test_1)                  0.00      60.49 f
  U0_RegFile/U448/Y (NOR2X1M)                             0.64      61.13 r
  U0_RegFile/U281/Y (BUFX2M)                              0.84      61.97 r
  U0_RegFile/U253/Y (BUFX2M)                              0.86      62.84 r
  U0_RegFile/U210/Y (CLKBUFX6M)                           1.08      63.91 r
  U0_RegFile/U523/Y (AOI22X1M)                            0.57      64.48 f
  U0_RegFile/U524/Y (AOI21X1M)                            0.75      65.23 r
  U0_RegFile/U525/Y (OR4X1M)                              0.53      65.76 r
  U0_RegFile/U307/Y (AO22XLM)                             0.60      66.36 r
  U0_RegFile/RdData_reg[5]/D (SDFFRQX2M)                  0.00      66.36 r
  data arrival time                                                 66.36

  clock REG_CLK (rise edge)                             100.00     100.00
  clock network delay (ideal)                             0.00     100.00
  U0_RegFile/RdData_reg[5]/CK (SDFFRQX2M)                 0.00     100.00 r
  library setup time                                     -0.37      99.63
  data required time                                                99.63
  --------------------------------------------------------------------------
  data required time                                                99.63
  data arrival time                                                -66.36
  --------------------------------------------------------------------------
  slack (MET)                                                       33.27


  Startpoint: Address[1] (input port clocked by CLK)
  Endpoint: U0_RegFile/RdData_reg[4]
            (rising edge-triggered flip-flop clocked by REG_CLK)
  Path Group: REG_CLK
  Path Type: max

  Des/Clust/Port     Wire Load Model       Library
  ------------------------------------------------
  System_Top         tsmc13_wl30           scmetro_tsmc_cl013g_rvt_ss_1p08v_125c

  Point                                                   Incr       Path
  --------------------------------------------------------------------------
  clock CLK (rise edge)                                  50.00      50.00
  clock network delay (ideal)                             0.00      50.00
  input external delay                                   10.00      60.00 f
  Address[1] (in)                                         0.11      60.11 f
  U5/Y (BUFX4M)                                           0.38      60.49 f
  U0_RegFile/Address[1] (RegFile_test_1)                  0.00      60.49 f
  U0_RegFile/U448/Y (NOR2X1M)                             0.64      61.13 r
  U0_RegFile/U281/Y (BUFX2M)                              0.84      61.97 r
  U0_RegFile/U253/Y (BUFX2M)                              0.86      62.84 r
  U0_RegFile/U210/Y (CLKBUFX6M)                           1.08      63.91 r
  U0_RegFile/U510/Y (AOI22X1M)                            0.57      64.48 f
  U0_RegFile/U511/Y (AOI21X1M)                            0.75      65.23 r
  U0_RegFile/U512/Y (OR4X1M)                              0.53      65.76 r
  U0_RegFile/U306/Y (AO22XLM)                             0.60      66.36 r
  U0_RegFile/RdData_reg[4]/D (SDFFRQX2M)                  0.00      66.36 r
  data arrival time                                                 66.36

  clock REG_CLK (rise edge)                             100.00     100.00
  clock network delay (ideal)                             0.00     100.00
  U0_RegFile/RdData_reg[4]/CK (SDFFRQX2M)                 0.00     100.00 r
  library setup time                                     -0.37      99.63
  data required time                                                99.63
  --------------------------------------------------------------------------
  data required time                                                99.63
  data arrival time                                                -66.36
  --------------------------------------------------------------------------
  slack (MET)                                                       33.27


  Startpoint: Address[1] (input port clocked by CLK)
  Endpoint: U0_RegFile/RdData_reg[3]
            (rising edge-triggered flip-flop clocked by REG_CLK)
  Path Group: REG_CLK
  Path Type: max

  Des/Clust/Port     Wire Load Model       Library
  ------------------------------------------------
  System_Top         tsmc13_wl30           scmetro_tsmc_cl013g_rvt_ss_1p08v_125c

  Point                                                   Incr       Path
  --------------------------------------------------------------------------
  clock CLK (rise edge)                                  50.00      50.00
  clock network delay (ideal)                             0.00      50.00
  input external delay                                   10.00      60.00 f
  Address[1] (in)                                         0.11      60.11 f
  U5/Y (BUFX4M)                                           0.38      60.49 f
  U0_RegFile/Address[1] (RegFile_test_1)                  0.00      60.49 f
  U0_RegFile/U448/Y (NOR2X1M)                             0.64      61.13 r
  U0_RegFile/U281/Y (BUFX2M)                              0.84      61.97 r
  U0_RegFile/U253/Y (BUFX2M)                              0.86      62.84 r
  U0_RegFile/U210/Y (CLKBUFX6M)                           1.08      63.91 r
  U0_RegFile/U497/Y (AOI22X1M)                            0.57      64.48 f
  U0_RegFile/U498/Y (AOI21X1M)                            0.75      65.23 r
  U0_RegFile/U499/Y (OR4X1M)                              0.53      65.76 r
  U0_RegFile/U305/Y (AO22XLM)                             0.60      66.36 r
  U0_RegFile/RdData_reg[3]/D (SDFFRQX2M)                  0.00      66.36 r
  data arrival time                                                 66.36

  clock REG_CLK (rise edge)                             100.00     100.00
  clock network delay (ideal)                             0.00     100.00
  U0_RegFile/RdData_reg[3]/CK (SDFFRQX2M)                 0.00     100.00 r
  library setup time                                     -0.37      99.63
  data required time                                                99.63
  --------------------------------------------------------------------------
  data required time                                                99.63
  data arrival time                                                -66.36
  --------------------------------------------------------------------------
  slack (MET)                                                       33.27


  Startpoint: Address[1] (input port clocked by CLK)
  Endpoint: U0_RegFile/RdData_reg[7]
            (rising edge-triggered flip-flop clocked by REG_CLK)
  Path Group: REG_CLK
  Path Type: max

  Des/Clust/Port     Wire Load Model       Library
  ------------------------------------------------
  System_Top         tsmc13_wl30           scmetro_tsmc_cl013g_rvt_ss_1p08v_125c

  Point                                                   Incr       Path
  --------------------------------------------------------------------------
  clock CLK (rise edge)                                  50.00      50.00
  clock network delay (ideal)                             0.00      50.00
  input external delay                                   10.00      60.00 r
  Address[1] (in)                                         0.18      60.18 r
  U5/Y (BUFX4M)                                           0.59      60.77 r
  U0_RegFile/Address[1] (RegFile_test_1)                  0.00      60.77 r
  U0_RegFile/U279/Y (INVX2M)                              0.61      61.38 f
  U0_RegFile/U139/Y (NOR2X2M)                             0.90      62.28 r
  U0_RegFile/U196/Y (BUFX4M)                              0.90      63.18 r
  U0_RegFile/U548/Y (AOI22X1M)                            0.59      63.77 f
  U0_RegFile/U550/Y (AOI21X1M)                            0.74      64.51 r
  U0_RegFile/U551/Y (OR4X1M)                              0.53      65.04 r
  U0_RegFile/U309/Y (AO22XLM)                             0.60      65.64 r
  U0_RegFile/RdData_reg[7]/D (SDFFRQX2M)                  0.00      65.64 r
  data arrival time                                                 65.64

  clock REG_CLK (rise edge)                             100.00     100.00
  clock network delay (ideal)                             0.00     100.00
  U0_RegFile/RdData_reg[7]/CK (SDFFRQX2M)                 0.00     100.00 r
  library setup time                                     -0.37      99.63
  data required time                                                99.63
  --------------------------------------------------------------------------
  data required time                                                99.63
  data arrival time                                                -65.64
  --------------------------------------------------------------------------
  slack (MET)                                                       33.99


  Startpoint: Address[1] (input port clocked by CLK)
  Endpoint: U0_RegFile/RdData_reg[6]
            (rising edge-triggered flip-flop clocked by REG_CLK)
  Path Group: REG_CLK
  Path Type: max

  Des/Clust/Port     Wire Load Model       Library
  ------------------------------------------------
  System_Top         tsmc13_wl30           scmetro_tsmc_cl013g_rvt_ss_1p08v_125c

  Point                                                   Incr       Path
  --------------------------------------------------------------------------
  clock CLK (rise edge)                                  50.00      50.00
  clock network delay (ideal)                             0.00      50.00
  input external delay                                   10.00      60.00 r
  Address[1] (in)                                         0.18      60.18 r
  U5/Y (BUFX4M)                                           0.59      60.77 r
  U0_RegFile/Address[1] (RegFile_test_1)                  0.00      60.77 r
  U0_RegFile/U279/Y (INVX2M)                              0.61      61.38 f
  U0_RegFile/U139/Y (NOR2X2M)                             0.90      62.28 r
  U0_RegFile/U196/Y (BUFX4M)                              0.90      63.18 r
  U0_RegFile/U535/Y (AOI22X1M)                            0.59      63.77 f
  U0_RegFile/U537/Y (AOI21X1M)                            0.74      64.51 r
  U0_RegFile/U538/Y (OR4X1M)                              0.53      65.04 r
  U0_RegFile/U308/Y (AO22XLM)                             0.60      65.64 r
  U0_RegFile/RdData_reg[6]/D (SDFFRQX2M)                  0.00      65.64 r
  data arrival time                                                 65.64

  clock REG_CLK (rise edge)                             100.00     100.00
  clock network delay (ideal)                             0.00     100.00
  U0_RegFile/RdData_reg[6]/CK (SDFFRQX2M)                 0.00     100.00 r
  library setup time                                     -0.37      99.63
  data required time                                                99.63
  --------------------------------------------------------------------------
  data required time                                                99.63
  data arrival time                                                -65.64
  --------------------------------------------------------------------------
  slack (MET)                                                       33.99


  Startpoint: WrEn (input port clocked by CLK)
  Endpoint: U0_RegFile/regArr_reg[1][0]
            (rising edge-triggered flip-flop clocked by REG_CLK)
  Path Group: REG_CLK
  Path Type: max

  Des/Clust/Port     Wire Load Model       Library
  ------------------------------------------------
  System_Top         tsmc13_wl30           scmetro_tsmc_cl013g_rvt_ss_1p08v_125c

  Point                                                   Incr       Path
  --------------------------------------------------------------------------
  clock CLK (rise edge)                                  50.00      50.00
  clock network delay (ideal)                             0.00      50.00
  input external delay                                   10.00      60.00 r
  WrEn (in)                                               0.18      60.18 r
  U0_RegFile/WrEn (RegFile_test_1)                        0.00      60.18 r
  U0_RegFile/U438/Y (INVX2M)                              0.29      60.47 f
  U0_RegFile/U283/Y (NOR2X2M)                             0.80      61.27 r
  U0_RegFile/U282/Y (NOR2BX2M)                            0.88      62.15 r
  U0_RegFile/U188/Y (AND2X2M)                             0.90      63.05 r
  U0_RegFile/U263/Y (NAND2X2M)                            0.62      63.67 f
  U0_RegFile/U218/Y (BUFX4M)                              0.64      64.32 f
  U0_RegFile/U431/Y (OAI2BB2X1M)                          0.66      64.98 f
  U0_RegFile/regArr_reg[1][0]/D (SDFFRQX2M)               0.00      64.98 f
  data arrival time                                                 64.98

  clock REG_CLK (rise edge)                             100.00     100.00
  clock network delay (ideal)                             0.00     100.00
  U0_RegFile/regArr_reg[1][0]/CK (SDFFRQX2M)              0.00     100.00 r
  library setup time                                     -0.53      99.47
  data required time                                                99.47
  --------------------------------------------------------------------------
  data required time                                                99.47
  data arrival time                                                -64.98
  --------------------------------------------------------------------------
  slack (MET)                                                       34.49


  Startpoint: WrEn (input port clocked by CLK)
  Endpoint: U0_RegFile/regArr_reg[1][6]
            (rising edge-triggered flip-flop clocked by REG_CLK)
  Path Group: REG_CLK
  Path Type: max

  Des/Clust/Port     Wire Load Model       Library
  ------------------------------------------------
  System_Top         tsmc13_wl30           scmetro_tsmc_cl013g_rvt_ss_1p08v_125c

  Point                                                   Incr       Path
  --------------------------------------------------------------------------
  clock CLK (rise edge)                                  50.00      50.00
  clock network delay (ideal)                             0.00      50.00
  input external delay                                   10.00      60.00 r
  WrEn (in)                                               0.18      60.18 r
  U0_RegFile/WrEn (RegFile_test_1)                        0.00      60.18 r
  U0_RegFile/U438/Y (INVX2M)                              0.29      60.47 f
  U0_RegFile/U283/Y (NOR2X2M)                             0.80      61.27 r
  U0_RegFile/U282/Y (NOR2BX2M)                            0.88      62.15 r
  U0_RegFile/U188/Y (AND2X2M)                             0.90      63.05 r
  U0_RegFile/U263/Y (NAND2X2M)                            0.62      63.67 f
  U0_RegFile/U218/Y (BUFX4M)                              0.64      64.32 f
  U0_RegFile/U315/Y (OAI2BB2X1M)                          0.66      64.98 f
  U0_RegFile/regArr_reg[1][6]/D (SDFFRQX2M)               0.00      64.98 f
  data arrival time                                                 64.98

  clock REG_CLK (rise edge)                             100.00     100.00
  clock network delay (ideal)                             0.00     100.00
  U0_RegFile/regArr_reg[1][6]/CK (SDFFRQX2M)              0.00     100.00 r
  library setup time                                     -0.52      99.48
  data required time                                                99.48
  --------------------------------------------------------------------------
  data required time                                                99.48
  data arrival time                                                -64.98
  --------------------------------------------------------------------------
  slack (MET)                                                       34.50


  Startpoint: WrEn (input port clocked by CLK)
  Endpoint: U0_RegFile/regArr_reg[1][7]
            (rising edge-triggered flip-flop clocked by REG_CLK)
  Path Group: REG_CLK
  Path Type: max

  Des/Clust/Port     Wire Load Model       Library
  ------------------------------------------------
  System_Top         tsmc13_wl30           scmetro_tsmc_cl013g_rvt_ss_1p08v_125c

  Point                                                   Incr       Path
  --------------------------------------------------------------------------
  clock CLK (rise edge)                                  50.00      50.00
  clock network delay (ideal)                             0.00      50.00
  input external delay                                   10.00      60.00 r
  WrEn (in)                                               0.18      60.18 r
  U0_RegFile/WrEn (RegFile_test_1)                        0.00      60.18 r
  U0_RegFile/U438/Y (INVX2M)                              0.29      60.47 f
  U0_RegFile/U283/Y (NOR2X2M)                             0.80      61.27 r
  U0_RegFile/U282/Y (NOR2BX2M)                            0.88      62.15 r
  U0_RegFile/U188/Y (AND2X2M)                             0.90      63.05 r
  U0_RegFile/U263/Y (NAND2X2M)                            0.62      63.67 f
  U0_RegFile/U218/Y (BUFX4M)                              0.64      64.32 f
  U0_RegFile/U316/Y (OAI2BB2X1M)                          0.66      64.98 f
  U0_RegFile/regArr_reg[1][7]/D (SDFFRQX2M)               0.00      64.98 f
  data arrival time                                                 64.98

  clock REG_CLK (rise edge)                             100.00     100.00
  clock network delay (ideal)                             0.00     100.00
  U0_RegFile/regArr_reg[1][7]/CK (SDFFRQX2M)              0.00     100.00 r
  library setup time                                     -0.52      99.48
  data required time                                                99.48
  --------------------------------------------------------------------------
  data required time                                                99.48
  data arrival time                                                -64.98
  --------------------------------------------------------------------------
  slack (MET)                                                       34.50


  Startpoint: WrEn (input port clocked by CLK)
  Endpoint: U0_RegFile/regArr_reg[1][5]
            (rising edge-triggered flip-flop clocked by REG_CLK)
  Path Group: REG_CLK
  Path Type: max

  Des/Clust/Port     Wire Load Model       Library
  ------------------------------------------------
  System_Top         tsmc13_wl30           scmetro_tsmc_cl013g_rvt_ss_1p08v_125c

  Point                                                   Incr       Path
  --------------------------------------------------------------------------
  clock CLK (rise edge)                                  50.00      50.00
  clock network delay (ideal)                             0.00      50.00
  input external delay                                   10.00      60.00 r
  WrEn (in)                                               0.18      60.18 r
  U0_RegFile/WrEn (RegFile_test_1)                        0.00      60.18 r
  U0_RegFile/U438/Y (INVX2M)                              0.29      60.47 f
  U0_RegFile/U283/Y (NOR2X2M)                             0.80      61.27 r
  U0_RegFile/U282/Y (NOR2BX2M)                            0.88      62.15 r
  U0_RegFile/U188/Y (AND2X2M)                             0.90      63.05 r
  U0_RegFile/U263/Y (NAND2X2M)                            0.62      63.67 f
  U0_RegFile/U218/Y (BUFX4M)                              0.64      64.32 f
  U0_RegFile/U314/Y (OAI2BB2X1M)                          0.66      64.98 f
  U0_RegFile/regArr_reg[1][5]/D (SDFFRQX2M)               0.00      64.98 f
  data arrival time                                                 64.98

  clock REG_CLK (rise edge)                             100.00     100.00
  clock network delay (ideal)                             0.00     100.00
  U0_RegFile/regArr_reg[1][5]/CK (SDFFRQX2M)              0.00     100.00 r
  library setup time                                     -0.52      99.48
  data required time                                                99.48
  --------------------------------------------------------------------------
  data required time                                                99.48
  data arrival time                                                -64.98
  --------------------------------------------------------------------------
  slack (MET)                                                       34.50


  Startpoint: WrEn (input port clocked by CLK)
  Endpoint: U0_RegFile/regArr_reg[1][4]
            (rising edge-triggered flip-flop clocked by REG_CLK)
  Path Group: REG_CLK
  Path Type: max

  Des/Clust/Port     Wire Load Model       Library
  ------------------------------------------------
  System_Top         tsmc13_wl30           scmetro_tsmc_cl013g_rvt_ss_1p08v_125c

  Point                                                   Incr       Path
  --------------------------------------------------------------------------
  clock CLK (rise edge)                                  50.00      50.00
  clock network delay (ideal)                             0.00      50.00
  input external delay                                   10.00      60.00 r
  WrEn (in)                                               0.18      60.18 r
  U0_RegFile/WrEn (RegFile_test_1)                        0.00      60.18 r
  U0_RegFile/U438/Y (INVX2M)                              0.29      60.47 f
  U0_RegFile/U283/Y (NOR2X2M)                             0.80      61.27 r
  U0_RegFile/U282/Y (NOR2BX2M)                            0.88      62.15 r
  U0_RegFile/U188/Y (AND2X2M)                             0.90      63.05 r
  U0_RegFile/U263/Y (NAND2X2M)                            0.62      63.67 f
  U0_RegFile/U218/Y (BUFX4M)                              0.64      64.32 f
  U0_RegFile/U313/Y (OAI2BB2X1M)                          0.66      64.98 f
  U0_RegFile/regArr_reg[1][4]/D (SDFFRQX2M)               0.00      64.98 f
  data arrival time                                                 64.98

  clock REG_CLK (rise edge)                             100.00     100.00
  clock network delay (ideal)                             0.00     100.00
  U0_RegFile/regArr_reg[1][4]/CK (SDFFRQX2M)              0.00     100.00 r
  library setup time                                     -0.52      99.48
  data required time                                                99.48
  --------------------------------------------------------------------------
  data required time                                                99.48
  data arrival time                                                -64.98
  --------------------------------------------------------------------------
  slack (MET)                                                       34.50


  Startpoint: WrEn (input port clocked by CLK)
  Endpoint: U0_RegFile/regArr_reg[1][1]
            (rising edge-triggered flip-flop clocked by REG_CLK)
  Path Group: REG_CLK
  Path Type: max

  Des/Clust/Port     Wire Load Model       Library
  ------------------------------------------------
  System_Top         tsmc13_wl30           scmetro_tsmc_cl013g_rvt_ss_1p08v_125c

  Point                                                   Incr       Path
  --------------------------------------------------------------------------
  clock CLK (rise edge)                                  50.00      50.00
  clock network delay (ideal)                             0.00      50.00
  input external delay                                   10.00      60.00 r
  WrEn (in)                                               0.18      60.18 r
  U0_RegFile/WrEn (RegFile_test_1)                        0.00      60.18 r
  U0_RegFile/U438/Y (INVX2M)                              0.29      60.47 f
  U0_RegFile/U283/Y (NOR2X2M)                             0.80      61.27 r
  U0_RegFile/U282/Y (NOR2BX2M)                            0.88      62.15 r
  U0_RegFile/U188/Y (AND2X2M)                             0.90      63.05 r
  U0_RegFile/U263/Y (NAND2X2M)                            0.62      63.67 f
  U0_RegFile/U218/Y (BUFX4M)                              0.64      64.32 f
  U0_RegFile/U310/Y (OAI2BB2X1M)                          0.66      64.98 f
  U0_RegFile/regArr_reg[1][1]/D (SDFFRQX2M)               0.00      64.98 f
  data arrival time                                                 64.98

  clock REG_CLK (rise edge)                             100.00     100.00
  clock network delay (ideal)                             0.00     100.00
  U0_RegFile/regArr_reg[1][1]/CK (SDFFRQX2M)              0.00     100.00 r
  library setup time                                     -0.52      99.48
  data required time                                                99.48
  --------------------------------------------------------------------------
  data required time                                                99.48
  data arrival time                                                -64.98
  --------------------------------------------------------------------------
  slack (MET)                                                       34.50


  Startpoint: WrEn (input port clocked by CLK)
  Endpoint: U0_RegFile/regArr_reg[1][3]
            (rising edge-triggered flip-flop clocked by REG_CLK)
  Path Group: REG_CLK
  Path Type: max

  Des/Clust/Port     Wire Load Model       Library
  ------------------------------------------------
  System_Top         tsmc13_wl30           scmetro_tsmc_cl013g_rvt_ss_1p08v_125c

  Point                                                   Incr       Path
  --------------------------------------------------------------------------
  clock CLK (rise edge)                                  50.00      50.00
  clock network delay (ideal)                             0.00      50.00
  input external delay                                   10.00      60.00 r
  WrEn (in)                                               0.18      60.18 r
  U0_RegFile/WrEn (RegFile_test_1)                        0.00      60.18 r
  U0_RegFile/U438/Y (INVX2M)                              0.29      60.47 f
  U0_RegFile/U283/Y (NOR2X2M)                             0.80      61.27 r
  U0_RegFile/U282/Y (NOR2BX2M)                            0.88      62.15 r
  U0_RegFile/U188/Y (AND2X2M)                             0.90      63.05 r
  U0_RegFile/U263/Y (NAND2X2M)                            0.62      63.67 f
  U0_RegFile/U218/Y (BUFX4M)                              0.64      64.32 f
  U0_RegFile/U312/Y (OAI2BB2X1M)                          0.66      64.98 f
  U0_RegFile/regArr_reg[1][3]/D (SDFFRQX4M)               0.00      64.98 f
  data arrival time                                                 64.98

  clock REG_CLK (rise edge)                             100.00     100.00
  clock network delay (ideal)                             0.00     100.00
  U0_RegFile/regArr_reg[1][3]/CK (SDFFRQX4M)              0.00     100.00 r
  library setup time                                     -0.52      99.48
  data required time                                                99.48
  --------------------------------------------------------------------------
  data required time                                                99.48
  data arrival time                                                -64.98
  --------------------------------------------------------------------------
  slack (MET)                                                       34.50


  Startpoint: WrEn (input port clocked by CLK)
  Endpoint: U0_RegFile/regArr_reg[1][2]
            (rising edge-triggered flip-flop clocked by REG_CLK)
  Path Group: REG_CLK
  Path Type: max

  Des/Clust/Port     Wire Load Model       Library
  ------------------------------------------------
  System_Top         tsmc13_wl30           scmetro_tsmc_cl013g_rvt_ss_1p08v_125c

  Point                                                   Incr       Path
  --------------------------------------------------------------------------
  clock CLK (rise edge)                                  50.00      50.00
  clock network delay (ideal)                             0.00      50.00
  input external delay                                   10.00      60.00 r
  WrEn (in)                                               0.18      60.18 r
  U0_RegFile/WrEn (RegFile_test_1)                        0.00      60.18 r
  U0_RegFile/U438/Y (INVX2M)                              0.29      60.47 f
  U0_RegFile/U283/Y (NOR2X2M)                             0.80      61.27 r
  U0_RegFile/U282/Y (NOR2BX2M)                            0.88      62.15 r
  U0_RegFile/U188/Y (AND2X2M)                             0.90      63.05 r
  U0_RegFile/U263/Y (NAND2X2M)                            0.62      63.67 f
  U0_RegFile/U218/Y (BUFX4M)                              0.64      64.32 f
  U0_RegFile/U311/Y (OAI2BB2X1M)                          0.66      64.98 f
  U0_RegFile/regArr_reg[1][2]/D (SDFFRQX4M)               0.00      64.98 f
  data arrival time                                                 64.98

  clock REG_CLK (rise edge)                             100.00     100.00
  clock network delay (ideal)                             0.00     100.00
  U0_RegFile/regArr_reg[1][2]/CK (SDFFRQX4M)              0.00     100.00 r
  library setup time                                     -0.52      99.48
  data required time                                                99.48
  --------------------------------------------------------------------------
  data required time                                                99.48
  data arrival time                                                -64.98
  --------------------------------------------------------------------------
  slack (MET)                                                       34.50


  Startpoint: WrEn (input port clocked by CLK)
  Endpoint: U0_RegFile/regArr_reg[3][0]
            (rising edge-triggered flip-flop clocked by REG_CLK)
  Path Group: REG_CLK
  Path Type: max

  Des/Clust/Port     Wire Load Model       Library
  ------------------------------------------------
  System_Top         tsmc13_wl30           scmetro_tsmc_cl013g_rvt_ss_1p08v_125c

  Point                                                   Incr       Path
  --------------------------------------------------------------------------
  clock CLK (rise edge)                                  50.00      50.00
  clock network delay (ideal)                             0.00      50.00
  input external delay                                   10.00      60.00 r
  WrEn (in)                                               0.18      60.18 r
  U0_RegFile/WrEn (RegFile_test_1)                        0.00      60.18 r
  U0_RegFile/U438/Y (INVX2M)                              0.29      60.47 f
  U0_RegFile/U283/Y (NOR2X2M)                             0.80      61.27 r
  U0_RegFile/U282/Y (NOR2BX2M)                            0.88      62.15 r
  U0_RegFile/U188/Y (AND2X2M)                             0.90      63.05 r
  U0_RegFile/U262/Y (NAND2X2M)                            0.57      63.62 f
  U0_RegFile/U217/Y (BUFX4M)                              0.65      64.27 f
  U0_RegFile/U433/Y (OAI2BB2X1M)                          0.66      64.94 f
  U0_RegFile/regArr_reg[3][0]/D (SDFFRQX2M)               0.00      64.94 f
  data arrival time                                                 64.94

  clock REG_CLK (rise edge)                             100.00     100.00
  clock network delay (ideal)                             0.00     100.00
  U0_RegFile/regArr_reg[3][0]/CK (SDFFRQX2M)              0.00     100.00 r
  library setup time                                     -0.53      99.47
  data required time                                                99.47
  --------------------------------------------------------------------------
  data required time                                                99.47
  data arrival time                                                -64.94
  --------------------------------------------------------------------------
  slack (MET)                                                       34.53


  Startpoint: WrEn (input port clocked by CLK)
  Endpoint: U0_RegFile/regArr_reg[2][0]
            (rising edge-triggered flip-flop clocked by REG_CLK)
  Path Group: REG_CLK
  Path Type: max

  Des/Clust/Port     Wire Load Model       Library
  ------------------------------------------------
  System_Top         tsmc13_wl30           scmetro_tsmc_cl013g_rvt_ss_1p08v_125c

  Point                                                   Incr       Path
  --------------------------------------------------------------------------
  clock CLK (rise edge)                                  50.00      50.00
  clock network delay (ideal)                             0.00      50.00
  input external delay                                   10.00      60.00 r
  WrEn (in)                                               0.18      60.18 r
  U0_RegFile/WrEn (RegFile_test_1)                        0.00      60.18 r
  U0_RegFile/U438/Y (INVX2M)                              0.29      60.47 f
  U0_RegFile/U283/Y (NOR2X2M)                             0.80      61.27 r
  U0_RegFile/U282/Y (NOR2BX2M)                            0.88      62.15 r
  U0_RegFile/U258/Y (AND2X2M)                             0.90      63.05 r
  U0_RegFile/U261/Y (NAND2X2M)                            0.57      63.62 f
  U0_RegFile/U216/Y (BUFX4M)                              0.65      64.27 f
  U0_RegFile/U432/Y (OAI2BB2X1M)                          0.66      64.94 f
  U0_RegFile/regArr_reg[2][0]/D (SDFFRQX2M)               0.00      64.94 f
  data arrival time                                                 64.94

  clock REG_CLK (rise edge)                             100.00     100.00
  clock network delay (ideal)                             0.00     100.00
  U0_RegFile/regArr_reg[2][0]/CK (SDFFRQX2M)              0.00     100.00 r
  library setup time                                     -0.53      99.47
  data required time                                                99.47
  --------------------------------------------------------------------------
  data required time                                                99.47
  data arrival time                                                -64.94
  --------------------------------------------------------------------------
  slack (MET)                                                       34.54


  Startpoint: WrEn (input port clocked by CLK)
  Endpoint: U0_RegFile/regArr_reg[0][1]
            (rising edge-triggered flip-flop clocked by REG_CLK)
  Path Group: REG_CLK
  Path Type: max

  Des/Clust/Port     Wire Load Model       Library
  ------------------------------------------------
  System_Top         tsmc13_wl30           scmetro_tsmc_cl013g_rvt_ss_1p08v_125c

  Point                                                   Incr       Path
  --------------------------------------------------------------------------
  clock CLK (rise edge)                                  50.00      50.00
  clock network delay (ideal)                             0.00      50.00
  input external delay                                   10.00      60.00 r
  WrEn (in)                                               0.18      60.18 r
  U0_RegFile/WrEn (RegFile_test_1)                        0.00      60.18 r
  U0_RegFile/U438/Y (INVX2M)                              0.29      60.47 f
  U0_RegFile/U283/Y (NOR2X2M)                             0.80      61.27 r
  U0_RegFile/U282/Y (NOR2BX2M)                            0.88      62.15 r
  U0_RegFile/U258/Y (AND2X2M)                             0.90      63.05 r
  U0_RegFile/U260/Y (NAND2X2M)                            0.57      63.62 f
  U0_RegFile/U223/Y (BUFX4M)                              0.65      64.27 f
  U0_RegFile/U424/Y (OAI2BB2X1M)                          0.66      64.94 f
  U0_RegFile/regArr_reg[0][1]/D (SDFFRQX2M)               0.00      64.94 f
  data arrival time                                                 64.94

  clock REG_CLK (rise edge)                             100.00     100.00
  clock network delay (ideal)                             0.00     100.00
  U0_RegFile/regArr_reg[0][1]/CK (SDFFRQX2M)              0.00     100.00 r
  library setup time                                     -0.53      99.47
  data required time                                                99.47
  --------------------------------------------------------------------------
  data required time                                                99.47
  data arrival time                                                -64.94
  --------------------------------------------------------------------------
  slack (MET)                                                       34.54


  Startpoint: WrEn (input port clocked by CLK)
  Endpoint: U0_RegFile/regArr_reg[0][0]
            (rising edge-triggered flip-flop clocked by REG_CLK)
  Path Group: REG_CLK
  Path Type: max

  Des/Clust/Port     Wire Load Model       Library
  ------------------------------------------------
  System_Top         tsmc13_wl30           scmetro_tsmc_cl013g_rvt_ss_1p08v_125c

  Point                                                   Incr       Path
  --------------------------------------------------------------------------
  clock CLK (rise edge)                                  50.00      50.00
  clock network delay (ideal)                             0.00      50.00
  input external delay                                   10.00      60.00 r
  WrEn (in)                                               0.18      60.18 r
  U0_RegFile/WrEn (RegFile_test_1)                        0.00      60.18 r
  U0_RegFile/U438/Y (INVX2M)                              0.29      60.47 f
  U0_RegFile/U283/Y (NOR2X2M)                             0.80      61.27 r
  U0_RegFile/U282/Y (NOR2BX2M)                            0.88      62.15 r
  U0_RegFile/U258/Y (AND2X2M)                             0.90      63.05 r
  U0_RegFile/U260/Y (NAND2X2M)                            0.57      63.62 f
  U0_RegFile/U223/Y (BUFX4M)                              0.65      64.27 f
  U0_RegFile/U423/Y (OAI2BB2X1M)                          0.66      64.94 f
  U0_RegFile/regArr_reg[0][0]/D (SDFFRQX2M)               0.00      64.94 f
  data arrival time                                                 64.94

  clock REG_CLK (rise edge)                             100.00     100.00
  clock network delay (ideal)                             0.00     100.00
  U0_RegFile/regArr_reg[0][0]/CK (SDFFRQX2M)              0.00     100.00 r
  library setup time                                     -0.53      99.47
  data required time                                                99.47
  --------------------------------------------------------------------------
  data required time                                                99.47
  data arrival time                                                -64.94
  --------------------------------------------------------------------------
  slack (MET)                                                       34.54


  Startpoint: WrEn (input port clocked by CLK)
  Endpoint: U0_RegFile/regArr_reg[0][2]
            (rising edge-triggered flip-flop clocked by REG_CLK)
  Path Group: REG_CLK
  Path Type: max

  Des/Clust/Port     Wire Load Model       Library
  ------------------------------------------------
  System_Top         tsmc13_wl30           scmetro_tsmc_cl013g_rvt_ss_1p08v_125c

  Point                                                   Incr       Path
  --------------------------------------------------------------------------
  clock CLK (rise edge)                                  50.00      50.00
  clock network delay (ideal)                             0.00      50.00
  input external delay                                   10.00      60.00 r
  WrEn (in)                                               0.18      60.18 r
  U0_RegFile/WrEn (RegFile_test_1)                        0.00      60.18 r
  U0_RegFile/U438/Y (INVX2M)                              0.29      60.47 f
  U0_RegFile/U283/Y (NOR2X2M)                             0.80      61.27 r
  U0_RegFile/U282/Y (NOR2BX2M)                            0.88      62.15 r
  U0_RegFile/U258/Y (AND2X2M)                             0.90      63.05 r
  U0_RegFile/U260/Y (NAND2X2M)                            0.57      63.62 f
  U0_RegFile/U223/Y (BUFX4M)                              0.65      64.27 f
  U0_RegFile/U425/Y (OAI2BB2X1M)                          0.66      64.94 f
  U0_RegFile/regArr_reg[0][2]/D (SDFFRQX2M)               0.00      64.94 f
  data arrival time                                                 64.94

  clock REG_CLK (rise edge)                             100.00     100.00
  clock network delay (ideal)                             0.00     100.00
  U0_RegFile/regArr_reg[0][2]/CK (SDFFRQX2M)              0.00     100.00 r
  library setup time                                     -0.53      99.47
  data required time                                                99.47
  --------------------------------------------------------------------------
  data required time                                                99.47
  data arrival time                                                -64.94
  --------------------------------------------------------------------------
  slack (MET)                                                       34.54


  Startpoint: WrEn (input port clocked by CLK)
  Endpoint: U0_RegFile/regArr_reg[0][3]
            (rising edge-triggered flip-flop clocked by REG_CLK)
  Path Group: REG_CLK
  Path Type: max

  Des/Clust/Port     Wire Load Model       Library
  ------------------------------------------------
  System_Top         tsmc13_wl30           scmetro_tsmc_cl013g_rvt_ss_1p08v_125c

  Point                                                   Incr       Path
  --------------------------------------------------------------------------
  clock CLK (rise edge)                                  50.00      50.00
  clock network delay (ideal)                             0.00      50.00
  input external delay                                   10.00      60.00 r
  WrEn (in)                                               0.18      60.18 r
  U0_RegFile/WrEn (RegFile_test_1)                        0.00      60.18 r
  U0_RegFile/U438/Y (INVX2M)                              0.29      60.47 f
  U0_RegFile/U283/Y (NOR2X2M)                             0.80      61.27 r
  U0_RegFile/U282/Y (NOR2BX2M)                            0.88      62.15 r
  U0_RegFile/U258/Y (AND2X2M)                             0.90      63.05 r
  U0_RegFile/U260/Y (NAND2X2M)                            0.57      63.62 f
  U0_RegFile/U223/Y (BUFX4M)                              0.65      64.27 f
  U0_RegFile/U426/Y (OAI2BB2X1M)                          0.66      64.94 f
  U0_RegFile/regArr_reg[0][3]/D (SDFFRQX2M)               0.00      64.94 f
  data arrival time                                                 64.94

  clock REG_CLK (rise edge)                             100.00     100.00
  clock network delay (ideal)                             0.00     100.00
  U0_RegFile/regArr_reg[0][3]/CK (SDFFRQX2M)              0.00     100.00 r
  library setup time                                     -0.53      99.47
  data required time                                                99.47
  --------------------------------------------------------------------------
  data required time                                                99.47
  data arrival time                                                -64.94
  --------------------------------------------------------------------------
  slack (MET)                                                       34.54


  Startpoint: WrEn (input port clocked by CLK)
  Endpoint: U0_RegFile/regArr_reg[0][4]
            (rising edge-triggered flip-flop clocked by REG_CLK)
  Path Group: REG_CLK
  Path Type: max

  Des/Clust/Port     Wire Load Model       Library
  ------------------------------------------------
  System_Top         tsmc13_wl30           scmetro_tsmc_cl013g_rvt_ss_1p08v_125c

  Point                                                   Incr       Path
  --------------------------------------------------------------------------
  clock CLK (rise edge)                                  50.00      50.00
  clock network delay (ideal)                             0.00      50.00
  input external delay                                   10.00      60.00 r
  WrEn (in)                                               0.18      60.18 r
  U0_RegFile/WrEn (RegFile_test_1)                        0.00      60.18 r
  U0_RegFile/U438/Y (INVX2M)                              0.29      60.47 f
  U0_RegFile/U283/Y (NOR2X2M)                             0.80      61.27 r
  U0_RegFile/U282/Y (NOR2BX2M)                            0.88      62.15 r
  U0_RegFile/U258/Y (AND2X2M)                             0.90      63.05 r
  U0_RegFile/U260/Y (NAND2X2M)                            0.57      63.62 f
  U0_RegFile/U223/Y (BUFX4M)                              0.65      64.27 f
  U0_RegFile/U427/Y (OAI2BB2X1M)                          0.66      64.94 f
  U0_RegFile/regArr_reg[0][4]/D (SDFFRQX2M)               0.00      64.94 f
  data arrival time                                                 64.94

  clock REG_CLK (rise edge)                             100.00     100.00
  clock network delay (ideal)                             0.00     100.00
  U0_RegFile/regArr_reg[0][4]/CK (SDFFRQX2M)              0.00     100.00 r
  library setup time                                     -0.53      99.47
  data required time                                                99.47
  --------------------------------------------------------------------------
  data required time                                                99.47
  data arrival time                                                -64.94
  --------------------------------------------------------------------------
  slack (MET)                                                       34.54


  Startpoint: WrEn (input port clocked by CLK)
  Endpoint: U0_RegFile/regArr_reg[0][5]
            (rising edge-triggered flip-flop clocked by REG_CLK)
  Path Group: REG_CLK
  Path Type: max

  Des/Clust/Port     Wire Load Model       Library
  ------------------------------------------------
  System_Top         tsmc13_wl30           scmetro_tsmc_cl013g_rvt_ss_1p08v_125c

  Point                                                   Incr       Path
  --------------------------------------------------------------------------
  clock CLK (rise edge)                                  50.00      50.00
  clock network delay (ideal)                             0.00      50.00
  input external delay                                   10.00      60.00 r
  WrEn (in)                                               0.18      60.18 r
  U0_RegFile/WrEn (RegFile_test_1)                        0.00      60.18 r
  U0_RegFile/U438/Y (INVX2M)                              0.29      60.47 f
  U0_RegFile/U283/Y (NOR2X2M)                             0.80      61.27 r
  U0_RegFile/U282/Y (NOR2BX2M)                            0.88      62.15 r
  U0_RegFile/U258/Y (AND2X2M)                             0.90      63.05 r
  U0_RegFile/U260/Y (NAND2X2M)                            0.57      63.62 f
  U0_RegFile/U223/Y (BUFX4M)                              0.65      64.27 f
  U0_RegFile/U428/Y (OAI2BB2X1M)                          0.66      64.94 f
  U0_RegFile/regArr_reg[0][5]/D (SDFFRQX2M)               0.00      64.94 f
  data arrival time                                                 64.94

  clock REG_CLK (rise edge)                             100.00     100.00
  clock network delay (ideal)                             0.00     100.00
  U0_RegFile/regArr_reg[0][5]/CK (SDFFRQX2M)              0.00     100.00 r
  library setup time                                     -0.53      99.47
  data required time                                                99.47
  --------------------------------------------------------------------------
  data required time                                                99.47
  data arrival time                                                -64.94
  --------------------------------------------------------------------------
  slack (MET)                                                       34.54


  Startpoint: WrEn (input port clocked by CLK)
  Endpoint: U0_RegFile/regArr_reg[0][6]
            (rising edge-triggered flip-flop clocked by REG_CLK)
  Path Group: REG_CLK
  Path Type: max

  Des/Clust/Port     Wire Load Model       Library
  ------------------------------------------------
  System_Top         tsmc13_wl30           scmetro_tsmc_cl013g_rvt_ss_1p08v_125c

  Point                                                   Incr       Path
  --------------------------------------------------------------------------
  clock CLK (rise edge)                                  50.00      50.00
  clock network delay (ideal)                             0.00      50.00
  input external delay                                   10.00      60.00 r
  WrEn (in)                                               0.18      60.18 r
  U0_RegFile/WrEn (RegFile_test_1)                        0.00      60.18 r
  U0_RegFile/U438/Y (INVX2M)                              0.29      60.47 f
  U0_RegFile/U283/Y (NOR2X2M)                             0.80      61.27 r
  U0_RegFile/U282/Y (NOR2BX2M)                            0.88      62.15 r
  U0_RegFile/U258/Y (AND2X2M)                             0.90      63.05 r
  U0_RegFile/U260/Y (NAND2X2M)                            0.57      63.62 f
  U0_RegFile/U223/Y (BUFX4M)                              0.65      64.27 f
  U0_RegFile/U429/Y (OAI2BB2X1M)                          0.66      64.94 f
  U0_RegFile/regArr_reg[0][6]/D (SDFFRQX2M)               0.00      64.94 f
  data arrival time                                                 64.94

  clock REG_CLK (rise edge)                             100.00     100.00
  clock network delay (ideal)                             0.00     100.00
  U0_RegFile/regArr_reg[0][6]/CK (SDFFRQX2M)              0.00     100.00 r
  library setup time                                     -0.53      99.47
  data required time                                                99.47
  --------------------------------------------------------------------------
  data required time                                                99.47
  data arrival time                                                -64.94
  --------------------------------------------------------------------------
  slack (MET)                                                       34.54


  Startpoint: WrEn (input port clocked by CLK)
  Endpoint: U0_RegFile/regArr_reg[0][7]
            (rising edge-triggered flip-flop clocked by REG_CLK)
  Path Group: REG_CLK
  Path Type: max

  Des/Clust/Port     Wire Load Model       Library
  ------------------------------------------------
  System_Top         tsmc13_wl30           scmetro_tsmc_cl013g_rvt_ss_1p08v_125c

  Point                                                   Incr       Path
  --------------------------------------------------------------------------
  clock CLK (rise edge)                                  50.00      50.00
  clock network delay (ideal)                             0.00      50.00
  input external delay                                   10.00      60.00 r
  WrEn (in)                                               0.18      60.18 r
  U0_RegFile/WrEn (RegFile_test_1)                        0.00      60.18 r
  U0_RegFile/U438/Y (INVX2M)                              0.29      60.47 f
  U0_RegFile/U283/Y (NOR2X2M)                             0.80      61.27 r
  U0_RegFile/U282/Y (NOR2BX2M)                            0.88      62.15 r
  U0_RegFile/U258/Y (AND2X2M)                             0.90      63.05 r
  U0_RegFile/U260/Y (NAND2X2M)                            0.57      63.62 f
  U0_RegFile/U223/Y (BUFX4M)                              0.65      64.27 f
  U0_RegFile/U430/Y (OAI2BB2X1M)                          0.66      64.94 f
  U0_RegFile/regArr_reg[0][7]/D (SDFFRQX2M)               0.00      64.94 f
  data arrival time                                                 64.94

  clock REG_CLK (rise edge)                             100.00     100.00
  clock network delay (ideal)                             0.00     100.00
  U0_RegFile/regArr_reg[0][7]/CK (SDFFRQX2M)              0.00     100.00 r
  library setup time                                     -0.53      99.47
  data required time                                                99.47
  --------------------------------------------------------------------------
  data required time                                                99.47
  data arrival time                                                -64.94
  --------------------------------------------------------------------------
  slack (MET)                                                       34.54


  Startpoint: WrEn (input port clocked by CLK)
  Endpoint: U0_RegFile/regArr_reg[3][7]
            (rising edge-triggered flip-flop clocked by REG_CLK)
  Path Group: REG_CLK
  Path Type: max

  Des/Clust/Port     Wire Load Model       Library
  ------------------------------------------------
  System_Top         tsmc13_wl30           scmetro_tsmc_cl013g_rvt_ss_1p08v_125c

  Point                                                   Incr       Path
  --------------------------------------------------------------------------
  clock CLK (rise edge)                                  50.00      50.00
  clock network delay (ideal)                             0.00      50.00
  input external delay                                   10.00      60.00 r
  WrEn (in)                                               0.18      60.18 r
  U0_RegFile/WrEn (RegFile_test_1)                        0.00      60.18 r
  U0_RegFile/U438/Y (INVX2M)                              0.29      60.47 f
  U0_RegFile/U283/Y (NOR2X2M)                             0.80      61.27 r
  U0_RegFile/U282/Y (NOR2BX2M)                            0.88      62.15 r
  U0_RegFile/U188/Y (AND2X2M)                             0.90      63.05 r
  U0_RegFile/U262/Y (NAND2X2M)                            0.57      63.62 f
  U0_RegFile/U217/Y (BUFX4M)                              0.65      64.27 f
  U0_RegFile/U330/Y (OAI2BB2X1M)                          0.66      64.94 f
  U0_RegFile/regArr_reg[3][7]/D (SDFFRQX2M)               0.00      64.94 f
  data arrival time                                                 64.94

  clock REG_CLK (rise edge)                             100.00     100.00
  clock network delay (ideal)                             0.00     100.00
  U0_RegFile/regArr_reg[3][7]/CK (SDFFRQX2M)              0.00     100.00 r
  library setup time                                     -0.52      99.48
  data required time                                                99.48
  --------------------------------------------------------------------------
  data required time                                                99.48
  data arrival time                                                -64.94
  --------------------------------------------------------------------------
  slack (MET)                                                       34.54


  Startpoint: WrEn (input port clocked by CLK)
  Endpoint: U0_RegFile/regArr_reg[3][6]
            (rising edge-triggered flip-flop clocked by REG_CLK)
  Path Group: REG_CLK
  Path Type: max

  Des/Clust/Port     Wire Load Model       Library
  ------------------------------------------------
  System_Top         tsmc13_wl30           scmetro_tsmc_cl013g_rvt_ss_1p08v_125c

  Point                                                   Incr       Path
  --------------------------------------------------------------------------
  clock CLK (rise edge)                                  50.00      50.00
  clock network delay (ideal)                             0.00      50.00
  input external delay                                   10.00      60.00 r
  WrEn (in)                                               0.18      60.18 r
  U0_RegFile/WrEn (RegFile_test_1)                        0.00      60.18 r
  U0_RegFile/U438/Y (INVX2M)                              0.29      60.47 f
  U0_RegFile/U283/Y (NOR2X2M)                             0.80      61.27 r
  U0_RegFile/U282/Y (NOR2BX2M)                            0.88      62.15 r
  U0_RegFile/U188/Y (AND2X2M)                             0.90      63.05 r
  U0_RegFile/U262/Y (NAND2X2M)                            0.57      63.62 f
  U0_RegFile/U217/Y (BUFX4M)                              0.65      64.27 f
  U0_RegFile/U329/Y (OAI2BB2X1M)                          0.66      64.94 f
  U0_RegFile/regArr_reg[3][6]/D (SDFFRQX2M)               0.00      64.94 f
  data arrival time                                                 64.94

  clock REG_CLK (rise edge)                             100.00     100.00
  clock network delay (ideal)                             0.00     100.00
  U0_RegFile/regArr_reg[3][6]/CK (SDFFRQX2M)              0.00     100.00 r
  library setup time                                     -0.52      99.48
  data required time                                                99.48
  --------------------------------------------------------------------------
  data required time                                                99.48
  data arrival time                                                -64.94
  --------------------------------------------------------------------------
  slack (MET)                                                       34.54


  Startpoint: WrEn (input port clocked by CLK)
  Endpoint: U0_RegFile/regArr_reg[3][5]
            (rising edge-triggered flip-flop clocked by REG_CLK)
  Path Group: REG_CLK
  Path Type: max

  Des/Clust/Port     Wire Load Model       Library
  ------------------------------------------------
  System_Top         tsmc13_wl30           scmetro_tsmc_cl013g_rvt_ss_1p08v_125c

  Point                                                   Incr       Path
  --------------------------------------------------------------------------
  clock CLK (rise edge)                                  50.00      50.00
  clock network delay (ideal)                             0.00      50.00
  input external delay                                   10.00      60.00 r
  WrEn (in)                                               0.18      60.18 r
  U0_RegFile/WrEn (RegFile_test_1)                        0.00      60.18 r
  U0_RegFile/U438/Y (INVX2M)                              0.29      60.47 f
  U0_RegFile/U283/Y (NOR2X2M)                             0.80      61.27 r
  U0_RegFile/U282/Y (NOR2BX2M)                            0.88      62.15 r
  U0_RegFile/U188/Y (AND2X2M)                             0.90      63.05 r
  U0_RegFile/U262/Y (NAND2X2M)                            0.57      63.62 f
  U0_RegFile/U217/Y (BUFX4M)                              0.65      64.27 f
  U0_RegFile/U328/Y (OAI2BB2X1M)                          0.66      64.94 f
  U0_RegFile/regArr_reg[3][5]/D (SDFFRQX2M)               0.00      64.94 f
  data arrival time                                                 64.94

  clock REG_CLK (rise edge)                             100.00     100.00
  clock network delay (ideal)                             0.00     100.00
  U0_RegFile/regArr_reg[3][5]/CK (SDFFRQX2M)              0.00     100.00 r
  library setup time                                     -0.52      99.48
  data required time                                                99.48
  --------------------------------------------------------------------------
  data required time                                                99.48
  data arrival time                                                -64.94
  --------------------------------------------------------------------------
  slack (MET)                                                       34.54


  Startpoint: WrEn (input port clocked by CLK)
  Endpoint: U0_RegFile/regArr_reg[3][4]
            (rising edge-triggered flip-flop clocked by REG_CLK)
  Path Group: REG_CLK
  Path Type: max

  Des/Clust/Port     Wire Load Model       Library
  ------------------------------------------------
  System_Top         tsmc13_wl30           scmetro_tsmc_cl013g_rvt_ss_1p08v_125c

  Point                                                   Incr       Path
  --------------------------------------------------------------------------
  clock CLK (rise edge)                                  50.00      50.00
  clock network delay (ideal)                             0.00      50.00
  input external delay                                   10.00      60.00 r
  WrEn (in)                                               0.18      60.18 r
  U0_RegFile/WrEn (RegFile_test_1)                        0.00      60.18 r
  U0_RegFile/U438/Y (INVX2M)                              0.29      60.47 f
  U0_RegFile/U283/Y (NOR2X2M)                             0.80      61.27 r
  U0_RegFile/U282/Y (NOR2BX2M)                            0.88      62.15 r
  U0_RegFile/U188/Y (AND2X2M)                             0.90      63.05 r
  U0_RegFile/U262/Y (NAND2X2M)                            0.57      63.62 f
  U0_RegFile/U217/Y (BUFX4M)                              0.65      64.27 f
  U0_RegFile/U327/Y (OAI2BB2X1M)                          0.66      64.94 f
  U0_RegFile/regArr_reg[3][4]/D (SDFFRQX2M)               0.00      64.94 f
  data arrival time                                                 64.94

  clock REG_CLK (rise edge)                             100.00     100.00
  clock network delay (ideal)                             0.00     100.00
  U0_RegFile/regArr_reg[3][4]/CK (SDFFRQX2M)              0.00     100.00 r
  library setup time                                     -0.52      99.48
  data required time                                                99.48
  --------------------------------------------------------------------------
  data required time                                                99.48
  data arrival time                                                -64.94
  --------------------------------------------------------------------------
  slack (MET)                                                       34.54


  Startpoint: WrEn (input port clocked by CLK)
  Endpoint: U0_RegFile/regArr_reg[3][3]
            (rising edge-triggered flip-flop clocked by REG_CLK)
  Path Group: REG_CLK
  Path Type: max

  Des/Clust/Port     Wire Load Model       Library
  ------------------------------------------------
  System_Top         tsmc13_wl30           scmetro_tsmc_cl013g_rvt_ss_1p08v_125c

  Point                                                   Incr       Path
  --------------------------------------------------------------------------
  clock CLK (rise edge)                                  50.00      50.00
  clock network delay (ideal)                             0.00      50.00
  input external delay                                   10.00      60.00 r
  WrEn (in)                                               0.18      60.18 r
  U0_RegFile/WrEn (RegFile_test_1)                        0.00      60.18 r
  U0_RegFile/U438/Y (INVX2M)                              0.29      60.47 f
  U0_RegFile/U283/Y (NOR2X2M)                             0.80      61.27 r
  U0_RegFile/U282/Y (NOR2BX2M)                            0.88      62.15 r
  U0_RegFile/U188/Y (AND2X2M)                             0.90      63.05 r
  U0_RegFile/U262/Y (NAND2X2M)                            0.57      63.62 f
  U0_RegFile/U217/Y (BUFX4M)                              0.65      64.27 f
  U0_RegFile/U326/Y (OAI2BB2X1M)                          0.66      64.94 f
  U0_RegFile/regArr_reg[3][3]/D (SDFFRQX2M)               0.00      64.94 f
  data arrival time                                                 64.94

  clock REG_CLK (rise edge)                             100.00     100.00
  clock network delay (ideal)                             0.00     100.00
  U0_RegFile/regArr_reg[3][3]/CK (SDFFRQX2M)              0.00     100.00 r
  library setup time                                     -0.52      99.48
  data required time                                                99.48
  --------------------------------------------------------------------------
  data required time                                                99.48
  data arrival time                                                -64.94
  --------------------------------------------------------------------------
  slack (MET)                                                       34.54


  Startpoint: WrEn (input port clocked by CLK)
  Endpoint: U0_RegFile/regArr_reg[3][2]
            (rising edge-triggered flip-flop clocked by REG_CLK)
  Path Group: REG_CLK
  Path Type: max

  Des/Clust/Port     Wire Load Model       Library
  ------------------------------------------------
  System_Top         tsmc13_wl30           scmetro_tsmc_cl013g_rvt_ss_1p08v_125c

  Point                                                   Incr       Path
  --------------------------------------------------------------------------
  clock CLK (rise edge)                                  50.00      50.00
  clock network delay (ideal)                             0.00      50.00
  input external delay                                   10.00      60.00 r
  WrEn (in)                                               0.18      60.18 r
  U0_RegFile/WrEn (RegFile_test_1)                        0.00      60.18 r
  U0_RegFile/U438/Y (INVX2M)                              0.29      60.47 f
  U0_RegFile/U283/Y (NOR2X2M)                             0.80      61.27 r
  U0_RegFile/U282/Y (NOR2BX2M)                            0.88      62.15 r
  U0_RegFile/U188/Y (AND2X2M)                             0.90      63.05 r
  U0_RegFile/U262/Y (NAND2X2M)                            0.57      63.62 f
  U0_RegFile/U217/Y (BUFX4M)                              0.65      64.27 f
  U0_RegFile/U325/Y (OAI2BB2X1M)                          0.66      64.94 f
  U0_RegFile/regArr_reg[3][2]/D (SDFFRQX2M)               0.00      64.94 f
  data arrival time                                                 64.94

  clock REG_CLK (rise edge)                             100.00     100.00
  clock network delay (ideal)                             0.00     100.00
  U0_RegFile/regArr_reg[3][2]/CK (SDFFRQX2M)              0.00     100.00 r
  library setup time                                     -0.52      99.48
  data required time                                                99.48
  --------------------------------------------------------------------------
  data required time                                                99.48
  data arrival time                                                -64.94
  --------------------------------------------------------------------------
  slack (MET)                                                       34.54


  Startpoint: WrEn (input port clocked by CLK)
  Endpoint: U0_RegFile/regArr_reg[3][1]
            (rising edge-triggered flip-flop clocked by REG_CLK)
  Path Group: REG_CLK
  Path Type: max

  Des/Clust/Port     Wire Load Model       Library
  ------------------------------------------------
  System_Top         tsmc13_wl30           scmetro_tsmc_cl013g_rvt_ss_1p08v_125c

  Point                                                   Incr       Path
  --------------------------------------------------------------------------
  clock CLK (rise edge)                                  50.00      50.00
  clock network delay (ideal)                             0.00      50.00
  input external delay                                   10.00      60.00 r
  WrEn (in)                                               0.18      60.18 r
  U0_RegFile/WrEn (RegFile_test_1)                        0.00      60.18 r
  U0_RegFile/U438/Y (INVX2M)                              0.29      60.47 f
  U0_RegFile/U283/Y (NOR2X2M)                             0.80      61.27 r
  U0_RegFile/U282/Y (NOR2BX2M)                            0.88      62.15 r
  U0_RegFile/U188/Y (AND2X2M)                             0.90      63.05 r
  U0_RegFile/U262/Y (NAND2X2M)                            0.57      63.62 f
  U0_RegFile/U217/Y (BUFX4M)                              0.65      64.27 f
  U0_RegFile/U324/Y (OAI2BB2X1M)                          0.66      64.94 f
  U0_RegFile/regArr_reg[3][1]/D (SDFFRQX2M)               0.00      64.94 f
  data arrival time                                                 64.94

  clock REG_CLK (rise edge)                             100.00     100.00
  clock network delay (ideal)                             0.00     100.00
  U0_RegFile/regArr_reg[3][1]/CK (SDFFRQX2M)              0.00     100.00 r
  library setup time                                     -0.52      99.48
  data required time                                                99.48
  --------------------------------------------------------------------------
  data required time                                                99.48
  data arrival time                                                -64.94
  --------------------------------------------------------------------------
  slack (MET)                                                       34.54


  Startpoint: WrEn (input port clocked by CLK)
  Endpoint: U0_RegFile/regArr_reg[2][7]
            (rising edge-triggered flip-flop clocked by REG_CLK)
  Path Group: REG_CLK
  Path Type: max

  Des/Clust/Port     Wire Load Model       Library
  ------------------------------------------------
  System_Top         tsmc13_wl30           scmetro_tsmc_cl013g_rvt_ss_1p08v_125c

  Point                                                   Incr       Path
  --------------------------------------------------------------------------
  clock CLK (rise edge)                                  50.00      50.00
  clock network delay (ideal)                             0.00      50.00
  input external delay                                   10.00      60.00 r
  WrEn (in)                                               0.18      60.18 r
  U0_RegFile/WrEn (RegFile_test_1)                        0.00      60.18 r
  U0_RegFile/U438/Y (INVX2M)                              0.29      60.47 f
  U0_RegFile/U283/Y (NOR2X2M)                             0.80      61.27 r
  U0_RegFile/U282/Y (NOR2BX2M)                            0.88      62.15 r
  U0_RegFile/U258/Y (AND2X2M)                             0.90      63.05 r
  U0_RegFile/U261/Y (NAND2X2M)                            0.57      63.62 f
  U0_RegFile/U216/Y (BUFX4M)                              0.65      64.27 f
  U0_RegFile/U323/Y (OAI2BB2X1M)                          0.66      64.94 f
  U0_RegFile/regArr_reg[2][7]/D (SDFFRQX2M)               0.00      64.94 f
  data arrival time                                                 64.94

  clock REG_CLK (rise edge)                             100.00     100.00
  clock network delay (ideal)                             0.00     100.00
  U0_RegFile/regArr_reg[2][7]/CK (SDFFRQX2M)              0.00     100.00 r
  library setup time                                     -0.52      99.48
  data required time                                                99.48
  --------------------------------------------------------------------------
  data required time                                                99.48
  data arrival time                                                -64.94
  --------------------------------------------------------------------------
  slack (MET)                                                       34.54


  Startpoint: WrEn (input port clocked by CLK)
  Endpoint: U0_RegFile/regArr_reg[2][6]
            (rising edge-triggered flip-flop clocked by REG_CLK)
  Path Group: REG_CLK
  Path Type: max

  Des/Clust/Port     Wire Load Model       Library
  ------------------------------------------------
  System_Top         tsmc13_wl30           scmetro_tsmc_cl013g_rvt_ss_1p08v_125c

  Point                                                   Incr       Path
  --------------------------------------------------------------------------
  clock CLK (rise edge)                                  50.00      50.00
  clock network delay (ideal)                             0.00      50.00
  input external delay                                   10.00      60.00 r
  WrEn (in)                                               0.18      60.18 r
  U0_RegFile/WrEn (RegFile_test_1)                        0.00      60.18 r
  U0_RegFile/U438/Y (INVX2M)                              0.29      60.47 f
  U0_RegFile/U283/Y (NOR2X2M)                             0.80      61.27 r
  U0_RegFile/U282/Y (NOR2BX2M)                            0.88      62.15 r
  U0_RegFile/U258/Y (AND2X2M)                             0.90      63.05 r
  U0_RegFile/U261/Y (NAND2X2M)                            0.57      63.62 f
  U0_RegFile/U216/Y (BUFX4M)                              0.65      64.27 f
  U0_RegFile/U322/Y (OAI2BB2X1M)                          0.66      64.94 f
  U0_RegFile/regArr_reg[2][6]/D (SDFFRQX2M)               0.00      64.94 f
  data arrival time                                                 64.94

  clock REG_CLK (rise edge)                             100.00     100.00
  clock network delay (ideal)                             0.00     100.00
  U0_RegFile/regArr_reg[2][6]/CK (SDFFRQX2M)              0.00     100.00 r
  library setup time                                     -0.52      99.48
  data required time                                                99.48
  --------------------------------------------------------------------------
  data required time                                                99.48
  data arrival time                                                -64.94
  --------------------------------------------------------------------------
  slack (MET)                                                       34.54


  Startpoint: WrEn (input port clocked by CLK)
  Endpoint: U0_RegFile/regArr_reg[2][5]
            (rising edge-triggered flip-flop clocked by REG_CLK)
  Path Group: REG_CLK
  Path Type: max

  Des/Clust/Port     Wire Load Model       Library
  ------------------------------------------------
  System_Top         tsmc13_wl30           scmetro_tsmc_cl013g_rvt_ss_1p08v_125c

  Point                                                   Incr       Path
  --------------------------------------------------------------------------
  clock CLK (rise edge)                                  50.00      50.00
  clock network delay (ideal)                             0.00      50.00
  input external delay                                   10.00      60.00 r
  WrEn (in)                                               0.18      60.18 r
  U0_RegFile/WrEn (RegFile_test_1)                        0.00      60.18 r
  U0_RegFile/U438/Y (INVX2M)                              0.29      60.47 f
  U0_RegFile/U283/Y (NOR2X2M)                             0.80      61.27 r
  U0_RegFile/U282/Y (NOR2BX2M)                            0.88      62.15 r
  U0_RegFile/U258/Y (AND2X2M)                             0.90      63.05 r
  U0_RegFile/U261/Y (NAND2X2M)                            0.57      63.62 f
  U0_RegFile/U216/Y (BUFX4M)                              0.65      64.27 f
  U0_RegFile/U321/Y (OAI2BB2X1M)                          0.66      64.94 f
  U0_RegFile/regArr_reg[2][5]/D (SDFFRQX2M)               0.00      64.94 f
  data arrival time                                                 64.94

  clock REG_CLK (rise edge)                             100.00     100.00
  clock network delay (ideal)                             0.00     100.00
  U0_RegFile/regArr_reg[2][5]/CK (SDFFRQX2M)              0.00     100.00 r
  library setup time                                     -0.52      99.48
  data required time                                                99.48
  --------------------------------------------------------------------------
  data required time                                                99.48
  data arrival time                                                -64.94
  --------------------------------------------------------------------------
  slack (MET)                                                       34.54


  Startpoint: WrEn (input port clocked by CLK)
  Endpoint: U0_RegFile/regArr_reg[2][4]
            (rising edge-triggered flip-flop clocked by REG_CLK)
  Path Group: REG_CLK
  Path Type: max

  Des/Clust/Port     Wire Load Model       Library
  ------------------------------------------------
  System_Top         tsmc13_wl30           scmetro_tsmc_cl013g_rvt_ss_1p08v_125c

  Point                                                   Incr       Path
  --------------------------------------------------------------------------
  clock CLK (rise edge)                                  50.00      50.00
  clock network delay (ideal)                             0.00      50.00
  input external delay                                   10.00      60.00 r
  WrEn (in)                                               0.18      60.18 r
  U0_RegFile/WrEn (RegFile_test_1)                        0.00      60.18 r
  U0_RegFile/U438/Y (INVX2M)                              0.29      60.47 f
  U0_RegFile/U283/Y (NOR2X2M)                             0.80      61.27 r
  U0_RegFile/U282/Y (NOR2BX2M)                            0.88      62.15 r
  U0_RegFile/U258/Y (AND2X2M)                             0.90      63.05 r
  U0_RegFile/U261/Y (NAND2X2M)                            0.57      63.62 f
  U0_RegFile/U216/Y (BUFX4M)                              0.65      64.27 f
  U0_RegFile/U320/Y (OAI2BB2X1M)                          0.66      64.94 f
  U0_RegFile/regArr_reg[2][4]/D (SDFFRQX2M)               0.00      64.94 f
  data arrival time                                                 64.94

  clock REG_CLK (rise edge)                             100.00     100.00
  clock network delay (ideal)                             0.00     100.00
  U0_RegFile/regArr_reg[2][4]/CK (SDFFRQX2M)              0.00     100.00 r
  library setup time                                     -0.52      99.48
  data required time                                                99.48
  --------------------------------------------------------------------------
  data required time                                                99.48
  data arrival time                                                -64.94
  --------------------------------------------------------------------------
  slack (MET)                                                       34.54


  Startpoint: WrEn (input port clocked by CLK)
  Endpoint: U0_RegFile/regArr_reg[2][3]
            (rising edge-triggered flip-flop clocked by REG_CLK)
  Path Group: REG_CLK
  Path Type: max

  Des/Clust/Port     Wire Load Model       Library
  ------------------------------------------------
  System_Top         tsmc13_wl30           scmetro_tsmc_cl013g_rvt_ss_1p08v_125c

  Point                                                   Incr       Path
  --------------------------------------------------------------------------
  clock CLK (rise edge)                                  50.00      50.00
  clock network delay (ideal)                             0.00      50.00
  input external delay                                   10.00      60.00 r
  WrEn (in)                                               0.18      60.18 r
  U0_RegFile/WrEn (RegFile_test_1)                        0.00      60.18 r
  U0_RegFile/U438/Y (INVX2M)                              0.29      60.47 f
  U0_RegFile/U283/Y (NOR2X2M)                             0.80      61.27 r
  U0_RegFile/U282/Y (NOR2BX2M)                            0.88      62.15 r
  U0_RegFile/U258/Y (AND2X2M)                             0.90      63.05 r
  U0_RegFile/U261/Y (NAND2X2M)                            0.57      63.62 f
  U0_RegFile/U216/Y (BUFX4M)                              0.65      64.27 f
  U0_RegFile/U319/Y (OAI2BB2X1M)                          0.66      64.94 f
  U0_RegFile/regArr_reg[2][3]/D (SDFFRQX2M)               0.00      64.94 f
  data arrival time                                                 64.94

  clock REG_CLK (rise edge)                             100.00     100.00
  clock network delay (ideal)                             0.00     100.00
  U0_RegFile/regArr_reg[2][3]/CK (SDFFRQX2M)              0.00     100.00 r
  library setup time                                     -0.52      99.48
  data required time                                                99.48
  --------------------------------------------------------------------------
  data required time                                                99.48
  data arrival time                                                -64.94
  --------------------------------------------------------------------------
  slack (MET)                                                       34.54


  Startpoint: WrEn (input port clocked by CLK)
  Endpoint: U0_RegFile/regArr_reg[2][2]
            (rising edge-triggered flip-flop clocked by REG_CLK)
  Path Group: REG_CLK
  Path Type: max

  Des/Clust/Port     Wire Load Model       Library
  ------------------------------------------------
  System_Top         tsmc13_wl30           scmetro_tsmc_cl013g_rvt_ss_1p08v_125c

  Point                                                   Incr       Path
  --------------------------------------------------------------------------
  clock CLK (rise edge)                                  50.00      50.00
  clock network delay (ideal)                             0.00      50.00
  input external delay                                   10.00      60.00 r
  WrEn (in)                                               0.18      60.18 r
  U0_RegFile/WrEn (RegFile_test_1)                        0.00      60.18 r
  U0_RegFile/U438/Y (INVX2M)                              0.29      60.47 f
  U0_RegFile/U283/Y (NOR2X2M)                             0.80      61.27 r
  U0_RegFile/U282/Y (NOR2BX2M)                            0.88      62.15 r
  U0_RegFile/U258/Y (AND2X2M)                             0.90      63.05 r
  U0_RegFile/U261/Y (NAND2X2M)                            0.57      63.62 f
  U0_RegFile/U216/Y (BUFX4M)                              0.65      64.27 f
  U0_RegFile/U318/Y (OAI2BB2X1M)                          0.66      64.94 f
  U0_RegFile/regArr_reg[2][2]/D (SDFFRQX2M)               0.00      64.94 f
  data arrival time                                                 64.94

  clock REG_CLK (rise edge)                             100.00     100.00
  clock network delay (ideal)                             0.00     100.00
  U0_RegFile/regArr_reg[2][2]/CK (SDFFRQX2M)              0.00     100.00 r
  library setup time                                     -0.52      99.48
  data required time                                                99.48
  --------------------------------------------------------------------------
  data required time                                                99.48
  data arrival time                                                -64.94
  --------------------------------------------------------------------------
  slack (MET)                                                       34.54


  Startpoint: WrEn (input port clocked by CLK)
  Endpoint: U0_RegFile/regArr_reg[2][1]
            (rising edge-triggered flip-flop clocked by REG_CLK)
  Path Group: REG_CLK
  Path Type: max

  Des/Clust/Port     Wire Load Model       Library
  ------------------------------------------------
  System_Top         tsmc13_wl30           scmetro_tsmc_cl013g_rvt_ss_1p08v_125c

  Point                                                   Incr       Path
  --------------------------------------------------------------------------
  clock CLK (rise edge)                                  50.00      50.00
  clock network delay (ideal)                             0.00      50.00
  input external delay                                   10.00      60.00 r
  WrEn (in)                                               0.18      60.18 r
  U0_RegFile/WrEn (RegFile_test_1)                        0.00      60.18 r
  U0_RegFile/U438/Y (INVX2M)                              0.29      60.47 f
  U0_RegFile/U283/Y (NOR2X2M)                             0.80      61.27 r
  U0_RegFile/U282/Y (NOR2BX2M)                            0.88      62.15 r
  U0_RegFile/U258/Y (AND2X2M)                             0.90      63.05 r
  U0_RegFile/U261/Y (NAND2X2M)                            0.57      63.62 f
  U0_RegFile/U216/Y (BUFX4M)                              0.65      64.27 f
  U0_RegFile/U317/Y (OAI2BB2X1M)                          0.66      64.94 f
  U0_RegFile/regArr_reg[2][1]/D (SDFFRQX2M)               0.00      64.94 f
  data arrival time                                                 64.94

  clock REG_CLK (rise edge)                             100.00     100.00
  clock network delay (ideal)                             0.00     100.00
  U0_RegFile/regArr_reg[2][1]/CK (SDFFRQX2M)              0.00     100.00 r
  library setup time                                     -0.52      99.48
  data required time                                                99.48
  --------------------------------------------------------------------------
  data required time                                                99.48
  data arrival time                                                -64.94
  --------------------------------------------------------------------------
  slack (MET)                                                       34.54


  Startpoint: WrEn (input port clocked by CLK)
  Endpoint: U0_RegFile/regArr_reg[5][7]
            (rising edge-triggered flip-flop clocked by REG_CLK)
  Path Group: REG_CLK
  Path Type: max

  Des/Clust/Port     Wire Load Model       Library
  ------------------------------------------------
  System_Top         tsmc13_wl30           scmetro_tsmc_cl013g_rvt_ss_1p08v_125c

  Point                                                   Incr       Path
  --------------------------------------------------------------------------
  clock CLK (rise edge)                                  50.00      50.00
  clock network delay (ideal)                             0.00      50.00
  input external delay                                   10.00      60.00 r
  WrEn (in)                                               0.18      60.18 r
  U0_RegFile/WrEn (RegFile_test_1)                        0.00      60.18 r
  U0_RegFile/U438/Y (INVX2M)                              0.29      60.47 f
  U0_RegFile/U283/Y (NOR2X2M)                             0.80      61.27 r
  U0_RegFile/U282/Y (NOR2BX2M)                            0.88      62.15 r
  U0_RegFile/U188/Y (AND2X2M)                             0.90      63.05 r
  U0_RegFile/U269/Y (AND2X2M)                             0.59      63.64 r
  U0_RegFile/U235/Y (INVX4M)                              0.54      64.18 f
  U0_RegFile/U346/Y (OAI2BB2X1M)                          0.65      64.82 f
  U0_RegFile/regArr_reg[5][7]/D (SDFFRQX2M)               0.00      64.82 f
  data arrival time                                                 64.82

  clock REG_CLK (rise edge)                             100.00     100.00
  clock network delay (ideal)                             0.00     100.00
  U0_RegFile/regArr_reg[5][7]/CK (SDFFRQX2M)              0.00     100.00 r
  library setup time                                     -0.52      99.48
  data required time                                                99.48
  --------------------------------------------------------------------------
  data required time                                                99.48
  data arrival time                                                -64.82
  --------------------------------------------------------------------------
  slack (MET)                                                       34.66


  Startpoint: WrEn (input port clocked by CLK)
  Endpoint: U0_RegFile/regArr_reg[5][6]
            (rising edge-triggered flip-flop clocked by REG_CLK)
  Path Group: REG_CLK
  Path Type: max

  Des/Clust/Port     Wire Load Model       Library
  ------------------------------------------------
  System_Top         tsmc13_wl30           scmetro_tsmc_cl013g_rvt_ss_1p08v_125c

  Point                                                   Incr       Path
  --------------------------------------------------------------------------
  clock CLK (rise edge)                                  50.00      50.00
  clock network delay (ideal)                             0.00      50.00
  input external delay                                   10.00      60.00 r
  WrEn (in)                                               0.18      60.18 r
  U0_RegFile/WrEn (RegFile_test_1)                        0.00      60.18 r
  U0_RegFile/U438/Y (INVX2M)                              0.29      60.47 f
  U0_RegFile/U283/Y (NOR2X2M)                             0.80      61.27 r
  U0_RegFile/U282/Y (NOR2BX2M)                            0.88      62.15 r
  U0_RegFile/U188/Y (AND2X2M)                             0.90      63.05 r
  U0_RegFile/U269/Y (AND2X2M)                             0.59      63.64 r
  U0_RegFile/U234/Y (INVX4M)                              0.54      64.18 f
  U0_RegFile/U345/Y (OAI2BB2X1M)                          0.65      64.82 f
  U0_RegFile/regArr_reg[5][6]/D (SDFFRQX2M)               0.00      64.82 f
  data arrival time                                                 64.82

  clock REG_CLK (rise edge)                             100.00     100.00
  clock network delay (ideal)                             0.00     100.00
  U0_RegFile/regArr_reg[5][6]/CK (SDFFRQX2M)              0.00     100.00 r
  library setup time                                     -0.52      99.48
  data required time                                                99.48
  --------------------------------------------------------------------------
  data required time                                                99.48
  data arrival time                                                -64.82
  --------------------------------------------------------------------------
  slack (MET)                                                       34.66


  Startpoint: WrEn (input port clocked by CLK)
  Endpoint: U0_RegFile/regArr_reg[5][5]
            (rising edge-triggered flip-flop clocked by REG_CLK)
  Path Group: REG_CLK
  Path Type: max

  Des/Clust/Port     Wire Load Model       Library
  ------------------------------------------------
  System_Top         tsmc13_wl30           scmetro_tsmc_cl013g_rvt_ss_1p08v_125c

  Point                                                   Incr       Path
  --------------------------------------------------------------------------
  clock CLK (rise edge)                                  50.00      50.00
  clock network delay (ideal)                             0.00      50.00
  input external delay                                   10.00      60.00 r
  WrEn (in)                                               0.18      60.18 r
  U0_RegFile/WrEn (RegFile_test_1)                        0.00      60.18 r
  U0_RegFile/U438/Y (INVX2M)                              0.29      60.47 f
  U0_RegFile/U283/Y (NOR2X2M)                             0.80      61.27 r
  U0_RegFile/U282/Y (NOR2BX2M)                            0.88      62.15 r
  U0_RegFile/U188/Y (AND2X2M)                             0.90      63.05 r
  U0_RegFile/U269/Y (AND2X2M)                             0.59      63.64 r
  U0_RegFile/U235/Y (INVX4M)                              0.54      64.18 f
  U0_RegFile/U344/Y (OAI2BB2X1M)                          0.65      64.82 f
  U0_RegFile/regArr_reg[5][5]/D (SDFFRQX2M)               0.00      64.82 f
  data arrival time                                                 64.82

  clock REG_CLK (rise edge)                             100.00     100.00
  clock network delay (ideal)                             0.00     100.00
  U0_RegFile/regArr_reg[5][5]/CK (SDFFRQX2M)              0.00     100.00 r
  library setup time                                     -0.52      99.48
  data required time                                                99.48
  --------------------------------------------------------------------------
  data required time                                                99.48
  data arrival time                                                -64.82
  --------------------------------------------------------------------------
  slack (MET)                                                       34.66


  Startpoint: WrEn (input port clocked by CLK)
  Endpoint: U0_RegFile/regArr_reg[5][4]
            (rising edge-triggered flip-flop clocked by REG_CLK)
  Path Group: REG_CLK
  Path Type: max

  Des/Clust/Port     Wire Load Model       Library
  ------------------------------------------------
  System_Top         tsmc13_wl30           scmetro_tsmc_cl013g_rvt_ss_1p08v_125c

  Point                                                   Incr       Path
  --------------------------------------------------------------------------
  clock CLK (rise edge)                                  50.00      50.00
  clock network delay (ideal)                             0.00      50.00
  input external delay                                   10.00      60.00 r
  WrEn (in)                                               0.18      60.18 r
  U0_RegFile/WrEn (RegFile_test_1)                        0.00      60.18 r
  U0_RegFile/U438/Y (INVX2M)                              0.29      60.47 f
  U0_RegFile/U283/Y (NOR2X2M)                             0.80      61.27 r
  U0_RegFile/U282/Y (NOR2BX2M)                            0.88      62.15 r
  U0_RegFile/U188/Y (AND2X2M)                             0.90      63.05 r
  U0_RegFile/U269/Y (AND2X2M)                             0.59      63.64 r
  U0_RegFile/U234/Y (INVX4M)                              0.54      64.18 f
  U0_RegFile/U343/Y (OAI2BB2X1M)                          0.65      64.82 f
  U0_RegFile/regArr_reg[5][4]/D (SDFFRQX2M)               0.00      64.82 f
  data arrival time                                                 64.82

  clock REG_CLK (rise edge)                             100.00     100.00
  clock network delay (ideal)                             0.00     100.00
  U0_RegFile/regArr_reg[5][4]/CK (SDFFRQX2M)              0.00     100.00 r
  library setup time                                     -0.52      99.48
  data required time                                                99.48
  --------------------------------------------------------------------------
  data required time                                                99.48
  data arrival time                                                -64.82
  --------------------------------------------------------------------------
  slack (MET)                                                       34.66


  Startpoint: WrEn (input port clocked by CLK)
  Endpoint: U0_RegFile/regArr_reg[5][3]
            (rising edge-triggered flip-flop clocked by REG_CLK)
  Path Group: REG_CLK
  Path Type: max

  Des/Clust/Port     Wire Load Model       Library
  ------------------------------------------------
  System_Top         tsmc13_wl30           scmetro_tsmc_cl013g_rvt_ss_1p08v_125c

  Point                                                   Incr       Path
  --------------------------------------------------------------------------
  clock CLK (rise edge)                                  50.00      50.00
  clock network delay (ideal)                             0.00      50.00
  input external delay                                   10.00      60.00 r
  WrEn (in)                                               0.18      60.18 r
  U0_RegFile/WrEn (RegFile_test_1)                        0.00      60.18 r
  U0_RegFile/U438/Y (INVX2M)                              0.29      60.47 f
  U0_RegFile/U283/Y (NOR2X2M)                             0.80      61.27 r
  U0_RegFile/U282/Y (NOR2BX2M)                            0.88      62.15 r
  U0_RegFile/U188/Y (AND2X2M)                             0.90      63.05 r
  U0_RegFile/U269/Y (AND2X2M)                             0.59      63.64 r
  U0_RegFile/U235/Y (INVX4M)                              0.54      64.18 f
  U0_RegFile/U342/Y (OAI2BB2X1M)                          0.65      64.82 f
  U0_RegFile/regArr_reg[5][3]/D (SDFFRQX2M)               0.00      64.82 f
  data arrival time                                                 64.82

  clock REG_CLK (rise edge)                             100.00     100.00
  clock network delay (ideal)                             0.00     100.00
  U0_RegFile/regArr_reg[5][3]/CK (SDFFRQX2M)              0.00     100.00 r
  library setup time                                     -0.52      99.48
  data required time                                                99.48
  --------------------------------------------------------------------------
  data required time                                                99.48
  data arrival time                                                -64.82
  --------------------------------------------------------------------------
  slack (MET)                                                       34.66


  Startpoint: WrEn (input port clocked by CLK)
  Endpoint: U0_RegFile/regArr_reg[5][2]
            (rising edge-triggered flip-flop clocked by REG_CLK)
  Path Group: REG_CLK
  Path Type: max

  Des/Clust/Port     Wire Load Model       Library
  ------------------------------------------------
  System_Top         tsmc13_wl30           scmetro_tsmc_cl013g_rvt_ss_1p08v_125c

  Point                                                   Incr       Path
  --------------------------------------------------------------------------
  clock CLK (rise edge)                                  50.00      50.00
  clock network delay (ideal)                             0.00      50.00
  input external delay                                   10.00      60.00 r
  WrEn (in)                                               0.18      60.18 r
  U0_RegFile/WrEn (RegFile_test_1)                        0.00      60.18 r
  U0_RegFile/U438/Y (INVX2M)                              0.29      60.47 f
  U0_RegFile/U283/Y (NOR2X2M)                             0.80      61.27 r
  U0_RegFile/U282/Y (NOR2BX2M)                            0.88      62.15 r
  U0_RegFile/U188/Y (AND2X2M)                             0.90      63.05 r
  U0_RegFile/U269/Y (AND2X2M)                             0.59      63.64 r
  U0_RegFile/U234/Y (INVX4M)                              0.54      64.18 f
  U0_RegFile/U341/Y (OAI2BB2X1M)                          0.65      64.82 f
  U0_RegFile/regArr_reg[5][2]/D (SDFFRQX2M)               0.00      64.82 f
  data arrival time                                                 64.82

  clock REG_CLK (rise edge)                             100.00     100.00
  clock network delay (ideal)                             0.00     100.00
  U0_RegFile/regArr_reg[5][2]/CK (SDFFRQX2M)              0.00     100.00 r
  library setup time                                     -0.52      99.48
  data required time                                                99.48
  --------------------------------------------------------------------------
  data required time                                                99.48
  data arrival time                                                -64.82
  --------------------------------------------------------------------------
  slack (MET)                                                       34.66


  Startpoint: WrEn (input port clocked by CLK)
  Endpoint: U0_RegFile/regArr_reg[5][1]
            (rising edge-triggered flip-flop clocked by REG_CLK)
  Path Group: REG_CLK
  Path Type: max

  Des/Clust/Port     Wire Load Model       Library
  ------------------------------------------------
  System_Top         tsmc13_wl30           scmetro_tsmc_cl013g_rvt_ss_1p08v_125c

  Point                                                   Incr       Path
  --------------------------------------------------------------------------
  clock CLK (rise edge)                                  50.00      50.00
  clock network delay (ideal)                             0.00      50.00
  input external delay                                   10.00      60.00 r
  WrEn (in)                                               0.18      60.18 r
  U0_RegFile/WrEn (RegFile_test_1)                        0.00      60.18 r
  U0_RegFile/U438/Y (INVX2M)                              0.29      60.47 f
  U0_RegFile/U283/Y (NOR2X2M)                             0.80      61.27 r
  U0_RegFile/U282/Y (NOR2BX2M)                            0.88      62.15 r
  U0_RegFile/U188/Y (AND2X2M)                             0.90      63.05 r
  U0_RegFile/U269/Y (AND2X2M)                             0.59      63.64 r
  U0_RegFile/U235/Y (INVX4M)                              0.54      64.18 f
  U0_RegFile/U340/Y (OAI2BB2X1M)                          0.65      64.82 f
  U0_RegFile/regArr_reg[5][1]/D (SDFFRQX2M)               0.00      64.82 f
  data arrival time                                                 64.82

  clock REG_CLK (rise edge)                             100.00     100.00
  clock network delay (ideal)                             0.00     100.00
  U0_RegFile/regArr_reg[5][1]/CK (SDFFRQX2M)              0.00     100.00 r
  library setup time                                     -0.52      99.48
  data required time                                                99.48
  --------------------------------------------------------------------------
  data required time                                                99.48
  data arrival time                                                -64.82
  --------------------------------------------------------------------------
  slack (MET)                                                       34.66


  Startpoint: WrEn (input port clocked by CLK)
  Endpoint: U0_RegFile/regArr_reg[5][0]
            (rising edge-triggered flip-flop clocked by REG_CLK)
  Path Group: REG_CLK
  Path Type: max

  Des/Clust/Port     Wire Load Model       Library
  ------------------------------------------------
  System_Top         tsmc13_wl30           scmetro_tsmc_cl013g_rvt_ss_1p08v_125c

  Point                                                   Incr       Path
  --------------------------------------------------------------------------
  clock CLK (rise edge)                                  50.00      50.00
  clock network delay (ideal)                             0.00      50.00
  input external delay                                   10.00      60.00 r
  WrEn (in)                                               0.18      60.18 r
  U0_RegFile/WrEn (RegFile_test_1)                        0.00      60.18 r
  U0_RegFile/U438/Y (INVX2M)                              0.29      60.47 f
  U0_RegFile/U283/Y (NOR2X2M)                             0.80      61.27 r
  U0_RegFile/U282/Y (NOR2BX2M)                            0.88      62.15 r
  U0_RegFile/U188/Y (AND2X2M)                             0.90      63.05 r
  U0_RegFile/U269/Y (AND2X2M)                             0.59      63.64 r
  U0_RegFile/U234/Y (INVX4M)                              0.54      64.18 f
  U0_RegFile/U339/Y (OAI2BB2X1M)                          0.65      64.82 f
  U0_RegFile/regArr_reg[5][0]/D (SDFFRQX2M)               0.00      64.82 f
  data arrival time                                                 64.82

  clock REG_CLK (rise edge)                             100.00     100.00
  clock network delay (ideal)                             0.00     100.00
  U0_RegFile/regArr_reg[5][0]/CK (SDFFRQX2M)              0.00     100.00 r
  library setup time                                     -0.52      99.48
  data required time                                                99.48
  --------------------------------------------------------------------------
  data required time                                                99.48
  data arrival time                                                -64.82
  --------------------------------------------------------------------------
  slack (MET)                                                       34.66


  Startpoint: WrEn (input port clocked by CLK)
  Endpoint: U0_RegFile/regArr_reg[7][7]
            (rising edge-triggered flip-flop clocked by REG_CLK)
  Path Group: REG_CLK
  Path Type: max

  Des/Clust/Port     Wire Load Model       Library
  ------------------------------------------------
  System_Top         tsmc13_wl30           scmetro_tsmc_cl013g_rvt_ss_1p08v_125c

  Point                                                   Incr       Path
  --------------------------------------------------------------------------
  clock CLK (rise edge)                                  50.00      50.00
  clock network delay (ideal)                             0.00      50.00
  input external delay                                   10.00      60.00 r
  WrEn (in)                                               0.18      60.18 r
  U0_RegFile/WrEn (RegFile_test_1)                        0.00      60.18 r
  U0_RegFile/U438/Y (INVX2M)                              0.29      60.47 f
  U0_RegFile/U283/Y (NOR2X2M)                             0.80      61.27 r
  U0_RegFile/U282/Y (NOR2BX2M)                            0.88      62.15 r
  U0_RegFile/U188/Y (AND2X2M)                             0.90      63.05 r
  U0_RegFile/U271/Y (AND2X2M)                             0.59      63.64 r
  U0_RegFile/U239/Y (INVX4M)                              0.54      64.18 f
  U0_RegFile/U362/Y (OAI2BB2X1M)                          0.65      64.82 f
  U0_RegFile/regArr_reg[7][7]/D (SDFFRQX2M)               0.00      64.82 f
  data arrival time                                                 64.82

  clock REG_CLK (rise edge)                             100.00     100.00
  clock network delay (ideal)                             0.00     100.00
  U0_RegFile/regArr_reg[7][7]/CK (SDFFRQX2M)              0.00     100.00 r
  library setup time                                     -0.52      99.48
  data required time                                                99.48
  --------------------------------------------------------------------------
  data required time                                                99.48
  data arrival time                                                -64.82
  --------------------------------------------------------------------------
  slack (MET)                                                       34.66


  Startpoint: WrEn (input port clocked by CLK)
  Endpoint: U0_RegFile/regArr_reg[7][6]
            (rising edge-triggered flip-flop clocked by REG_CLK)
  Path Group: REG_CLK
  Path Type: max

  Des/Clust/Port     Wire Load Model       Library
  ------------------------------------------------
  System_Top         tsmc13_wl30           scmetro_tsmc_cl013g_rvt_ss_1p08v_125c

  Point                                                   Incr       Path
  --------------------------------------------------------------------------
  clock CLK (rise edge)                                  50.00      50.00
  clock network delay (ideal)                             0.00      50.00
  input external delay                                   10.00      60.00 r
  WrEn (in)                                               0.18      60.18 r
  U0_RegFile/WrEn (RegFile_test_1)                        0.00      60.18 r
  U0_RegFile/U438/Y (INVX2M)                              0.29      60.47 f
  U0_RegFile/U283/Y (NOR2X2M)                             0.80      61.27 r
  U0_RegFile/U282/Y (NOR2BX2M)                            0.88      62.15 r
  U0_RegFile/U188/Y (AND2X2M)                             0.90      63.05 r
  U0_RegFile/U271/Y (AND2X2M)                             0.59      63.64 r
  U0_RegFile/U238/Y (INVX4M)                              0.54      64.18 f
  U0_RegFile/U361/Y (OAI2BB2X1M)                          0.65      64.82 f
  U0_RegFile/regArr_reg[7][6]/D (SDFFRQX2M)               0.00      64.82 f
  data arrival time                                                 64.82

  clock REG_CLK (rise edge)                             100.00     100.00
  clock network delay (ideal)                             0.00     100.00
  U0_RegFile/regArr_reg[7][6]/CK (SDFFRQX2M)              0.00     100.00 r
  library setup time                                     -0.52      99.48
  data required time                                                99.48
  --------------------------------------------------------------------------
  data required time                                                99.48
  data arrival time                                                -64.82
  --------------------------------------------------------------------------
  slack (MET)                                                       34.66


  Startpoint: WrEn (input port clocked by CLK)
  Endpoint: U0_RegFile/regArr_reg[7][5]
            (rising edge-triggered flip-flop clocked by REG_CLK)
  Path Group: REG_CLK
  Path Type: max

  Des/Clust/Port     Wire Load Model       Library
  ------------------------------------------------
  System_Top         tsmc13_wl30           scmetro_tsmc_cl013g_rvt_ss_1p08v_125c

  Point                                                   Incr       Path
  --------------------------------------------------------------------------
  clock CLK (rise edge)                                  50.00      50.00
  clock network delay (ideal)                             0.00      50.00
  input external delay                                   10.00      60.00 r
  WrEn (in)                                               0.18      60.18 r
  U0_RegFile/WrEn (RegFile_test_1)                        0.00      60.18 r
  U0_RegFile/U438/Y (INVX2M)                              0.29      60.47 f
  U0_RegFile/U283/Y (NOR2X2M)                             0.80      61.27 r
  U0_RegFile/U282/Y (NOR2BX2M)                            0.88      62.15 r
  U0_RegFile/U188/Y (AND2X2M)                             0.90      63.05 r
  U0_RegFile/U271/Y (AND2X2M)                             0.59      63.64 r
  U0_RegFile/U239/Y (INVX4M)                              0.54      64.18 f
  U0_RegFile/U360/Y (OAI2BB2X1M)                          0.65      64.82 f
  U0_RegFile/regArr_reg[7][5]/D (SDFFRQX2M)               0.00      64.82 f
  data arrival time                                                 64.82

  clock REG_CLK (rise edge)                             100.00     100.00
  clock network delay (ideal)                             0.00     100.00
  U0_RegFile/regArr_reg[7][5]/CK (SDFFRQX2M)              0.00     100.00 r
  library setup time                                     -0.52      99.48
  data required time                                                99.48
  --------------------------------------------------------------------------
  data required time                                                99.48
  data arrival time                                                -64.82
  --------------------------------------------------------------------------
  slack (MET)                                                       34.66


  Startpoint: WrEn (input port clocked by CLK)
  Endpoint: U0_RegFile/regArr_reg[7][4]
            (rising edge-triggered flip-flop clocked by REG_CLK)
  Path Group: REG_CLK
  Path Type: max

  Des/Clust/Port     Wire Load Model       Library
  ------------------------------------------------
  System_Top         tsmc13_wl30           scmetro_tsmc_cl013g_rvt_ss_1p08v_125c

  Point                                                   Incr       Path
  --------------------------------------------------------------------------
  clock CLK (rise edge)                                  50.00      50.00
  clock network delay (ideal)                             0.00      50.00
  input external delay                                   10.00      60.00 r
  WrEn (in)                                               0.18      60.18 r
  U0_RegFile/WrEn (RegFile_test_1)                        0.00      60.18 r
  U0_RegFile/U438/Y (INVX2M)                              0.29      60.47 f
  U0_RegFile/U283/Y (NOR2X2M)                             0.80      61.27 r
  U0_RegFile/U282/Y (NOR2BX2M)                            0.88      62.15 r
  U0_RegFile/U188/Y (AND2X2M)                             0.90      63.05 r
  U0_RegFile/U271/Y (AND2X2M)                             0.59      63.64 r
  U0_RegFile/U238/Y (INVX4M)                              0.54      64.18 f
  U0_RegFile/U359/Y (OAI2BB2X1M)                          0.65      64.82 f
  U0_RegFile/regArr_reg[7][4]/D (SDFFRQX2M)               0.00      64.82 f
  data arrival time                                                 64.82

  clock REG_CLK (rise edge)                             100.00     100.00
  clock network delay (ideal)                             0.00     100.00
  U0_RegFile/regArr_reg[7][4]/CK (SDFFRQX2M)              0.00     100.00 r
  library setup time                                     -0.52      99.48
  data required time                                                99.48
  --------------------------------------------------------------------------
  data required time                                                99.48
  data arrival time                                                -64.82
  --------------------------------------------------------------------------
  slack (MET)                                                       34.66


  Startpoint: WrEn (input port clocked by CLK)
  Endpoint: U0_RegFile/regArr_reg[7][3]
            (rising edge-triggered flip-flop clocked by REG_CLK)
  Path Group: REG_CLK
  Path Type: max

  Des/Clust/Port     Wire Load Model       Library
  ------------------------------------------------
  System_Top         tsmc13_wl30           scmetro_tsmc_cl013g_rvt_ss_1p08v_125c

  Point                                                   Incr       Path
  --------------------------------------------------------------------------
  clock CLK (rise edge)                                  50.00      50.00
  clock network delay (ideal)                             0.00      50.00
  input external delay                                   10.00      60.00 r
  WrEn (in)                                               0.18      60.18 r
  U0_RegFile/WrEn (RegFile_test_1)                        0.00      60.18 r
  U0_RegFile/U438/Y (INVX2M)                              0.29      60.47 f
  U0_RegFile/U283/Y (NOR2X2M)                             0.80      61.27 r
  U0_RegFile/U282/Y (NOR2BX2M)                            0.88      62.15 r
  U0_RegFile/U188/Y (AND2X2M)                             0.90      63.05 r
  U0_RegFile/U271/Y (AND2X2M)                             0.59      63.64 r
  U0_RegFile/U239/Y (INVX4M)                              0.54      64.18 f
  U0_RegFile/U358/Y (OAI2BB2X1M)                          0.65      64.82 f
  U0_RegFile/regArr_reg[7][3]/D (SDFFRQX2M)               0.00      64.82 f
  data arrival time                                                 64.82

  clock REG_CLK (rise edge)                             100.00     100.00
  clock network delay (ideal)                             0.00     100.00
  U0_RegFile/regArr_reg[7][3]/CK (SDFFRQX2M)              0.00     100.00 r
  library setup time                                     -0.52      99.48
  data required time                                                99.48
  --------------------------------------------------------------------------
  data required time                                                99.48
  data arrival time                                                -64.82
  --------------------------------------------------------------------------
  slack (MET)                                                       34.66


  Startpoint: WrEn (input port clocked by CLK)
  Endpoint: U0_RegFile/regArr_reg[7][2]
            (rising edge-triggered flip-flop clocked by REG_CLK)
  Path Group: REG_CLK
  Path Type: max

  Des/Clust/Port     Wire Load Model       Library
  ------------------------------------------------
  System_Top         tsmc13_wl30           scmetro_tsmc_cl013g_rvt_ss_1p08v_125c

  Point                                                   Incr       Path
  --------------------------------------------------------------------------
  clock CLK (rise edge)                                  50.00      50.00
  clock network delay (ideal)                             0.00      50.00
  input external delay                                   10.00      60.00 r
  WrEn (in)                                               0.18      60.18 r
  U0_RegFile/WrEn (RegFile_test_1)                        0.00      60.18 r
  U0_RegFile/U438/Y (INVX2M)                              0.29      60.47 f
  U0_RegFile/U283/Y (NOR2X2M)                             0.80      61.27 r
  U0_RegFile/U282/Y (NOR2BX2M)                            0.88      62.15 r
  U0_RegFile/U188/Y (AND2X2M)                             0.90      63.05 r
  U0_RegFile/U271/Y (AND2X2M)                             0.59      63.64 r
  U0_RegFile/U238/Y (INVX4M)                              0.54      64.18 f
  U0_RegFile/U357/Y (OAI2BB2X1M)                          0.65      64.82 f
  U0_RegFile/regArr_reg[7][2]/D (SDFFRQX2M)               0.00      64.82 f
  data arrival time                                                 64.82

  clock REG_CLK (rise edge)                             100.00     100.00
  clock network delay (ideal)                             0.00     100.00
  U0_RegFile/regArr_reg[7][2]/CK (SDFFRQX2M)              0.00     100.00 r
  library setup time                                     -0.52      99.48
  data required time                                                99.48
  --------------------------------------------------------------------------
  data required time                                                99.48
  data arrival time                                                -64.82
  --------------------------------------------------------------------------
  slack (MET)                                                       34.66


  Startpoint: WrEn (input port clocked by CLK)
  Endpoint: U0_RegFile/regArr_reg[7][1]
            (rising edge-triggered flip-flop clocked by REG_CLK)
  Path Group: REG_CLK
  Path Type: max

  Des/Clust/Port     Wire Load Model       Library
  ------------------------------------------------
  System_Top         tsmc13_wl30           scmetro_tsmc_cl013g_rvt_ss_1p08v_125c

  Point                                                   Incr       Path
  --------------------------------------------------------------------------
  clock CLK (rise edge)                                  50.00      50.00
  clock network delay (ideal)                             0.00      50.00
  input external delay                                   10.00      60.00 r
  WrEn (in)                                               0.18      60.18 r
  U0_RegFile/WrEn (RegFile_test_1)                        0.00      60.18 r
  U0_RegFile/U438/Y (INVX2M)                              0.29      60.47 f
  U0_RegFile/U283/Y (NOR2X2M)                             0.80      61.27 r
  U0_RegFile/U282/Y (NOR2BX2M)                            0.88      62.15 r
  U0_RegFile/U188/Y (AND2X2M)                             0.90      63.05 r
  U0_RegFile/U271/Y (AND2X2M)                             0.59      63.64 r
  U0_RegFile/U239/Y (INVX4M)                              0.54      64.18 f
  U0_RegFile/U356/Y (OAI2BB2X1M)                          0.65      64.82 f
  U0_RegFile/regArr_reg[7][1]/D (SDFFRQX2M)               0.00      64.82 f
  data arrival time                                                 64.82

  clock REG_CLK (rise edge)                             100.00     100.00
  clock network delay (ideal)                             0.00     100.00
  U0_RegFile/regArr_reg[7][1]/CK (SDFFRQX2M)              0.00     100.00 r
  library setup time                                     -0.52      99.48
  data required time                                                99.48
  --------------------------------------------------------------------------
  data required time                                                99.48
  data arrival time                                                -64.82
  --------------------------------------------------------------------------
  slack (MET)                                                       34.66


  Startpoint: WrEn (input port clocked by CLK)
  Endpoint: U0_RegFile/regArr_reg[7][0]
            (rising edge-triggered flip-flop clocked by REG_CLK)
  Path Group: REG_CLK
  Path Type: max

  Des/Clust/Port     Wire Load Model       Library
  ------------------------------------------------
  System_Top         tsmc13_wl30           scmetro_tsmc_cl013g_rvt_ss_1p08v_125c

  Point                                                   Incr       Path
  --------------------------------------------------------------------------
  clock CLK (rise edge)                                  50.00      50.00
  clock network delay (ideal)                             0.00      50.00
  input external delay                                   10.00      60.00 r
  WrEn (in)                                               0.18      60.18 r
  U0_RegFile/WrEn (RegFile_test_1)                        0.00      60.18 r
  U0_RegFile/U438/Y (INVX2M)                              0.29      60.47 f
  U0_RegFile/U283/Y (NOR2X2M)                             0.80      61.27 r
  U0_RegFile/U282/Y (NOR2BX2M)                            0.88      62.15 r
  U0_RegFile/U188/Y (AND2X2M)                             0.90      63.05 r
  U0_RegFile/U271/Y (AND2X2M)                             0.59      63.64 r
  U0_RegFile/U238/Y (INVX4M)                              0.54      64.18 f
  U0_RegFile/U355/Y (OAI2BB2X1M)                          0.65      64.82 f
  U0_RegFile/regArr_reg[7][0]/D (SDFFRQX2M)               0.00      64.82 f
  data arrival time                                                 64.82

  clock REG_CLK (rise edge)                             100.00     100.00
  clock network delay (ideal)                             0.00     100.00
  U0_RegFile/regArr_reg[7][0]/CK (SDFFRQX2M)              0.00     100.00 r
  library setup time                                     -0.52      99.48
  data required time                                                99.48
  --------------------------------------------------------------------------
  data required time                                                99.48
  data arrival time                                                -64.82
  --------------------------------------------------------------------------
  slack (MET)                                                       34.66


  Startpoint: WrEn (input port clocked by CLK)
  Endpoint: U0_RegFile/regArr_reg[6][7]
            (rising edge-triggered flip-flop clocked by REG_CLK)
  Path Group: REG_CLK
  Path Type: max

  Des/Clust/Port     Wire Load Model       Library
  ------------------------------------------------
  System_Top         tsmc13_wl30           scmetro_tsmc_cl013g_rvt_ss_1p08v_125c

  Point                                                   Incr       Path
  --------------------------------------------------------------------------
  clock CLK (rise edge)                                  50.00      50.00
  clock network delay (ideal)                             0.00      50.00
  input external delay                                   10.00      60.00 r
  WrEn (in)                                               0.18      60.18 r
  U0_RegFile/WrEn (RegFile_test_1)                        0.00      60.18 r
  U0_RegFile/U438/Y (INVX2M)                              0.29      60.47 f
  U0_RegFile/U283/Y (NOR2X2M)                             0.80      61.27 r
  U0_RegFile/U282/Y (NOR2BX2M)                            0.88      62.15 r
  U0_RegFile/U258/Y (AND2X2M)                             0.90      63.05 r
  U0_RegFile/U270/Y (AND2X2M)                             0.59      63.63 r
  U0_RegFile/U237/Y (INVX4M)                              0.54      64.17 f
  U0_RegFile/U354/Y (OAI2BB2X1M)                          0.65      64.82 f
  U0_RegFile/regArr_reg[6][7]/D (SDFFRQX2M)               0.00      64.82 f
  data arrival time                                                 64.82

  clock REG_CLK (rise edge)                             100.00     100.00
  clock network delay (ideal)                             0.00     100.00
  U0_RegFile/regArr_reg[6][7]/CK (SDFFRQX2M)              0.00     100.00 r
  library setup time                                     -0.52      99.48
  data required time                                                99.48
  --------------------------------------------------------------------------
  data required time                                                99.48
  data arrival time                                                -64.82
  --------------------------------------------------------------------------
  slack (MET)                                                       34.66


  Startpoint: WrEn (input port clocked by CLK)
  Endpoint: U0_RegFile/regArr_reg[6][6]
            (rising edge-triggered flip-flop clocked by REG_CLK)
  Path Group: REG_CLK
  Path Type: max

  Des/Clust/Port     Wire Load Model       Library
  ------------------------------------------------
  System_Top         tsmc13_wl30           scmetro_tsmc_cl013g_rvt_ss_1p08v_125c

  Point                                                   Incr       Path
  --------------------------------------------------------------------------
  clock CLK (rise edge)                                  50.00      50.00
  clock network delay (ideal)                             0.00      50.00
  input external delay                                   10.00      60.00 r
  WrEn (in)                                               0.18      60.18 r
  U0_RegFile/WrEn (RegFile_test_1)                        0.00      60.18 r
  U0_RegFile/U438/Y (INVX2M)                              0.29      60.47 f
  U0_RegFile/U283/Y (NOR2X2M)                             0.80      61.27 r
  U0_RegFile/U282/Y (NOR2BX2M)                            0.88      62.15 r
  U0_RegFile/U258/Y (AND2X2M)                             0.90      63.05 r
  U0_RegFile/U270/Y (AND2X2M)                             0.59      63.63 r
  U0_RegFile/U236/Y (INVX4M)                              0.54      64.17 f
  U0_RegFile/U353/Y (OAI2BB2X1M)                          0.65      64.82 f
  U0_RegFile/regArr_reg[6][6]/D (SDFFRQX2M)               0.00      64.82 f
  data arrival time                                                 64.82

  clock REG_CLK (rise edge)                             100.00     100.00
  clock network delay (ideal)                             0.00     100.00
  U0_RegFile/regArr_reg[6][6]/CK (SDFFRQX2M)              0.00     100.00 r
  library setup time                                     -0.52      99.48
  data required time                                                99.48
  --------------------------------------------------------------------------
  data required time                                                99.48
  data arrival time                                                -64.82
  --------------------------------------------------------------------------
  slack (MET)                                                       34.66


  Startpoint: WrEn (input port clocked by CLK)
  Endpoint: U0_RegFile/regArr_reg[6][5]
            (rising edge-triggered flip-flop clocked by REG_CLK)
  Path Group: REG_CLK
  Path Type: max

  Des/Clust/Port     Wire Load Model       Library
  ------------------------------------------------
  System_Top         tsmc13_wl30           scmetro_tsmc_cl013g_rvt_ss_1p08v_125c

  Point                                                   Incr       Path
  --------------------------------------------------------------------------
  clock CLK (rise edge)                                  50.00      50.00
  clock network delay (ideal)                             0.00      50.00
  input external delay                                   10.00      60.00 r
  WrEn (in)                                               0.18      60.18 r
  U0_RegFile/WrEn (RegFile_test_1)                        0.00      60.18 r
  U0_RegFile/U438/Y (INVX2M)                              0.29      60.47 f
  U0_RegFile/U283/Y (NOR2X2M)                             0.80      61.27 r
  U0_RegFile/U282/Y (NOR2BX2M)                            0.88      62.15 r
  U0_RegFile/U258/Y (AND2X2M)                             0.90      63.05 r
  U0_RegFile/U270/Y (AND2X2M)                             0.59      63.63 r
  U0_RegFile/U237/Y (INVX4M)                              0.54      64.17 f
  U0_RegFile/U352/Y (OAI2BB2X1M)                          0.65      64.82 f
  U0_RegFile/regArr_reg[6][5]/D (SDFFRQX2M)               0.00      64.82 f
  data arrival time                                                 64.82

  clock REG_CLK (rise edge)                             100.00     100.00
  clock network delay (ideal)                             0.00     100.00
  U0_RegFile/regArr_reg[6][5]/CK (SDFFRQX2M)              0.00     100.00 r
  library setup time                                     -0.52      99.48
  data required time                                                99.48
  --------------------------------------------------------------------------
  data required time                                                99.48
  data arrival time                                                -64.82
  --------------------------------------------------------------------------
  slack (MET)                                                       34.66


  Startpoint: WrEn (input port clocked by CLK)
  Endpoint: U0_RegFile/regArr_reg[6][4]
            (rising edge-triggered flip-flop clocked by REG_CLK)
  Path Group: REG_CLK
  Path Type: max

  Des/Clust/Port     Wire Load Model       Library
  ------------------------------------------------
  System_Top         tsmc13_wl30           scmetro_tsmc_cl013g_rvt_ss_1p08v_125c

  Point                                                   Incr       Path
  --------------------------------------------------------------------------
  clock CLK (rise edge)                                  50.00      50.00
  clock network delay (ideal)                             0.00      50.00
  input external delay                                   10.00      60.00 r
  WrEn (in)                                               0.18      60.18 r
  U0_RegFile/WrEn (RegFile_test_1)                        0.00      60.18 r
  U0_RegFile/U438/Y (INVX2M)                              0.29      60.47 f
  U0_RegFile/U283/Y (NOR2X2M)                             0.80      61.27 r
  U0_RegFile/U282/Y (NOR2BX2M)                            0.88      62.15 r
  U0_RegFile/U258/Y (AND2X2M)                             0.90      63.05 r
  U0_RegFile/U270/Y (AND2X2M)                             0.59      63.63 r
  U0_RegFile/U236/Y (INVX4M)                              0.54      64.17 f
  U0_RegFile/U351/Y (OAI2BB2X1M)                          0.65      64.82 f
  U0_RegFile/regArr_reg[6][4]/D (SDFFRQX2M)               0.00      64.82 f
  data arrival time                                                 64.82

  clock REG_CLK (rise edge)                             100.00     100.00
  clock network delay (ideal)                             0.00     100.00
  U0_RegFile/regArr_reg[6][4]/CK (SDFFRQX2M)              0.00     100.00 r
  library setup time                                     -0.52      99.48
  data required time                                                99.48
  --------------------------------------------------------------------------
  data required time                                                99.48
  data arrival time                                                -64.82
  --------------------------------------------------------------------------
  slack (MET)                                                       34.66


  Startpoint: WrEn (input port clocked by CLK)
  Endpoint: U0_RegFile/regArr_reg[6][3]
            (rising edge-triggered flip-flop clocked by REG_CLK)
  Path Group: REG_CLK
  Path Type: max

  Des/Clust/Port     Wire Load Model       Library
  ------------------------------------------------
  System_Top         tsmc13_wl30           scmetro_tsmc_cl013g_rvt_ss_1p08v_125c

  Point                                                   Incr       Path
  --------------------------------------------------------------------------
  clock CLK (rise edge)                                  50.00      50.00
  clock network delay (ideal)                             0.00      50.00
  input external delay                                   10.00      60.00 r
  WrEn (in)                                               0.18      60.18 r
  U0_RegFile/WrEn (RegFile_test_1)                        0.00      60.18 r
  U0_RegFile/U438/Y (INVX2M)                              0.29      60.47 f
  U0_RegFile/U283/Y (NOR2X2M)                             0.80      61.27 r
  U0_RegFile/U282/Y (NOR2BX2M)                            0.88      62.15 r
  U0_RegFile/U258/Y (AND2X2M)                             0.90      63.05 r
  U0_RegFile/U270/Y (AND2X2M)                             0.59      63.63 r
  U0_RegFile/U237/Y (INVX4M)                              0.54      64.17 f
  U0_RegFile/U350/Y (OAI2BB2X1M)                          0.65      64.82 f
  U0_RegFile/regArr_reg[6][3]/D (SDFFRQX2M)               0.00      64.82 f
  data arrival time                                                 64.82

  clock REG_CLK (rise edge)                             100.00     100.00
  clock network delay (ideal)                             0.00     100.00
  U0_RegFile/regArr_reg[6][3]/CK (SDFFRQX2M)              0.00     100.00 r
  library setup time                                     -0.52      99.48
  data required time                                                99.48
  --------------------------------------------------------------------------
  data required time                                                99.48
  data arrival time                                                -64.82
  --------------------------------------------------------------------------
  slack (MET)                                                       34.66


  Startpoint: WrEn (input port clocked by CLK)
  Endpoint: U0_RegFile/regArr_reg[6][2]
            (rising edge-triggered flip-flop clocked by REG_CLK)
  Path Group: REG_CLK
  Path Type: max

  Des/Clust/Port     Wire Load Model       Library
  ------------------------------------------------
  System_Top         tsmc13_wl30           scmetro_tsmc_cl013g_rvt_ss_1p08v_125c

  Point                                                   Incr       Path
  --------------------------------------------------------------------------
  clock CLK (rise edge)                                  50.00      50.00
  clock network delay (ideal)                             0.00      50.00
  input external delay                                   10.00      60.00 r
  WrEn (in)                                               0.18      60.18 r
  U0_RegFile/WrEn (RegFile_test_1)                        0.00      60.18 r
  U0_RegFile/U438/Y (INVX2M)                              0.29      60.47 f
  U0_RegFile/U283/Y (NOR2X2M)                             0.80      61.27 r
  U0_RegFile/U282/Y (NOR2BX2M)                            0.88      62.15 r
  U0_RegFile/U258/Y (AND2X2M)                             0.90      63.05 r
  U0_RegFile/U270/Y (AND2X2M)                             0.59      63.63 r
  U0_RegFile/U236/Y (INVX4M)                              0.54      64.17 f
  U0_RegFile/U349/Y (OAI2BB2X1M)                          0.65      64.82 f
  U0_RegFile/regArr_reg[6][2]/D (SDFFRQX2M)               0.00      64.82 f
  data arrival time                                                 64.82

  clock REG_CLK (rise edge)                             100.00     100.00
  clock network delay (ideal)                             0.00     100.00
  U0_RegFile/regArr_reg[6][2]/CK (SDFFRQX2M)              0.00     100.00 r
  library setup time                                     -0.52      99.48
  data required time                                                99.48
  --------------------------------------------------------------------------
  data required time                                                99.48
  data arrival time                                                -64.82
  --------------------------------------------------------------------------
  slack (MET)                                                       34.66


  Startpoint: WrEn (input port clocked by CLK)
  Endpoint: U0_RegFile/regArr_reg[6][1]
            (rising edge-triggered flip-flop clocked by REG_CLK)
  Path Group: REG_CLK
  Path Type: max

  Des/Clust/Port     Wire Load Model       Library
  ------------------------------------------------
  System_Top         tsmc13_wl30           scmetro_tsmc_cl013g_rvt_ss_1p08v_125c

  Point                                                   Incr       Path
  --------------------------------------------------------------------------
  clock CLK (rise edge)                                  50.00      50.00
  clock network delay (ideal)                             0.00      50.00
  input external delay                                   10.00      60.00 r
  WrEn (in)                                               0.18      60.18 r
  U0_RegFile/WrEn (RegFile_test_1)                        0.00      60.18 r
  U0_RegFile/U438/Y (INVX2M)                              0.29      60.47 f
  U0_RegFile/U283/Y (NOR2X2M)                             0.80      61.27 r
  U0_RegFile/U282/Y (NOR2BX2M)                            0.88      62.15 r
  U0_RegFile/U258/Y (AND2X2M)                             0.90      63.05 r
  U0_RegFile/U270/Y (AND2X2M)                             0.59      63.63 r
  U0_RegFile/U237/Y (INVX4M)                              0.54      64.17 f
  U0_RegFile/U348/Y (OAI2BB2X1M)                          0.65      64.82 f
  U0_RegFile/regArr_reg[6][1]/D (SDFFRQX2M)               0.00      64.82 f
  data arrival time                                                 64.82

  clock REG_CLK (rise edge)                             100.00     100.00
  clock network delay (ideal)                             0.00     100.00
  U0_RegFile/regArr_reg[6][1]/CK (SDFFRQX2M)              0.00     100.00 r
  library setup time                                     -0.52      99.48
  data required time                                                99.48
  --------------------------------------------------------------------------
  data required time                                                99.48
  data arrival time                                                -64.82
  --------------------------------------------------------------------------
  slack (MET)                                                       34.66


  Startpoint: WrEn (input port clocked by CLK)
  Endpoint: U0_RegFile/regArr_reg[6][0]
            (rising edge-triggered flip-flop clocked by REG_CLK)
  Path Group: REG_CLK
  Path Type: max

  Des/Clust/Port     Wire Load Model       Library
  ------------------------------------------------
  System_Top         tsmc13_wl30           scmetro_tsmc_cl013g_rvt_ss_1p08v_125c

  Point                                                   Incr       Path
  --------------------------------------------------------------------------
  clock CLK (rise edge)                                  50.00      50.00
  clock network delay (ideal)                             0.00      50.00
  input external delay                                   10.00      60.00 r
  WrEn (in)                                               0.18      60.18 r
  U0_RegFile/WrEn (RegFile_test_1)                        0.00      60.18 r
  U0_RegFile/U438/Y (INVX2M)                              0.29      60.47 f
  U0_RegFile/U283/Y (NOR2X2M)                             0.80      61.27 r
  U0_RegFile/U282/Y (NOR2BX2M)                            0.88      62.15 r
  U0_RegFile/U258/Y (AND2X2M)                             0.90      63.05 r
  U0_RegFile/U270/Y (AND2X2M)                             0.59      63.63 r
  U0_RegFile/U236/Y (INVX4M)                              0.54      64.17 f
  U0_RegFile/U347/Y (OAI2BB2X1M)                          0.65      64.82 f
  U0_RegFile/regArr_reg[6][0]/D (SDFFRQX2M)               0.00      64.82 f
  data arrival time                                                 64.82

  clock REG_CLK (rise edge)                             100.00     100.00
  clock network delay (ideal)                             0.00     100.00
  U0_RegFile/regArr_reg[6][0]/CK (SDFFRQX2M)              0.00     100.00 r
  library setup time                                     -0.52      99.48
  data required time                                                99.48
  --------------------------------------------------------------------------
  data required time                                                99.48
  data arrival time                                                -64.82
  --------------------------------------------------------------------------
  slack (MET)                                                       34.66


  Startpoint: WrEn (input port clocked by CLK)
  Endpoint: U0_RegFile/regArr_reg[4][7]
            (rising edge-triggered flip-flop clocked by REG_CLK)
  Path Group: REG_CLK
  Path Type: max

  Des/Clust/Port     Wire Load Model       Library
  ------------------------------------------------
  System_Top         tsmc13_wl30           scmetro_tsmc_cl013g_rvt_ss_1p08v_125c

  Point                                                   Incr       Path
  --------------------------------------------------------------------------
  clock CLK (rise edge)                                  50.00      50.00
  clock network delay (ideal)                             0.00      50.00
  input external delay                                   10.00      60.00 r
  WrEn (in)                                               0.18      60.18 r
  U0_RegFile/WrEn (RegFile_test_1)                        0.00      60.18 r
  U0_RegFile/U438/Y (INVX2M)                              0.29      60.47 f
  U0_RegFile/U283/Y (NOR2X2M)                             0.80      61.27 r
  U0_RegFile/U282/Y (NOR2BX2M)                            0.88      62.15 r
  U0_RegFile/U258/Y (AND2X2M)                             0.90      63.05 r
  U0_RegFile/U268/Y (AND2X2M)                             0.59      63.63 r
  U0_RegFile/U233/Y (INVX4M)                              0.54      64.17 f
  U0_RegFile/U338/Y (OAI2BB2X1M)                          0.65      64.82 f
  U0_RegFile/regArr_reg[4][7]/D (SDFFRQX2M)               0.00      64.82 f
  data arrival time                                                 64.82

  clock REG_CLK (rise edge)                             100.00     100.00
  clock network delay (ideal)                             0.00     100.00
  U0_RegFile/regArr_reg[4][7]/CK (SDFFRQX2M)              0.00     100.00 r
  library setup time                                     -0.52      99.48
  data required time                                                99.48
  --------------------------------------------------------------------------
  data required time                                                99.48
  data arrival time                                                -64.82
  --------------------------------------------------------------------------
  slack (MET)                                                       34.66


  Startpoint: WrEn (input port clocked by CLK)
  Endpoint: U0_RegFile/regArr_reg[4][6]
            (rising edge-triggered flip-flop clocked by REG_CLK)
  Path Group: REG_CLK
  Path Type: max

  Des/Clust/Port     Wire Load Model       Library
  ------------------------------------------------
  System_Top         tsmc13_wl30           scmetro_tsmc_cl013g_rvt_ss_1p08v_125c

  Point                                                   Incr       Path
  --------------------------------------------------------------------------
  clock CLK (rise edge)                                  50.00      50.00
  clock network delay (ideal)                             0.00      50.00
  input external delay                                   10.00      60.00 r
  WrEn (in)                                               0.18      60.18 r
  U0_RegFile/WrEn (RegFile_test_1)                        0.00      60.18 r
  U0_RegFile/U438/Y (INVX2M)                              0.29      60.47 f
  U0_RegFile/U283/Y (NOR2X2M)                             0.80      61.27 r
  U0_RegFile/U282/Y (NOR2BX2M)                            0.88      62.15 r
  U0_RegFile/U258/Y (AND2X2M)                             0.90      63.05 r
  U0_RegFile/U268/Y (AND2X2M)                             0.59      63.63 r
  U0_RegFile/U232/Y (INVX4M)                              0.54      64.17 f
  U0_RegFile/U337/Y (OAI2BB2X1M)                          0.65      64.82 f
  U0_RegFile/regArr_reg[4][6]/D (SDFFRQX2M)               0.00      64.82 f
  data arrival time                                                 64.82

  clock REG_CLK (rise edge)                             100.00     100.00
  clock network delay (ideal)                             0.00     100.00
  U0_RegFile/regArr_reg[4][6]/CK (SDFFRQX2M)              0.00     100.00 r
  library setup time                                     -0.52      99.48
  data required time                                                99.48
  --------------------------------------------------------------------------
  data required time                                                99.48
  data arrival time                                                -64.82
  --------------------------------------------------------------------------
  slack (MET)                                                       34.66


  Startpoint: WrEn (input port clocked by CLK)
  Endpoint: U0_RegFile/regArr_reg[4][5]
            (rising edge-triggered flip-flop clocked by REG_CLK)
  Path Group: REG_CLK
  Path Type: max

  Des/Clust/Port     Wire Load Model       Library
  ------------------------------------------------
  System_Top         tsmc13_wl30           scmetro_tsmc_cl013g_rvt_ss_1p08v_125c

  Point                                                   Incr       Path
  --------------------------------------------------------------------------
  clock CLK (rise edge)                                  50.00      50.00
  clock network delay (ideal)                             0.00      50.00
  input external delay                                   10.00      60.00 r
  WrEn (in)                                               0.18      60.18 r
  U0_RegFile/WrEn (RegFile_test_1)                        0.00      60.18 r
  U0_RegFile/U438/Y (INVX2M)                              0.29      60.47 f
  U0_RegFile/U283/Y (NOR2X2M)                             0.80      61.27 r
  U0_RegFile/U282/Y (NOR2BX2M)                            0.88      62.15 r
  U0_RegFile/U258/Y (AND2X2M)                             0.90      63.05 r
  U0_RegFile/U268/Y (AND2X2M)                             0.59      63.63 r
  U0_RegFile/U233/Y (INVX4M)                              0.54      64.17 f
  U0_RegFile/U336/Y (OAI2BB2X1M)                          0.65      64.82 f
  U0_RegFile/regArr_reg[4][5]/D (SDFFRQX2M)               0.00      64.82 f
  data arrival time                                                 64.82

  clock REG_CLK (rise edge)                             100.00     100.00
  clock network delay (ideal)                             0.00     100.00
  U0_RegFile/regArr_reg[4][5]/CK (SDFFRQX2M)              0.00     100.00 r
  library setup time                                     -0.52      99.48
  data required time                                                99.48
  --------------------------------------------------------------------------
  data required time                                                99.48
  data arrival time                                                -64.82
  --------------------------------------------------------------------------
  slack (MET)                                                       34.66


  Startpoint: WrEn (input port clocked by CLK)
  Endpoint: U0_RegFile/regArr_reg[4][4]
            (rising edge-triggered flip-flop clocked by REG_CLK)
  Path Group: REG_CLK
  Path Type: max

  Des/Clust/Port     Wire Load Model       Library
  ------------------------------------------------
  System_Top         tsmc13_wl30           scmetro_tsmc_cl013g_rvt_ss_1p08v_125c

  Point                                                   Incr       Path
  --------------------------------------------------------------------------
  clock CLK (rise edge)                                  50.00      50.00
  clock network delay (ideal)                             0.00      50.00
  input external delay                                   10.00      60.00 r
  WrEn (in)                                               0.18      60.18 r
  U0_RegFile/WrEn (RegFile_test_1)                        0.00      60.18 r
  U0_RegFile/U438/Y (INVX2M)                              0.29      60.47 f
  U0_RegFile/U283/Y (NOR2X2M)                             0.80      61.27 r
  U0_RegFile/U282/Y (NOR2BX2M)                            0.88      62.15 r
  U0_RegFile/U258/Y (AND2X2M)                             0.90      63.05 r
  U0_RegFile/U268/Y (AND2X2M)                             0.59      63.63 r
  U0_RegFile/U232/Y (INVX4M)                              0.54      64.17 f
  U0_RegFile/U335/Y (OAI2BB2X1M)                          0.65      64.82 f
  U0_RegFile/regArr_reg[4][4]/D (SDFFRQX2M)               0.00      64.82 f
  data arrival time                                                 64.82

  clock REG_CLK (rise edge)                             100.00     100.00
  clock network delay (ideal)                             0.00     100.00
  U0_RegFile/regArr_reg[4][4]/CK (SDFFRQX2M)              0.00     100.00 r
  library setup time                                     -0.52      99.48
  data required time                                                99.48
  --------------------------------------------------------------------------
  data required time                                                99.48
  data arrival time                                                -64.82
  --------------------------------------------------------------------------
  slack (MET)                                                       34.66


  Startpoint: WrEn (input port clocked by CLK)
  Endpoint: U0_RegFile/regArr_reg[4][3]
            (rising edge-triggered flip-flop clocked by REG_CLK)
  Path Group: REG_CLK
  Path Type: max

  Des/Clust/Port     Wire Load Model       Library
  ------------------------------------------------
  System_Top         tsmc13_wl30           scmetro_tsmc_cl013g_rvt_ss_1p08v_125c

  Point                                                   Incr       Path
  --------------------------------------------------------------------------
  clock CLK (rise edge)                                  50.00      50.00
  clock network delay (ideal)                             0.00      50.00
  input external delay                                   10.00      60.00 r
  WrEn (in)                                               0.18      60.18 r
  U0_RegFile/WrEn (RegFile_test_1)                        0.00      60.18 r
  U0_RegFile/U438/Y (INVX2M)                              0.29      60.47 f
  U0_RegFile/U283/Y (NOR2X2M)                             0.80      61.27 r
  U0_RegFile/U282/Y (NOR2BX2M)                            0.88      62.15 r
  U0_RegFile/U258/Y (AND2X2M)                             0.90      63.05 r
  U0_RegFile/U268/Y (AND2X2M)                             0.59      63.63 r
  U0_RegFile/U233/Y (INVX4M)                              0.54      64.17 f
  U0_RegFile/U334/Y (OAI2BB2X1M)                          0.65      64.82 f
  U0_RegFile/regArr_reg[4][3]/D (SDFFRQX2M)               0.00      64.82 f
  data arrival time                                                 64.82

  clock REG_CLK (rise edge)                             100.00     100.00
  clock network delay (ideal)                             0.00     100.00
  U0_RegFile/regArr_reg[4][3]/CK (SDFFRQX2M)              0.00     100.00 r
  library setup time                                     -0.52      99.48
  data required time                                                99.48
  --------------------------------------------------------------------------
  data required time                                                99.48
  data arrival time                                                -64.82
  --------------------------------------------------------------------------
  slack (MET)                                                       34.66


  Startpoint: WrEn (input port clocked by CLK)
  Endpoint: U0_RegFile/regArr_reg[4][2]
            (rising edge-triggered flip-flop clocked by REG_CLK)
  Path Group: REG_CLK
  Path Type: max

  Des/Clust/Port     Wire Load Model       Library
  ------------------------------------------------
  System_Top         tsmc13_wl30           scmetro_tsmc_cl013g_rvt_ss_1p08v_125c

  Point                                                   Incr       Path
  --------------------------------------------------------------------------
  clock CLK (rise edge)                                  50.00      50.00
  clock network delay (ideal)                             0.00      50.00
  input external delay                                   10.00      60.00 r
  WrEn (in)                                               0.18      60.18 r
  U0_RegFile/WrEn (RegFile_test_1)                        0.00      60.18 r
  U0_RegFile/U438/Y (INVX2M)                              0.29      60.47 f
  U0_RegFile/U283/Y (NOR2X2M)                             0.80      61.27 r
  U0_RegFile/U282/Y (NOR2BX2M)                            0.88      62.15 r
  U0_RegFile/U258/Y (AND2X2M)                             0.90      63.05 r
  U0_RegFile/U268/Y (AND2X2M)                             0.59      63.63 r
  U0_RegFile/U232/Y (INVX4M)                              0.54      64.17 f
  U0_RegFile/U333/Y (OAI2BB2X1M)                          0.65      64.82 f
  U0_RegFile/regArr_reg[4][2]/D (SDFFRQX2M)               0.00      64.82 f
  data arrival time                                                 64.82

  clock REG_CLK (rise edge)                             100.00     100.00
  clock network delay (ideal)                             0.00     100.00
  U0_RegFile/regArr_reg[4][2]/CK (SDFFRQX2M)              0.00     100.00 r
  library setup time                                     -0.52      99.48
  data required time                                                99.48
  --------------------------------------------------------------------------
  data required time                                                99.48
  data arrival time                                                -64.82
  --------------------------------------------------------------------------
  slack (MET)                                                       34.66


  Startpoint: WrEn (input port clocked by CLK)
  Endpoint: U0_RegFile/regArr_reg[4][1]
            (rising edge-triggered flip-flop clocked by REG_CLK)
  Path Group: REG_CLK
  Path Type: max

  Des/Clust/Port     Wire Load Model       Library
  ------------------------------------------------
  System_Top         tsmc13_wl30           scmetro_tsmc_cl013g_rvt_ss_1p08v_125c

  Point                                                   Incr       Path
  --------------------------------------------------------------------------
  clock CLK (rise edge)                                  50.00      50.00
  clock network delay (ideal)                             0.00      50.00
  input external delay                                   10.00      60.00 r
  WrEn (in)                                               0.18      60.18 r
  U0_RegFile/WrEn (RegFile_test_1)                        0.00      60.18 r
  U0_RegFile/U438/Y (INVX2M)                              0.29      60.47 f
  U0_RegFile/U283/Y (NOR2X2M)                             0.80      61.27 r
  U0_RegFile/U282/Y (NOR2BX2M)                            0.88      62.15 r
  U0_RegFile/U258/Y (AND2X2M)                             0.90      63.05 r
  U0_RegFile/U268/Y (AND2X2M)                             0.59      63.63 r
  U0_RegFile/U233/Y (INVX4M)                              0.54      64.17 f
  U0_RegFile/U332/Y (OAI2BB2X1M)                          0.65      64.82 f
  U0_RegFile/regArr_reg[4][1]/D (SDFFRQX2M)               0.00      64.82 f
  data arrival time                                                 64.82

  clock REG_CLK (rise edge)                             100.00     100.00
  clock network delay (ideal)                             0.00     100.00
  U0_RegFile/regArr_reg[4][1]/CK (SDFFRQX2M)              0.00     100.00 r
  library setup time                                     -0.52      99.48
  data required time                                                99.48
  --------------------------------------------------------------------------
  data required time                                                99.48
  data arrival time                                                -64.82
  --------------------------------------------------------------------------
  slack (MET)                                                       34.66


  Startpoint: WrEn (input port clocked by CLK)
  Endpoint: U0_RegFile/regArr_reg[4][0]
            (rising edge-triggered flip-flop clocked by REG_CLK)
  Path Group: REG_CLK
  Path Type: max

  Des/Clust/Port     Wire Load Model       Library
  ------------------------------------------------
  System_Top         tsmc13_wl30           scmetro_tsmc_cl013g_rvt_ss_1p08v_125c

  Point                                                   Incr       Path
  --------------------------------------------------------------------------
  clock CLK (rise edge)                                  50.00      50.00
  clock network delay (ideal)                             0.00      50.00
  input external delay                                   10.00      60.00 r
  WrEn (in)                                               0.18      60.18 r
  U0_RegFile/WrEn (RegFile_test_1)                        0.00      60.18 r
  U0_RegFile/U438/Y (INVX2M)                              0.29      60.47 f
  U0_RegFile/U283/Y (NOR2X2M)                             0.80      61.27 r
  U0_RegFile/U282/Y (NOR2BX2M)                            0.88      62.15 r
  U0_RegFile/U258/Y (AND2X2M)                             0.90      63.05 r
  U0_RegFile/U268/Y (AND2X2M)                             0.59      63.63 r
  U0_RegFile/U232/Y (INVX4M)                              0.54      64.17 f
  U0_RegFile/U331/Y (OAI2BB2X1M)                          0.65      64.82 f
  U0_RegFile/regArr_reg[4][0]/D (SDFFRQX2M)               0.00      64.82 f
  data arrival time                                                 64.82

  clock REG_CLK (rise edge)                             100.00     100.00
  clock network delay (ideal)                             0.00     100.00
  U0_RegFile/regArr_reg[4][0]/CK (SDFFRQX2M)              0.00     100.00 r
  library setup time                                     -0.52      99.48
  data required time                                                99.48
  --------------------------------------------------------------------------
  data required time                                                99.48
  data arrival time                                                -64.82
  --------------------------------------------------------------------------
  slack (MET)                                                       34.66


  Startpoint: WrEn (input port clocked by CLK)
  Endpoint: U0_RegFile/regArr_reg[10][0]
            (rising edge-triggered flip-flop clocked by REG_CLK)
  Path Group: REG_CLK
  Path Type: max

  Des/Clust/Port     Wire Load Model       Library
  ------------------------------------------------
  System_Top         tsmc13_wl30           scmetro_tsmc_cl013g_rvt_ss_1p08v_125c

  Point                                                   Incr       Path
  --------------------------------------------------------------------------
  clock CLK (rise edge)                                  50.00      50.00
  clock network delay (ideal)                             0.00      50.00
  input external delay                                   10.00      60.00 r
  WrEn (in)                                               0.18      60.18 r
  U0_RegFile/WrEn (RegFile_test_1)                        0.00      60.18 r
  U0_RegFile/U438/Y (INVX2M)                              0.29      60.47 f
  U0_RegFile/U283/Y (NOR2X2M)                             0.80      61.27 r
  U0_RegFile/U284/Y (AND2X2M)                             0.54      61.81 r
  U0_RegFile/U259/Y (AND2X2M)                             0.86      62.67 r
  U0_RegFile/U266/Y (NAND2X2M)                            0.62      63.29 f
  U0_RegFile/U221/Y (BUFX4M)                              0.64      63.94 f
  U0_RegFile/U436/Y (OAI2BB2X1M)                          0.66      64.60 f
  U0_RegFile/regArr_reg[10][0]/D (SDFFRQX2M)              0.00      64.60 f
  data arrival time                                                 64.60

  clock REG_CLK (rise edge)                             100.00     100.00
  clock network delay (ideal)                             0.00     100.00
  U0_RegFile/regArr_reg[10][0]/CK (SDFFRQX2M)             0.00     100.00 r
  library setup time                                     -0.53      99.47
  data required time                                                99.47
  --------------------------------------------------------------------------
  data required time                                                99.47
  data arrival time                                                -64.60
  --------------------------------------------------------------------------
  slack (MET)                                                       34.87


  Startpoint: WrEn (input port clocked by CLK)
  Endpoint: U0_RegFile/regArr_reg[8][0]
            (rising edge-triggered flip-flop clocked by REG_CLK)
  Path Group: REG_CLK
  Path Type: max

  Des/Clust/Port     Wire Load Model       Library
  ------------------------------------------------
  System_Top         tsmc13_wl30           scmetro_tsmc_cl013g_rvt_ss_1p08v_125c

  Point                                                   Incr       Path
  --------------------------------------------------------------------------
  clock CLK (rise edge)                                  50.00      50.00
  clock network delay (ideal)                             0.00      50.00
  input external delay                                   10.00      60.00 r
  WrEn (in)                                               0.18      60.18 r
  U0_RegFile/WrEn (RegFile_test_1)                        0.00      60.18 r
  U0_RegFile/U438/Y (INVX2M)                              0.29      60.47 f
  U0_RegFile/U283/Y (NOR2X2M)                             0.80      61.27 r
  U0_RegFile/U284/Y (AND2X2M)                             0.54      61.81 r
  U0_RegFile/U259/Y (AND2X2M)                             0.86      62.67 r
  U0_RegFile/U264/Y (NAND2X2M)                            0.62      63.29 f
  U0_RegFile/U219/Y (BUFX4M)                              0.64      63.94 f
  U0_RegFile/U434/Y (OAI2BB2X1M)                          0.66      64.60 f
  U0_RegFile/regArr_reg[8][0]/D (SDFFRQX2M)               0.00      64.60 f
  data arrival time                                                 64.60

  clock REG_CLK (rise edge)                             100.00     100.00
  clock network delay (ideal)                             0.00     100.00
  U0_RegFile/regArr_reg[8][0]/CK (SDFFRQX2M)              0.00     100.00 r
  library setup time                                     -0.53      99.47
  data required time                                                99.47
  --------------------------------------------------------------------------
  data required time                                                99.47
  data arrival time                                                -64.60
  --------------------------------------------------------------------------
  slack (MET)                                                       34.87


  Startpoint: WrEn (input port clocked by CLK)
  Endpoint: U0_RegFile/regArr_reg[11][0]
            (rising edge-triggered flip-flop clocked by REG_CLK)
  Path Group: REG_CLK
  Path Type: max

  Des/Clust/Port     Wire Load Model       Library
  ------------------------------------------------
  System_Top         tsmc13_wl30           scmetro_tsmc_cl013g_rvt_ss_1p08v_125c

  Point                                                   Incr       Path
  --------------------------------------------------------------------------
  clock CLK (rise edge)                                  50.00      50.00
  clock network delay (ideal)                             0.00      50.00
  input external delay                                   10.00      60.00 r
  WrEn (in)                                               0.18      60.18 r
  U0_RegFile/WrEn (RegFile_test_1)                        0.00      60.18 r
  U0_RegFile/U438/Y (INVX2M)                              0.29      60.47 f
  U0_RegFile/U283/Y (NOR2X2M)                             0.80      61.27 r
  U0_RegFile/U284/Y (AND2X2M)                             0.54      61.81 r
  U0_RegFile/U190/Y (AND2X2M)                             0.86      62.67 r
  U0_RegFile/U267/Y (NAND2X2M)                            0.62      63.29 f
  U0_RegFile/U222/Y (BUFX4M)                              0.64      63.94 f
  U0_RegFile/U437/Y (OAI2BB2X1M)                          0.66      64.60 f
  U0_RegFile/regArr_reg[11][0]/D (SDFFRQX2M)              0.00      64.60 f
  data arrival time                                                 64.60

  clock REG_CLK (rise edge)                             100.00     100.00
  clock network delay (ideal)                             0.00     100.00
  U0_RegFile/regArr_reg[11][0]/CK (SDFFRQX2M)             0.00     100.00 r
  library setup time                                     -0.53      99.47
  data required time                                                99.47
  --------------------------------------------------------------------------
  data required time                                                99.47
  data arrival time                                                -64.60
  --------------------------------------------------------------------------
  slack (MET)                                                       34.87


  Startpoint: WrEn (input port clocked by CLK)
  Endpoint: U0_RegFile/regArr_reg[9][0]
            (rising edge-triggered flip-flop clocked by REG_CLK)
  Path Group: REG_CLK
  Path Type: max

  Des/Clust/Port     Wire Load Model       Library
  ------------------------------------------------
  System_Top         tsmc13_wl30           scmetro_tsmc_cl013g_rvt_ss_1p08v_125c

  Point                                                   Incr       Path
  --------------------------------------------------------------------------
  clock CLK (rise edge)                                  50.00      50.00
  clock network delay (ideal)                             0.00      50.00
  input external delay                                   10.00      60.00 r
  WrEn (in)                                               0.18      60.18 r
  U0_RegFile/WrEn (RegFile_test_1)                        0.00      60.18 r
  U0_RegFile/U438/Y (INVX2M)                              0.29      60.47 f
  U0_RegFile/U283/Y (NOR2X2M)                             0.80      61.27 r
  U0_RegFile/U284/Y (AND2X2M)                             0.54      61.81 r
  U0_RegFile/U190/Y (AND2X2M)                             0.86      62.67 r
  U0_RegFile/U265/Y (NAND2X2M)                            0.62      63.29 f
  U0_RegFile/U220/Y (BUFX4M)                              0.64      63.94 f
  U0_RegFile/U435/Y (OAI2BB2X1M)                          0.66      64.60 f
  U0_RegFile/regArr_reg[9][0]/D (SDFFRQX2M)               0.00      64.60 f
  data arrival time                                                 64.60

  clock REG_CLK (rise edge)                             100.00     100.00
  clock network delay (ideal)                             0.00     100.00
  U0_RegFile/regArr_reg[9][0]/CK (SDFFRQX2M)              0.00     100.00 r
  library setup time                                     -0.53      99.47
  data required time                                                99.47
  --------------------------------------------------------------------------
  data required time                                                99.47
  data arrival time                                                -64.60
  --------------------------------------------------------------------------
  slack (MET)                                                       34.87


  Startpoint: WrEn (input port clocked by CLK)
  Endpoint: U0_RegFile/regArr_reg[10][7]
            (rising edge-triggered flip-flop clocked by REG_CLK)
  Path Group: REG_CLK
  Path Type: max

  Des/Clust/Port     Wire Load Model       Library
  ------------------------------------------------
  System_Top         tsmc13_wl30           scmetro_tsmc_cl013g_rvt_ss_1p08v_125c

  Point                                                   Incr       Path
  --------------------------------------------------------------------------
  clock CLK (rise edge)                                  50.00      50.00
  clock network delay (ideal)                             0.00      50.00
  input external delay                                   10.00      60.00 r
  WrEn (in)                                               0.18      60.18 r
  U0_RegFile/WrEn (RegFile_test_1)                        0.00      60.18 r
  U0_RegFile/U438/Y (INVX2M)                              0.29      60.47 f
  U0_RegFile/U283/Y (NOR2X2M)                             0.80      61.27 r
  U0_RegFile/U284/Y (AND2X2M)                             0.54      61.81 r
  U0_RegFile/U259/Y (AND2X2M)                             0.86      62.67 r
  U0_RegFile/U266/Y (NAND2X2M)                            0.62      63.29 f
  U0_RegFile/U221/Y (BUFX4M)                              0.64      63.94 f
  U0_RegFile/U383/Y (OAI2BB2X1M)                          0.66      64.60 f
  U0_RegFile/regArr_reg[10][7]/D (SDFFRQX2M)              0.00      64.60 f
  data arrival time                                                 64.60

  clock REG_CLK (rise edge)                             100.00     100.00
  clock network delay (ideal)                             0.00     100.00
  U0_RegFile/regArr_reg[10][7]/CK (SDFFRQX2M)             0.00     100.00 r
  library setup time                                     -0.52      99.48
  data required time                                                99.48
  --------------------------------------------------------------------------
  data required time                                                99.48
  data arrival time                                                -64.60
  --------------------------------------------------------------------------
  slack (MET)                                                       34.88


  Startpoint: WrEn (input port clocked by CLK)
  Endpoint: U0_RegFile/regArr_reg[10][6]
            (rising edge-triggered flip-flop clocked by REG_CLK)
  Path Group: REG_CLK
  Path Type: max

  Des/Clust/Port     Wire Load Model       Library
  ------------------------------------------------
  System_Top         tsmc13_wl30           scmetro_tsmc_cl013g_rvt_ss_1p08v_125c

  Point                                                   Incr       Path
  --------------------------------------------------------------------------
  clock CLK (rise edge)                                  50.00      50.00
  clock network delay (ideal)                             0.00      50.00
  input external delay                                   10.00      60.00 r
  WrEn (in)                                               0.18      60.18 r
  U0_RegFile/WrEn (RegFile_test_1)                        0.00      60.18 r
  U0_RegFile/U438/Y (INVX2M)                              0.29      60.47 f
  U0_RegFile/U283/Y (NOR2X2M)                             0.80      61.27 r
  U0_RegFile/U284/Y (AND2X2M)                             0.54      61.81 r
  U0_RegFile/U259/Y (AND2X2M)                             0.86      62.67 r
  U0_RegFile/U266/Y (NAND2X2M)                            0.62      63.29 f
  U0_RegFile/U221/Y (BUFX4M)                              0.64      63.94 f
  U0_RegFile/U382/Y (OAI2BB2X1M)                          0.66      64.60 f
  U0_RegFile/regArr_reg[10][6]/D (SDFFRQX2M)              0.00      64.60 f
  data arrival time                                                 64.60

  clock REG_CLK (rise edge)                             100.00     100.00
  clock network delay (ideal)                             0.00     100.00
  U0_RegFile/regArr_reg[10][6]/CK (SDFFRQX2M)             0.00     100.00 r
  library setup time                                     -0.52      99.48
  data required time                                                99.48
  --------------------------------------------------------------------------
  data required time                                                99.48
  data arrival time                                                -64.60
  --------------------------------------------------------------------------
  slack (MET)                                                       34.88


  Startpoint: WrEn (input port clocked by CLK)
  Endpoint: U0_RegFile/regArr_reg[10][5]
            (rising edge-triggered flip-flop clocked by REG_CLK)
  Path Group: REG_CLK
  Path Type: max

  Des/Clust/Port     Wire Load Model       Library
  ------------------------------------------------
  System_Top         tsmc13_wl30           scmetro_tsmc_cl013g_rvt_ss_1p08v_125c

  Point                                                   Incr       Path
  --------------------------------------------------------------------------
  clock CLK (rise edge)                                  50.00      50.00
  clock network delay (ideal)                             0.00      50.00
  input external delay                                   10.00      60.00 r
  WrEn (in)                                               0.18      60.18 r
  U0_RegFile/WrEn (RegFile_test_1)                        0.00      60.18 r
  U0_RegFile/U438/Y (INVX2M)                              0.29      60.47 f
  U0_RegFile/U283/Y (NOR2X2M)                             0.80      61.27 r
  U0_RegFile/U284/Y (AND2X2M)                             0.54      61.81 r
  U0_RegFile/U259/Y (AND2X2M)                             0.86      62.67 r
  U0_RegFile/U266/Y (NAND2X2M)                            0.62      63.29 f
  U0_RegFile/U221/Y (BUFX4M)                              0.64      63.94 f
  U0_RegFile/U381/Y (OAI2BB2X1M)                          0.66      64.60 f
  U0_RegFile/regArr_reg[10][5]/D (SDFFRQX2M)              0.00      64.60 f
  data arrival time                                                 64.60

  clock REG_CLK (rise edge)                             100.00     100.00
  clock network delay (ideal)                             0.00     100.00
  U0_RegFile/regArr_reg[10][5]/CK (SDFFRQX2M)             0.00     100.00 r
  library setup time                                     -0.52      99.48
  data required time                                                99.48
  --------------------------------------------------------------------------
  data required time                                                99.48
  data arrival time                                                -64.60
  --------------------------------------------------------------------------
  slack (MET)                                                       34.88


  Startpoint: WrEn (input port clocked by CLK)
  Endpoint: U0_RegFile/regArr_reg[10][4]
            (rising edge-triggered flip-flop clocked by REG_CLK)
  Path Group: REG_CLK
  Path Type: max

  Des/Clust/Port     Wire Load Model       Library
  ------------------------------------------------
  System_Top         tsmc13_wl30           scmetro_tsmc_cl013g_rvt_ss_1p08v_125c

  Point                                                   Incr       Path
  --------------------------------------------------------------------------
  clock CLK (rise edge)                                  50.00      50.00
  clock network delay (ideal)                             0.00      50.00
  input external delay                                   10.00      60.00 r
  WrEn (in)                                               0.18      60.18 r
  U0_RegFile/WrEn (RegFile_test_1)                        0.00      60.18 r
  U0_RegFile/U438/Y (INVX2M)                              0.29      60.47 f
  U0_RegFile/U283/Y (NOR2X2M)                             0.80      61.27 r
  U0_RegFile/U284/Y (AND2X2M)                             0.54      61.81 r
  U0_RegFile/U259/Y (AND2X2M)                             0.86      62.67 r
  U0_RegFile/U266/Y (NAND2X2M)                            0.62      63.29 f
  U0_RegFile/U221/Y (BUFX4M)                              0.64      63.94 f
  U0_RegFile/U380/Y (OAI2BB2X1M)                          0.66      64.60 f
  U0_RegFile/regArr_reg[10][4]/D (SDFFRQX2M)              0.00      64.60 f
  data arrival time                                                 64.60

  clock REG_CLK (rise edge)                             100.00     100.00
  clock network delay (ideal)                             0.00     100.00
  U0_RegFile/regArr_reg[10][4]/CK (SDFFRQX2M)             0.00     100.00 r
  library setup time                                     -0.52      99.48
  data required time                                                99.48
  --------------------------------------------------------------------------
  data required time                                                99.48
  data arrival time                                                -64.60
  --------------------------------------------------------------------------
  slack (MET)                                                       34.88


  Startpoint: WrEn (input port clocked by CLK)
  Endpoint: U0_RegFile/regArr_reg[10][3]
            (rising edge-triggered flip-flop clocked by REG_CLK)
  Path Group: REG_CLK
  Path Type: max

  Des/Clust/Port     Wire Load Model       Library
  ------------------------------------------------
  System_Top         tsmc13_wl30           scmetro_tsmc_cl013g_rvt_ss_1p08v_125c

  Point                                                   Incr       Path
  --------------------------------------------------------------------------
  clock CLK (rise edge)                                  50.00      50.00
  clock network delay (ideal)                             0.00      50.00
  input external delay                                   10.00      60.00 r
  WrEn (in)                                               0.18      60.18 r
  U0_RegFile/WrEn (RegFile_test_1)                        0.00      60.18 r
  U0_RegFile/U438/Y (INVX2M)                              0.29      60.47 f
  U0_RegFile/U283/Y (NOR2X2M)                             0.80      61.27 r
  U0_RegFile/U284/Y (AND2X2M)                             0.54      61.81 r
  U0_RegFile/U259/Y (AND2X2M)                             0.86      62.67 r
  U0_RegFile/U266/Y (NAND2X2M)                            0.62      63.29 f
  U0_RegFile/U221/Y (BUFX4M)                              0.64      63.94 f
  U0_RegFile/U379/Y (OAI2BB2X1M)                          0.66      64.60 f
  U0_RegFile/regArr_reg[10][3]/D (SDFFRQX2M)              0.00      64.60 f
  data arrival time                                                 64.60

  clock REG_CLK (rise edge)                             100.00     100.00
  clock network delay (ideal)                             0.00     100.00
  U0_RegFile/regArr_reg[10][3]/CK (SDFFRQX2M)             0.00     100.00 r
  library setup time                                     -0.52      99.48
  data required time                                                99.48
  --------------------------------------------------------------------------
  data required time                                                99.48
  data arrival time                                                -64.60
  --------------------------------------------------------------------------
  slack (MET)                                                       34.88


  Startpoint: WrEn (input port clocked by CLK)
  Endpoint: U0_RegFile/regArr_reg[10][2]
            (rising edge-triggered flip-flop clocked by REG_CLK)
  Path Group: REG_CLK
  Path Type: max

  Des/Clust/Port     Wire Load Model       Library
  ------------------------------------------------
  System_Top         tsmc13_wl30           scmetro_tsmc_cl013g_rvt_ss_1p08v_125c

  Point                                                   Incr       Path
  --------------------------------------------------------------------------
  clock CLK (rise edge)                                  50.00      50.00
  clock network delay (ideal)                             0.00      50.00
  input external delay                                   10.00      60.00 r
  WrEn (in)                                               0.18      60.18 r
  U0_RegFile/WrEn (RegFile_test_1)                        0.00      60.18 r
  U0_RegFile/U438/Y (INVX2M)                              0.29      60.47 f
  U0_RegFile/U283/Y (NOR2X2M)                             0.80      61.27 r
  U0_RegFile/U284/Y (AND2X2M)                             0.54      61.81 r
  U0_RegFile/U259/Y (AND2X2M)                             0.86      62.67 r
  U0_RegFile/U266/Y (NAND2X2M)                            0.62      63.29 f
  U0_RegFile/U221/Y (BUFX4M)                              0.64      63.94 f
  U0_RegFile/U378/Y (OAI2BB2X1M)                          0.66      64.60 f
  U0_RegFile/regArr_reg[10][2]/D (SDFFRQX2M)              0.00      64.60 f
  data arrival time                                                 64.60

  clock REG_CLK (rise edge)                             100.00     100.00
  clock network delay (ideal)                             0.00     100.00
  U0_RegFile/regArr_reg[10][2]/CK (SDFFRQX2M)             0.00     100.00 r
  library setup time                                     -0.52      99.48
  data required time                                                99.48
  --------------------------------------------------------------------------
  data required time                                                99.48
  data arrival time                                                -64.60
  --------------------------------------------------------------------------
  slack (MET)                                                       34.88


  Startpoint: WrEn (input port clocked by CLK)
  Endpoint: U0_RegFile/regArr_reg[10][1]
            (rising edge-triggered flip-flop clocked by REG_CLK)
  Path Group: REG_CLK
  Path Type: max

  Des/Clust/Port     Wire Load Model       Library
  ------------------------------------------------
  System_Top         tsmc13_wl30           scmetro_tsmc_cl013g_rvt_ss_1p08v_125c

  Point                                                   Incr       Path
  --------------------------------------------------------------------------
  clock CLK (rise edge)                                  50.00      50.00
  clock network delay (ideal)                             0.00      50.00
  input external delay                                   10.00      60.00 r
  WrEn (in)                                               0.18      60.18 r
  U0_RegFile/WrEn (RegFile_test_1)                        0.00      60.18 r
  U0_RegFile/U438/Y (INVX2M)                              0.29      60.47 f
  U0_RegFile/U283/Y (NOR2X2M)                             0.80      61.27 r
  U0_RegFile/U284/Y (AND2X2M)                             0.54      61.81 r
  U0_RegFile/U259/Y (AND2X2M)                             0.86      62.67 r
  U0_RegFile/U266/Y (NAND2X2M)                            0.62      63.29 f
  U0_RegFile/U221/Y (BUFX4M)                              0.64      63.94 f
  U0_RegFile/U377/Y (OAI2BB2X1M)                          0.66      64.60 f
  U0_RegFile/regArr_reg[10][1]/D (SDFFRQX2M)              0.00      64.60 f
  data arrival time                                                 64.60

  clock REG_CLK (rise edge)                             100.00     100.00
  clock network delay (ideal)                             0.00     100.00
  U0_RegFile/regArr_reg[10][1]/CK (SDFFRQX2M)             0.00     100.00 r
  library setup time                                     -0.52      99.48
  data required time                                                99.48
  --------------------------------------------------------------------------
  data required time                                                99.48
  data arrival time                                                -64.60
  --------------------------------------------------------------------------
  slack (MET)                                                       34.88


  Startpoint: WrEn (input port clocked by CLK)
  Endpoint: U0_RegFile/regArr_reg[8][7]
            (rising edge-triggered flip-flop clocked by REG_CLK)
  Path Group: REG_CLK
  Path Type: max

  Des/Clust/Port     Wire Load Model       Library
  ------------------------------------------------
  System_Top         tsmc13_wl30           scmetro_tsmc_cl013g_rvt_ss_1p08v_125c

  Point                                                   Incr       Path
  --------------------------------------------------------------------------
  clock CLK (rise edge)                                  50.00      50.00
  clock network delay (ideal)                             0.00      50.00
  input external delay                                   10.00      60.00 r
  WrEn (in)                                               0.18      60.18 r
  U0_RegFile/WrEn (RegFile_test_1)                        0.00      60.18 r
  U0_RegFile/U438/Y (INVX2M)                              0.29      60.47 f
  U0_RegFile/U283/Y (NOR2X2M)                             0.80      61.27 r
  U0_RegFile/U284/Y (AND2X2M)                             0.54      61.81 r
  U0_RegFile/U259/Y (AND2X2M)                             0.86      62.67 r
  U0_RegFile/U264/Y (NAND2X2M)                            0.62      63.29 f
  U0_RegFile/U219/Y (BUFX4M)                              0.64      63.94 f
  U0_RegFile/U369/Y (OAI2BB2X1M)                          0.66      64.60 f
  U0_RegFile/regArr_reg[8][7]/D (SDFFRQX2M)               0.00      64.60 f
  data arrival time                                                 64.60

  clock REG_CLK (rise edge)                             100.00     100.00
  clock network delay (ideal)                             0.00     100.00
  U0_RegFile/regArr_reg[8][7]/CK (SDFFRQX2M)              0.00     100.00 r
  library setup time                                     -0.52      99.48
  data required time                                                99.48
  --------------------------------------------------------------------------
  data required time                                                99.48
  data arrival time                                                -64.60
  --------------------------------------------------------------------------
  slack (MET)                                                       34.88


  Startpoint: WrEn (input port clocked by CLK)
  Endpoint: U0_RegFile/regArr_reg[8][6]
            (rising edge-triggered flip-flop clocked by REG_CLK)
  Path Group: REG_CLK
  Path Type: max

  Des/Clust/Port     Wire Load Model       Library
  ------------------------------------------------
  System_Top         tsmc13_wl30           scmetro_tsmc_cl013g_rvt_ss_1p08v_125c

  Point                                                   Incr       Path
  --------------------------------------------------------------------------
  clock CLK (rise edge)                                  50.00      50.00
  clock network delay (ideal)                             0.00      50.00
  input external delay                                   10.00      60.00 r
  WrEn (in)                                               0.18      60.18 r
  U0_RegFile/WrEn (RegFile_test_1)                        0.00      60.18 r
  U0_RegFile/U438/Y (INVX2M)                              0.29      60.47 f
  U0_RegFile/U283/Y (NOR2X2M)                             0.80      61.27 r
  U0_RegFile/U284/Y (AND2X2M)                             0.54      61.81 r
  U0_RegFile/U259/Y (AND2X2M)                             0.86      62.67 r
  U0_RegFile/U264/Y (NAND2X2M)                            0.62      63.29 f
  U0_RegFile/U219/Y (BUFX4M)                              0.64      63.94 f
  U0_RegFile/U368/Y (OAI2BB2X1M)                          0.66      64.60 f
  U0_RegFile/regArr_reg[8][6]/D (SDFFRQX2M)               0.00      64.60 f
  data arrival time                                                 64.60

  clock REG_CLK (rise edge)                             100.00     100.00
  clock network delay (ideal)                             0.00     100.00
  U0_RegFile/regArr_reg[8][6]/CK (SDFFRQX2M)              0.00     100.00 r
  library setup time                                     -0.52      99.48
  data required time                                                99.48
  --------------------------------------------------------------------------
  data required time                                                99.48
  data arrival time                                                -64.60
  --------------------------------------------------------------------------
  slack (MET)                                                       34.88


  Startpoint: WrEn (input port clocked by CLK)
  Endpoint: U0_RegFile/regArr_reg[8][5]
            (rising edge-triggered flip-flop clocked by REG_CLK)
  Path Group: REG_CLK
  Path Type: max

  Des/Clust/Port     Wire Load Model       Library
  ------------------------------------------------
  System_Top         tsmc13_wl30           scmetro_tsmc_cl013g_rvt_ss_1p08v_125c

  Point                                                   Incr       Path
  --------------------------------------------------------------------------
  clock CLK (rise edge)                                  50.00      50.00
  clock network delay (ideal)                             0.00      50.00
  input external delay                                   10.00      60.00 r
  WrEn (in)                                               0.18      60.18 r
  U0_RegFile/WrEn (RegFile_test_1)                        0.00      60.18 r
  U0_RegFile/U438/Y (INVX2M)                              0.29      60.47 f
  U0_RegFile/U283/Y (NOR2X2M)                             0.80      61.27 r
  U0_RegFile/U284/Y (AND2X2M)                             0.54      61.81 r
  U0_RegFile/U259/Y (AND2X2M)                             0.86      62.67 r
  U0_RegFile/U264/Y (NAND2X2M)                            0.62      63.29 f
  U0_RegFile/U219/Y (BUFX4M)                              0.64      63.94 f
  U0_RegFile/U367/Y (OAI2BB2X1M)                          0.66      64.60 f
  U0_RegFile/regArr_reg[8][5]/D (SDFFRQX2M)               0.00      64.60 f
  data arrival time                                                 64.60

  clock REG_CLK (rise edge)                             100.00     100.00
  clock network delay (ideal)                             0.00     100.00
  U0_RegFile/regArr_reg[8][5]/CK (SDFFRQX2M)              0.00     100.00 r
  library setup time                                     -0.52      99.48
  data required time                                                99.48
  --------------------------------------------------------------------------
  data required time                                                99.48
  data arrival time                                                -64.60
  --------------------------------------------------------------------------
  slack (MET)                                                       34.88


  Startpoint: WrEn (input port clocked by CLK)
  Endpoint: U0_RegFile/regArr_reg[8][4]
            (rising edge-triggered flip-flop clocked by REG_CLK)
  Path Group: REG_CLK
  Path Type: max

  Des/Clust/Port     Wire Load Model       Library
  ------------------------------------------------
  System_Top         tsmc13_wl30           scmetro_tsmc_cl013g_rvt_ss_1p08v_125c

  Point                                                   Incr       Path
  --------------------------------------------------------------------------
  clock CLK (rise edge)                                  50.00      50.00
  clock network delay (ideal)                             0.00      50.00
  input external delay                                   10.00      60.00 r
  WrEn (in)                                               0.18      60.18 r
  U0_RegFile/WrEn (RegFile_test_1)                        0.00      60.18 r
  U0_RegFile/U438/Y (INVX2M)                              0.29      60.47 f
  U0_RegFile/U283/Y (NOR2X2M)                             0.80      61.27 r
  U0_RegFile/U284/Y (AND2X2M)                             0.54      61.81 r
  U0_RegFile/U259/Y (AND2X2M)                             0.86      62.67 r
  U0_RegFile/U264/Y (NAND2X2M)                            0.62      63.29 f
  U0_RegFile/U219/Y (BUFX4M)                              0.64      63.94 f
  U0_RegFile/U366/Y (OAI2BB2X1M)                          0.66      64.60 f
  U0_RegFile/regArr_reg[8][4]/D (SDFFRQX2M)               0.00      64.60 f
  data arrival time                                                 64.60

  clock REG_CLK (rise edge)                             100.00     100.00
  clock network delay (ideal)                             0.00     100.00
  U0_RegFile/regArr_reg[8][4]/CK (SDFFRQX2M)              0.00     100.00 r
  library setup time                                     -0.52      99.48
  data required time                                                99.48
  --------------------------------------------------------------------------
  data required time                                                99.48
  data arrival time                                                -64.60
  --------------------------------------------------------------------------
  slack (MET)                                                       34.88


  Startpoint: WrEn (input port clocked by CLK)
  Endpoint: U0_RegFile/regArr_reg[8][3]
            (rising edge-triggered flip-flop clocked by REG_CLK)
  Path Group: REG_CLK
  Path Type: max

  Des/Clust/Port     Wire Load Model       Library
  ------------------------------------------------
  System_Top         tsmc13_wl30           scmetro_tsmc_cl013g_rvt_ss_1p08v_125c

  Point                                                   Incr       Path
  --------------------------------------------------------------------------
  clock CLK (rise edge)                                  50.00      50.00
  clock network delay (ideal)                             0.00      50.00
  input external delay                                   10.00      60.00 r
  WrEn (in)                                               0.18      60.18 r
  U0_RegFile/WrEn (RegFile_test_1)                        0.00      60.18 r
  U0_RegFile/U438/Y (INVX2M)                              0.29      60.47 f
  U0_RegFile/U283/Y (NOR2X2M)                             0.80      61.27 r
  U0_RegFile/U284/Y (AND2X2M)                             0.54      61.81 r
  U0_RegFile/U259/Y (AND2X2M)                             0.86      62.67 r
  U0_RegFile/U264/Y (NAND2X2M)                            0.62      63.29 f
  U0_RegFile/U219/Y (BUFX4M)                              0.64      63.94 f
  U0_RegFile/U365/Y (OAI2BB2X1M)                          0.66      64.60 f
  U0_RegFile/regArr_reg[8][3]/D (SDFFRQX2M)               0.00      64.60 f
  data arrival time                                                 64.60

  clock REG_CLK (rise edge)                             100.00     100.00
  clock network delay (ideal)                             0.00     100.00
  U0_RegFile/regArr_reg[8][3]/CK (SDFFRQX2M)              0.00     100.00 r
  library setup time                                     -0.52      99.48
  data required time                                                99.48
  --------------------------------------------------------------------------
  data required time                                                99.48
  data arrival time                                                -64.60
  --------------------------------------------------------------------------
  slack (MET)                                                       34.88


  Startpoint: WrEn (input port clocked by CLK)
  Endpoint: U0_RegFile/regArr_reg[8][2]
            (rising edge-triggered flip-flop clocked by REG_CLK)
  Path Group: REG_CLK
  Path Type: max

  Des/Clust/Port     Wire Load Model       Library
  ------------------------------------------------
  System_Top         tsmc13_wl30           scmetro_tsmc_cl013g_rvt_ss_1p08v_125c

  Point                                                   Incr       Path
  --------------------------------------------------------------------------
  clock CLK (rise edge)                                  50.00      50.00
  clock network delay (ideal)                             0.00      50.00
  input external delay                                   10.00      60.00 r
  WrEn (in)                                               0.18      60.18 r
  U0_RegFile/WrEn (RegFile_test_1)                        0.00      60.18 r
  U0_RegFile/U438/Y (INVX2M)                              0.29      60.47 f
  U0_RegFile/U283/Y (NOR2X2M)                             0.80      61.27 r
  U0_RegFile/U284/Y (AND2X2M)                             0.54      61.81 r
  U0_RegFile/U259/Y (AND2X2M)                             0.86      62.67 r
  U0_RegFile/U264/Y (NAND2X2M)                            0.62      63.29 f
  U0_RegFile/U219/Y (BUFX4M)                              0.64      63.94 f
  U0_RegFile/U364/Y (OAI2BB2X1M)                          0.66      64.60 f
  U0_RegFile/regArr_reg[8][2]/D (SDFFRQX2M)               0.00      64.60 f
  data arrival time                                                 64.60

  clock REG_CLK (rise edge)                             100.00     100.00
  clock network delay (ideal)                             0.00     100.00
  U0_RegFile/regArr_reg[8][2]/CK (SDFFRQX2M)              0.00     100.00 r
  library setup time                                     -0.52      99.48
  data required time                                                99.48
  --------------------------------------------------------------------------
  data required time                                                99.48
  data arrival time                                                -64.60
  --------------------------------------------------------------------------
  slack (MET)                                                       34.88


  Startpoint: WrEn (input port clocked by CLK)
  Endpoint: U0_RegFile/regArr_reg[8][1]
            (rising edge-triggered flip-flop clocked by REG_CLK)
  Path Group: REG_CLK
  Path Type: max

  Des/Clust/Port     Wire Load Model       Library
  ------------------------------------------------
  System_Top         tsmc13_wl30           scmetro_tsmc_cl013g_rvt_ss_1p08v_125c

  Point                                                   Incr       Path
  --------------------------------------------------------------------------
  clock CLK (rise edge)                                  50.00      50.00
  clock network delay (ideal)                             0.00      50.00
  input external delay                                   10.00      60.00 r
  WrEn (in)                                               0.18      60.18 r
  U0_RegFile/WrEn (RegFile_test_1)                        0.00      60.18 r
  U0_RegFile/U438/Y (INVX2M)                              0.29      60.47 f
  U0_RegFile/U283/Y (NOR2X2M)                             0.80      61.27 r
  U0_RegFile/U284/Y (AND2X2M)                             0.54      61.81 r
  U0_RegFile/U259/Y (AND2X2M)                             0.86      62.67 r
  U0_RegFile/U264/Y (NAND2X2M)                            0.62      63.29 f
  U0_RegFile/U219/Y (BUFX4M)                              0.64      63.94 f
  U0_RegFile/U363/Y (OAI2BB2X1M)                          0.66      64.60 f
  U0_RegFile/regArr_reg[8][1]/D (SDFFRQX2M)               0.00      64.60 f
  data arrival time                                                 64.60

  clock REG_CLK (rise edge)                             100.00     100.00
  clock network delay (ideal)                             0.00     100.00
  U0_RegFile/regArr_reg[8][1]/CK (SDFFRQX2M)              0.00     100.00 r
  library setup time                                     -0.52      99.48
  data required time                                                99.48
  --------------------------------------------------------------------------
  data required time                                                99.48
  data arrival time                                                -64.60
  --------------------------------------------------------------------------
  slack (MET)                                                       34.88


  Startpoint: WrEn (input port clocked by CLK)
  Endpoint: U0_RegFile/regArr_reg[11][3]
            (rising edge-triggered flip-flop clocked by REG_CLK)
  Path Group: REG_CLK
  Path Type: max

  Des/Clust/Port     Wire Load Model       Library
  ------------------------------------------------
  System_Top         tsmc13_wl30           scmetro_tsmc_cl013g_rvt_ss_1p08v_125c

  Point                                                   Incr       Path
  --------------------------------------------------------------------------
  clock CLK (rise edge)                                  50.00      50.00
  clock network delay (ideal)                             0.00      50.00
  input external delay                                   10.00      60.00 r
  WrEn (in)                                               0.18      60.18 r
  U0_RegFile/WrEn (RegFile_test_1)                        0.00      60.18 r
  U0_RegFile/U438/Y (INVX2M)                              0.29      60.47 f
  U0_RegFile/U283/Y (NOR2X2M)                             0.80      61.27 r
  U0_RegFile/U284/Y (AND2X2M)                             0.54      61.81 r
  U0_RegFile/U190/Y (AND2X2M)                             0.86      62.67 r
  U0_RegFile/U267/Y (NAND2X2M)                            0.62      63.29 f
  U0_RegFile/U222/Y (BUFX4M)                              0.64      63.94 f
  U0_RegFile/U386/Y (OAI2BB2X1M)                          0.66      64.60 f
  U0_RegFile/regArr_reg[11][3]/D (SDFFRQX2M)              0.00      64.60 f
  data arrival time                                                 64.60

  clock REG_CLK (rise edge)                             100.00     100.00
  clock network delay (ideal)                             0.00     100.00
  U0_RegFile/regArr_reg[11][3]/CK (SDFFRQX2M)             0.00     100.00 r
  library setup time                                     -0.52      99.48
  data required time                                                99.48
  --------------------------------------------------------------------------
  data required time                                                99.48
  data arrival time                                                -64.60
  --------------------------------------------------------------------------
  slack (MET)                                                       34.88


  Startpoint: WrEn (input port clocked by CLK)
  Endpoint: U0_RegFile/regArr_reg[11][2]
            (rising edge-triggered flip-flop clocked by REG_CLK)
  Path Group: REG_CLK
  Path Type: max

  Des/Clust/Port     Wire Load Model       Library
  ------------------------------------------------
  System_Top         tsmc13_wl30           scmetro_tsmc_cl013g_rvt_ss_1p08v_125c

  Point                                                   Incr       Path
  --------------------------------------------------------------------------
  clock CLK (rise edge)                                  50.00      50.00
  clock network delay (ideal)                             0.00      50.00
  input external delay                                   10.00      60.00 r
  WrEn (in)                                               0.18      60.18 r
  U0_RegFile/WrEn (RegFile_test_1)                        0.00      60.18 r
  U0_RegFile/U438/Y (INVX2M)                              0.29      60.47 f
  U0_RegFile/U283/Y (NOR2X2M)                             0.80      61.27 r
  U0_RegFile/U284/Y (AND2X2M)                             0.54      61.81 r
  U0_RegFile/U190/Y (AND2X2M)                             0.86      62.67 r
  U0_RegFile/U267/Y (NAND2X2M)                            0.62      63.29 f
  U0_RegFile/U222/Y (BUFX4M)                              0.64      63.94 f
  U0_RegFile/U385/Y (OAI2BB2X1M)                          0.66      64.60 f
  U0_RegFile/regArr_reg[11][2]/D (SDFFRQX2M)              0.00      64.60 f
  data arrival time                                                 64.60

  clock REG_CLK (rise edge)                             100.00     100.00
  clock network delay (ideal)                             0.00     100.00
  U0_RegFile/regArr_reg[11][2]/CK (SDFFRQX2M)             0.00     100.00 r
  library setup time                                     -0.52      99.48
  data required time                                                99.48
  --------------------------------------------------------------------------
  data required time                                                99.48
  data arrival time                                                -64.60
  --------------------------------------------------------------------------
  slack (MET)                                                       34.88


  Startpoint: WrEn (input port clocked by CLK)
  Endpoint: U0_RegFile/regArr_reg[11][1]
            (rising edge-triggered flip-flop clocked by REG_CLK)
  Path Group: REG_CLK
  Path Type: max

  Des/Clust/Port     Wire Load Model       Library
  ------------------------------------------------
  System_Top         tsmc13_wl30           scmetro_tsmc_cl013g_rvt_ss_1p08v_125c

  Point                                                   Incr       Path
  --------------------------------------------------------------------------
  clock CLK (rise edge)                                  50.00      50.00
  clock network delay (ideal)                             0.00      50.00
  input external delay                                   10.00      60.00 r
  WrEn (in)                                               0.18      60.18 r
  U0_RegFile/WrEn (RegFile_test_1)                        0.00      60.18 r
  U0_RegFile/U438/Y (INVX2M)                              0.29      60.47 f
  U0_RegFile/U283/Y (NOR2X2M)                             0.80      61.27 r
  U0_RegFile/U284/Y (AND2X2M)                             0.54      61.81 r
  U0_RegFile/U190/Y (AND2X2M)                             0.86      62.67 r
  U0_RegFile/U267/Y (NAND2X2M)                            0.62      63.29 f
  U0_RegFile/U222/Y (BUFX4M)                              0.64      63.94 f
  U0_RegFile/U384/Y (OAI2BB2X1M)                          0.66      64.60 f
  U0_RegFile/regArr_reg[11][1]/D (SDFFRQX2M)              0.00      64.60 f
  data arrival time                                                 64.60

  clock REG_CLK (rise edge)                             100.00     100.00
  clock network delay (ideal)                             0.00     100.00
  U0_RegFile/regArr_reg[11][1]/CK (SDFFRQX2M)             0.00     100.00 r
  library setup time                                     -0.52      99.48
  data required time                                                99.48
  --------------------------------------------------------------------------
  data required time                                                99.48
  data arrival time                                                -64.60
  --------------------------------------------------------------------------
  slack (MET)                                                       34.88


  Startpoint: WrEn (input port clocked by CLK)
  Endpoint: U0_RegFile/regArr_reg[9][7]
            (rising edge-triggered flip-flop clocked by REG_CLK)
  Path Group: REG_CLK
  Path Type: max

  Des/Clust/Port     Wire Load Model       Library
  ------------------------------------------------
  System_Top         tsmc13_wl30           scmetro_tsmc_cl013g_rvt_ss_1p08v_125c

  Point                                                   Incr       Path
  --------------------------------------------------------------------------
  clock CLK (rise edge)                                  50.00      50.00
  clock network delay (ideal)                             0.00      50.00
  input external delay                                   10.00      60.00 r
  WrEn (in)                                               0.18      60.18 r
  U0_RegFile/WrEn (RegFile_test_1)                        0.00      60.18 r
  U0_RegFile/U438/Y (INVX2M)                              0.29      60.47 f
  U0_RegFile/U283/Y (NOR2X2M)                             0.80      61.27 r
  U0_RegFile/U284/Y (AND2X2M)                             0.54      61.81 r
  U0_RegFile/U190/Y (AND2X2M)                             0.86      62.67 r
  U0_RegFile/U265/Y (NAND2X2M)                            0.62      63.29 f
  U0_RegFile/U220/Y (BUFX4M)                              0.64      63.94 f
  U0_RegFile/U376/Y (OAI2BB2X1M)                          0.66      64.60 f
  U0_RegFile/regArr_reg[9][7]/D (SDFFRQX2M)               0.00      64.60 f
  data arrival time                                                 64.60

  clock REG_CLK (rise edge)                             100.00     100.00
  clock network delay (ideal)                             0.00     100.00
  U0_RegFile/regArr_reg[9][7]/CK (SDFFRQX2M)              0.00     100.00 r
  library setup time                                     -0.52      99.48
  data required time                                                99.48
  --------------------------------------------------------------------------
  data required time                                                99.48
  data arrival time                                                -64.60
  --------------------------------------------------------------------------
  slack (MET)                                                       34.88


  Startpoint: WrEn (input port clocked by CLK)
  Endpoint: U0_RegFile/regArr_reg[9][6]
            (rising edge-triggered flip-flop clocked by REG_CLK)
  Path Group: REG_CLK
  Path Type: max

  Des/Clust/Port     Wire Load Model       Library
  ------------------------------------------------
  System_Top         tsmc13_wl30           scmetro_tsmc_cl013g_rvt_ss_1p08v_125c

  Point                                                   Incr       Path
  --------------------------------------------------------------------------
  clock CLK (rise edge)                                  50.00      50.00
  clock network delay (ideal)                             0.00      50.00
  input external delay                                   10.00      60.00 r
  WrEn (in)                                               0.18      60.18 r
  U0_RegFile/WrEn (RegFile_test_1)                        0.00      60.18 r
  U0_RegFile/U438/Y (INVX2M)                              0.29      60.47 f
  U0_RegFile/U283/Y (NOR2X2M)                             0.80      61.27 r
  U0_RegFile/U284/Y (AND2X2M)                             0.54      61.81 r
  U0_RegFile/U190/Y (AND2X2M)                             0.86      62.67 r
  U0_RegFile/U265/Y (NAND2X2M)                            0.62      63.29 f
  U0_RegFile/U220/Y (BUFX4M)                              0.64      63.94 f
  U0_RegFile/U375/Y (OAI2BB2X1M)                          0.66      64.60 f
  U0_RegFile/regArr_reg[9][6]/D (SDFFRQX2M)               0.00      64.60 f
  data arrival time                                                 64.60

  clock REG_CLK (rise edge)                             100.00     100.00
  clock network delay (ideal)                             0.00     100.00
  U0_RegFile/regArr_reg[9][6]/CK (SDFFRQX2M)              0.00     100.00 r
  library setup time                                     -0.52      99.48
  data required time                                                99.48
  --------------------------------------------------------------------------
  data required time                                                99.48
  data arrival time                                                -64.60
  --------------------------------------------------------------------------
  slack (MET)                                                       34.88


  Startpoint: WrEn (input port clocked by CLK)
  Endpoint: U0_RegFile/regArr_reg[9][5]
            (rising edge-triggered flip-flop clocked by REG_CLK)
  Path Group: REG_CLK
  Path Type: max

  Des/Clust/Port     Wire Load Model       Library
  ------------------------------------------------
  System_Top         tsmc13_wl30           scmetro_tsmc_cl013g_rvt_ss_1p08v_125c

  Point                                                   Incr       Path
  --------------------------------------------------------------------------
  clock CLK (rise edge)                                  50.00      50.00
  clock network delay (ideal)                             0.00      50.00
  input external delay                                   10.00      60.00 r
  WrEn (in)                                               0.18      60.18 r
  U0_RegFile/WrEn (RegFile_test_1)                        0.00      60.18 r
  U0_RegFile/U438/Y (INVX2M)                              0.29      60.47 f
  U0_RegFile/U283/Y (NOR2X2M)                             0.80      61.27 r
  U0_RegFile/U284/Y (AND2X2M)                             0.54      61.81 r
  U0_RegFile/U190/Y (AND2X2M)                             0.86      62.67 r
  U0_RegFile/U265/Y (NAND2X2M)                            0.62      63.29 f
  U0_RegFile/U220/Y (BUFX4M)                              0.64      63.94 f
  U0_RegFile/U374/Y (OAI2BB2X1M)                          0.66      64.60 f
  U0_RegFile/regArr_reg[9][5]/D (SDFFRQX2M)               0.00      64.60 f
  data arrival time                                                 64.60

  clock REG_CLK (rise edge)                             100.00     100.00
  clock network delay (ideal)                             0.00     100.00
  U0_RegFile/regArr_reg[9][5]/CK (SDFFRQX2M)              0.00     100.00 r
  library setup time                                     -0.52      99.48
  data required time                                                99.48
  --------------------------------------------------------------------------
  data required time                                                99.48
  data arrival time                                                -64.60
  --------------------------------------------------------------------------
  slack (MET)                                                       34.88


  Startpoint: WrEn (input port clocked by CLK)
  Endpoint: U0_RegFile/regArr_reg[9][4]
            (rising edge-triggered flip-flop clocked by REG_CLK)
  Path Group: REG_CLK
  Path Type: max

  Des/Clust/Port     Wire Load Model       Library
  ------------------------------------------------
  System_Top         tsmc13_wl30           scmetro_tsmc_cl013g_rvt_ss_1p08v_125c

  Point                                                   Incr       Path
  --------------------------------------------------------------------------
  clock CLK (rise edge)                                  50.00      50.00
  clock network delay (ideal)                             0.00      50.00
  input external delay                                   10.00      60.00 r
  WrEn (in)                                               0.18      60.18 r
  U0_RegFile/WrEn (RegFile_test_1)                        0.00      60.18 r
  U0_RegFile/U438/Y (INVX2M)                              0.29      60.47 f
  U0_RegFile/U283/Y (NOR2X2M)                             0.80      61.27 r
  U0_RegFile/U284/Y (AND2X2M)                             0.54      61.81 r
  U0_RegFile/U190/Y (AND2X2M)                             0.86      62.67 r
  U0_RegFile/U265/Y (NAND2X2M)                            0.62      63.29 f
  U0_RegFile/U220/Y (BUFX4M)                              0.64      63.94 f
  U0_RegFile/U373/Y (OAI2BB2X1M)                          0.66      64.60 f
  U0_RegFile/regArr_reg[9][4]/D (SDFFRQX2M)               0.00      64.60 f
  data arrival time                                                 64.60

  clock REG_CLK (rise edge)                             100.00     100.00
  clock network delay (ideal)                             0.00     100.00
  U0_RegFile/regArr_reg[9][4]/CK (SDFFRQX2M)              0.00     100.00 r
  library setup time                                     -0.52      99.48
  data required time                                                99.48
  --------------------------------------------------------------------------
  data required time                                                99.48
  data arrival time                                                -64.60
  --------------------------------------------------------------------------
  slack (MET)                                                       34.88


  Startpoint: WrEn (input port clocked by CLK)
  Endpoint: U0_RegFile/regArr_reg[9][3]
            (rising edge-triggered flip-flop clocked by REG_CLK)
  Path Group: REG_CLK
  Path Type: max

  Des/Clust/Port     Wire Load Model       Library
  ------------------------------------------------
  System_Top         tsmc13_wl30           scmetro_tsmc_cl013g_rvt_ss_1p08v_125c

  Point                                                   Incr       Path
  --------------------------------------------------------------------------
  clock CLK (rise edge)                                  50.00      50.00
  clock network delay (ideal)                             0.00      50.00
  input external delay                                   10.00      60.00 r
  WrEn (in)                                               0.18      60.18 r
  U0_RegFile/WrEn (RegFile_test_1)                        0.00      60.18 r
  U0_RegFile/U438/Y (INVX2M)                              0.29      60.47 f
  U0_RegFile/U283/Y (NOR2X2M)                             0.80      61.27 r
  U0_RegFile/U284/Y (AND2X2M)                             0.54      61.81 r
  U0_RegFile/U190/Y (AND2X2M)                             0.86      62.67 r
  U0_RegFile/U265/Y (NAND2X2M)                            0.62      63.29 f
  U0_RegFile/U220/Y (BUFX4M)                              0.64      63.94 f
  U0_RegFile/U372/Y (OAI2BB2X1M)                          0.66      64.60 f
  U0_RegFile/regArr_reg[9][3]/D (SDFFRQX2M)               0.00      64.60 f
  data arrival time                                                 64.60

  clock REG_CLK (rise edge)                             100.00     100.00
  clock network delay (ideal)                             0.00     100.00
  U0_RegFile/regArr_reg[9][3]/CK (SDFFRQX2M)              0.00     100.00 r
  library setup time                                     -0.52      99.48
  data required time                                                99.48
  --------------------------------------------------------------------------
  data required time                                                99.48
  data arrival time                                                -64.60
  --------------------------------------------------------------------------
  slack (MET)                                                       34.88


  Startpoint: WrEn (input port clocked by CLK)
  Endpoint: U0_RegFile/regArr_reg[9][2]
            (rising edge-triggered flip-flop clocked by REG_CLK)
  Path Group: REG_CLK
  Path Type: max

  Des/Clust/Port     Wire Load Model       Library
  ------------------------------------------------
  System_Top         tsmc13_wl30           scmetro_tsmc_cl013g_rvt_ss_1p08v_125c

  Point                                                   Incr       Path
  --------------------------------------------------------------------------
  clock CLK (rise edge)                                  50.00      50.00
  clock network delay (ideal)                             0.00      50.00
  input external delay                                   10.00      60.00 r
  WrEn (in)                                               0.18      60.18 r
  U0_RegFile/WrEn (RegFile_test_1)                        0.00      60.18 r
  U0_RegFile/U438/Y (INVX2M)                              0.29      60.47 f
  U0_RegFile/U283/Y (NOR2X2M)                             0.80      61.27 r
  U0_RegFile/U284/Y (AND2X2M)                             0.54      61.81 r
  U0_RegFile/U190/Y (AND2X2M)                             0.86      62.67 r
  U0_RegFile/U265/Y (NAND2X2M)                            0.62      63.29 f
  U0_RegFile/U220/Y (BUFX4M)                              0.64      63.94 f
  U0_RegFile/U371/Y (OAI2BB2X1M)                          0.66      64.60 f
  U0_RegFile/regArr_reg[9][2]/D (SDFFRQX2M)               0.00      64.60 f
  data arrival time                                                 64.60

  clock REG_CLK (rise edge)                             100.00     100.00
  clock network delay (ideal)                             0.00     100.00
  U0_RegFile/regArr_reg[9][2]/CK (SDFFRQX2M)              0.00     100.00 r
  library setup time                                     -0.52      99.48
  data required time                                                99.48
  --------------------------------------------------------------------------
  data required time                                                99.48
  data arrival time                                                -64.60
  --------------------------------------------------------------------------
  slack (MET)                                                       34.88


  Startpoint: WrEn (input port clocked by CLK)
  Endpoint: U0_RegFile/regArr_reg[9][1]
            (rising edge-triggered flip-flop clocked by REG_CLK)
  Path Group: REG_CLK
  Path Type: max

  Des/Clust/Port     Wire Load Model       Library
  ------------------------------------------------
  System_Top         tsmc13_wl30           scmetro_tsmc_cl013g_rvt_ss_1p08v_125c

  Point                                                   Incr       Path
  --------------------------------------------------------------------------
  clock CLK (rise edge)                                  50.00      50.00
  clock network delay (ideal)                             0.00      50.00
  input external delay                                   10.00      60.00 r
  WrEn (in)                                               0.18      60.18 r
  U0_RegFile/WrEn (RegFile_test_1)                        0.00      60.18 r
  U0_RegFile/U438/Y (INVX2M)                              0.29      60.47 f
  U0_RegFile/U283/Y (NOR2X2M)                             0.80      61.27 r
  U0_RegFile/U284/Y (AND2X2M)                             0.54      61.81 r
  U0_RegFile/U190/Y (AND2X2M)                             0.86      62.67 r
  U0_RegFile/U265/Y (NAND2X2M)                            0.62      63.29 f
  U0_RegFile/U220/Y (BUFX4M)                              0.64      63.94 f
  U0_RegFile/U370/Y (OAI2BB2X1M)                          0.66      64.60 f
  U0_RegFile/regArr_reg[9][1]/D (SDFFRQX2M)               0.00      64.60 f
  data arrival time                                                 64.60

  clock REG_CLK (rise edge)                             100.00     100.00
  clock network delay (ideal)                             0.00     100.00
  U0_RegFile/regArr_reg[9][1]/CK (SDFFRQX2M)              0.00     100.00 r
  library setup time                                     -0.52      99.48
  data required time                                                99.48
  --------------------------------------------------------------------------
  data required time                                                99.48
  data arrival time                                                -64.60
  --------------------------------------------------------------------------
  slack (MET)                                                       34.88


1
