 
****************************************
Report : timing
        -path full
        -delay max
        -max_paths 100
Design : ALU_TOP
Version: O-2018.06-SP1
Date   : Thu Aug 27 00:54:43 2026
****************************************

Operating Conditions: scmetro_tsmc_cl013g_rvt_ss_1p08v_125c   Library: scmetro_tsmc_cl013g_rvt_ss_1p08v_125c
Wire Load Model Mode: top

  Startpoint: B[14] (input port clocked by CLK)
  Endpoint: U0_ARITHMETIC_UNIT/Arith_OUT_reg_0_
            (rising edge-triggered flip-flop clocked by CLK)
  Path Group: CLK
  Path Type: max

  Des/Clust/Port     Wire Load Model       Library
  ------------------------------------------------
  ALU_TOP            tsmc13_wl30           scmetro_tsmc_cl013g_rvt_ss_1p08v_125c

  Point                                                   Incr       Path
  --------------------------------------------------------------------------
  clock CLK (rise edge)                                   0.00       0.00
  clock network delay (ideal)                             0.00       0.00
  input external delay                                   20.00      20.00 r
  B[14] (in)                                              0.35      20.35 r
  U5/Y (BUFX6M)                                           0.62      20.96 r
  U0_ARITHMETIC_UNIT/B[14] (ARITHMETIC_UNIT_test_1)       0.00      20.96 r
  U0_ARITHMETIC_UNIT/div_63/b[14] (ARITHMETIC_UNIT_DW_div_uns_0)
                                                          0.00      20.96 r
  U0_ARITHMETIC_UNIT/div_63/U71/Y (NOR2X12M)              0.21      21.17 f
  U0_ARITHMETIC_UNIT/div_63/U131/Y (AND3X12M)             0.25      21.42 f
  U0_ARITHMETIC_UNIT/div_63/U116/Y (AND2X12M)             0.20      21.63 f
  U0_ARITHMETIC_UNIT/div_63/U16/Y (AND3X12M)              0.21      21.84 f
  U0_ARITHMETIC_UNIT/div_63/U133/Y (AND2X12M)             0.20      22.05 f
  U0_ARITHMETIC_UNIT/div_63/U11/Y (AND3X12M)              0.21      22.26 f
  U0_ARITHMETIC_UNIT/div_63/U12/Y (AND2X12M)              0.21      22.46 f
  U0_ARITHMETIC_UNIT/div_63/U8/Y (AND3X12M)               0.23      22.69 f
  U0_ARITHMETIC_UNIT/div_63/U14/Y (AND4X8M)               0.25      22.94 f
  U0_ARITHMETIC_UNIT/div_63/U13/Y (MX2X6M)                0.35      23.29 r
  U0_ARITHMETIC_UNIT/div_63/u_div_u_fa_PartRem_0_14_1/CO (ADDFX2M)
                                                          0.67      23.96 r
  U0_ARITHMETIC_UNIT/div_63/U18/Y (AND3X1M)               0.49      24.45 r
  U0_ARITHMETIC_UNIT/div_63/U17/Y (BUFX10M)               0.26      24.71 r
  U0_ARITHMETIC_UNIT/div_63/U209/Y (CLKMX2X2M)            0.61      25.32 f
  U0_ARITHMETIC_UNIT/div_63/u_div_u_fa_PartRem_0_13_1/CO (ADDFX2M)
                                                          0.73      26.05 f
  U0_ARITHMETIC_UNIT/div_63/u_div_u_fa_PartRem_0_13_2/CO (ADDFX2M)
                                                          0.50      26.55 f
  U0_ARITHMETIC_UNIT/div_63/U38/Y (AND2X1M)               0.40      26.95 f
  U0_ARITHMETIC_UNIT/div_63/U37/Y (BUFX10M)               0.26      27.21 f
  U0_ARITHMETIC_UNIT/div_63/U212/Y (CLKMX2X2M)            0.56      27.77 r
  U0_ARITHMETIC_UNIT/div_63/u_div_u_fa_PartRem_0_12_1/CO (ADDFX2M)
                                                          0.72      28.49 r
  U0_ARITHMETIC_UNIT/div_63/u_div_u_fa_PartRem_0_12_2/CO (ADDFX2M)
                                                          0.53      29.02 r
  U0_ARITHMETIC_UNIT/div_63/u_div_u_fa_PartRem_0_12_3/CO (ADDFHX8M)
                                                          0.24      29.27 r
  U0_ARITHMETIC_UNIT/div_63/U61/Y (AND3X4M)               0.63      29.90 r
  U0_ARITHMETIC_UNIT/div_63/U213/Y (CLKMX2X2M)            0.68      30.58 f
  U0_ARITHMETIC_UNIT/div_63/u_div_u_fa_PartRem_0_11_1/CO (ADDFX2M)
                                                          0.73      31.31 f
  U0_ARITHMETIC_UNIT/div_63/u_div_u_fa_PartRem_0_11_2/CO (ADDFX2M)
                                                          0.55      31.86 f
  U0_ARITHMETIC_UNIT/div_63/u_div_u_fa_PartRem_0_11_3/CO (ADDFHX8M)
                                                          0.30      32.17 f
  U0_ARITHMETIC_UNIT/div_63/u_div_u_fa_PartRem_0_11_4/CO (ADDFX2M)
                                                          0.46      32.63 f
  U0_ARITHMETIC_UNIT/div_63/U21/Y (AND2X1M)               0.42      33.04 f
  U0_ARITHMETIC_UNIT/div_63/U20/Y (BUFX14M)               0.27      33.32 f
  U0_ARITHMETIC_UNIT/div_63/U214/Y (CLKMX2X2M)            0.57      33.88 f
  U0_ARITHMETIC_UNIT/div_63/u_div_u_fa_PartRem_0_10_1/CO (ADDFX2M)
                                                          0.73      34.62 f
  U0_ARITHMETIC_UNIT/div_63/u_div_u_fa_PartRem_0_10_2/CO (ADDFX2M)
                                                          0.55      35.16 f
  U0_ARITHMETIC_UNIT/div_63/u_div_u_fa_PartRem_0_10_3/CO (ADDFHX8M)
                                                          0.30      35.47 f
  U0_ARITHMETIC_UNIT/div_63/u_div_u_fa_PartRem_0_10_4/CO (ADDFX2M)
                                                          0.47      35.94 f
  U0_ARITHMETIC_UNIT/div_63/u_div_u_fa_PartRem_0_10_5/CO (ADDFX2M)
                                                          0.51      36.45 f
  U0_ARITHMETIC_UNIT/div_63/U10/Y (CLKAND2X12M)           0.21      36.66 f
  U0_ARITHMETIC_UNIT/div_63/U29/Y (BUFX18M)               0.20      36.85 f
  U0_ARITHMETIC_UNIT/div_63/U215/Y (CLKMX2X2M)            0.56      37.42 f
  U0_ARITHMETIC_UNIT/div_63/u_div_u_fa_PartRem_0_9_1/CO (ADDFX2M)
                                                          0.73      38.15 f
  U0_ARITHMETIC_UNIT/div_63/u_div_u_fa_PartRem_0_9_2/CO (ADDFX2M)
                                                          0.55      38.70 f
  U0_ARITHMETIC_UNIT/div_63/u_div_u_fa_PartRem_0_9_3/CO (ADDFHX8M)
                                                          0.30      39.00 f
  U0_ARITHMETIC_UNIT/div_63/u_div_u_fa_PartRem_0_9_4/CO (ADDFX2M)
                                                          0.47      39.47 f
  U0_ARITHMETIC_UNIT/div_63/u_div_u_fa_PartRem_0_9_5/CO (ADDFX2M)
                                                          0.55      40.02 f
  U0_ARITHMETIC_UNIT/div_63/u_div_u_fa_PartRem_0_9_6/CO (ADDFHX8M)
                                                          0.31      40.33 f
  U0_ARITHMETIC_UNIT/div_63/U54/Y (AND2X12M)              0.29      40.62 f
  U0_ARITHMETIC_UNIT/div_63/U128/Y (MX2X1M)               0.75      41.37 r
  U0_ARITHMETIC_UNIT/div_63/u_div_u_fa_PartRem_0_8_2/CO (ADDFX4M)
                                                          0.76      42.14 r
  U0_ARITHMETIC_UNIT/div_63/u_div_u_fa_PartRem_0_8_3/CO (ADDFHX8M)
                                                          0.23      42.37 r
  U0_ARITHMETIC_UNIT/div_63/u_div_u_fa_PartRem_0_8_4/CO (ADDFX2M)
                                                          0.43      42.79 r
  U0_ARITHMETIC_UNIT/div_63/u_div_u_fa_PartRem_0_8_5/CO (ADDFX2M)
                                                          0.47      43.26 r
  U0_ARITHMETIC_UNIT/div_63/u_div_u_fa_PartRem_0_8_6/CO (ADDFX2M)
                                                          0.47      43.73 r
  U0_ARITHMETIC_UNIT/div_63/u_div_u_fa_PartRem_0_8_7/CO (ADDFX2M)
                                                          0.45      44.18 r
  U0_ARITHMETIC_UNIT/div_63/U136/Y (AND2X1M)              0.49      44.67 r
  U0_ARITHMETIC_UNIT/div_63/U28/Y (CLKBUFX32M)            0.33      45.00 r
  U0_ARITHMETIC_UNIT/div_63/U24/Y (MX2X1M)                0.45      45.45 f
  U0_ARITHMETIC_UNIT/div_63/U1/Y (BUFX10M)                0.23      45.69 f
  U0_ARITHMETIC_UNIT/div_63/u_div_u_fa_PartRem_0_7_1/CO (ADDFHX4M)
                                                          0.41      46.10 f
  U0_ARITHMETIC_UNIT/div_63/u_div_u_fa_PartRem_0_7_2/CO (ADDFX2M)
                                                          0.52      46.62 f
  U0_ARITHMETIC_UNIT/div_63/u_div_u_fa_PartRem_0_7_3/CO (ADDFHX8M)
                                                          0.30      46.92 f
  U0_ARITHMETIC_UNIT/div_63/u_div_u_fa_PartRem_0_7_4/CO (ADDFX2M)
                                                          0.47      47.39 f
  U0_ARITHMETIC_UNIT/div_63/u_div_u_fa_PartRem_0_7_5/CO (ADDFX2M)
                                                          0.51      47.89 f
  U0_ARITHMETIC_UNIT/div_63/u_div_u_fa_PartRem_0_7_6/CO (ADDFX2M)
                                                          0.51      48.40 f
  U0_ARITHMETIC_UNIT/div_63/u_div_u_fa_PartRem_0_7_7/CO (ADDFX2M)
                                                          0.51      48.91 f
  U0_ARITHMETIC_UNIT/div_63/u_div_u_fa_PartRem_0_7_8/CO (ADDFX2M)
                                                          0.52      49.43 f
  U0_ARITHMETIC_UNIT/div_63/U15/Y (AND2X12M)              0.22      49.64 f
  U0_ARITHMETIC_UNIT/div_63/U30/Y (BUFX18M)               0.22      49.86 f
  U0_ARITHMETIC_UNIT/div_63/U183/Y (CLKMX2X2M)            0.58      50.44 f
  U0_ARITHMETIC_UNIT/div_63/u_div_u_fa_PartRem_0_6_1/CO (ADDFX2M)
                                                          0.73      51.17 f
  U0_ARITHMETIC_UNIT/div_63/u_div_u_fa_PartRem_0_6_2/CO (ADDFX2M)
                                                          0.55      51.72 f
  U0_ARITHMETIC_UNIT/div_63/u_div_u_fa_PartRem_0_6_3/CO (ADDFHX8M)
                                                          0.30      52.02 f
  U0_ARITHMETIC_UNIT/div_63/u_div_u_fa_PartRem_0_6_4/CO (ADDFX2M)
                                                          0.47      52.49 f
  U0_ARITHMETIC_UNIT/div_63/u_div_u_fa_PartRem_0_6_5/CO (ADDFX2M)
                                                          0.51      53.00 f
  U0_ARITHMETIC_UNIT/div_63/u_div_u_fa_PartRem_0_6_6/CO (ADDFX2M)
                                                          0.51      53.50 f
  U0_ARITHMETIC_UNIT/div_63/u_div_u_fa_PartRem_0_6_7/CO (ADDFX2M)
                                                          0.55      54.05 f
  U0_ARITHMETIC_UNIT/div_63/u_div_u_fa_PartRem_0_6_8/CO (ADDFHX8M)
                                                          0.32      54.37 f
  U0_ARITHMETIC_UNIT/div_63/u_div_u_fa_PartRem_0_6_9/CO (ADDFHX8M)
                                                          0.26      54.64 f
  U0_ARITHMETIC_UNIT/div_63/U139/Y (AND3XLM)              0.59      55.22 f
  U0_ARITHMETIC_UNIT/div_63/U19/Y (BUFX18M)               0.36      55.59 f
  U0_ARITHMETIC_UNIT/div_63/U46/Y (MX2X1M)                0.81      56.40 r
  U0_ARITHMETIC_UNIT/div_63/u_div_u_fa_PartRem_0_5_1/CO (ADDFHX4M)
                                                          0.56      56.95 r
  U0_ARITHMETIC_UNIT/div_63/u_div_u_fa_PartRem_0_5_2/CO (ADDFX2M)
                                                          0.44      57.39 r
  U0_ARITHMETIC_UNIT/div_63/u_div_u_fa_PartRem_0_5_3/CO (ADDFX2M)
                                                          0.47      57.86 r
  U0_ARITHMETIC_UNIT/div_63/u_div_u_fa_PartRem_0_5_4/CO (ADDFX2M)
                                                          0.47      58.33 r
  U0_ARITHMETIC_UNIT/div_63/u_div_u_fa_PartRem_0_5_5/CO (ADDFX2M)
                                                          0.47      58.80 r
  U0_ARITHMETIC_UNIT/div_63/u_div_u_fa_PartRem_0_5_6/CO (ADDFX2M)
                                                          0.47      59.26 r
  U0_ARITHMETIC_UNIT/div_63/u_div_u_fa_PartRem_0_5_7/CO (ADDFX2M)
                                                          0.47      59.73 r
  U0_ARITHMETIC_UNIT/div_63/u_div_u_fa_PartRem_0_5_8/CO (ADDFX2M)
                                                          0.47      60.20 r
  U0_ARITHMETIC_UNIT/div_63/u_div_u_fa_PartRem_0_5_9/CO (ADDFX2M)
                                                          0.47      60.67 r
  U0_ARITHMETIC_UNIT/div_63/u_div_u_fa_PartRem_0_5_10/CO (ADDFX2M)
                                                          0.45      61.12 r
  U0_ARITHMETIC_UNIT/div_63/U137/Y (AND2X1M)              0.52      61.64 r
  U0_ARITHMETIC_UNIT/div_63/U45/Y (BUFX24M)               0.36      62.00 r
  U0_ARITHMETIC_UNIT/div_63/U40/Y (MX2X6M)                0.39      62.39 f
  U0_ARITHMETIC_UNIT/div_63/u_div_u_fa_PartRem_0_4_1/CO (ADDFHX2M)
                                                          0.51      62.91 f
  U0_ARITHMETIC_UNIT/div_63/u_div_u_fa_PartRem_0_4_2/CO (ADDFX4M)
                                                          0.52      63.43 f
  U0_ARITHMETIC_UNIT/div_63/u_div_u_fa_PartRem_0_4_3/CO (ADDFHX8M)
                                                          0.29      63.72 f
  U0_ARITHMETIC_UNIT/div_63/u_div_u_fa_PartRem_0_4_4/CO (ADDFX2M)
                                                          0.47      64.19 f
  U0_ARITHMETIC_UNIT/div_63/u_div_u_fa_PartRem_0_4_5/CO (ADDFX2M)
                                                          0.51      64.69 f
  U0_ARITHMETIC_UNIT/div_63/u_div_u_fa_PartRem_0_4_6/CO (ADDFX2M)
                                                          0.51      65.20 f
  U0_ARITHMETIC_UNIT/div_63/u_div_u_fa_PartRem_0_4_7/CO (ADDFX2M)
                                                          0.51      65.71 f
  U0_ARITHMETIC_UNIT/div_63/u_div_u_fa_PartRem_0_4_8/CO (ADDFX2M)
                                                          0.51      66.21 f
  U0_ARITHMETIC_UNIT/div_63/u_div_u_fa_PartRem_0_4_9/CO (ADDFX2M)
                                                          0.51      66.72 f
  U0_ARITHMETIC_UNIT/div_63/u_div_u_fa_PartRem_0_4_10/CO (ADDFX2M)
                                                          0.51      67.23 f
  U0_ARITHMETIC_UNIT/div_63/u_div_u_fa_PartRem_0_4_11/CO (ADDFX2M)
                                                          0.50      67.73 f
  U0_ARITHMETIC_UNIT/div_63/U138/Y (AND2X2M)              0.43      68.15 f
  U0_ARITHMETIC_UNIT/div_63/U189/Y (CLKMX2X2M)            0.64      68.79 f
  U0_ARITHMETIC_UNIT/div_63/u_div_u_fa_PartRem_0_3_1/CO (ADDFX2M)
                                                          0.73      69.52 f
  U0_ARITHMETIC_UNIT/div_63/u_div_u_fa_PartRem_0_3_2/CO (ADDFX2M)
                                                          0.55      70.07 f
  U0_ARITHMETIC_UNIT/div_63/u_div_u_fa_PartRem_0_3_3/CO (ADDFHX8M)
                                                          0.30      70.38 f
  U0_ARITHMETIC_UNIT/div_63/u_div_u_fa_PartRem_0_3_4/CO (ADDFX2M)
                                                          0.47      70.85 f
  U0_ARITHMETIC_UNIT/div_63/u_div_u_fa_PartRem_0_3_5/CO (ADDFX2M)
                                                          0.51      71.35 f
  U0_ARITHMETIC_UNIT/div_63/u_div_u_fa_PartRem_0_3_6/CO (ADDFX2M)
                                                          0.51      71.86 f
  U0_ARITHMETIC_UNIT/div_63/u_div_u_fa_PartRem_0_3_7/CO (ADDFX2M)
                                                          0.51      72.36 f
  U0_ARITHMETIC_UNIT/div_63/u_div_u_fa_PartRem_0_3_8/CO (ADDFX2M)
                                                          0.51      72.87 f
  U0_ARITHMETIC_UNIT/div_63/u_div_u_fa_PartRem_0_3_9/CO (ADDFX2M)
                                                          0.51      73.38 f
  U0_ARITHMETIC_UNIT/div_63/u_div_u_fa_PartRem_0_3_10/CO (ADDFX2M)
                                                          0.51      73.88 f
  U0_ARITHMETIC_UNIT/div_63/u_div_u_fa_PartRem_0_3_11/CO (ADDFX2M)
                                                          0.52      74.40 f
  U0_ARITHMETIC_UNIT/div_63/u_div_u_fa_PartRem_0_3_12/CO (ADDFHX4M)
                                                          0.33      74.73 f
  U0_ARITHMETIC_UNIT/div_63/U59/Y (AND3X2M)               0.39      75.13 f
  U0_ARITHMETIC_UNIT/div_63/U36/Y (BUFX32M)               0.26      75.38 f
  U0_ARITHMETIC_UNIT/div_63/U31/Y (MX2X1M)                0.58      75.96 f
  U0_ARITHMETIC_UNIT/div_63/u_div_u_fa_PartRem_0_2_1/CO (ADDFX2M)
                                                          0.72      76.68 f
  U0_ARITHMETIC_UNIT/div_63/u_div_u_fa_PartRem_0_2_2/CO (ADDFX2M)
                                                          0.51      77.19 f
  U0_ARITHMETIC_UNIT/div_63/u_div_u_fa_PartRem_0_2_3/CO (ADDFX2M)
                                                          0.51      77.69 f
  U0_ARITHMETIC_UNIT/div_63/u_div_u_fa_PartRem_0_2_4/CO (ADDFX2M)
                                                          0.51      78.20 f
  U0_ARITHMETIC_UNIT/div_63/u_div_u_fa_PartRem_0_2_5/CO (ADDFX2M)
                                                          0.51      78.71 f
  U0_ARITHMETIC_UNIT/div_63/u_div_u_fa_PartRem_0_2_6/CO (ADDFX2M)
                                                          0.51      79.21 f
  U0_ARITHMETIC_UNIT/div_63/u_div_u_fa_PartRem_0_2_7/CO (ADDFX2M)
                                                          0.51      79.72 f
  U0_ARITHMETIC_UNIT/div_63/u_div_u_fa_PartRem_0_2_8/CO (ADDFX2M)
                                                          0.51      80.22 f
  U0_ARITHMETIC_UNIT/div_63/u_div_u_fa_PartRem_0_2_9/CO (ADDFX2M)
                                                          0.51      80.73 f
  U0_ARITHMETIC_UNIT/div_63/u_div_u_fa_PartRem_0_2_10/CO (ADDFX2M)
                                                          0.51      81.24 f
  U0_ARITHMETIC_UNIT/div_63/u_div_u_fa_PartRem_0_2_11/CO (ADDFX2M)
                                                          0.51      81.74 f
  U0_ARITHMETIC_UNIT/div_63/u_div_u_fa_PartRem_0_2_12/CO (ADDFX2M)
                                                          0.55      82.29 f
  U0_ARITHMETIC_UNIT/div_63/u_div_u_fa_PartRem_0_2_13/CO (ADDFHX8M)
                                                          0.31      82.60 f
  U0_ARITHMETIC_UNIT/div_63/U39/Y (AND2X12M)              0.39      82.99 f
  U0_ARITHMETIC_UNIT/div_63/U192/Y (CLKMX2X2M)            0.63      83.62 f
  U0_ARITHMETIC_UNIT/div_63/u_div_u_fa_PartRem_0_1_1/CO (ADDFX2M)
                                                          0.73      84.35 f
  U0_ARITHMETIC_UNIT/div_63/u_div_u_fa_PartRem_0_1_2/CO (ADDFX2M)
                                                          0.51      84.86 f
  U0_ARITHMETIC_UNIT/div_63/u_div_u_fa_PartRem_0_1_3/CO (ADDFX2M)
                                                          0.51      85.37 f
  U0_ARITHMETIC_UNIT/div_63/u_div_u_fa_PartRem_0_1_4/CO (ADDFX2M)
                                                          0.51      85.87 f
  U0_ARITHMETIC_UNIT/div_63/u_div_u_fa_PartRem_0_1_5/CO (ADDFX2M)
                                                          0.55      86.42 f
  U0_ARITHMETIC_UNIT/div_63/u_div_u_fa_PartRem_0_1_6/CO (ADDFHX8M)
                                                          0.30      86.73 f
  U0_ARITHMETIC_UNIT/div_63/u_div_u_fa_PartRem_0_1_7/CO (ADDFX2M)
                                                          0.47      87.20 f
  U0_ARITHMETIC_UNIT/div_63/u_div_u_fa_PartRem_0_1_8/CO (ADDFX2M)
                                                          0.51      87.70 f
  U0_ARITHMETIC_UNIT/div_63/u_div_u_fa_PartRem_0_1_9/CO (ADDFX2M)
                                                          0.51      88.21 f
  U0_ARITHMETIC_UNIT/div_63/u_div_u_fa_PartRem_0_1_10/CO (ADDFX2M)
                                                          0.51      88.71 f
  U0_ARITHMETIC_UNIT/div_63/u_div_u_fa_PartRem_0_1_11/CO (ADDFX2M)
                                                          0.52      89.23 f
  U0_ARITHMETIC_UNIT/div_63/u_div_u_fa_PartRem_0_1_12/CO (ADDFHX4M)
                                                          0.33      89.57 f
  U0_ARITHMETIC_UNIT/div_63/u_div_u_fa_PartRem_0_1_13/CO (ADDFX2M)
                                                          0.49      90.06 f
  U0_ARITHMETIC_UNIT/div_63/u_div_u_fa_PartRem_0_1_14/CO (ADDFHX4M)
                                                          0.34      90.40 f
  U0_ARITHMETIC_UNIT/div_63/U60/Y (AND2X8M)               0.22      90.61 f
  U0_ARITHMETIC_UNIT/div_63/U51/Y (CLKINVX32M)            0.08      90.70 r
  U0_ARITHMETIC_UNIT/div_63/U52/Y (INVX20M)               0.04      90.74 f
  U0_ARITHMETIC_UNIT/div_63/U193/Y (CLKMX2X2M)            0.36      91.10 f
  U0_ARITHMETIC_UNIT/div_63/u_div_u_fa_PartRem_0_0_1/CO (ADDFX2M)
                                                          0.66      91.76 f
  U0_ARITHMETIC_UNIT/div_63/u_div_u_fa_PartRem_0_0_2/CO (ADDFX2M)
                                                          0.51      92.27 f
  U0_ARITHMETIC_UNIT/div_63/u_div_u_fa_PartRem_0_0_3/CO (ADDFX2M)
                                                          0.51      92.77 f
  U0_ARITHMETIC_UNIT/div_63/u_div_u_fa_PartRem_0_0_4/CO (ADDFX2M)
                                                          0.51      93.28 f
  U0_ARITHMETIC_UNIT/div_63/u_div_u_fa_PartRem_0_0_5/CO (ADDFX2M)
                                                          0.51      93.79 f
  U0_ARITHMETIC_UNIT/div_63/u_div_u_fa_PartRem_0_0_6/CO (ADDFX2M)
                                                          0.51      94.29 f
  U0_ARITHMETIC_UNIT/div_63/u_div_u_fa_PartRem_0_0_7/CO (ADDFX2M)
                                                          0.51      94.80 f
  U0_ARITHMETIC_UNIT/div_63/u_div_u_fa_PartRem_0_0_8/CO (ADDFX2M)
                                                          0.51      95.30 f
  U0_ARITHMETIC_UNIT/div_63/u_div_u_fa_PartRem_0_0_9/CO (ADDFX2M)
                                                          0.51      95.81 f
  U0_ARITHMETIC_UNIT/div_63/u_div_u_fa_PartRem_0_0_10/CO (ADDFX2M)
                                                          0.51      96.32 f
  U0_ARITHMETIC_UNIT/div_63/u_div_u_fa_PartRem_0_0_11/CO (ADDFX2M)
                                                          0.51      96.82 f
  U0_ARITHMETIC_UNIT/div_63/u_div_u_fa_PartRem_0_0_12/CO (ADDFX2M)
                                                          0.51      97.33 f
  U0_ARITHMETIC_UNIT/div_63/u_div_u_fa_PartRem_0_0_13/CO (ADDFX2M)
                                                          0.51      97.84 f
  U0_ARITHMETIC_UNIT/div_63/u_div_u_fa_PartRem_0_0_14/CO (ADDFX2M)
                                                          0.55      98.38 f
  U0_ARITHMETIC_UNIT/div_63/u_div_u_fa_PartRem_0_0_15/CO (ADDFHX8M)
                                                          0.31      98.69 f
  U0_ARITHMETIC_UNIT/div_63/quotient[0] (ARITHMETIC_UNIT_DW_div_uns_0)
                                                          0.00      98.69 f
  U0_ARITHMETIC_UNIT/U39/Y (AOI22X4M)                     0.31      99.01 r
  U0_ARITHMETIC_UNIT/U113/Y (NAND2X2M)                    0.29      99.30 f
  U0_ARITHMETIC_UNIT/Arith_OUT_reg_0_/D (SDFFRQX1M)       0.00      99.30 f
  data arrival time                                                 99.30

  clock CLK (rise edge)                                 100.00     100.00
  clock network delay (ideal)                             0.00     100.00
  clock uncertainty                                      -0.20      99.80
  U0_ARITHMETIC_UNIT/Arith_OUT_reg_0_/CK (SDFFRQX1M)      0.00      99.80 r
  library setup time                                     -0.47      99.33
  data required time                                                99.33
  --------------------------------------------------------------------------
  data required time                                                99.33
  data arrival time                                                -99.30
  --------------------------------------------------------------------------
  slack (MET)                                                        0.03


  Startpoint: B[14] (input port clocked by CLK)
  Endpoint: U0_ARITHMETIC_UNIT/Arith_OUT_reg_1_
            (rising edge-triggered flip-flop clocked by CLK)
  Path Group: CLK
  Path Type: max

  Des/Clust/Port     Wire Load Model       Library
  ------------------------------------------------
  ALU_TOP            tsmc13_wl30           scmetro_tsmc_cl013g_rvt_ss_1p08v_125c

  Point                                                   Incr       Path
  --------------------------------------------------------------------------
  clock CLK (rise edge)                                   0.00       0.00
  clock network delay (ideal)                             0.00       0.00
  input external delay                                   20.00      20.00 r
  B[14] (in)                                              0.35      20.35 r
  U5/Y (BUFX6M)                                           0.62      20.96 r
  U0_ARITHMETIC_UNIT/B[14] (ARITHMETIC_UNIT_test_1)       0.00      20.96 r
  U0_ARITHMETIC_UNIT/div_63/b[14] (ARITHMETIC_UNIT_DW_div_uns_0)
                                                          0.00      20.96 r
  U0_ARITHMETIC_UNIT/div_63/U71/Y (NOR2X12M)              0.21      21.17 f
  U0_ARITHMETIC_UNIT/div_63/U131/Y (AND3X12M)             0.25      21.42 f
  U0_ARITHMETIC_UNIT/div_63/U116/Y (AND2X12M)             0.20      21.63 f
  U0_ARITHMETIC_UNIT/div_63/U16/Y (AND3X12M)              0.21      21.84 f
  U0_ARITHMETIC_UNIT/div_63/U133/Y (AND2X12M)             0.20      22.05 f
  U0_ARITHMETIC_UNIT/div_63/U11/Y (AND3X12M)              0.21      22.26 f
  U0_ARITHMETIC_UNIT/div_63/U12/Y (AND2X12M)              0.21      22.46 f
  U0_ARITHMETIC_UNIT/div_63/U8/Y (AND3X12M)               0.23      22.69 f
  U0_ARITHMETIC_UNIT/div_63/U14/Y (AND4X8M)               0.25      22.94 f
  U0_ARITHMETIC_UNIT/div_63/U13/Y (MX2X6M)                0.35      23.29 r
  U0_ARITHMETIC_UNIT/div_63/u_div_u_fa_PartRem_0_14_1/CO (ADDFX2M)
                                                          0.67      23.96 r
  U0_ARITHMETIC_UNIT/div_63/U18/Y (AND3X1M)               0.49      24.45 r
  U0_ARITHMETIC_UNIT/div_63/U17/Y (BUFX10M)               0.26      24.71 r
  U0_ARITHMETIC_UNIT/div_63/U209/Y (CLKMX2X2M)            0.61      25.32 f
  U0_ARITHMETIC_UNIT/div_63/u_div_u_fa_PartRem_0_13_1/CO (ADDFX2M)
                                                          0.73      26.05 f
  U0_ARITHMETIC_UNIT/div_63/u_div_u_fa_PartRem_0_13_2/CO (ADDFX2M)
                                                          0.50      26.55 f
  U0_ARITHMETIC_UNIT/div_63/U38/Y (AND2X1M)               0.40      26.95 f
  U0_ARITHMETIC_UNIT/div_63/U37/Y (BUFX10M)               0.26      27.21 f
  U0_ARITHMETIC_UNIT/div_63/U212/Y (CLKMX2X2M)            0.56      27.77 r
  U0_ARITHMETIC_UNIT/div_63/u_div_u_fa_PartRem_0_12_1/CO (ADDFX2M)
                                                          0.72      28.49 r
  U0_ARITHMETIC_UNIT/div_63/u_div_u_fa_PartRem_0_12_2/CO (ADDFX2M)
                                                          0.53      29.02 r
  U0_ARITHMETIC_UNIT/div_63/u_div_u_fa_PartRem_0_12_3/CO (ADDFHX8M)
                                                          0.24      29.27 r
  U0_ARITHMETIC_UNIT/div_63/U61/Y (AND3X4M)               0.63      29.90 r
  U0_ARITHMETIC_UNIT/div_63/U213/Y (CLKMX2X2M)            0.68      30.58 f
  U0_ARITHMETIC_UNIT/div_63/u_div_u_fa_PartRem_0_11_1/CO (ADDFX2M)
                                                          0.73      31.31 f
  U0_ARITHMETIC_UNIT/div_63/u_div_u_fa_PartRem_0_11_2/CO (ADDFX2M)
                                                          0.55      31.86 f
  U0_ARITHMETIC_UNIT/div_63/u_div_u_fa_PartRem_0_11_3/CO (ADDFHX8M)
                                                          0.30      32.17 f
  U0_ARITHMETIC_UNIT/div_63/u_div_u_fa_PartRem_0_11_4/CO (ADDFX2M)
                                                          0.46      32.63 f
  U0_ARITHMETIC_UNIT/div_63/U21/Y (AND2X1M)               0.42      33.04 f
  U0_ARITHMETIC_UNIT/div_63/U20/Y (BUFX14M)               0.27      33.32 f
  U0_ARITHMETIC_UNIT/div_63/U214/Y (CLKMX2X2M)            0.57      33.88 f
  U0_ARITHMETIC_UNIT/div_63/u_div_u_fa_PartRem_0_10_1/CO (ADDFX2M)
                                                          0.73      34.62 f
  U0_ARITHMETIC_UNIT/div_63/u_div_u_fa_PartRem_0_10_2/CO (ADDFX2M)
                                                          0.55      35.16 f
  U0_ARITHMETIC_UNIT/div_63/u_div_u_fa_PartRem_0_10_3/CO (ADDFHX8M)
                                                          0.30      35.47 f
  U0_ARITHMETIC_UNIT/div_63/u_div_u_fa_PartRem_0_10_4/CO (ADDFX2M)
                                                          0.47      35.94 f
  U0_ARITHMETIC_UNIT/div_63/u_div_u_fa_PartRem_0_10_5/CO (ADDFX2M)
                                                          0.51      36.45 f
  U0_ARITHMETIC_UNIT/div_63/U10/Y (CLKAND2X12M)           0.21      36.66 f
  U0_ARITHMETIC_UNIT/div_63/U29/Y (BUFX18M)               0.20      36.85 f
  U0_ARITHMETIC_UNIT/div_63/U215/Y (CLKMX2X2M)            0.56      37.42 f
  U0_ARITHMETIC_UNIT/div_63/u_div_u_fa_PartRem_0_9_1/CO (ADDFX2M)
                                                          0.73      38.15 f
  U0_ARITHMETIC_UNIT/div_63/u_div_u_fa_PartRem_0_9_2/CO (ADDFX2M)
                                                          0.55      38.70 f
  U0_ARITHMETIC_UNIT/div_63/u_div_u_fa_PartRem_0_9_3/CO (ADDFHX8M)
                                                          0.30      39.00 f
  U0_ARITHMETIC_UNIT/div_63/u_div_u_fa_PartRem_0_9_4/CO (ADDFX2M)
                                                          0.47      39.47 f
  U0_ARITHMETIC_UNIT/div_63/u_div_u_fa_PartRem_0_9_5/CO (ADDFX2M)
                                                          0.55      40.02 f
  U0_ARITHMETIC_UNIT/div_63/u_div_u_fa_PartRem_0_9_6/CO (ADDFHX8M)
                                                          0.31      40.33 f
  U0_ARITHMETIC_UNIT/div_63/U54/Y (AND2X12M)              0.29      40.62 f
  U0_ARITHMETIC_UNIT/div_63/U128/Y (MX2X1M)               0.75      41.37 r
  U0_ARITHMETIC_UNIT/div_63/u_div_u_fa_PartRem_0_8_2/CO (ADDFX4M)
                                                          0.76      42.14 r
  U0_ARITHMETIC_UNIT/div_63/u_div_u_fa_PartRem_0_8_3/CO (ADDFHX8M)
                                                          0.23      42.37 r
  U0_ARITHMETIC_UNIT/div_63/u_div_u_fa_PartRem_0_8_4/CO (ADDFX2M)
                                                          0.43      42.79 r
  U0_ARITHMETIC_UNIT/div_63/u_div_u_fa_PartRem_0_8_5/CO (ADDFX2M)
                                                          0.47      43.26 r
  U0_ARITHMETIC_UNIT/div_63/u_div_u_fa_PartRem_0_8_6/CO (ADDFX2M)
                                                          0.47      43.73 r
  U0_ARITHMETIC_UNIT/div_63/u_div_u_fa_PartRem_0_8_7/CO (ADDFX2M)
                                                          0.45      44.18 r
  U0_ARITHMETIC_UNIT/div_63/U136/Y (AND2X1M)              0.49      44.67 r
  U0_ARITHMETIC_UNIT/div_63/U28/Y (CLKBUFX32M)            0.33      45.00 r
  U0_ARITHMETIC_UNIT/div_63/U24/Y (MX2X1M)                0.45      45.45 f
  U0_ARITHMETIC_UNIT/div_63/U1/Y (BUFX10M)                0.23      45.69 f
  U0_ARITHMETIC_UNIT/div_63/u_div_u_fa_PartRem_0_7_1/CO (ADDFHX4M)
                                                          0.41      46.10 f
  U0_ARITHMETIC_UNIT/div_63/u_div_u_fa_PartRem_0_7_2/CO (ADDFX2M)
                                                          0.52      46.62 f
  U0_ARITHMETIC_UNIT/div_63/u_div_u_fa_PartRem_0_7_3/CO (ADDFHX8M)
                                                          0.30      46.92 f
  U0_ARITHMETIC_UNIT/div_63/u_div_u_fa_PartRem_0_7_4/CO (ADDFX2M)
                                                          0.47      47.39 f
  U0_ARITHMETIC_UNIT/div_63/u_div_u_fa_PartRem_0_7_5/CO (ADDFX2M)
                                                          0.51      47.89 f
  U0_ARITHMETIC_UNIT/div_63/u_div_u_fa_PartRem_0_7_6/CO (ADDFX2M)
                                                          0.51      48.40 f
  U0_ARITHMETIC_UNIT/div_63/u_div_u_fa_PartRem_0_7_7/CO (ADDFX2M)
                                                          0.51      48.91 f
  U0_ARITHMETIC_UNIT/div_63/u_div_u_fa_PartRem_0_7_8/CO (ADDFX2M)
                                                          0.52      49.43 f
  U0_ARITHMETIC_UNIT/div_63/U15/Y (AND2X12M)              0.22      49.64 f
  U0_ARITHMETIC_UNIT/div_63/U30/Y (BUFX18M)               0.22      49.86 f
  U0_ARITHMETIC_UNIT/div_63/U183/Y (CLKMX2X2M)            0.58      50.44 f
  U0_ARITHMETIC_UNIT/div_63/u_div_u_fa_PartRem_0_6_1/CO (ADDFX2M)
                                                          0.73      51.17 f
  U0_ARITHMETIC_UNIT/div_63/u_div_u_fa_PartRem_0_6_2/CO (ADDFX2M)
                                                          0.55      51.72 f
  U0_ARITHMETIC_UNIT/div_63/u_div_u_fa_PartRem_0_6_3/CO (ADDFHX8M)
                                                          0.30      52.02 f
  U0_ARITHMETIC_UNIT/div_63/u_div_u_fa_PartRem_0_6_4/CO (ADDFX2M)
                                                          0.47      52.49 f
  U0_ARITHMETIC_UNIT/div_63/u_div_u_fa_PartRem_0_6_5/CO (ADDFX2M)
                                                          0.51      53.00 f
  U0_ARITHMETIC_UNIT/div_63/u_div_u_fa_PartRem_0_6_6/CO (ADDFX2M)
                                                          0.51      53.50 f
  U0_ARITHMETIC_UNIT/div_63/u_div_u_fa_PartRem_0_6_7/CO (ADDFX2M)
                                                          0.55      54.05 f
  U0_ARITHMETIC_UNIT/div_63/u_div_u_fa_PartRem_0_6_8/CO (ADDFHX8M)
                                                          0.32      54.37 f
  U0_ARITHMETIC_UNIT/div_63/u_div_u_fa_PartRem_0_6_9/CO (ADDFHX8M)
                                                          0.26      54.64 f
  U0_ARITHMETIC_UNIT/div_63/U139/Y (AND3XLM)              0.59      55.22 f
  U0_ARITHMETIC_UNIT/div_63/U19/Y (BUFX18M)               0.36      55.59 f
  U0_ARITHMETIC_UNIT/div_63/U46/Y (MX2X1M)                0.81      56.40 r
  U0_ARITHMETIC_UNIT/div_63/u_div_u_fa_PartRem_0_5_1/CO (ADDFHX4M)
                                                          0.56      56.95 r
  U0_ARITHMETIC_UNIT/div_63/u_div_u_fa_PartRem_0_5_2/CO (ADDFX2M)
                                                          0.44      57.39 r
  U0_ARITHMETIC_UNIT/div_63/u_div_u_fa_PartRem_0_5_3/CO (ADDFX2M)
                                                          0.47      57.86 r
  U0_ARITHMETIC_UNIT/div_63/u_div_u_fa_PartRem_0_5_4/CO (ADDFX2M)
                                                          0.47      58.33 r
  U0_ARITHMETIC_UNIT/div_63/u_div_u_fa_PartRem_0_5_5/CO (ADDFX2M)
                                                          0.47      58.80 r
  U0_ARITHMETIC_UNIT/div_63/u_div_u_fa_PartRem_0_5_6/CO (ADDFX2M)
                                                          0.47      59.26 r
  U0_ARITHMETIC_UNIT/div_63/u_div_u_fa_PartRem_0_5_7/CO (ADDFX2M)
                                                          0.47      59.73 r
  U0_ARITHMETIC_UNIT/div_63/u_div_u_fa_PartRem_0_5_8/CO (ADDFX2M)
                                                          0.47      60.20 r
  U0_ARITHMETIC_UNIT/div_63/u_div_u_fa_PartRem_0_5_9/CO (ADDFX2M)
                                                          0.47      60.67 r
  U0_ARITHMETIC_UNIT/div_63/u_div_u_fa_PartRem_0_5_10/CO (ADDFX2M)
                                                          0.45      61.12 r
  U0_ARITHMETIC_UNIT/div_63/U137/Y (AND2X1M)              0.52      61.64 r
  U0_ARITHMETIC_UNIT/div_63/U45/Y (BUFX24M)               0.36      62.00 r
  U0_ARITHMETIC_UNIT/div_63/U40/Y (MX2X6M)                0.39      62.39 f
  U0_ARITHMETIC_UNIT/div_63/u_div_u_fa_PartRem_0_4_1/CO (ADDFHX2M)
                                                          0.51      62.91 f
  U0_ARITHMETIC_UNIT/div_63/u_div_u_fa_PartRem_0_4_2/CO (ADDFX4M)
                                                          0.52      63.43 f
  U0_ARITHMETIC_UNIT/div_63/u_div_u_fa_PartRem_0_4_3/CO (ADDFHX8M)
                                                          0.29      63.72 f
  U0_ARITHMETIC_UNIT/div_63/u_div_u_fa_PartRem_0_4_4/CO (ADDFX2M)
                                                          0.47      64.19 f
  U0_ARITHMETIC_UNIT/div_63/u_div_u_fa_PartRem_0_4_5/CO (ADDFX2M)
                                                          0.51      64.69 f
  U0_ARITHMETIC_UNIT/div_63/u_div_u_fa_PartRem_0_4_6/CO (ADDFX2M)
                                                          0.51      65.20 f
  U0_ARITHMETIC_UNIT/div_63/u_div_u_fa_PartRem_0_4_7/CO (ADDFX2M)
                                                          0.51      65.71 f
  U0_ARITHMETIC_UNIT/div_63/u_div_u_fa_PartRem_0_4_8/CO (ADDFX2M)
                                                          0.51      66.21 f
  U0_ARITHMETIC_UNIT/div_63/u_div_u_fa_PartRem_0_4_9/CO (ADDFX2M)
                                                          0.51      66.72 f
  U0_ARITHMETIC_UNIT/div_63/u_div_u_fa_PartRem_0_4_10/CO (ADDFX2M)
                                                          0.51      67.23 f
  U0_ARITHMETIC_UNIT/div_63/u_div_u_fa_PartRem_0_4_11/CO (ADDFX2M)
                                                          0.50      67.73 f
  U0_ARITHMETIC_UNIT/div_63/U138/Y (AND2X2M)              0.43      68.15 f
  U0_ARITHMETIC_UNIT/div_63/U189/Y (CLKMX2X2M)            0.64      68.79 f
  U0_ARITHMETIC_UNIT/div_63/u_div_u_fa_PartRem_0_3_1/CO (ADDFX2M)
                                                          0.73      69.52 f
  U0_ARITHMETIC_UNIT/div_63/u_div_u_fa_PartRem_0_3_2/CO (ADDFX2M)
                                                          0.55      70.07 f
  U0_ARITHMETIC_UNIT/div_63/u_div_u_fa_PartRem_0_3_3/CO (ADDFHX8M)
                                                          0.30      70.38 f
  U0_ARITHMETIC_UNIT/div_63/u_div_u_fa_PartRem_0_3_4/CO (ADDFX2M)
                                                          0.47      70.85 f
  U0_ARITHMETIC_UNIT/div_63/u_div_u_fa_PartRem_0_3_5/CO (ADDFX2M)
                                                          0.51      71.35 f
  U0_ARITHMETIC_UNIT/div_63/u_div_u_fa_PartRem_0_3_6/CO (ADDFX2M)
                                                          0.51      71.86 f
  U0_ARITHMETIC_UNIT/div_63/u_div_u_fa_PartRem_0_3_7/CO (ADDFX2M)
                                                          0.51      72.36 f
  U0_ARITHMETIC_UNIT/div_63/u_div_u_fa_PartRem_0_3_8/CO (ADDFX2M)
                                                          0.51      72.87 f
  U0_ARITHMETIC_UNIT/div_63/u_div_u_fa_PartRem_0_3_9/CO (ADDFX2M)
                                                          0.51      73.38 f
  U0_ARITHMETIC_UNIT/div_63/u_div_u_fa_PartRem_0_3_10/CO (ADDFX2M)
                                                          0.51      73.88 f
  U0_ARITHMETIC_UNIT/div_63/u_div_u_fa_PartRem_0_3_11/CO (ADDFX2M)
                                                          0.52      74.40 f
  U0_ARITHMETIC_UNIT/div_63/u_div_u_fa_PartRem_0_3_12/CO (ADDFHX4M)
                                                          0.33      74.73 f
  U0_ARITHMETIC_UNIT/div_63/U59/Y (AND3X2M)               0.39      75.13 f
  U0_ARITHMETIC_UNIT/div_63/U36/Y (BUFX32M)               0.26      75.38 f
  U0_ARITHMETIC_UNIT/div_63/U31/Y (MX2X1M)                0.58      75.96 f
  U0_ARITHMETIC_UNIT/div_63/u_div_u_fa_PartRem_0_2_1/CO (ADDFX2M)
                                                          0.72      76.68 f
  U0_ARITHMETIC_UNIT/div_63/u_div_u_fa_PartRem_0_2_2/CO (ADDFX2M)
                                                          0.51      77.19 f
  U0_ARITHMETIC_UNIT/div_63/u_div_u_fa_PartRem_0_2_3/CO (ADDFX2M)
                                                          0.51      77.69 f
  U0_ARITHMETIC_UNIT/div_63/u_div_u_fa_PartRem_0_2_4/CO (ADDFX2M)
                                                          0.51      78.20 f
  U0_ARITHMETIC_UNIT/div_63/u_div_u_fa_PartRem_0_2_5/CO (ADDFX2M)
                                                          0.51      78.71 f
  U0_ARITHMETIC_UNIT/div_63/u_div_u_fa_PartRem_0_2_6/CO (ADDFX2M)
                                                          0.51      79.21 f
  U0_ARITHMETIC_UNIT/div_63/u_div_u_fa_PartRem_0_2_7/CO (ADDFX2M)
                                                          0.51      79.72 f
  U0_ARITHMETIC_UNIT/div_63/u_div_u_fa_PartRem_0_2_8/CO (ADDFX2M)
                                                          0.51      80.22 f
  U0_ARITHMETIC_UNIT/div_63/u_div_u_fa_PartRem_0_2_9/CO (ADDFX2M)
                                                          0.51      80.73 f
  U0_ARITHMETIC_UNIT/div_63/u_div_u_fa_PartRem_0_2_10/CO (ADDFX2M)
                                                          0.51      81.24 f
  U0_ARITHMETIC_UNIT/div_63/u_div_u_fa_PartRem_0_2_11/CO (ADDFX2M)
                                                          0.51      81.74 f
  U0_ARITHMETIC_UNIT/div_63/u_div_u_fa_PartRem_0_2_12/CO (ADDFX2M)
                                                          0.55      82.29 f
  U0_ARITHMETIC_UNIT/div_63/u_div_u_fa_PartRem_0_2_13/CO (ADDFHX8M)
                                                          0.31      82.60 f
  U0_ARITHMETIC_UNIT/div_63/U39/Y (AND2X12M)              0.39      82.99 f
  U0_ARITHMETIC_UNIT/div_63/U192/Y (CLKMX2X2M)            0.63      83.62 f
  U0_ARITHMETIC_UNIT/div_63/u_div_u_fa_PartRem_0_1_1/CO (ADDFX2M)
                                                          0.73      84.35 f
  U0_ARITHMETIC_UNIT/div_63/u_div_u_fa_PartRem_0_1_2/CO (ADDFX2M)
                                                          0.51      84.86 f
  U0_ARITHMETIC_UNIT/div_63/u_div_u_fa_PartRem_0_1_3/CO (ADDFX2M)
                                                          0.51      85.37 f
  U0_ARITHMETIC_UNIT/div_63/u_div_u_fa_PartRem_0_1_4/CO (ADDFX2M)
                                                          0.51      85.87 f
  U0_ARITHMETIC_UNIT/div_63/u_div_u_fa_PartRem_0_1_5/CO (ADDFX2M)
                                                          0.55      86.42 f
  U0_ARITHMETIC_UNIT/div_63/u_div_u_fa_PartRem_0_1_6/CO (ADDFHX8M)
                                                          0.30      86.73 f
  U0_ARITHMETIC_UNIT/div_63/u_div_u_fa_PartRem_0_1_7/CO (ADDFX2M)
                                                          0.47      87.20 f
  U0_ARITHMETIC_UNIT/div_63/u_div_u_fa_PartRem_0_1_8/CO (ADDFX2M)
                                                          0.51      87.70 f
  U0_ARITHMETIC_UNIT/div_63/u_div_u_fa_PartRem_0_1_9/CO (ADDFX2M)
                                                          0.51      88.21 f
  U0_ARITHMETIC_UNIT/div_63/u_div_u_fa_PartRem_0_1_10/CO (ADDFX2M)
                                                          0.51      88.71 f
  U0_ARITHMETIC_UNIT/div_63/u_div_u_fa_PartRem_0_1_11/CO (ADDFX2M)
                                                          0.52      89.23 f
  U0_ARITHMETIC_UNIT/div_63/u_div_u_fa_PartRem_0_1_12/CO (ADDFHX4M)
                                                          0.33      89.57 f
  U0_ARITHMETIC_UNIT/div_63/u_div_u_fa_PartRem_0_1_13/CO (ADDFX2M)
                                                          0.49      90.06 f
  U0_ARITHMETIC_UNIT/div_63/u_div_u_fa_PartRem_0_1_14/CO (ADDFHX4M)
                                                          0.34      90.40 f
  U0_ARITHMETIC_UNIT/div_63/U60/Y (AND2X8M)               0.22      90.61 f
  U0_ARITHMETIC_UNIT/div_63/U51/Y (CLKINVX32M)            0.08      90.70 r
  U0_ARITHMETIC_UNIT/div_63/U53/Y (INVX8M)                0.37      91.06 f
  U0_ARITHMETIC_UNIT/div_63/quotient[1] (ARITHMETIC_UNIT_DW_div_uns_0)
                                                          0.00      91.06 f
  U0_ARITHMETIC_UNIT/U66/Y (AOI22X1M)                     0.76      91.82 r
  U0_ARITHMETIC_UNIT/U64/Y (NAND2X2M)                     0.36      92.17 f
  U0_ARITHMETIC_UNIT/Arith_OUT_reg_1_/D (SDFFRQX1M)       0.00      92.17 f
  data arrival time                                                 92.17

  clock CLK (rise edge)                                 100.00     100.00
  clock network delay (ideal)                             0.00     100.00
  clock uncertainty                                      -0.20      99.80
  U0_ARITHMETIC_UNIT/Arith_OUT_reg_1_/CK (SDFFRQX1M)      0.00      99.80 r
  library setup time                                     -0.47      99.33
  data required time                                                99.33
  --------------------------------------------------------------------------
  data required time                                                99.33
  data arrival time                                                -92.17
  --------------------------------------------------------------------------
  slack (MET)                                                        7.16


  Startpoint: B[14] (input port clocked by CLK)
  Endpoint: U0_ARITHMETIC_UNIT/Arith_OUT_reg_2_
            (rising edge-triggered flip-flop clocked by CLK)
  Path Group: CLK
  Path Type: max

  Des/Clust/Port     Wire Load Model       Library
  ------------------------------------------------
  ALU_TOP            tsmc13_wl30           scmetro_tsmc_cl013g_rvt_ss_1p08v_125c

  Point                                                   Incr       Path
  --------------------------------------------------------------------------
  clock CLK (rise edge)                                   0.00       0.00
  clock network delay (ideal)                             0.00       0.00
  input external delay                                   20.00      20.00 r
  B[14] (in)                                              0.35      20.35 r
  U5/Y (BUFX6M)                                           0.62      20.96 r
  U0_ARITHMETIC_UNIT/B[14] (ARITHMETIC_UNIT_test_1)       0.00      20.96 r
  U0_ARITHMETIC_UNIT/div_63/b[14] (ARITHMETIC_UNIT_DW_div_uns_0)
                                                          0.00      20.96 r
  U0_ARITHMETIC_UNIT/div_63/U71/Y (NOR2X12M)              0.21      21.17 f
  U0_ARITHMETIC_UNIT/div_63/U131/Y (AND3X12M)             0.25      21.42 f
  U0_ARITHMETIC_UNIT/div_63/U116/Y (AND2X12M)             0.20      21.63 f
  U0_ARITHMETIC_UNIT/div_63/U16/Y (AND3X12M)              0.21      21.84 f
  U0_ARITHMETIC_UNIT/div_63/U133/Y (AND2X12M)             0.20      22.05 f
  U0_ARITHMETIC_UNIT/div_63/U11/Y (AND3X12M)              0.21      22.26 f
  U0_ARITHMETIC_UNIT/div_63/U12/Y (AND2X12M)              0.21      22.46 f
  U0_ARITHMETIC_UNIT/div_63/U8/Y (AND3X12M)               0.23      22.69 f
  U0_ARITHMETIC_UNIT/div_63/U14/Y (AND4X8M)               0.25      22.94 f
  U0_ARITHMETIC_UNIT/div_63/U13/Y (MX2X6M)                0.35      23.29 r
  U0_ARITHMETIC_UNIT/div_63/u_div_u_fa_PartRem_0_14_1/CO (ADDFX2M)
                                                          0.67      23.96 r
  U0_ARITHMETIC_UNIT/div_63/U18/Y (AND3X1M)               0.49      24.45 r
  U0_ARITHMETIC_UNIT/div_63/U17/Y (BUFX10M)               0.26      24.71 r
  U0_ARITHMETIC_UNIT/div_63/U209/Y (CLKMX2X2M)            0.61      25.32 f
  U0_ARITHMETIC_UNIT/div_63/u_div_u_fa_PartRem_0_13_1/CO (ADDFX2M)
                                                          0.73      26.05 f
  U0_ARITHMETIC_UNIT/div_63/u_div_u_fa_PartRem_0_13_2/CO (ADDFX2M)
                                                          0.50      26.55 f
  U0_ARITHMETIC_UNIT/div_63/U38/Y (AND2X1M)               0.40      26.95 f
  U0_ARITHMETIC_UNIT/div_63/U37/Y (BUFX10M)               0.26      27.21 f
  U0_ARITHMETIC_UNIT/div_63/U212/Y (CLKMX2X2M)            0.56      27.77 r
  U0_ARITHMETIC_UNIT/div_63/u_div_u_fa_PartRem_0_12_1/CO (ADDFX2M)
                                                          0.72      28.49 r
  U0_ARITHMETIC_UNIT/div_63/u_div_u_fa_PartRem_0_12_2/CO (ADDFX2M)
                                                          0.53      29.02 r
  U0_ARITHMETIC_UNIT/div_63/u_div_u_fa_PartRem_0_12_3/CO (ADDFHX8M)
                                                          0.24      29.27 r
  U0_ARITHMETIC_UNIT/div_63/U61/Y (AND3X4M)               0.63      29.90 r
  U0_ARITHMETIC_UNIT/div_63/U213/Y (CLKMX2X2M)            0.68      30.58 f
  U0_ARITHMETIC_UNIT/div_63/u_div_u_fa_PartRem_0_11_1/CO (ADDFX2M)
                                                          0.73      31.31 f
  U0_ARITHMETIC_UNIT/div_63/u_div_u_fa_PartRem_0_11_2/CO (ADDFX2M)
                                                          0.55      31.86 f
  U0_ARITHMETIC_UNIT/div_63/u_div_u_fa_PartRem_0_11_3/CO (ADDFHX8M)
                                                          0.30      32.17 f
  U0_ARITHMETIC_UNIT/div_63/u_div_u_fa_PartRem_0_11_4/CO (ADDFX2M)
                                                          0.46      32.63 f
  U0_ARITHMETIC_UNIT/div_63/U21/Y (AND2X1M)               0.42      33.04 f
  U0_ARITHMETIC_UNIT/div_63/U20/Y (BUFX14M)               0.27      33.32 f
  U0_ARITHMETIC_UNIT/div_63/U214/Y (CLKMX2X2M)            0.57      33.88 f
  U0_ARITHMETIC_UNIT/div_63/u_div_u_fa_PartRem_0_10_1/CO (ADDFX2M)
                                                          0.73      34.62 f
  U0_ARITHMETIC_UNIT/div_63/u_div_u_fa_PartRem_0_10_2/CO (ADDFX2M)
                                                          0.55      35.16 f
  U0_ARITHMETIC_UNIT/div_63/u_div_u_fa_PartRem_0_10_3/CO (ADDFHX8M)
                                                          0.30      35.47 f
  U0_ARITHMETIC_UNIT/div_63/u_div_u_fa_PartRem_0_10_4/CO (ADDFX2M)
                                                          0.47      35.94 f
  U0_ARITHMETIC_UNIT/div_63/u_div_u_fa_PartRem_0_10_5/CO (ADDFX2M)
                                                          0.51      36.45 f
  U0_ARITHMETIC_UNIT/div_63/U10/Y (CLKAND2X12M)           0.21      36.66 f
  U0_ARITHMETIC_UNIT/div_63/U29/Y (BUFX18M)               0.20      36.85 f
  U0_ARITHMETIC_UNIT/div_63/U215/Y (CLKMX2X2M)            0.56      37.42 f
  U0_ARITHMETIC_UNIT/div_63/u_div_u_fa_PartRem_0_9_1/CO (ADDFX2M)
                                                          0.73      38.15 f
  U0_ARITHMETIC_UNIT/div_63/u_div_u_fa_PartRem_0_9_2/CO (ADDFX2M)
                                                          0.55      38.70 f
  U0_ARITHMETIC_UNIT/div_63/u_div_u_fa_PartRem_0_9_3/CO (ADDFHX8M)
                                                          0.30      39.00 f
  U0_ARITHMETIC_UNIT/div_63/u_div_u_fa_PartRem_0_9_4/CO (ADDFX2M)
                                                          0.47      39.47 f
  U0_ARITHMETIC_UNIT/div_63/u_div_u_fa_PartRem_0_9_5/CO (ADDFX2M)
                                                          0.55      40.02 f
  U0_ARITHMETIC_UNIT/div_63/u_div_u_fa_PartRem_0_9_6/CO (ADDFHX8M)
                                                          0.31      40.33 f
  U0_ARITHMETIC_UNIT/div_63/U54/Y (AND2X12M)              0.29      40.62 f
  U0_ARITHMETIC_UNIT/div_63/U128/Y (MX2X1M)               0.75      41.37 r
  U0_ARITHMETIC_UNIT/div_63/u_div_u_fa_PartRem_0_8_2/CO (ADDFX4M)
                                                          0.76      42.14 r
  U0_ARITHMETIC_UNIT/div_63/u_div_u_fa_PartRem_0_8_3/CO (ADDFHX8M)
                                                          0.23      42.37 r
  U0_ARITHMETIC_UNIT/div_63/u_div_u_fa_PartRem_0_8_4/CO (ADDFX2M)
                                                          0.43      42.79 r
  U0_ARITHMETIC_UNIT/div_63/u_div_u_fa_PartRem_0_8_5/CO (ADDFX2M)
                                                          0.47      43.26 r
  U0_ARITHMETIC_UNIT/div_63/u_div_u_fa_PartRem_0_8_6/CO (ADDFX2M)
                                                          0.47      43.73 r
  U0_ARITHMETIC_UNIT/div_63/u_div_u_fa_PartRem_0_8_7/CO (ADDFX2M)
                                                          0.45      44.18 r
  U0_ARITHMETIC_UNIT/div_63/U136/Y (AND2X1M)              0.49      44.67 r
  U0_ARITHMETIC_UNIT/div_63/U28/Y (CLKBUFX32M)            0.33      45.00 r
  U0_ARITHMETIC_UNIT/div_63/U24/Y (MX2X1M)                0.45      45.45 f
  U0_ARITHMETIC_UNIT/div_63/U1/Y (BUFX10M)                0.23      45.69 f
  U0_ARITHMETIC_UNIT/div_63/u_div_u_fa_PartRem_0_7_1/CO (ADDFHX4M)
                                                          0.41      46.10 f
  U0_ARITHMETIC_UNIT/div_63/u_div_u_fa_PartRem_0_7_2/CO (ADDFX2M)
                                                          0.52      46.62 f
  U0_ARITHMETIC_UNIT/div_63/u_div_u_fa_PartRem_0_7_3/CO (ADDFHX8M)
                                                          0.30      46.92 f
  U0_ARITHMETIC_UNIT/div_63/u_div_u_fa_PartRem_0_7_4/CO (ADDFX2M)
                                                          0.47      47.39 f
  U0_ARITHMETIC_UNIT/div_63/u_div_u_fa_PartRem_0_7_5/CO (ADDFX2M)
                                                          0.51      47.89 f
  U0_ARITHMETIC_UNIT/div_63/u_div_u_fa_PartRem_0_7_6/CO (ADDFX2M)
                                                          0.51      48.40 f
  U0_ARITHMETIC_UNIT/div_63/u_div_u_fa_PartRem_0_7_7/CO (ADDFX2M)
                                                          0.51      48.91 f
  U0_ARITHMETIC_UNIT/div_63/u_div_u_fa_PartRem_0_7_8/CO (ADDFX2M)
                                                          0.52      49.43 f
  U0_ARITHMETIC_UNIT/div_63/U15/Y (AND2X12M)              0.22      49.64 f
  U0_ARITHMETIC_UNIT/div_63/U30/Y (BUFX18M)               0.22      49.86 f
  U0_ARITHMETIC_UNIT/div_63/U183/Y (CLKMX2X2M)            0.58      50.44 f
  U0_ARITHMETIC_UNIT/div_63/u_div_u_fa_PartRem_0_6_1/CO (ADDFX2M)
                                                          0.73      51.17 f
  U0_ARITHMETIC_UNIT/div_63/u_div_u_fa_PartRem_0_6_2/CO (ADDFX2M)
                                                          0.55      51.72 f
  U0_ARITHMETIC_UNIT/div_63/u_div_u_fa_PartRem_0_6_3/CO (ADDFHX8M)
                                                          0.30      52.02 f
  U0_ARITHMETIC_UNIT/div_63/u_div_u_fa_PartRem_0_6_4/CO (ADDFX2M)
                                                          0.47      52.49 f
  U0_ARITHMETIC_UNIT/div_63/u_div_u_fa_PartRem_0_6_5/CO (ADDFX2M)
                                                          0.51      53.00 f
  U0_ARITHMETIC_UNIT/div_63/u_div_u_fa_PartRem_0_6_6/CO (ADDFX2M)
                                                          0.51      53.50 f
  U0_ARITHMETIC_UNIT/div_63/u_div_u_fa_PartRem_0_6_7/CO (ADDFX2M)
                                                          0.55      54.05 f
  U0_ARITHMETIC_UNIT/div_63/u_div_u_fa_PartRem_0_6_8/CO (ADDFHX8M)
                                                          0.32      54.37 f
  U0_ARITHMETIC_UNIT/div_63/u_div_u_fa_PartRem_0_6_9/CO (ADDFHX8M)
                                                          0.26      54.64 f
  U0_ARITHMETIC_UNIT/div_63/U139/Y (AND3XLM)              0.59      55.22 f
  U0_ARITHMETIC_UNIT/div_63/U19/Y (BUFX18M)               0.36      55.59 f
  U0_ARITHMETIC_UNIT/div_63/U46/Y (MX2X1M)                0.81      56.40 r
  U0_ARITHMETIC_UNIT/div_63/u_div_u_fa_PartRem_0_5_1/CO (ADDFHX4M)
                                                          0.56      56.95 r
  U0_ARITHMETIC_UNIT/div_63/u_div_u_fa_PartRem_0_5_2/CO (ADDFX2M)
                                                          0.44      57.39 r
  U0_ARITHMETIC_UNIT/div_63/u_div_u_fa_PartRem_0_5_3/CO (ADDFX2M)
                                                          0.47      57.86 r
  U0_ARITHMETIC_UNIT/div_63/u_div_u_fa_PartRem_0_5_4/CO (ADDFX2M)
                                                          0.47      58.33 r
  U0_ARITHMETIC_UNIT/div_63/u_div_u_fa_PartRem_0_5_5/CO (ADDFX2M)
                                                          0.47      58.80 r
  U0_ARITHMETIC_UNIT/div_63/u_div_u_fa_PartRem_0_5_6/CO (ADDFX2M)
                                                          0.47      59.26 r
  U0_ARITHMETIC_UNIT/div_63/u_div_u_fa_PartRem_0_5_7/CO (ADDFX2M)
                                                          0.47      59.73 r
  U0_ARITHMETIC_UNIT/div_63/u_div_u_fa_PartRem_0_5_8/CO (ADDFX2M)
                                                          0.47      60.20 r
  U0_ARITHMETIC_UNIT/div_63/u_div_u_fa_PartRem_0_5_9/CO (ADDFX2M)
                                                          0.47      60.67 r
  U0_ARITHMETIC_UNIT/div_63/u_div_u_fa_PartRem_0_5_10/CO (ADDFX2M)
                                                          0.45      61.12 r
  U0_ARITHMETIC_UNIT/div_63/U137/Y (AND2X1M)              0.52      61.64 r
  U0_ARITHMETIC_UNIT/div_63/U45/Y (BUFX24M)               0.36      62.00 r
  U0_ARITHMETIC_UNIT/div_63/U40/Y (MX2X6M)                0.39      62.39 f
  U0_ARITHMETIC_UNIT/div_63/u_div_u_fa_PartRem_0_4_1/CO (ADDFHX2M)
                                                          0.51      62.91 f
  U0_ARITHMETIC_UNIT/div_63/u_div_u_fa_PartRem_0_4_2/CO (ADDFX4M)
                                                          0.52      63.43 f
  U0_ARITHMETIC_UNIT/div_63/u_div_u_fa_PartRem_0_4_3/CO (ADDFHX8M)
                                                          0.29      63.72 f
  U0_ARITHMETIC_UNIT/div_63/u_div_u_fa_PartRem_0_4_4/CO (ADDFX2M)
                                                          0.47      64.19 f
  U0_ARITHMETIC_UNIT/div_63/u_div_u_fa_PartRem_0_4_5/CO (ADDFX2M)
                                                          0.51      64.69 f
  U0_ARITHMETIC_UNIT/div_63/u_div_u_fa_PartRem_0_4_6/CO (ADDFX2M)
                                                          0.51      65.20 f
  U0_ARITHMETIC_UNIT/div_63/u_div_u_fa_PartRem_0_4_7/CO (ADDFX2M)
                                                          0.51      65.71 f
  U0_ARITHMETIC_UNIT/div_63/u_div_u_fa_PartRem_0_4_8/CO (ADDFX2M)
                                                          0.51      66.21 f
  U0_ARITHMETIC_UNIT/div_63/u_div_u_fa_PartRem_0_4_9/CO (ADDFX2M)
                                                          0.51      66.72 f
  U0_ARITHMETIC_UNIT/div_63/u_div_u_fa_PartRem_0_4_10/CO (ADDFX2M)
                                                          0.51      67.23 f
  U0_ARITHMETIC_UNIT/div_63/u_div_u_fa_PartRem_0_4_11/CO (ADDFX2M)
                                                          0.50      67.73 f
  U0_ARITHMETIC_UNIT/div_63/U138/Y (AND2X2M)              0.43      68.15 f
  U0_ARITHMETIC_UNIT/div_63/U189/Y (CLKMX2X2M)            0.64      68.79 f
  U0_ARITHMETIC_UNIT/div_63/u_div_u_fa_PartRem_0_3_1/CO (ADDFX2M)
                                                          0.73      69.52 f
  U0_ARITHMETIC_UNIT/div_63/u_div_u_fa_PartRem_0_3_2/CO (ADDFX2M)
                                                          0.55      70.07 f
  U0_ARITHMETIC_UNIT/div_63/u_div_u_fa_PartRem_0_3_3/CO (ADDFHX8M)
                                                          0.30      70.38 f
  U0_ARITHMETIC_UNIT/div_63/u_div_u_fa_PartRem_0_3_4/CO (ADDFX2M)
                                                          0.47      70.85 f
  U0_ARITHMETIC_UNIT/div_63/u_div_u_fa_PartRem_0_3_5/CO (ADDFX2M)
                                                          0.51      71.35 f
  U0_ARITHMETIC_UNIT/div_63/u_div_u_fa_PartRem_0_3_6/CO (ADDFX2M)
                                                          0.51      71.86 f
  U0_ARITHMETIC_UNIT/div_63/u_div_u_fa_PartRem_0_3_7/CO (ADDFX2M)
                                                          0.51      72.36 f
  U0_ARITHMETIC_UNIT/div_63/u_div_u_fa_PartRem_0_3_8/CO (ADDFX2M)
                                                          0.51      72.87 f
  U0_ARITHMETIC_UNIT/div_63/u_div_u_fa_PartRem_0_3_9/CO (ADDFX2M)
                                                          0.51      73.38 f
  U0_ARITHMETIC_UNIT/div_63/u_div_u_fa_PartRem_0_3_10/CO (ADDFX2M)
                                                          0.51      73.88 f
  U0_ARITHMETIC_UNIT/div_63/u_div_u_fa_PartRem_0_3_11/CO (ADDFX2M)
                                                          0.52      74.40 f
  U0_ARITHMETIC_UNIT/div_63/u_div_u_fa_PartRem_0_3_12/CO (ADDFHX4M)
                                                          0.33      74.73 f
  U0_ARITHMETIC_UNIT/div_63/U59/Y (AND3X2M)               0.39      75.13 f
  U0_ARITHMETIC_UNIT/div_63/U36/Y (BUFX32M)               0.26      75.38 f
  U0_ARITHMETIC_UNIT/div_63/U31/Y (MX2X1M)                0.58      75.96 f
  U0_ARITHMETIC_UNIT/div_63/u_div_u_fa_PartRem_0_2_1/CO (ADDFX2M)
                                                          0.72      76.68 f
  U0_ARITHMETIC_UNIT/div_63/u_div_u_fa_PartRem_0_2_2/CO (ADDFX2M)
                                                          0.51      77.19 f
  U0_ARITHMETIC_UNIT/div_63/u_div_u_fa_PartRem_0_2_3/CO (ADDFX2M)
                                                          0.51      77.69 f
  U0_ARITHMETIC_UNIT/div_63/u_div_u_fa_PartRem_0_2_4/CO (ADDFX2M)
                                                          0.51      78.20 f
  U0_ARITHMETIC_UNIT/div_63/u_div_u_fa_PartRem_0_2_5/CO (ADDFX2M)
                                                          0.51      78.71 f
  U0_ARITHMETIC_UNIT/div_63/u_div_u_fa_PartRem_0_2_6/CO (ADDFX2M)
                                                          0.51      79.21 f
  U0_ARITHMETIC_UNIT/div_63/u_div_u_fa_PartRem_0_2_7/CO (ADDFX2M)
                                                          0.51      79.72 f
  U0_ARITHMETIC_UNIT/div_63/u_div_u_fa_PartRem_0_2_8/CO (ADDFX2M)
                                                          0.51      80.22 f
  U0_ARITHMETIC_UNIT/div_63/u_div_u_fa_PartRem_0_2_9/CO (ADDFX2M)
                                                          0.51      80.73 f
  U0_ARITHMETIC_UNIT/div_63/u_div_u_fa_PartRem_0_2_10/CO (ADDFX2M)
                                                          0.51      81.24 f
  U0_ARITHMETIC_UNIT/div_63/u_div_u_fa_PartRem_0_2_11/CO (ADDFX2M)
                                                          0.51      81.74 f
  U0_ARITHMETIC_UNIT/div_63/u_div_u_fa_PartRem_0_2_12/CO (ADDFX2M)
                                                          0.55      82.29 f
  U0_ARITHMETIC_UNIT/div_63/u_div_u_fa_PartRem_0_2_13/CO (ADDFHX8M)
                                                          0.31      82.60 f
  U0_ARITHMETIC_UNIT/div_63/U39/Y (AND2X12M)              0.39      82.99 f
  U0_ARITHMETIC_UNIT/div_63/quotient[2] (ARITHMETIC_UNIT_DW_div_uns_0)
                                                          0.00      82.99 f
  U0_ARITHMETIC_UNIT/U69/Y (AOI22X1M)                     0.71      83.70 r
  U0_ARITHMETIC_UNIT/U67/Y (NAND2X2M)                     0.36      84.06 f
  U0_ARITHMETIC_UNIT/Arith_OUT_reg_2_/D (SDFFRQX1M)       0.00      84.06 f
  data arrival time                                                 84.06

  clock CLK (rise edge)                                 100.00     100.00
  clock network delay (ideal)                             0.00     100.00
  clock uncertainty                                      -0.20      99.80
  U0_ARITHMETIC_UNIT/Arith_OUT_reg_2_/CK (SDFFRQX1M)      0.00      99.80 r
  library setup time                                     -0.47      99.33
  data required time                                                99.33
  --------------------------------------------------------------------------
  data required time                                                99.33
  data arrival time                                                -84.06
  --------------------------------------------------------------------------
  slack (MET)                                                       15.27


  Startpoint: B[14] (input port clocked by CLK)
  Endpoint: U0_ARITHMETIC_UNIT/Arith_OUT_reg_3_
            (rising edge-triggered flip-flop clocked by CLK)
  Path Group: CLK
  Path Type: max

  Des/Clust/Port     Wire Load Model       Library
  ------------------------------------------------
  ALU_TOP            tsmc13_wl30           scmetro_tsmc_cl013g_rvt_ss_1p08v_125c

  Point                                                   Incr       Path
  --------------------------------------------------------------------------
  clock CLK (rise edge)                                   0.00       0.00
  clock network delay (ideal)                             0.00       0.00
  input external delay                                   20.00      20.00 r
  B[14] (in)                                              0.35      20.35 r
  U5/Y (BUFX6M)                                           0.62      20.96 r
  U0_ARITHMETIC_UNIT/B[14] (ARITHMETIC_UNIT_test_1)       0.00      20.96 r
  U0_ARITHMETIC_UNIT/div_63/b[14] (ARITHMETIC_UNIT_DW_div_uns_0)
                                                          0.00      20.96 r
  U0_ARITHMETIC_UNIT/div_63/U71/Y (NOR2X12M)              0.21      21.17 f
  U0_ARITHMETIC_UNIT/div_63/U131/Y (AND3X12M)             0.25      21.42 f
  U0_ARITHMETIC_UNIT/div_63/U116/Y (AND2X12M)             0.20      21.63 f
  U0_ARITHMETIC_UNIT/div_63/U16/Y (AND3X12M)              0.21      21.84 f
  U0_ARITHMETIC_UNIT/div_63/U133/Y (AND2X12M)             0.20      22.05 f
  U0_ARITHMETIC_UNIT/div_63/U11/Y (AND3X12M)              0.21      22.26 f
  U0_ARITHMETIC_UNIT/div_63/U12/Y (AND2X12M)              0.21      22.46 f
  U0_ARITHMETIC_UNIT/div_63/U8/Y (AND3X12M)               0.23      22.69 f
  U0_ARITHMETIC_UNIT/div_63/U14/Y (AND4X8M)               0.25      22.94 f
  U0_ARITHMETIC_UNIT/div_63/U13/Y (MX2X6M)                0.35      23.29 r
  U0_ARITHMETIC_UNIT/div_63/u_div_u_fa_PartRem_0_14_1/CO (ADDFX2M)
                                                          0.67      23.96 r
  U0_ARITHMETIC_UNIT/div_63/U18/Y (AND3X1M)               0.49      24.45 r
  U0_ARITHMETIC_UNIT/div_63/U17/Y (BUFX10M)               0.26      24.71 r
  U0_ARITHMETIC_UNIT/div_63/U209/Y (CLKMX2X2M)            0.61      25.32 f
  U0_ARITHMETIC_UNIT/div_63/u_div_u_fa_PartRem_0_13_1/CO (ADDFX2M)
                                                          0.73      26.05 f
  U0_ARITHMETIC_UNIT/div_63/u_div_u_fa_PartRem_0_13_2/CO (ADDFX2M)
                                                          0.50      26.55 f
  U0_ARITHMETIC_UNIT/div_63/U38/Y (AND2X1M)               0.40      26.95 f
  U0_ARITHMETIC_UNIT/div_63/U37/Y (BUFX10M)               0.26      27.21 f
  U0_ARITHMETIC_UNIT/div_63/U212/Y (CLKMX2X2M)            0.56      27.77 r
  U0_ARITHMETIC_UNIT/div_63/u_div_u_fa_PartRem_0_12_1/CO (ADDFX2M)
                                                          0.72      28.49 r
  U0_ARITHMETIC_UNIT/div_63/u_div_u_fa_PartRem_0_12_2/CO (ADDFX2M)
                                                          0.53      29.02 r
  U0_ARITHMETIC_UNIT/div_63/u_div_u_fa_PartRem_0_12_3/CO (ADDFHX8M)
                                                          0.24      29.27 r
  U0_ARITHMETIC_UNIT/div_63/U61/Y (AND3X4M)               0.63      29.90 r
  U0_ARITHMETIC_UNIT/div_63/U213/Y (CLKMX2X2M)            0.68      30.58 f
  U0_ARITHMETIC_UNIT/div_63/u_div_u_fa_PartRem_0_11_1/CO (ADDFX2M)
                                                          0.73      31.31 f
  U0_ARITHMETIC_UNIT/div_63/u_div_u_fa_PartRem_0_11_2/CO (ADDFX2M)
                                                          0.55      31.86 f
  U0_ARITHMETIC_UNIT/div_63/u_div_u_fa_PartRem_0_11_3/CO (ADDFHX8M)
                                                          0.30      32.17 f
  U0_ARITHMETIC_UNIT/div_63/u_div_u_fa_PartRem_0_11_4/CO (ADDFX2M)
                                                          0.46      32.63 f
  U0_ARITHMETIC_UNIT/div_63/U21/Y (AND2X1M)               0.42      33.04 f
  U0_ARITHMETIC_UNIT/div_63/U20/Y (BUFX14M)               0.27      33.32 f
  U0_ARITHMETIC_UNIT/div_63/U214/Y (CLKMX2X2M)            0.57      33.88 f
  U0_ARITHMETIC_UNIT/div_63/u_div_u_fa_PartRem_0_10_1/CO (ADDFX2M)
                                                          0.73      34.62 f
  U0_ARITHMETIC_UNIT/div_63/u_div_u_fa_PartRem_0_10_2/CO (ADDFX2M)
                                                          0.55      35.16 f
  U0_ARITHMETIC_UNIT/div_63/u_div_u_fa_PartRem_0_10_3/CO (ADDFHX8M)
                                                          0.30      35.47 f
  U0_ARITHMETIC_UNIT/div_63/u_div_u_fa_PartRem_0_10_4/CO (ADDFX2M)
                                                          0.47      35.94 f
  U0_ARITHMETIC_UNIT/div_63/u_div_u_fa_PartRem_0_10_5/CO (ADDFX2M)
                                                          0.51      36.45 f
  U0_ARITHMETIC_UNIT/div_63/U10/Y (CLKAND2X12M)           0.21      36.66 f
  U0_ARITHMETIC_UNIT/div_63/U29/Y (BUFX18M)               0.20      36.85 f
  U0_ARITHMETIC_UNIT/div_63/U215/Y (CLKMX2X2M)            0.56      37.42 f
  U0_ARITHMETIC_UNIT/div_63/u_div_u_fa_PartRem_0_9_1/CO (ADDFX2M)
                                                          0.73      38.15 f
  U0_ARITHMETIC_UNIT/div_63/u_div_u_fa_PartRem_0_9_2/CO (ADDFX2M)
                                                          0.55      38.70 f
  U0_ARITHMETIC_UNIT/div_63/u_div_u_fa_PartRem_0_9_3/CO (ADDFHX8M)
                                                          0.30      39.00 f
  U0_ARITHMETIC_UNIT/div_63/u_div_u_fa_PartRem_0_9_4/CO (ADDFX2M)
                                                          0.47      39.47 f
  U0_ARITHMETIC_UNIT/div_63/u_div_u_fa_PartRem_0_9_5/CO (ADDFX2M)
                                                          0.55      40.02 f
  U0_ARITHMETIC_UNIT/div_63/u_div_u_fa_PartRem_0_9_6/CO (ADDFHX8M)
                                                          0.31      40.33 f
  U0_ARITHMETIC_UNIT/div_63/U54/Y (AND2X12M)              0.29      40.62 f
  U0_ARITHMETIC_UNIT/div_63/U128/Y (MX2X1M)               0.75      41.37 r
  U0_ARITHMETIC_UNIT/div_63/u_div_u_fa_PartRem_0_8_2/CO (ADDFX4M)
                                                          0.76      42.14 r
  U0_ARITHMETIC_UNIT/div_63/u_div_u_fa_PartRem_0_8_3/CO (ADDFHX8M)
                                                          0.23      42.37 r
  U0_ARITHMETIC_UNIT/div_63/u_div_u_fa_PartRem_0_8_4/CO (ADDFX2M)
                                                          0.43      42.79 r
  U0_ARITHMETIC_UNIT/div_63/u_div_u_fa_PartRem_0_8_5/CO (ADDFX2M)
                                                          0.47      43.26 r
  U0_ARITHMETIC_UNIT/div_63/u_div_u_fa_PartRem_0_8_6/CO (ADDFX2M)
                                                          0.47      43.73 r
  U0_ARITHMETIC_UNIT/div_63/u_div_u_fa_PartRem_0_8_7/CO (ADDFX2M)
                                                          0.45      44.18 r
  U0_ARITHMETIC_UNIT/div_63/U136/Y (AND2X1M)              0.49      44.67 r
  U0_ARITHMETIC_UNIT/div_63/U28/Y (CLKBUFX32M)            0.33      45.00 r
  U0_ARITHMETIC_UNIT/div_63/U24/Y (MX2X1M)                0.45      45.45 f
  U0_ARITHMETIC_UNIT/div_63/U1/Y (BUFX10M)                0.23      45.69 f
  U0_ARITHMETIC_UNIT/div_63/u_div_u_fa_PartRem_0_7_1/CO (ADDFHX4M)
                                                          0.41      46.10 f
  U0_ARITHMETIC_UNIT/div_63/u_div_u_fa_PartRem_0_7_2/CO (ADDFX2M)
                                                          0.52      46.62 f
  U0_ARITHMETIC_UNIT/div_63/u_div_u_fa_PartRem_0_7_3/CO (ADDFHX8M)
                                                          0.30      46.92 f
  U0_ARITHMETIC_UNIT/div_63/u_div_u_fa_PartRem_0_7_4/CO (ADDFX2M)
                                                          0.47      47.39 f
  U0_ARITHMETIC_UNIT/div_63/u_div_u_fa_PartRem_0_7_5/CO (ADDFX2M)
                                                          0.51      47.89 f
  U0_ARITHMETIC_UNIT/div_63/u_div_u_fa_PartRem_0_7_6/CO (ADDFX2M)
                                                          0.51      48.40 f
  U0_ARITHMETIC_UNIT/div_63/u_div_u_fa_PartRem_0_7_7/CO (ADDFX2M)
                                                          0.51      48.91 f
  U0_ARITHMETIC_UNIT/div_63/u_div_u_fa_PartRem_0_7_8/CO (ADDFX2M)
                                                          0.52      49.43 f
  U0_ARITHMETIC_UNIT/div_63/U15/Y (AND2X12M)              0.22      49.64 f
  U0_ARITHMETIC_UNIT/div_63/U30/Y (BUFX18M)               0.22      49.86 f
  U0_ARITHMETIC_UNIT/div_63/U183/Y (CLKMX2X2M)            0.58      50.44 f
  U0_ARITHMETIC_UNIT/div_63/u_div_u_fa_PartRem_0_6_1/CO (ADDFX2M)
                                                          0.73      51.17 f
  U0_ARITHMETIC_UNIT/div_63/u_div_u_fa_PartRem_0_6_2/CO (ADDFX2M)
                                                          0.55      51.72 f
  U0_ARITHMETIC_UNIT/div_63/u_div_u_fa_PartRem_0_6_3/CO (ADDFHX8M)
                                                          0.30      52.02 f
  U0_ARITHMETIC_UNIT/div_63/u_div_u_fa_PartRem_0_6_4/CO (ADDFX2M)
                                                          0.47      52.49 f
  U0_ARITHMETIC_UNIT/div_63/u_div_u_fa_PartRem_0_6_5/CO (ADDFX2M)
                                                          0.51      53.00 f
  U0_ARITHMETIC_UNIT/div_63/u_div_u_fa_PartRem_0_6_6/CO (ADDFX2M)
                                                          0.51      53.50 f
  U0_ARITHMETIC_UNIT/div_63/u_div_u_fa_PartRem_0_6_7/CO (ADDFX2M)
                                                          0.55      54.05 f
  U0_ARITHMETIC_UNIT/div_63/u_div_u_fa_PartRem_0_6_8/CO (ADDFHX8M)
                                                          0.32      54.37 f
  U0_ARITHMETIC_UNIT/div_63/u_div_u_fa_PartRem_0_6_9/CO (ADDFHX8M)
                                                          0.26      54.64 f
  U0_ARITHMETIC_UNIT/div_63/U139/Y (AND3XLM)              0.59      55.22 f
  U0_ARITHMETIC_UNIT/div_63/U19/Y (BUFX18M)               0.36      55.59 f
  U0_ARITHMETIC_UNIT/div_63/U46/Y (MX2X1M)                0.81      56.40 r
  U0_ARITHMETIC_UNIT/div_63/u_div_u_fa_PartRem_0_5_1/CO (ADDFHX4M)
                                                          0.56      56.95 r
  U0_ARITHMETIC_UNIT/div_63/u_div_u_fa_PartRem_0_5_2/CO (ADDFX2M)
                                                          0.44      57.39 r
  U0_ARITHMETIC_UNIT/div_63/u_div_u_fa_PartRem_0_5_3/CO (ADDFX2M)
                                                          0.47      57.86 r
  U0_ARITHMETIC_UNIT/div_63/u_div_u_fa_PartRem_0_5_4/CO (ADDFX2M)
                                                          0.47      58.33 r
  U0_ARITHMETIC_UNIT/div_63/u_div_u_fa_PartRem_0_5_5/CO (ADDFX2M)
                                                          0.47      58.80 r
  U0_ARITHMETIC_UNIT/div_63/u_div_u_fa_PartRem_0_5_6/CO (ADDFX2M)
                                                          0.47      59.26 r
  U0_ARITHMETIC_UNIT/div_63/u_div_u_fa_PartRem_0_5_7/CO (ADDFX2M)
                                                          0.47      59.73 r
  U0_ARITHMETIC_UNIT/div_63/u_div_u_fa_PartRem_0_5_8/CO (ADDFX2M)
                                                          0.47      60.20 r
  U0_ARITHMETIC_UNIT/div_63/u_div_u_fa_PartRem_0_5_9/CO (ADDFX2M)
                                                          0.47      60.67 r
  U0_ARITHMETIC_UNIT/div_63/u_div_u_fa_PartRem_0_5_10/CO (ADDFX2M)
                                                          0.45      61.12 r
  U0_ARITHMETIC_UNIT/div_63/U137/Y (AND2X1M)              0.52      61.64 r
  U0_ARITHMETIC_UNIT/div_63/U45/Y (BUFX24M)               0.36      62.00 r
  U0_ARITHMETIC_UNIT/div_63/U40/Y (MX2X6M)                0.39      62.39 f
  U0_ARITHMETIC_UNIT/div_63/u_div_u_fa_PartRem_0_4_1/CO (ADDFHX2M)
                                                          0.51      62.91 f
  U0_ARITHMETIC_UNIT/div_63/u_div_u_fa_PartRem_0_4_2/CO (ADDFX4M)
                                                          0.52      63.43 f
  U0_ARITHMETIC_UNIT/div_63/u_div_u_fa_PartRem_0_4_3/CO (ADDFHX8M)
                                                          0.29      63.72 f
  U0_ARITHMETIC_UNIT/div_63/u_div_u_fa_PartRem_0_4_4/CO (ADDFX2M)
                                                          0.47      64.19 f
  U0_ARITHMETIC_UNIT/div_63/u_div_u_fa_PartRem_0_4_5/CO (ADDFX2M)
                                                          0.51      64.69 f
  U0_ARITHMETIC_UNIT/div_63/u_div_u_fa_PartRem_0_4_6/CO (ADDFX2M)
                                                          0.51      65.20 f
  U0_ARITHMETIC_UNIT/div_63/u_div_u_fa_PartRem_0_4_7/CO (ADDFX2M)
                                                          0.51      65.71 f
  U0_ARITHMETIC_UNIT/div_63/u_div_u_fa_PartRem_0_4_8/CO (ADDFX2M)
                                                          0.51      66.21 f
  U0_ARITHMETIC_UNIT/div_63/u_div_u_fa_PartRem_0_4_9/CO (ADDFX2M)
                                                          0.51      66.72 f
  U0_ARITHMETIC_UNIT/div_63/u_div_u_fa_PartRem_0_4_10/CO (ADDFX2M)
                                                          0.51      67.23 f
  U0_ARITHMETIC_UNIT/div_63/u_div_u_fa_PartRem_0_4_11/CO (ADDFX2M)
                                                          0.50      67.73 f
  U0_ARITHMETIC_UNIT/div_63/U138/Y (AND2X2M)              0.43      68.15 f
  U0_ARITHMETIC_UNIT/div_63/U189/Y (CLKMX2X2M)            0.64      68.79 f
  U0_ARITHMETIC_UNIT/div_63/u_div_u_fa_PartRem_0_3_1/CO (ADDFX2M)
                                                          0.73      69.52 f
  U0_ARITHMETIC_UNIT/div_63/u_div_u_fa_PartRem_0_3_2/CO (ADDFX2M)
                                                          0.55      70.07 f
  U0_ARITHMETIC_UNIT/div_63/u_div_u_fa_PartRem_0_3_3/CO (ADDFHX8M)
                                                          0.30      70.38 f
  U0_ARITHMETIC_UNIT/div_63/u_div_u_fa_PartRem_0_3_4/CO (ADDFX2M)
                                                          0.47      70.85 f
  U0_ARITHMETIC_UNIT/div_63/u_div_u_fa_PartRem_0_3_5/CO (ADDFX2M)
                                                          0.51      71.35 f
  U0_ARITHMETIC_UNIT/div_63/u_div_u_fa_PartRem_0_3_6/CO (ADDFX2M)
                                                          0.51      71.86 f
  U0_ARITHMETIC_UNIT/div_63/u_div_u_fa_PartRem_0_3_7/CO (ADDFX2M)
                                                          0.51      72.36 f
  U0_ARITHMETIC_UNIT/div_63/u_div_u_fa_PartRem_0_3_8/CO (ADDFX2M)
                                                          0.51      72.87 f
  U0_ARITHMETIC_UNIT/div_63/u_div_u_fa_PartRem_0_3_9/CO (ADDFX2M)
                                                          0.51      73.38 f
  U0_ARITHMETIC_UNIT/div_63/u_div_u_fa_PartRem_0_3_10/CO (ADDFX2M)
                                                          0.51      73.88 f
  U0_ARITHMETIC_UNIT/div_63/u_div_u_fa_PartRem_0_3_11/CO (ADDFX2M)
                                                          0.52      74.40 f
  U0_ARITHMETIC_UNIT/div_63/u_div_u_fa_PartRem_0_3_12/CO (ADDFHX4M)
                                                          0.33      74.73 f
  U0_ARITHMETIC_UNIT/div_63/U59/Y (AND3X2M)               0.39      75.13 f
  U0_ARITHMETIC_UNIT/div_63/U36/Y (BUFX32M)               0.26      75.38 f
  U0_ARITHMETIC_UNIT/div_63/quotient[3] (ARITHMETIC_UNIT_DW_div_uns_0)
                                                          0.00      75.38 f
  U0_ARITHMETIC_UNIT/U72/Y (AOI22X1M)                     0.65      76.03 r
  U0_ARITHMETIC_UNIT/U70/Y (NAND2X2M)                     0.36      76.39 f
  U0_ARITHMETIC_UNIT/Arith_OUT_reg_3_/D (SDFFRQX2M)       0.00      76.39 f
  data arrival time                                                 76.39

  clock CLK (rise edge)                                 100.00     100.00
  clock network delay (ideal)                             0.00     100.00
  clock uncertainty                                      -0.20      99.80
  U0_ARITHMETIC_UNIT/Arith_OUT_reg_3_/CK (SDFFRQX2M)      0.00      99.80 r
  library setup time                                     -0.47      99.33
  data required time                                                99.33
  --------------------------------------------------------------------------
  data required time                                                99.33
  data arrival time                                                -76.39
  --------------------------------------------------------------------------
  slack (MET)                                                       22.94


  Startpoint: B[14] (input port clocked by CLK)
  Endpoint: U0_ARITHMETIC_UNIT/Arith_OUT_reg_4_
            (rising edge-triggered flip-flop clocked by CLK)
  Path Group: CLK
  Path Type: max

  Des/Clust/Port     Wire Load Model       Library
  ------------------------------------------------
  ALU_TOP            tsmc13_wl30           scmetro_tsmc_cl013g_rvt_ss_1p08v_125c

  Point                                                   Incr       Path
  --------------------------------------------------------------------------
  clock CLK (rise edge)                                   0.00       0.00
  clock network delay (ideal)                             0.00       0.00
  input external delay                                   20.00      20.00 r
  B[14] (in)                                              0.35      20.35 r
  U5/Y (BUFX6M)                                           0.62      20.96 r
  U0_ARITHMETIC_UNIT/B[14] (ARITHMETIC_UNIT_test_1)       0.00      20.96 r
  U0_ARITHMETIC_UNIT/div_63/b[14] (ARITHMETIC_UNIT_DW_div_uns_0)
                                                          0.00      20.96 r
  U0_ARITHMETIC_UNIT/div_63/U71/Y (NOR2X12M)              0.21      21.17 f
  U0_ARITHMETIC_UNIT/div_63/U131/Y (AND3X12M)             0.25      21.42 f
  U0_ARITHMETIC_UNIT/div_63/U116/Y (AND2X12M)             0.20      21.63 f
  U0_ARITHMETIC_UNIT/div_63/U16/Y (AND3X12M)              0.21      21.84 f
  U0_ARITHMETIC_UNIT/div_63/U133/Y (AND2X12M)             0.20      22.05 f
  U0_ARITHMETIC_UNIT/div_63/U11/Y (AND3X12M)              0.21      22.26 f
  U0_ARITHMETIC_UNIT/div_63/U12/Y (AND2X12M)              0.21      22.46 f
  U0_ARITHMETIC_UNIT/div_63/U8/Y (AND3X12M)               0.23      22.69 f
  U0_ARITHMETIC_UNIT/div_63/U14/Y (AND4X8M)               0.25      22.94 f
  U0_ARITHMETIC_UNIT/div_63/U13/Y (MX2X6M)                0.35      23.29 r
  U0_ARITHMETIC_UNIT/div_63/u_div_u_fa_PartRem_0_14_1/CO (ADDFX2M)
                                                          0.67      23.96 r
  U0_ARITHMETIC_UNIT/div_63/U18/Y (AND3X1M)               0.49      24.45 r
  U0_ARITHMETIC_UNIT/div_63/U17/Y (BUFX10M)               0.26      24.71 r
  U0_ARITHMETIC_UNIT/div_63/U209/Y (CLKMX2X2M)            0.61      25.32 f
  U0_ARITHMETIC_UNIT/div_63/u_div_u_fa_PartRem_0_13_1/CO (ADDFX2M)
                                                          0.73      26.05 f
  U0_ARITHMETIC_UNIT/div_63/u_div_u_fa_PartRem_0_13_2/CO (ADDFX2M)
                                                          0.50      26.55 f
  U0_ARITHMETIC_UNIT/div_63/U38/Y (AND2X1M)               0.40      26.95 f
  U0_ARITHMETIC_UNIT/div_63/U37/Y (BUFX10M)               0.26      27.21 f
  U0_ARITHMETIC_UNIT/div_63/U212/Y (CLKMX2X2M)            0.56      27.77 r
  U0_ARITHMETIC_UNIT/div_63/u_div_u_fa_PartRem_0_12_1/CO (ADDFX2M)
                                                          0.72      28.49 r
  U0_ARITHMETIC_UNIT/div_63/u_div_u_fa_PartRem_0_12_2/CO (ADDFX2M)
                                                          0.53      29.02 r
  U0_ARITHMETIC_UNIT/div_63/u_div_u_fa_PartRem_0_12_3/CO (ADDFHX8M)
                                                          0.24      29.27 r
  U0_ARITHMETIC_UNIT/div_63/U61/Y (AND3X4M)               0.63      29.90 r
  U0_ARITHMETIC_UNIT/div_63/U213/Y (CLKMX2X2M)            0.68      30.58 f
  U0_ARITHMETIC_UNIT/div_63/u_div_u_fa_PartRem_0_11_1/CO (ADDFX2M)
                                                          0.73      31.31 f
  U0_ARITHMETIC_UNIT/div_63/u_div_u_fa_PartRem_0_11_2/CO (ADDFX2M)
                                                          0.55      31.86 f
  U0_ARITHMETIC_UNIT/div_63/u_div_u_fa_PartRem_0_11_3/CO (ADDFHX8M)
                                                          0.30      32.17 f
  U0_ARITHMETIC_UNIT/div_63/u_div_u_fa_PartRem_0_11_4/CO (ADDFX2M)
                                                          0.46      32.63 f
  U0_ARITHMETIC_UNIT/div_63/U21/Y (AND2X1M)               0.42      33.04 f
  U0_ARITHMETIC_UNIT/div_63/U20/Y (BUFX14M)               0.27      33.32 f
  U0_ARITHMETIC_UNIT/div_63/U214/Y (CLKMX2X2M)            0.57      33.88 f
  U0_ARITHMETIC_UNIT/div_63/u_div_u_fa_PartRem_0_10_1/CO (ADDFX2M)
                                                          0.73      34.62 f
  U0_ARITHMETIC_UNIT/div_63/u_div_u_fa_PartRem_0_10_2/CO (ADDFX2M)
                                                          0.55      35.16 f
  U0_ARITHMETIC_UNIT/div_63/u_div_u_fa_PartRem_0_10_3/CO (ADDFHX8M)
                                                          0.30      35.47 f
  U0_ARITHMETIC_UNIT/div_63/u_div_u_fa_PartRem_0_10_4/CO (ADDFX2M)
                                                          0.47      35.94 f
  U0_ARITHMETIC_UNIT/div_63/u_div_u_fa_PartRem_0_10_5/CO (ADDFX2M)
                                                          0.51      36.45 f
  U0_ARITHMETIC_UNIT/div_63/U10/Y (CLKAND2X12M)           0.21      36.66 f
  U0_ARITHMETIC_UNIT/div_63/U29/Y (BUFX18M)               0.20      36.85 f
  U0_ARITHMETIC_UNIT/div_63/U215/Y (CLKMX2X2M)            0.56      37.42 f
  U0_ARITHMETIC_UNIT/div_63/u_div_u_fa_PartRem_0_9_1/CO (ADDFX2M)
                                                          0.73      38.15 f
  U0_ARITHMETIC_UNIT/div_63/u_div_u_fa_PartRem_0_9_2/CO (ADDFX2M)
                                                          0.55      38.70 f
  U0_ARITHMETIC_UNIT/div_63/u_div_u_fa_PartRem_0_9_3/CO (ADDFHX8M)
                                                          0.30      39.00 f
  U0_ARITHMETIC_UNIT/div_63/u_div_u_fa_PartRem_0_9_4/CO (ADDFX2M)
                                                          0.47      39.47 f
  U0_ARITHMETIC_UNIT/div_63/u_div_u_fa_PartRem_0_9_5/CO (ADDFX2M)
                                                          0.55      40.02 f
  U0_ARITHMETIC_UNIT/div_63/u_div_u_fa_PartRem_0_9_6/CO (ADDFHX8M)
                                                          0.31      40.33 f
  U0_ARITHMETIC_UNIT/div_63/U54/Y (AND2X12M)              0.29      40.62 f
  U0_ARITHMETIC_UNIT/div_63/U128/Y (MX2X1M)               0.75      41.37 r
  U0_ARITHMETIC_UNIT/div_63/u_div_u_fa_PartRem_0_8_2/CO (ADDFX4M)
                                                          0.76      42.14 r
  U0_ARITHMETIC_UNIT/div_63/u_div_u_fa_PartRem_0_8_3/CO (ADDFHX8M)
                                                          0.23      42.37 r
  U0_ARITHMETIC_UNIT/div_63/u_div_u_fa_PartRem_0_8_4/CO (ADDFX2M)
                                                          0.43      42.79 r
  U0_ARITHMETIC_UNIT/div_63/u_div_u_fa_PartRem_0_8_5/CO (ADDFX2M)
                                                          0.47      43.26 r
  U0_ARITHMETIC_UNIT/div_63/u_div_u_fa_PartRem_0_8_6/CO (ADDFX2M)
                                                          0.47      43.73 r
  U0_ARITHMETIC_UNIT/div_63/u_div_u_fa_PartRem_0_8_7/CO (ADDFX2M)
                                                          0.45      44.18 r
  U0_ARITHMETIC_UNIT/div_63/U136/Y (AND2X1M)              0.49      44.67 r
  U0_ARITHMETIC_UNIT/div_63/U28/Y (CLKBUFX32M)            0.33      45.00 r
  U0_ARITHMETIC_UNIT/div_63/U24/Y (MX2X1M)                0.45      45.45 f
  U0_ARITHMETIC_UNIT/div_63/U1/Y (BUFX10M)                0.23      45.69 f
  U0_ARITHMETIC_UNIT/div_63/u_div_u_fa_PartRem_0_7_1/CO (ADDFHX4M)
                                                          0.41      46.10 f
  U0_ARITHMETIC_UNIT/div_63/u_div_u_fa_PartRem_0_7_2/CO (ADDFX2M)
                                                          0.52      46.62 f
  U0_ARITHMETIC_UNIT/div_63/u_div_u_fa_PartRem_0_7_3/CO (ADDFHX8M)
                                                          0.30      46.92 f
  U0_ARITHMETIC_UNIT/div_63/u_div_u_fa_PartRem_0_7_4/CO (ADDFX2M)
                                                          0.47      47.39 f
  U0_ARITHMETIC_UNIT/div_63/u_div_u_fa_PartRem_0_7_5/CO (ADDFX2M)
                                                          0.51      47.89 f
  U0_ARITHMETIC_UNIT/div_63/u_div_u_fa_PartRem_0_7_6/CO (ADDFX2M)
                                                          0.51      48.40 f
  U0_ARITHMETIC_UNIT/div_63/u_div_u_fa_PartRem_0_7_7/CO (ADDFX2M)
                                                          0.51      48.91 f
  U0_ARITHMETIC_UNIT/div_63/u_div_u_fa_PartRem_0_7_8/CO (ADDFX2M)
                                                          0.52      49.43 f
  U0_ARITHMETIC_UNIT/div_63/U15/Y (AND2X12M)              0.22      49.64 f
  U0_ARITHMETIC_UNIT/div_63/U30/Y (BUFX18M)               0.22      49.86 f
  U0_ARITHMETIC_UNIT/div_63/U183/Y (CLKMX2X2M)            0.58      50.44 f
  U0_ARITHMETIC_UNIT/div_63/u_div_u_fa_PartRem_0_6_1/CO (ADDFX2M)
                                                          0.73      51.17 f
  U0_ARITHMETIC_UNIT/div_63/u_div_u_fa_PartRem_0_6_2/CO (ADDFX2M)
                                                          0.55      51.72 f
  U0_ARITHMETIC_UNIT/div_63/u_div_u_fa_PartRem_0_6_3/CO (ADDFHX8M)
                                                          0.30      52.02 f
  U0_ARITHMETIC_UNIT/div_63/u_div_u_fa_PartRem_0_6_4/CO (ADDFX2M)
                                                          0.47      52.49 f
  U0_ARITHMETIC_UNIT/div_63/u_div_u_fa_PartRem_0_6_5/CO (ADDFX2M)
                                                          0.51      53.00 f
  U0_ARITHMETIC_UNIT/div_63/u_div_u_fa_PartRem_0_6_6/CO (ADDFX2M)
                                                          0.51      53.50 f
  U0_ARITHMETIC_UNIT/div_63/u_div_u_fa_PartRem_0_6_7/CO (ADDFX2M)
                                                          0.55      54.05 f
  U0_ARITHMETIC_UNIT/div_63/u_div_u_fa_PartRem_0_6_8/CO (ADDFHX8M)
                                                          0.32      54.37 f
  U0_ARITHMETIC_UNIT/div_63/u_div_u_fa_PartRem_0_6_9/CO (ADDFHX8M)
                                                          0.26      54.64 f
  U0_ARITHMETIC_UNIT/div_63/U139/Y (AND3XLM)              0.59      55.22 f
  U0_ARITHMETIC_UNIT/div_63/U19/Y (BUFX18M)               0.36      55.59 f
  U0_ARITHMETIC_UNIT/div_63/U46/Y (MX2X1M)                0.81      56.40 r
  U0_ARITHMETIC_UNIT/div_63/u_div_u_fa_PartRem_0_5_1/CO (ADDFHX4M)
                                                          0.56      56.95 r
  U0_ARITHMETIC_UNIT/div_63/u_div_u_fa_PartRem_0_5_2/CO (ADDFX2M)
                                                          0.44      57.39 r
  U0_ARITHMETIC_UNIT/div_63/u_div_u_fa_PartRem_0_5_3/CO (ADDFX2M)
                                                          0.47      57.86 r
  U0_ARITHMETIC_UNIT/div_63/u_div_u_fa_PartRem_0_5_4/CO (ADDFX2M)
                                                          0.47      58.33 r
  U0_ARITHMETIC_UNIT/div_63/u_div_u_fa_PartRem_0_5_5/CO (ADDFX2M)
                                                          0.47      58.80 r
  U0_ARITHMETIC_UNIT/div_63/u_div_u_fa_PartRem_0_5_6/CO (ADDFX2M)
                                                          0.47      59.26 r
  U0_ARITHMETIC_UNIT/div_63/u_div_u_fa_PartRem_0_5_7/CO (ADDFX2M)
                                                          0.47      59.73 r
  U0_ARITHMETIC_UNIT/div_63/u_div_u_fa_PartRem_0_5_8/CO (ADDFX2M)
                                                          0.47      60.20 r
  U0_ARITHMETIC_UNIT/div_63/u_div_u_fa_PartRem_0_5_9/CO (ADDFX2M)
                                                          0.47      60.67 r
  U0_ARITHMETIC_UNIT/div_63/u_div_u_fa_PartRem_0_5_10/CO (ADDFX2M)
                                                          0.45      61.12 r
  U0_ARITHMETIC_UNIT/div_63/U137/Y (AND2X1M)              0.52      61.64 r
  U0_ARITHMETIC_UNIT/div_63/U45/Y (BUFX24M)               0.36      62.00 r
  U0_ARITHMETIC_UNIT/div_63/U40/Y (MX2X6M)                0.39      62.39 f
  U0_ARITHMETIC_UNIT/div_63/u_div_u_fa_PartRem_0_4_1/CO (ADDFHX2M)
                                                          0.51      62.91 f
  U0_ARITHMETIC_UNIT/div_63/u_div_u_fa_PartRem_0_4_2/CO (ADDFX4M)
                                                          0.52      63.43 f
  U0_ARITHMETIC_UNIT/div_63/u_div_u_fa_PartRem_0_4_3/CO (ADDFHX8M)
                                                          0.29      63.72 f
  U0_ARITHMETIC_UNIT/div_63/u_div_u_fa_PartRem_0_4_4/CO (ADDFX2M)
                                                          0.47      64.19 f
  U0_ARITHMETIC_UNIT/div_63/u_div_u_fa_PartRem_0_4_5/CO (ADDFX2M)
                                                          0.51      64.69 f
  U0_ARITHMETIC_UNIT/div_63/u_div_u_fa_PartRem_0_4_6/CO (ADDFX2M)
                                                          0.51      65.20 f
  U0_ARITHMETIC_UNIT/div_63/u_div_u_fa_PartRem_0_4_7/CO (ADDFX2M)
                                                          0.51      65.71 f
  U0_ARITHMETIC_UNIT/div_63/u_div_u_fa_PartRem_0_4_8/CO (ADDFX2M)
                                                          0.51      66.21 f
  U0_ARITHMETIC_UNIT/div_63/u_div_u_fa_PartRem_0_4_9/CO (ADDFX2M)
                                                          0.51      66.72 f
  U0_ARITHMETIC_UNIT/div_63/u_div_u_fa_PartRem_0_4_10/CO (ADDFX2M)
                                                          0.51      67.23 f
  U0_ARITHMETIC_UNIT/div_63/u_div_u_fa_PartRem_0_4_11/CO (ADDFX2M)
                                                          0.50      67.73 f
  U0_ARITHMETIC_UNIT/div_63/U138/Y (AND2X2M)              0.43      68.15 f
  U0_ARITHMETIC_UNIT/div_63/U2/Y (BUFX32M)                0.28      68.43 f
  U0_ARITHMETIC_UNIT/div_63/quotient[4] (ARITHMETIC_UNIT_DW_div_uns_0)
                                                          0.00      68.43 f
  U0_ARITHMETIC_UNIT/U75/Y (AOI22X1M)                     0.64      69.07 r
  U0_ARITHMETIC_UNIT/U73/Y (NAND2X2M)                     0.36      69.43 f
  U0_ARITHMETIC_UNIT/Arith_OUT_reg_4_/D (SDFFRQX2M)       0.00      69.43 f
  data arrival time                                                 69.43

  clock CLK (rise edge)                                 100.00     100.00
  clock network delay (ideal)                             0.00     100.00
  clock uncertainty                                      -0.20      99.80
  U0_ARITHMETIC_UNIT/Arith_OUT_reg_4_/CK (SDFFRQX2M)      0.00      99.80 r
  library setup time                                     -0.47      99.33
  data required time                                                99.33
  --------------------------------------------------------------------------
  data required time                                                99.33
  data arrival time                                                -69.43
  --------------------------------------------------------------------------
  slack (MET)                                                       29.90


  Startpoint: B[14] (input port clocked by CLK)
  Endpoint: U0_ARITHMETIC_UNIT/Arith_OUT_reg_5_
            (rising edge-triggered flip-flop clocked by CLK)
  Path Group: CLK
  Path Type: max

  Des/Clust/Port     Wire Load Model       Library
  ------------------------------------------------
  ALU_TOP            tsmc13_wl30           scmetro_tsmc_cl013g_rvt_ss_1p08v_125c

  Point                                                   Incr       Path
  --------------------------------------------------------------------------
  clock CLK (rise edge)                                   0.00       0.00
  clock network delay (ideal)                             0.00       0.00
  input external delay                                   20.00      20.00 r
  B[14] (in)                                              0.35      20.35 r
  U5/Y (BUFX6M)                                           0.62      20.96 r
  U0_ARITHMETIC_UNIT/B[14] (ARITHMETIC_UNIT_test_1)       0.00      20.96 r
  U0_ARITHMETIC_UNIT/div_63/b[14] (ARITHMETIC_UNIT_DW_div_uns_0)
                                                          0.00      20.96 r
  U0_ARITHMETIC_UNIT/div_63/U71/Y (NOR2X12M)              0.21      21.17 f
  U0_ARITHMETIC_UNIT/div_63/U131/Y (AND3X12M)             0.25      21.42 f
  U0_ARITHMETIC_UNIT/div_63/U116/Y (AND2X12M)             0.20      21.63 f
  U0_ARITHMETIC_UNIT/div_63/U16/Y (AND3X12M)              0.21      21.84 f
  U0_ARITHMETIC_UNIT/div_63/U133/Y (AND2X12M)             0.20      22.05 f
  U0_ARITHMETIC_UNIT/div_63/U11/Y (AND3X12M)              0.21      22.26 f
  U0_ARITHMETIC_UNIT/div_63/U12/Y (AND2X12M)              0.21      22.46 f
  U0_ARITHMETIC_UNIT/div_63/U8/Y (AND3X12M)               0.23      22.69 f
  U0_ARITHMETIC_UNIT/div_63/U14/Y (AND4X8M)               0.25      22.94 f
  U0_ARITHMETIC_UNIT/div_63/U13/Y (MX2X6M)                0.35      23.29 r
  U0_ARITHMETIC_UNIT/div_63/u_div_u_fa_PartRem_0_14_1/CO (ADDFX2M)
                                                          0.67      23.96 r
  U0_ARITHMETIC_UNIT/div_63/U18/Y (AND3X1M)               0.49      24.45 r
  U0_ARITHMETIC_UNIT/div_63/U17/Y (BUFX10M)               0.26      24.71 r
  U0_ARITHMETIC_UNIT/div_63/U209/Y (CLKMX2X2M)            0.61      25.32 f
  U0_ARITHMETIC_UNIT/div_63/u_div_u_fa_PartRem_0_13_1/CO (ADDFX2M)
                                                          0.73      26.05 f
  U0_ARITHMETIC_UNIT/div_63/u_div_u_fa_PartRem_0_13_2/CO (ADDFX2M)
                                                          0.50      26.55 f
  U0_ARITHMETIC_UNIT/div_63/U38/Y (AND2X1M)               0.40      26.95 f
  U0_ARITHMETIC_UNIT/div_63/U37/Y (BUFX10M)               0.26      27.21 f
  U0_ARITHMETIC_UNIT/div_63/U212/Y (CLKMX2X2M)            0.56      27.77 r
  U0_ARITHMETIC_UNIT/div_63/u_div_u_fa_PartRem_0_12_1/CO (ADDFX2M)
                                                          0.72      28.49 r
  U0_ARITHMETIC_UNIT/div_63/u_div_u_fa_PartRem_0_12_2/CO (ADDFX2M)
                                                          0.53      29.02 r
  U0_ARITHMETIC_UNIT/div_63/u_div_u_fa_PartRem_0_12_3/CO (ADDFHX8M)
                                                          0.24      29.27 r
  U0_ARITHMETIC_UNIT/div_63/U61/Y (AND3X4M)               0.63      29.90 r
  U0_ARITHMETIC_UNIT/div_63/U213/Y (CLKMX2X2M)            0.68      30.58 f
  U0_ARITHMETIC_UNIT/div_63/u_div_u_fa_PartRem_0_11_1/CO (ADDFX2M)
                                                          0.73      31.31 f
  U0_ARITHMETIC_UNIT/div_63/u_div_u_fa_PartRem_0_11_2/CO (ADDFX2M)
                                                          0.55      31.86 f
  U0_ARITHMETIC_UNIT/div_63/u_div_u_fa_PartRem_0_11_3/CO (ADDFHX8M)
                                                          0.30      32.17 f
  U0_ARITHMETIC_UNIT/div_63/u_div_u_fa_PartRem_0_11_4/CO (ADDFX2M)
                                                          0.46      32.63 f
  U0_ARITHMETIC_UNIT/div_63/U21/Y (AND2X1M)               0.42      33.04 f
  U0_ARITHMETIC_UNIT/div_63/U20/Y (BUFX14M)               0.27      33.32 f
  U0_ARITHMETIC_UNIT/div_63/U214/Y (CLKMX2X2M)            0.57      33.88 f
  U0_ARITHMETIC_UNIT/div_63/u_div_u_fa_PartRem_0_10_1/CO (ADDFX2M)
                                                          0.73      34.62 f
  U0_ARITHMETIC_UNIT/div_63/u_div_u_fa_PartRem_0_10_2/CO (ADDFX2M)
                                                          0.55      35.16 f
  U0_ARITHMETIC_UNIT/div_63/u_div_u_fa_PartRem_0_10_3/CO (ADDFHX8M)
                                                          0.30      35.47 f
  U0_ARITHMETIC_UNIT/div_63/u_div_u_fa_PartRem_0_10_4/CO (ADDFX2M)
                                                          0.47      35.94 f
  U0_ARITHMETIC_UNIT/div_63/u_div_u_fa_PartRem_0_10_5/CO (ADDFX2M)
                                                          0.51      36.45 f
  U0_ARITHMETIC_UNIT/div_63/U10/Y (CLKAND2X12M)           0.21      36.66 f
  U0_ARITHMETIC_UNIT/div_63/U29/Y (BUFX18M)               0.20      36.85 f
  U0_ARITHMETIC_UNIT/div_63/U215/Y (CLKMX2X2M)            0.56      37.42 f
  U0_ARITHMETIC_UNIT/div_63/u_div_u_fa_PartRem_0_9_1/CO (ADDFX2M)
                                                          0.73      38.15 f
  U0_ARITHMETIC_UNIT/div_63/u_div_u_fa_PartRem_0_9_2/CO (ADDFX2M)
                                                          0.55      38.70 f
  U0_ARITHMETIC_UNIT/div_63/u_div_u_fa_PartRem_0_9_3/CO (ADDFHX8M)
                                                          0.30      39.00 f
  U0_ARITHMETIC_UNIT/div_63/u_div_u_fa_PartRem_0_9_4/CO (ADDFX2M)
                                                          0.47      39.47 f
  U0_ARITHMETIC_UNIT/div_63/u_div_u_fa_PartRem_0_9_5/CO (ADDFX2M)
                                                          0.55      40.02 f
  U0_ARITHMETIC_UNIT/div_63/u_div_u_fa_PartRem_0_9_6/CO (ADDFHX8M)
                                                          0.31      40.33 f
  U0_ARITHMETIC_UNIT/div_63/U54/Y (AND2X12M)              0.29      40.62 f
  U0_ARITHMETIC_UNIT/div_63/U128/Y (MX2X1M)               0.75      41.37 r
  U0_ARITHMETIC_UNIT/div_63/u_div_u_fa_PartRem_0_8_2/CO (ADDFX4M)
                                                          0.76      42.14 r
  U0_ARITHMETIC_UNIT/div_63/u_div_u_fa_PartRem_0_8_3/CO (ADDFHX8M)
                                                          0.23      42.37 r
  U0_ARITHMETIC_UNIT/div_63/u_div_u_fa_PartRem_0_8_4/CO (ADDFX2M)
                                                          0.43      42.79 r
  U0_ARITHMETIC_UNIT/div_63/u_div_u_fa_PartRem_0_8_5/CO (ADDFX2M)
                                                          0.47      43.26 r
  U0_ARITHMETIC_UNIT/div_63/u_div_u_fa_PartRem_0_8_6/CO (ADDFX2M)
                                                          0.47      43.73 r
  U0_ARITHMETIC_UNIT/div_63/u_div_u_fa_PartRem_0_8_7/CO (ADDFX2M)
                                                          0.45      44.18 r
  U0_ARITHMETIC_UNIT/div_63/U136/Y (AND2X1M)              0.49      44.67 r
  U0_ARITHMETIC_UNIT/div_63/U28/Y (CLKBUFX32M)            0.33      45.00 r
  U0_ARITHMETIC_UNIT/div_63/U24/Y (MX2X1M)                0.45      45.45 f
  U0_ARITHMETIC_UNIT/div_63/U1/Y (BUFX10M)                0.23      45.69 f
  U0_ARITHMETIC_UNIT/div_63/u_div_u_fa_PartRem_0_7_1/CO (ADDFHX4M)
                                                          0.41      46.10 f
  U0_ARITHMETIC_UNIT/div_63/u_div_u_fa_PartRem_0_7_2/CO (ADDFX2M)
                                                          0.52      46.62 f
  U0_ARITHMETIC_UNIT/div_63/u_div_u_fa_PartRem_0_7_3/CO (ADDFHX8M)
                                                          0.30      46.92 f
  U0_ARITHMETIC_UNIT/div_63/u_div_u_fa_PartRem_0_7_4/CO (ADDFX2M)
                                                          0.47      47.39 f
  U0_ARITHMETIC_UNIT/div_63/u_div_u_fa_PartRem_0_7_5/CO (ADDFX2M)
                                                          0.51      47.89 f
  U0_ARITHMETIC_UNIT/div_63/u_div_u_fa_PartRem_0_7_6/CO (ADDFX2M)
                                                          0.51      48.40 f
  U0_ARITHMETIC_UNIT/div_63/u_div_u_fa_PartRem_0_7_7/CO (ADDFX2M)
                                                          0.51      48.91 f
  U0_ARITHMETIC_UNIT/div_63/u_div_u_fa_PartRem_0_7_8/CO (ADDFX2M)
                                                          0.52      49.43 f
  U0_ARITHMETIC_UNIT/div_63/U15/Y (AND2X12M)              0.22      49.64 f
  U0_ARITHMETIC_UNIT/div_63/U30/Y (BUFX18M)               0.22      49.86 f
  U0_ARITHMETIC_UNIT/div_63/U183/Y (CLKMX2X2M)            0.58      50.44 f
  U0_ARITHMETIC_UNIT/div_63/u_div_u_fa_PartRem_0_6_1/CO (ADDFX2M)
                                                          0.73      51.17 f
  U0_ARITHMETIC_UNIT/div_63/u_div_u_fa_PartRem_0_6_2/CO (ADDFX2M)
                                                          0.55      51.72 f
  U0_ARITHMETIC_UNIT/div_63/u_div_u_fa_PartRem_0_6_3/CO (ADDFHX8M)
                                                          0.30      52.02 f
  U0_ARITHMETIC_UNIT/div_63/u_div_u_fa_PartRem_0_6_4/CO (ADDFX2M)
                                                          0.47      52.49 f
  U0_ARITHMETIC_UNIT/div_63/u_div_u_fa_PartRem_0_6_5/CO (ADDFX2M)
                                                          0.51      53.00 f
  U0_ARITHMETIC_UNIT/div_63/u_div_u_fa_PartRem_0_6_6/CO (ADDFX2M)
                                                          0.51      53.50 f
  U0_ARITHMETIC_UNIT/div_63/u_div_u_fa_PartRem_0_6_7/CO (ADDFX2M)
                                                          0.55      54.05 f
  U0_ARITHMETIC_UNIT/div_63/u_div_u_fa_PartRem_0_6_8/CO (ADDFHX8M)
                                                          0.32      54.37 f
  U0_ARITHMETIC_UNIT/div_63/u_div_u_fa_PartRem_0_6_9/CO (ADDFHX8M)
                                                          0.26      54.64 f
  U0_ARITHMETIC_UNIT/div_63/U139/Y (AND3XLM)              0.59      55.22 f
  U0_ARITHMETIC_UNIT/div_63/U19/Y (BUFX18M)               0.36      55.59 f
  U0_ARITHMETIC_UNIT/div_63/U46/Y (MX2X1M)                0.64      56.22 f
  U0_ARITHMETIC_UNIT/div_63/u_div_u_fa_PartRem_0_5_1/CO (ADDFHX4M)
                                                          0.55      56.77 f
  U0_ARITHMETIC_UNIT/div_63/u_div_u_fa_PartRem_0_5_2/CO (ADDFX2M)
                                                          0.48      57.25 f
  U0_ARITHMETIC_UNIT/div_63/u_div_u_fa_PartRem_0_5_3/CO (ADDFX2M)
                                                          0.51      57.75 f
  U0_ARITHMETIC_UNIT/div_63/u_div_u_fa_PartRem_0_5_4/CO (ADDFX2M)
                                                          0.51      58.26 f
  U0_ARITHMETIC_UNIT/div_63/u_div_u_fa_PartRem_0_5_5/CO (ADDFX2M)
                                                          0.51      58.77 f
  U0_ARITHMETIC_UNIT/div_63/u_div_u_fa_PartRem_0_5_6/CO (ADDFX2M)
                                                          0.51      59.27 f
  U0_ARITHMETIC_UNIT/div_63/u_div_u_fa_PartRem_0_5_7/CO (ADDFX2M)
                                                          0.51      59.78 f
  U0_ARITHMETIC_UNIT/div_63/u_div_u_fa_PartRem_0_5_8/CO (ADDFX2M)
                                                          0.51      60.29 f
  U0_ARITHMETIC_UNIT/div_63/u_div_u_fa_PartRem_0_5_9/CO (ADDFX2M)
                                                          0.51      60.79 f
  U0_ARITHMETIC_UNIT/div_63/u_div_u_fa_PartRem_0_5_10/CO (ADDFX2M)
                                                          0.50      61.29 f
  U0_ARITHMETIC_UNIT/div_63/U137/Y (AND2X1M)              0.45      61.73 f
  U0_ARITHMETIC_UNIT/div_63/U45/Y (BUFX24M)               0.31      62.04 f
  U0_ARITHMETIC_UNIT/div_63/quotient[5] (ARITHMETIC_UNIT_DW_div_uns_0)
                                                          0.00      62.04 f
  U0_ARITHMETIC_UNIT/U78/Y (AOI22X1M)                     0.65      62.69 r
  U0_ARITHMETIC_UNIT/U76/Y (NAND2X2M)                     0.36      63.05 f
  U0_ARITHMETIC_UNIT/Arith_OUT_reg_5_/D (SDFFRQX2M)       0.00      63.05 f
  data arrival time                                                 63.05

  clock CLK (rise edge)                                 100.00     100.00
  clock network delay (ideal)                             0.00     100.00
  clock uncertainty                                      -0.20      99.80
  U0_ARITHMETIC_UNIT/Arith_OUT_reg_5_/CK (SDFFRQX2M)      0.00      99.80 r
  library setup time                                     -0.47      99.33
  data required time                                                99.33
  --------------------------------------------------------------------------
  data required time                                                99.33
  data arrival time                                                -63.05
  --------------------------------------------------------------------------
  slack (MET)                                                       36.28


  Startpoint: B[14] (input port clocked by CLK)
  Endpoint: U0_ARITHMETIC_UNIT/Arith_OUT_reg_6_
            (rising edge-triggered flip-flop clocked by CLK)
  Path Group: CLK
  Path Type: max

  Des/Clust/Port     Wire Load Model       Library
  ------------------------------------------------
  ALU_TOP            tsmc13_wl30           scmetro_tsmc_cl013g_rvt_ss_1p08v_125c

  Point                                                   Incr       Path
  --------------------------------------------------------------------------
  clock CLK (rise edge)                                   0.00       0.00
  clock network delay (ideal)                             0.00       0.00
  input external delay                                   20.00      20.00 r
  B[14] (in)                                              0.35      20.35 r
  U5/Y (BUFX6M)                                           0.62      20.96 r
  U0_ARITHMETIC_UNIT/B[14] (ARITHMETIC_UNIT_test_1)       0.00      20.96 r
  U0_ARITHMETIC_UNIT/div_63/b[14] (ARITHMETIC_UNIT_DW_div_uns_0)
                                                          0.00      20.96 r
  U0_ARITHMETIC_UNIT/div_63/U71/Y (NOR2X12M)              0.21      21.17 f
  U0_ARITHMETIC_UNIT/div_63/U131/Y (AND3X12M)             0.25      21.42 f
  U0_ARITHMETIC_UNIT/div_63/U116/Y (AND2X12M)             0.20      21.63 f
  U0_ARITHMETIC_UNIT/div_63/U16/Y (AND3X12M)              0.21      21.84 f
  U0_ARITHMETIC_UNIT/div_63/U133/Y (AND2X12M)             0.20      22.05 f
  U0_ARITHMETIC_UNIT/div_63/U11/Y (AND3X12M)              0.21      22.26 f
  U0_ARITHMETIC_UNIT/div_63/U12/Y (AND2X12M)              0.21      22.46 f
  U0_ARITHMETIC_UNIT/div_63/U8/Y (AND3X12M)               0.23      22.69 f
  U0_ARITHMETIC_UNIT/div_63/U14/Y (AND4X8M)               0.25      22.94 f
  U0_ARITHMETIC_UNIT/div_63/U13/Y (MX2X6M)                0.35      23.29 r
  U0_ARITHMETIC_UNIT/div_63/u_div_u_fa_PartRem_0_14_1/CO (ADDFX2M)
                                                          0.67      23.96 r
  U0_ARITHMETIC_UNIT/div_63/U18/Y (AND3X1M)               0.49      24.45 r
  U0_ARITHMETIC_UNIT/div_63/U17/Y (BUFX10M)               0.26      24.71 r
  U0_ARITHMETIC_UNIT/div_63/U209/Y (CLKMX2X2M)            0.61      25.32 f
  U0_ARITHMETIC_UNIT/div_63/u_div_u_fa_PartRem_0_13_1/CO (ADDFX2M)
                                                          0.73      26.05 f
  U0_ARITHMETIC_UNIT/div_63/u_div_u_fa_PartRem_0_13_2/CO (ADDFX2M)
                                                          0.50      26.55 f
  U0_ARITHMETIC_UNIT/div_63/U38/Y (AND2X1M)               0.40      26.95 f
  U0_ARITHMETIC_UNIT/div_63/U37/Y (BUFX10M)               0.26      27.21 f
  U0_ARITHMETIC_UNIT/div_63/U212/Y (CLKMX2X2M)            0.56      27.77 r
  U0_ARITHMETIC_UNIT/div_63/u_div_u_fa_PartRem_0_12_1/CO (ADDFX2M)
                                                          0.72      28.49 r
  U0_ARITHMETIC_UNIT/div_63/u_div_u_fa_PartRem_0_12_2/CO (ADDFX2M)
                                                          0.53      29.02 r
  U0_ARITHMETIC_UNIT/div_63/u_div_u_fa_PartRem_0_12_3/CO (ADDFHX8M)
                                                          0.24      29.27 r
  U0_ARITHMETIC_UNIT/div_63/U61/Y (AND3X4M)               0.63      29.90 r
  U0_ARITHMETIC_UNIT/div_63/U213/Y (CLKMX2X2M)            0.68      30.58 f
  U0_ARITHMETIC_UNIT/div_63/u_div_u_fa_PartRem_0_11_1/CO (ADDFX2M)
                                                          0.73      31.31 f
  U0_ARITHMETIC_UNIT/div_63/u_div_u_fa_PartRem_0_11_2/CO (ADDFX2M)
                                                          0.55      31.86 f
  U0_ARITHMETIC_UNIT/div_63/u_div_u_fa_PartRem_0_11_3/CO (ADDFHX8M)
                                                          0.30      32.17 f
  U0_ARITHMETIC_UNIT/div_63/u_div_u_fa_PartRem_0_11_4/CO (ADDFX2M)
                                                          0.46      32.63 f
  U0_ARITHMETIC_UNIT/div_63/U21/Y (AND2X1M)               0.42      33.04 f
  U0_ARITHMETIC_UNIT/div_63/U20/Y (BUFX14M)               0.27      33.32 f
  U0_ARITHMETIC_UNIT/div_63/U214/Y (CLKMX2X2M)            0.57      33.88 f
  U0_ARITHMETIC_UNIT/div_63/u_div_u_fa_PartRem_0_10_1/CO (ADDFX2M)
                                                          0.73      34.62 f
  U0_ARITHMETIC_UNIT/div_63/u_div_u_fa_PartRem_0_10_2/CO (ADDFX2M)
                                                          0.55      35.16 f
  U0_ARITHMETIC_UNIT/div_63/u_div_u_fa_PartRem_0_10_3/CO (ADDFHX8M)
                                                          0.30      35.47 f
  U0_ARITHMETIC_UNIT/div_63/u_div_u_fa_PartRem_0_10_4/CO (ADDFX2M)
                                                          0.47      35.94 f
  U0_ARITHMETIC_UNIT/div_63/u_div_u_fa_PartRem_0_10_5/CO (ADDFX2M)
                                                          0.51      36.45 f
  U0_ARITHMETIC_UNIT/div_63/U10/Y (CLKAND2X12M)           0.21      36.66 f
  U0_ARITHMETIC_UNIT/div_63/U29/Y (BUFX18M)               0.20      36.85 f
  U0_ARITHMETIC_UNIT/div_63/U215/Y (CLKMX2X2M)            0.56      37.42 f
  U0_ARITHMETIC_UNIT/div_63/u_div_u_fa_PartRem_0_9_1/CO (ADDFX2M)
                                                          0.73      38.15 f
  U0_ARITHMETIC_UNIT/div_63/u_div_u_fa_PartRem_0_9_2/CO (ADDFX2M)
                                                          0.55      38.70 f
  U0_ARITHMETIC_UNIT/div_63/u_div_u_fa_PartRem_0_9_3/CO (ADDFHX8M)
                                                          0.30      39.00 f
  U0_ARITHMETIC_UNIT/div_63/u_div_u_fa_PartRem_0_9_4/CO (ADDFX2M)
                                                          0.47      39.47 f
  U0_ARITHMETIC_UNIT/div_63/u_div_u_fa_PartRem_0_9_5/CO (ADDFX2M)
                                                          0.55      40.02 f
  U0_ARITHMETIC_UNIT/div_63/u_div_u_fa_PartRem_0_9_6/CO (ADDFHX8M)
                                                          0.31      40.33 f
  U0_ARITHMETIC_UNIT/div_63/U54/Y (AND2X12M)              0.29      40.62 f
  U0_ARITHMETIC_UNIT/div_63/U128/Y (MX2X1M)               0.75      41.37 r
  U0_ARITHMETIC_UNIT/div_63/u_div_u_fa_PartRem_0_8_2/CO (ADDFX4M)
                                                          0.76      42.14 r
  U0_ARITHMETIC_UNIT/div_63/u_div_u_fa_PartRem_0_8_3/CO (ADDFHX8M)
                                                          0.23      42.37 r
  U0_ARITHMETIC_UNIT/div_63/u_div_u_fa_PartRem_0_8_4/CO (ADDFX2M)
                                                          0.43      42.79 r
  U0_ARITHMETIC_UNIT/div_63/u_div_u_fa_PartRem_0_8_5/CO (ADDFX2M)
                                                          0.47      43.26 r
  U0_ARITHMETIC_UNIT/div_63/u_div_u_fa_PartRem_0_8_6/CO (ADDFX2M)
                                                          0.47      43.73 r
  U0_ARITHMETIC_UNIT/div_63/u_div_u_fa_PartRem_0_8_7/CO (ADDFX2M)
                                                          0.45      44.18 r
  U0_ARITHMETIC_UNIT/div_63/U136/Y (AND2X1M)              0.49      44.67 r
  U0_ARITHMETIC_UNIT/div_63/U28/Y (CLKBUFX32M)            0.33      45.00 r
  U0_ARITHMETIC_UNIT/div_63/U24/Y (MX2X1M)                0.45      45.45 f
  U0_ARITHMETIC_UNIT/div_63/U1/Y (BUFX10M)                0.23      45.69 f
  U0_ARITHMETIC_UNIT/div_63/u_div_u_fa_PartRem_0_7_1/CO (ADDFHX4M)
                                                          0.41      46.10 f
  U0_ARITHMETIC_UNIT/div_63/u_div_u_fa_PartRem_0_7_2/CO (ADDFX2M)
                                                          0.52      46.62 f
  U0_ARITHMETIC_UNIT/div_63/u_div_u_fa_PartRem_0_7_3/CO (ADDFHX8M)
                                                          0.30      46.92 f
  U0_ARITHMETIC_UNIT/div_63/u_div_u_fa_PartRem_0_7_4/CO (ADDFX2M)
                                                          0.47      47.39 f
  U0_ARITHMETIC_UNIT/div_63/u_div_u_fa_PartRem_0_7_5/CO (ADDFX2M)
                                                          0.51      47.89 f
  U0_ARITHMETIC_UNIT/div_63/u_div_u_fa_PartRem_0_7_6/CO (ADDFX2M)
                                                          0.51      48.40 f
  U0_ARITHMETIC_UNIT/div_63/u_div_u_fa_PartRem_0_7_7/CO (ADDFX2M)
                                                          0.51      48.91 f
  U0_ARITHMETIC_UNIT/div_63/u_div_u_fa_PartRem_0_7_8/CO (ADDFX2M)
                                                          0.52      49.43 f
  U0_ARITHMETIC_UNIT/div_63/U15/Y (AND2X12M)              0.22      49.64 f
  U0_ARITHMETIC_UNIT/div_63/U30/Y (BUFX18M)               0.22      49.86 f
  U0_ARITHMETIC_UNIT/div_63/U183/Y (CLKMX2X2M)            0.58      50.44 f
  U0_ARITHMETIC_UNIT/div_63/u_div_u_fa_PartRem_0_6_1/CO (ADDFX2M)
                                                          0.73      51.17 f
  U0_ARITHMETIC_UNIT/div_63/u_div_u_fa_PartRem_0_6_2/CO (ADDFX2M)
                                                          0.55      51.72 f
  U0_ARITHMETIC_UNIT/div_63/u_div_u_fa_PartRem_0_6_3/CO (ADDFHX8M)
                                                          0.30      52.02 f
  U0_ARITHMETIC_UNIT/div_63/u_div_u_fa_PartRem_0_6_4/CO (ADDFX2M)
                                                          0.47      52.49 f
  U0_ARITHMETIC_UNIT/div_63/u_div_u_fa_PartRem_0_6_5/CO (ADDFX2M)
                                                          0.51      53.00 f
  U0_ARITHMETIC_UNIT/div_63/u_div_u_fa_PartRem_0_6_6/CO (ADDFX2M)
                                                          0.51      53.50 f
  U0_ARITHMETIC_UNIT/div_63/u_div_u_fa_PartRem_0_6_7/CO (ADDFX2M)
                                                          0.55      54.05 f
  U0_ARITHMETIC_UNIT/div_63/u_div_u_fa_PartRem_0_6_8/CO (ADDFHX8M)
                                                          0.32      54.37 f
  U0_ARITHMETIC_UNIT/div_63/u_div_u_fa_PartRem_0_6_9/CO (ADDFHX8M)
                                                          0.26      54.64 f
  U0_ARITHMETIC_UNIT/div_63/U139/Y (AND3XLM)              0.59      55.22 f
  U0_ARITHMETIC_UNIT/div_63/U19/Y (BUFX18M)               0.36      55.59 f
  U0_ARITHMETIC_UNIT/div_63/quotient[6] (ARITHMETIC_UNIT_DW_div_uns_0)
                                                          0.00      55.59 f
  U0_ARITHMETIC_UNIT/U81/Y (AOI22X1M)                     0.66      56.25 r
  U0_ARITHMETIC_UNIT/U79/Y (NAND2X2M)                     0.36      56.60 f
  U0_ARITHMETIC_UNIT/Arith_OUT_reg_6_/D (SDFFRQX2M)       0.00      56.60 f
  data arrival time                                                 56.60

  clock CLK (rise edge)                                 100.00     100.00
  clock network delay (ideal)                             0.00     100.00
  clock uncertainty                                      -0.20      99.80
  U0_ARITHMETIC_UNIT/Arith_OUT_reg_6_/CK (SDFFRQX2M)      0.00      99.80 r
  library setup time                                     -0.47      99.33
  data required time                                                99.33
  --------------------------------------------------------------------------
  data required time                                                99.33
  data arrival time                                                -56.60
  --------------------------------------------------------------------------
  slack (MET)                                                       42.73


  Startpoint: B[14] (input port clocked by CLK)
  Endpoint: U0_ARITHMETIC_UNIT/Arith_OUT_reg_7_
            (rising edge-triggered flip-flop clocked by CLK)
  Path Group: CLK
  Path Type: max

  Des/Clust/Port     Wire Load Model       Library
  ------------------------------------------------
  ALU_TOP            tsmc13_wl30           scmetro_tsmc_cl013g_rvt_ss_1p08v_125c

  Point                                                   Incr       Path
  --------------------------------------------------------------------------
  clock CLK (rise edge)                                   0.00       0.00
  clock network delay (ideal)                             0.00       0.00
  input external delay                                   20.00      20.00 r
  B[14] (in)                                              0.35      20.35 r
  U5/Y (BUFX6M)                                           0.62      20.96 r
  U0_ARITHMETIC_UNIT/B[14] (ARITHMETIC_UNIT_test_1)       0.00      20.96 r
  U0_ARITHMETIC_UNIT/div_63/b[14] (ARITHMETIC_UNIT_DW_div_uns_0)
                                                          0.00      20.96 r
  U0_ARITHMETIC_UNIT/div_63/U71/Y (NOR2X12M)              0.21      21.17 f
  U0_ARITHMETIC_UNIT/div_63/U131/Y (AND3X12M)             0.25      21.42 f
  U0_ARITHMETIC_UNIT/div_63/U116/Y (AND2X12M)             0.20      21.63 f
  U0_ARITHMETIC_UNIT/div_63/U16/Y (AND3X12M)              0.21      21.84 f
  U0_ARITHMETIC_UNIT/div_63/U133/Y (AND2X12M)             0.20      22.05 f
  U0_ARITHMETIC_UNIT/div_63/U11/Y (AND3X12M)              0.21      22.26 f
  U0_ARITHMETIC_UNIT/div_63/U12/Y (AND2X12M)              0.21      22.46 f
  U0_ARITHMETIC_UNIT/div_63/U8/Y (AND3X12M)               0.23      22.69 f
  U0_ARITHMETIC_UNIT/div_63/U14/Y (AND4X8M)               0.25      22.94 f
  U0_ARITHMETIC_UNIT/div_63/U13/Y (MX2X6M)                0.35      23.29 r
  U0_ARITHMETIC_UNIT/div_63/u_div_u_fa_PartRem_0_14_1/CO (ADDFX2M)
                                                          0.67      23.96 r
  U0_ARITHMETIC_UNIT/div_63/U18/Y (AND3X1M)               0.49      24.45 r
  U0_ARITHMETIC_UNIT/div_63/U17/Y (BUFX10M)               0.26      24.71 r
  U0_ARITHMETIC_UNIT/div_63/U209/Y (CLKMX2X2M)            0.61      25.32 f
  U0_ARITHMETIC_UNIT/div_63/u_div_u_fa_PartRem_0_13_1/CO (ADDFX2M)
                                                          0.73      26.05 f
  U0_ARITHMETIC_UNIT/div_63/u_div_u_fa_PartRem_0_13_2/CO (ADDFX2M)
                                                          0.50      26.55 f
  U0_ARITHMETIC_UNIT/div_63/U38/Y (AND2X1M)               0.40      26.95 f
  U0_ARITHMETIC_UNIT/div_63/U37/Y (BUFX10M)               0.26      27.21 f
  U0_ARITHMETIC_UNIT/div_63/U212/Y (CLKMX2X2M)            0.56      27.77 r
  U0_ARITHMETIC_UNIT/div_63/u_div_u_fa_PartRem_0_12_1/CO (ADDFX2M)
                                                          0.72      28.49 r
  U0_ARITHMETIC_UNIT/div_63/u_div_u_fa_PartRem_0_12_2/CO (ADDFX2M)
                                                          0.53      29.02 r
  U0_ARITHMETIC_UNIT/div_63/u_div_u_fa_PartRem_0_12_3/CO (ADDFHX8M)
                                                          0.24      29.27 r
  U0_ARITHMETIC_UNIT/div_63/U61/Y (AND3X4M)               0.63      29.90 r
  U0_ARITHMETIC_UNIT/div_63/U213/Y (CLKMX2X2M)            0.68      30.58 f
  U0_ARITHMETIC_UNIT/div_63/u_div_u_fa_PartRem_0_11_1/CO (ADDFX2M)
                                                          0.73      31.31 f
  U0_ARITHMETIC_UNIT/div_63/u_div_u_fa_PartRem_0_11_2/CO (ADDFX2M)
                                                          0.55      31.86 f
  U0_ARITHMETIC_UNIT/div_63/u_div_u_fa_PartRem_0_11_3/CO (ADDFHX8M)
                                                          0.30      32.17 f
  U0_ARITHMETIC_UNIT/div_63/u_div_u_fa_PartRem_0_11_4/CO (ADDFX2M)
                                                          0.46      32.63 f
  U0_ARITHMETIC_UNIT/div_63/U21/Y (AND2X1M)               0.42      33.04 f
  U0_ARITHMETIC_UNIT/div_63/U20/Y (BUFX14M)               0.27      33.32 f
  U0_ARITHMETIC_UNIT/div_63/U214/Y (CLKMX2X2M)            0.57      33.88 f
  U0_ARITHMETIC_UNIT/div_63/u_div_u_fa_PartRem_0_10_1/CO (ADDFX2M)
                                                          0.73      34.62 f
  U0_ARITHMETIC_UNIT/div_63/u_div_u_fa_PartRem_0_10_2/CO (ADDFX2M)
                                                          0.55      35.16 f
  U0_ARITHMETIC_UNIT/div_63/u_div_u_fa_PartRem_0_10_3/CO (ADDFHX8M)
                                                          0.30      35.47 f
  U0_ARITHMETIC_UNIT/div_63/u_div_u_fa_PartRem_0_10_4/CO (ADDFX2M)
                                                          0.47      35.94 f
  U0_ARITHMETIC_UNIT/div_63/u_div_u_fa_PartRem_0_10_5/CO (ADDFX2M)
                                                          0.51      36.45 f
  U0_ARITHMETIC_UNIT/div_63/U10/Y (CLKAND2X12M)           0.21      36.66 f
  U0_ARITHMETIC_UNIT/div_63/U29/Y (BUFX18M)               0.20      36.85 f
  U0_ARITHMETIC_UNIT/div_63/U215/Y (CLKMX2X2M)            0.56      37.42 f
  U0_ARITHMETIC_UNIT/div_63/u_div_u_fa_PartRem_0_9_1/CO (ADDFX2M)
                                                          0.73      38.15 f
  U0_ARITHMETIC_UNIT/div_63/u_div_u_fa_PartRem_0_9_2/CO (ADDFX2M)
                                                          0.55      38.70 f
  U0_ARITHMETIC_UNIT/div_63/u_div_u_fa_PartRem_0_9_3/CO (ADDFHX8M)
                                                          0.30      39.00 f
  U0_ARITHMETIC_UNIT/div_63/u_div_u_fa_PartRem_0_9_4/CO (ADDFX2M)
                                                          0.47      39.47 f
  U0_ARITHMETIC_UNIT/div_63/u_div_u_fa_PartRem_0_9_5/CO (ADDFX2M)
                                                          0.55      40.02 f
  U0_ARITHMETIC_UNIT/div_63/u_div_u_fa_PartRem_0_9_6/CO (ADDFHX8M)
                                                          0.31      40.33 f
  U0_ARITHMETIC_UNIT/div_63/U54/Y (AND2X12M)              0.29      40.62 f
  U0_ARITHMETIC_UNIT/div_63/U128/Y (MX2X1M)               0.75      41.37 r
  U0_ARITHMETIC_UNIT/div_63/u_div_u_fa_PartRem_0_8_2/CO (ADDFX4M)
                                                          0.76      42.14 r
  U0_ARITHMETIC_UNIT/div_63/u_div_u_fa_PartRem_0_8_3/CO (ADDFHX8M)
                                                          0.23      42.37 r
  U0_ARITHMETIC_UNIT/div_63/u_div_u_fa_PartRem_0_8_4/CO (ADDFX2M)
                                                          0.43      42.79 r
  U0_ARITHMETIC_UNIT/div_63/u_div_u_fa_PartRem_0_8_5/CO (ADDFX2M)
                                                          0.47      43.26 r
  U0_ARITHMETIC_UNIT/div_63/u_div_u_fa_PartRem_0_8_6/CO (ADDFX2M)
                                                          0.47      43.73 r
  U0_ARITHMETIC_UNIT/div_63/u_div_u_fa_PartRem_0_8_7/CO (ADDFX2M)
                                                          0.45      44.18 r
  U0_ARITHMETIC_UNIT/div_63/U136/Y (AND2X1M)              0.49      44.67 r
  U0_ARITHMETIC_UNIT/div_63/U28/Y (CLKBUFX32M)            0.33      45.00 r
  U0_ARITHMETIC_UNIT/div_63/U24/Y (MX2X1M)                0.45      45.45 f
  U0_ARITHMETIC_UNIT/div_63/U1/Y (BUFX10M)                0.23      45.69 f
  U0_ARITHMETIC_UNIT/div_63/u_div_u_fa_PartRem_0_7_1/CO (ADDFHX4M)
                                                          0.41      46.10 f
  U0_ARITHMETIC_UNIT/div_63/u_div_u_fa_PartRem_0_7_2/CO (ADDFX2M)
                                                          0.52      46.62 f
  U0_ARITHMETIC_UNIT/div_63/u_div_u_fa_PartRem_0_7_3/CO (ADDFHX8M)
                                                          0.30      46.92 f
  U0_ARITHMETIC_UNIT/div_63/u_div_u_fa_PartRem_0_7_4/CO (ADDFX2M)
                                                          0.47      47.39 f
  U0_ARITHMETIC_UNIT/div_63/u_div_u_fa_PartRem_0_7_5/CO (ADDFX2M)
                                                          0.51      47.89 f
  U0_ARITHMETIC_UNIT/div_63/u_div_u_fa_PartRem_0_7_6/CO (ADDFX2M)
                                                          0.51      48.40 f
  U0_ARITHMETIC_UNIT/div_63/u_div_u_fa_PartRem_0_7_7/CO (ADDFX2M)
                                                          0.51      48.91 f
  U0_ARITHMETIC_UNIT/div_63/u_div_u_fa_PartRem_0_7_8/CO (ADDFX2M)
                                                          0.52      49.43 f
  U0_ARITHMETIC_UNIT/div_63/U15/Y (AND2X12M)              0.22      49.64 f
  U0_ARITHMETIC_UNIT/div_63/U30/Y (BUFX18M)               0.22      49.86 f
  U0_ARITHMETIC_UNIT/div_63/quotient[7] (ARITHMETIC_UNIT_DW_div_uns_0)
                                                          0.00      49.86 f
  U0_ARITHMETIC_UNIT/U84/Y (AOI22X1M)                     0.65      50.51 r
  U0_ARITHMETIC_UNIT/U82/Y (NAND2X2M)                     0.36      50.87 f
  U0_ARITHMETIC_UNIT/Arith_OUT_reg_7_/D (SDFFRQX2M)       0.00      50.87 f
  data arrival time                                                 50.87

  clock CLK (rise edge)                                 100.00     100.00
  clock network delay (ideal)                             0.00     100.00
  clock uncertainty                                      -0.20      99.80
  U0_ARITHMETIC_UNIT/Arith_OUT_reg_7_/CK (SDFFRQX2M)      0.00      99.80 r
  library setup time                                     -0.47      99.33
  data required time                                                99.33
  --------------------------------------------------------------------------
  data required time                                                99.33
  data arrival time                                                -50.87
  --------------------------------------------------------------------------
  slack (MET)                                                       48.46


  Startpoint: A[0] (input port clocked by CLK)
  Endpoint: U0_ARITHMETIC_UNIT/Arith_OUT_reg_31_
            (rising edge-triggered flip-flop clocked by CLK)
  Path Group: CLK
  Path Type: max

  Des/Clust/Port     Wire Load Model       Library
  ------------------------------------------------
  ALU_TOP            tsmc13_wl30           scmetro_tsmc_cl013g_rvt_ss_1p08v_125c

  Point                                                   Incr       Path
  --------------------------------------------------------------------------
  clock CLK (rise edge)                                   0.00       0.00
  clock network delay (ideal)                             0.00       0.00
  input external delay                                   20.00      20.00 r
  A[0] (in)                                               0.17      20.17 r
  U17/Y (CLKBUFX6M)                                       0.96      21.14 r
  U0_ARITHMETIC_UNIT/A[0] (ARITHMETIC_UNIT_test_1)        0.00      21.14 r
  U0_ARITHMETIC_UNIT/mult_59/A[0] (ARITHMETIC_UNIT_DW02_mult_0)
                                                          0.00      21.14 r
  U0_ARITHMETIC_UNIT/mult_59/U114/Y (INVX2M)              0.37      21.50 f
  U0_ARITHMETIC_UNIT/mult_59/U113/Y (CLKBUFX8M)           0.97      22.48 f
  U0_ARITHMETIC_UNIT/mult_59/U30/Y (NOR2X2M)              1.01      23.49 r
  U0_ARITHMETIC_UNIT/mult_59/U83/Y (XOR2X1M)              0.68      24.17 r
  U0_ARITHMETIC_UNIT/mult_59/S2_2_2/CO (ADDFX2M)          0.56      24.73 r
  U0_ARITHMETIC_UNIT/mult_59/S2_3_2/CO (ADDFX2M)          0.77      25.50 r
  U0_ARITHMETIC_UNIT/mult_59/S2_4_2/CO (ADDFX2M)          0.77      26.27 r
  U0_ARITHMETIC_UNIT/mult_59/S2_5_2/CO (ADDFX2M)          0.77      27.03 r
  U0_ARITHMETIC_UNIT/mult_59/S2_6_2/CO (ADDFX2M)          0.77      27.80 r
  U0_ARITHMETIC_UNIT/mult_59/S2_7_2/CO (ADDFX2M)          0.77      28.57 r
  U0_ARITHMETIC_UNIT/mult_59/S2_8_2/CO (ADDFX2M)          0.77      29.34 r
  U0_ARITHMETIC_UNIT/mult_59/S2_9_2/CO (ADDFX2M)          0.77      30.11 r
  U0_ARITHMETIC_UNIT/mult_59/S2_10_2/CO (ADDFX2M)         0.77      30.88 r
  U0_ARITHMETIC_UNIT/mult_59/S2_11_2/CO (ADDFX2M)         0.77      31.64 r
  U0_ARITHMETIC_UNIT/mult_59/S2_12_2/CO (ADDFX2M)         0.77      32.41 r
  U0_ARITHMETIC_UNIT/mult_59/S2_13_2/CO (ADDFX2M)         0.77      33.18 r
  U0_ARITHMETIC_UNIT/mult_59/S2_14_2/CO (ADDFX2M)         0.77      33.95 r
  U0_ARITHMETIC_UNIT/mult_59/S4_2/S (ADDFX2M)             0.89      34.84 f
  U0_ARITHMETIC_UNIT/mult_59/U54/Y (CLKXOR2X2M)           0.68      35.52 r
  U0_ARITHMETIC_UNIT/mult_59/FS_1/A[15] (ARITHMETIC_UNIT_DW01_add_1)
                                                          0.00      35.52 r
  U0_ARITHMETIC_UNIT/mult_59/FS_1/U84/Y (CLKNAND2X2M)     0.71      36.23 f
  U0_ARITHMETIC_UNIT/mult_59/FS_1/U7/Y (CLKINVX2M)        0.64      36.86 r
  U0_ARITHMETIC_UNIT/mult_59/FS_1/U6/Y (AOI2B1X2M)        0.50      37.36 f
  U0_ARITHMETIC_UNIT/mult_59/FS_1/U14/Y (OAI21X2M)        0.95      38.32 r
  U0_ARITHMETIC_UNIT/mult_59/FS_1/U3/Y (AOI2B1X2M)        0.66      38.98 f
  U0_ARITHMETIC_UNIT/mult_59/FS_1/U11/Y (OAI21X2M)        0.98      39.96 r
  U0_ARITHMETIC_UNIT/mult_59/FS_1/U4/Y (AOI2B1X2M)        0.66      40.62 f
  U0_ARITHMETIC_UNIT/mult_59/FS_1/U12/Y (OAI21X2M)        0.98      41.60 r
  U0_ARITHMETIC_UNIT/mult_59/FS_1/U2/Y (AOI2B1X2M)        0.66      42.26 f
  U0_ARITHMETIC_UNIT/mult_59/FS_1/U13/Y (OAI21X2M)        0.98      43.24 r
  U0_ARITHMETIC_UNIT/mult_59/FS_1/U5/Y (AOI2B1X2M)        0.66      43.90 f
  U0_ARITHMETIC_UNIT/mult_59/FS_1/U10/Y (OAI21X2M)        0.98      44.88 r
  U0_ARITHMETIC_UNIT/mult_59/FS_1/U9/Y (AOI2B1X2M)        0.68      45.56 f
  U0_ARITHMETIC_UNIT/mult_59/FS_1/U8/Y (OAI21X4M)         0.80      46.35 r
  U0_ARITHMETIC_UNIT/mult_59/FS_1/U45/Y (OAI21X1M)        0.53      46.88 f
  U0_ARITHMETIC_UNIT/mult_59/FS_1/U44/Y (OAI2BB1X1M)      0.46      47.34 r
  U0_ARITHMETIC_UNIT/mult_59/FS_1/U27/Y (CLKXOR2X2M)      0.57      47.91 f
  U0_ARITHMETIC_UNIT/mult_59/FS_1/SUM[29] (ARITHMETIC_UNIT_DW01_add_1)
                                                          0.00      47.91 f
  U0_ARITHMETIC_UNIT/mult_59/PRODUCT[31] (ARITHMETIC_UNIT_DW02_mult_0)
                                                          0.00      47.91 f
  U0_ARITHMETIC_UNIT/U47/Y (AO21XLM)                      0.63      48.54 f
  U0_ARITHMETIC_UNIT/Arith_OUT_reg_31_/D (SDFFRQX2M)      0.00      48.54 f
  data arrival time                                                 48.54

  clock CLK (rise edge)                                 100.00     100.00
  clock network delay (ideal)                             0.00     100.00
  clock uncertainty                                      -0.20      99.80
  U0_ARITHMETIC_UNIT/Arith_OUT_reg_31_/CK (SDFFRQX2M)     0.00      99.80 r
  library setup time                                     -0.49      99.31
  data required time                                                99.31
  --------------------------------------------------------------------------
  data required time                                                99.31
  data arrival time                                                -48.54
  --------------------------------------------------------------------------
  slack (MET)                                                       50.77


  Startpoint: A[0] (input port clocked by CLK)
  Endpoint: U0_ARITHMETIC_UNIT/Arith_OUT_reg_30_
            (rising edge-triggered flip-flop clocked by CLK)
  Path Group: CLK
  Path Type: max

  Des/Clust/Port     Wire Load Model       Library
  ------------------------------------------------
  ALU_TOP            tsmc13_wl30           scmetro_tsmc_cl013g_rvt_ss_1p08v_125c

  Point                                                   Incr       Path
  --------------------------------------------------------------------------
  clock CLK (rise edge)                                   0.00       0.00
  clock network delay (ideal)                             0.00       0.00
  input external delay                                   20.00      20.00 r
  A[0] (in)                                               0.17      20.17 r
  U17/Y (CLKBUFX6M)                                       0.96      21.14 r
  U0_ARITHMETIC_UNIT/A[0] (ARITHMETIC_UNIT_test_1)        0.00      21.14 r
  U0_ARITHMETIC_UNIT/mult_59/A[0] (ARITHMETIC_UNIT_DW02_mult_0)
                                                          0.00      21.14 r
  U0_ARITHMETIC_UNIT/mult_59/U114/Y (INVX2M)              0.37      21.50 f
  U0_ARITHMETIC_UNIT/mult_59/U113/Y (CLKBUFX8M)           0.97      22.48 f
  U0_ARITHMETIC_UNIT/mult_59/U30/Y (NOR2X2M)              1.01      23.49 r
  U0_ARITHMETIC_UNIT/mult_59/U83/Y (XOR2X1M)              0.68      24.17 r
  U0_ARITHMETIC_UNIT/mult_59/S2_2_2/CO (ADDFX2M)          0.56      24.73 r
  U0_ARITHMETIC_UNIT/mult_59/S2_3_2/CO (ADDFX2M)          0.77      25.50 r
  U0_ARITHMETIC_UNIT/mult_59/S2_4_2/CO (ADDFX2M)          0.77      26.27 r
  U0_ARITHMETIC_UNIT/mult_59/S2_5_2/CO (ADDFX2M)          0.77      27.03 r
  U0_ARITHMETIC_UNIT/mult_59/S2_6_2/CO (ADDFX2M)          0.77      27.80 r
  U0_ARITHMETIC_UNIT/mult_59/S2_7_2/CO (ADDFX2M)          0.77      28.57 r
  U0_ARITHMETIC_UNIT/mult_59/S2_8_2/CO (ADDFX2M)          0.77      29.34 r
  U0_ARITHMETIC_UNIT/mult_59/S2_9_2/CO (ADDFX2M)          0.77      30.11 r
  U0_ARITHMETIC_UNIT/mult_59/S2_10_2/CO (ADDFX2M)         0.77      30.88 r
  U0_ARITHMETIC_UNIT/mult_59/S2_11_2/CO (ADDFX2M)         0.77      31.64 r
  U0_ARITHMETIC_UNIT/mult_59/S2_12_2/CO (ADDFX2M)         0.77      32.41 r
  U0_ARITHMETIC_UNIT/mult_59/S2_13_2/CO (ADDFX2M)         0.77      33.18 r
  U0_ARITHMETIC_UNIT/mult_59/S2_14_2/CO (ADDFX2M)         0.77      33.95 r
  U0_ARITHMETIC_UNIT/mult_59/S4_2/S (ADDFX2M)             0.89      34.84 f
  U0_ARITHMETIC_UNIT/mult_59/U54/Y (CLKXOR2X2M)           0.68      35.52 r
  U0_ARITHMETIC_UNIT/mult_59/FS_1/A[15] (ARITHMETIC_UNIT_DW01_add_1)
                                                          0.00      35.52 r
  U0_ARITHMETIC_UNIT/mult_59/FS_1/U84/Y (CLKNAND2X2M)     0.71      36.23 f
  U0_ARITHMETIC_UNIT/mult_59/FS_1/U7/Y (CLKINVX2M)        0.64      36.86 r
  U0_ARITHMETIC_UNIT/mult_59/FS_1/U6/Y (AOI2B1X2M)        0.50      37.36 f
  U0_ARITHMETIC_UNIT/mult_59/FS_1/U14/Y (OAI21X2M)        0.95      38.32 r
  U0_ARITHMETIC_UNIT/mult_59/FS_1/U3/Y (AOI2B1X2M)        0.66      38.98 f
  U0_ARITHMETIC_UNIT/mult_59/FS_1/U11/Y (OAI21X2M)        0.98      39.96 r
  U0_ARITHMETIC_UNIT/mult_59/FS_1/U4/Y (AOI2B1X2M)        0.66      40.62 f
  U0_ARITHMETIC_UNIT/mult_59/FS_1/U12/Y (OAI21X2M)        0.98      41.60 r
  U0_ARITHMETIC_UNIT/mult_59/FS_1/U2/Y (AOI2B1X2M)        0.66      42.26 f
  U0_ARITHMETIC_UNIT/mult_59/FS_1/U13/Y (OAI21X2M)        0.98      43.24 r
  U0_ARITHMETIC_UNIT/mult_59/FS_1/U5/Y (AOI2B1X2M)        0.66      43.90 f
  U0_ARITHMETIC_UNIT/mult_59/FS_1/U10/Y (OAI21X2M)        0.98      44.88 r
  U0_ARITHMETIC_UNIT/mult_59/FS_1/U9/Y (AOI2B1X2M)        0.68      45.56 f
  U0_ARITHMETIC_UNIT/mult_59/FS_1/U8/Y (OAI21X4M)         0.80      46.35 r
  U0_ARITHMETIC_UNIT/mult_59/FS_1/U46/Y (XOR3XLM)         0.60      46.96 f
  U0_ARITHMETIC_UNIT/mult_59/FS_1/SUM[28] (ARITHMETIC_UNIT_DW01_add_1)
                                                          0.00      46.96 f
  U0_ARITHMETIC_UNIT/mult_59/PRODUCT[30] (ARITHMETIC_UNIT_DW02_mult_0)
                                                          0.00      46.96 f
  U0_ARITHMETIC_UNIT/U48/Y (AO21XLM)                      0.67      47.63 f
  U0_ARITHMETIC_UNIT/Arith_OUT_reg_30_/D (SDFFRQX2M)      0.00      47.63 f
  data arrival time                                                 47.63

  clock CLK (rise edge)                                 100.00     100.00
  clock network delay (ideal)                             0.00     100.00
  clock uncertainty                                      -0.20      99.80
  U0_ARITHMETIC_UNIT/Arith_OUT_reg_30_/CK (SDFFRQX2M)     0.00      99.80 r
  library setup time                                     -0.49      99.31
  data required time                                                99.31
  --------------------------------------------------------------------------
  data required time                                                99.31
  data arrival time                                                -47.63
  --------------------------------------------------------------------------
  slack (MET)                                                       51.68


  Startpoint: A[0] (input port clocked by CLK)
  Endpoint: U0_ARITHMETIC_UNIT/Arith_OUT_reg_29_
            (rising edge-triggered flip-flop clocked by CLK)
  Path Group: CLK
  Path Type: max

  Des/Clust/Port     Wire Load Model       Library
  ------------------------------------------------
  ALU_TOP            tsmc13_wl30           scmetro_tsmc_cl013g_rvt_ss_1p08v_125c

  Point                                                   Incr       Path
  --------------------------------------------------------------------------
  clock CLK (rise edge)                                   0.00       0.00
  clock network delay (ideal)                             0.00       0.00
  input external delay                                   20.00      20.00 r
  A[0] (in)                                               0.17      20.17 r
  U17/Y (CLKBUFX6M)                                       0.96      21.14 r
  U0_ARITHMETIC_UNIT/A[0] (ARITHMETIC_UNIT_test_1)        0.00      21.14 r
  U0_ARITHMETIC_UNIT/mult_59/A[0] (ARITHMETIC_UNIT_DW02_mult_0)
                                                          0.00      21.14 r
  U0_ARITHMETIC_UNIT/mult_59/U114/Y (INVX2M)              0.37      21.50 f
  U0_ARITHMETIC_UNIT/mult_59/U113/Y (CLKBUFX8M)           0.97      22.48 f
  U0_ARITHMETIC_UNIT/mult_59/U30/Y (NOR2X2M)              1.01      23.49 r
  U0_ARITHMETIC_UNIT/mult_59/U83/Y (XOR2X1M)              0.68      24.17 r
  U0_ARITHMETIC_UNIT/mult_59/S2_2_2/CO (ADDFX2M)          0.56      24.73 r
  U0_ARITHMETIC_UNIT/mult_59/S2_3_2/CO (ADDFX2M)          0.77      25.50 r
  U0_ARITHMETIC_UNIT/mult_59/S2_4_2/CO (ADDFX2M)          0.77      26.27 r
  U0_ARITHMETIC_UNIT/mult_59/S2_5_2/CO (ADDFX2M)          0.77      27.03 r
  U0_ARITHMETIC_UNIT/mult_59/S2_6_2/CO (ADDFX2M)          0.77      27.80 r
  U0_ARITHMETIC_UNIT/mult_59/S2_7_2/CO (ADDFX2M)          0.77      28.57 r
  U0_ARITHMETIC_UNIT/mult_59/S2_8_2/CO (ADDFX2M)          0.77      29.34 r
  U0_ARITHMETIC_UNIT/mult_59/S2_9_2/CO (ADDFX2M)          0.77      30.11 r
  U0_ARITHMETIC_UNIT/mult_59/S2_10_2/CO (ADDFX2M)         0.77      30.88 r
  U0_ARITHMETIC_UNIT/mult_59/S2_11_2/CO (ADDFX2M)         0.77      31.64 r
  U0_ARITHMETIC_UNIT/mult_59/S2_12_2/CO (ADDFX2M)         0.77      32.41 r
  U0_ARITHMETIC_UNIT/mult_59/S2_13_2/CO (ADDFX2M)         0.77      33.18 r
  U0_ARITHMETIC_UNIT/mult_59/S2_14_2/CO (ADDFX2M)         0.77      33.95 r
  U0_ARITHMETIC_UNIT/mult_59/S4_2/S (ADDFX2M)             0.89      34.84 f
  U0_ARITHMETIC_UNIT/mult_59/U54/Y (CLKXOR2X2M)           0.68      35.52 r
  U0_ARITHMETIC_UNIT/mult_59/FS_1/A[15] (ARITHMETIC_UNIT_DW01_add_1)
                                                          0.00      35.52 r
  U0_ARITHMETIC_UNIT/mult_59/FS_1/U84/Y (CLKNAND2X2M)     0.71      36.23 f
  U0_ARITHMETIC_UNIT/mult_59/FS_1/U7/Y (CLKINVX2M)        0.64      36.86 r
  U0_ARITHMETIC_UNIT/mult_59/FS_1/U6/Y (AOI2B1X2M)        0.50      37.36 f
  U0_ARITHMETIC_UNIT/mult_59/FS_1/U14/Y (OAI21X2M)        0.95      38.32 r
  U0_ARITHMETIC_UNIT/mult_59/FS_1/U3/Y (AOI2B1X2M)        0.66      38.98 f
  U0_ARITHMETIC_UNIT/mult_59/FS_1/U11/Y (OAI21X2M)        0.98      39.96 r
  U0_ARITHMETIC_UNIT/mult_59/FS_1/U4/Y (AOI2B1X2M)        0.66      40.62 f
  U0_ARITHMETIC_UNIT/mult_59/FS_1/U12/Y (OAI21X2M)        0.98      41.60 r
  U0_ARITHMETIC_UNIT/mult_59/FS_1/U2/Y (AOI2B1X2M)        0.66      42.26 f
  U0_ARITHMETIC_UNIT/mult_59/FS_1/U13/Y (OAI21X2M)        0.98      43.24 r
  U0_ARITHMETIC_UNIT/mult_59/FS_1/U5/Y (AOI2B1X2M)        0.66      43.90 f
  U0_ARITHMETIC_UNIT/mult_59/FS_1/U10/Y (OAI21X2M)        0.98      44.88 r
  U0_ARITHMETIC_UNIT/mult_59/FS_1/U9/Y (AOI2B1X2M)        0.68      45.56 f
  U0_ARITHMETIC_UNIT/mult_59/FS_1/U47/Y (CLKXOR2X2M)      0.56      46.12 f
  U0_ARITHMETIC_UNIT/mult_59/FS_1/SUM[27] (ARITHMETIC_UNIT_DW01_add_1)
                                                          0.00      46.12 f
  U0_ARITHMETIC_UNIT/mult_59/PRODUCT[29] (ARITHMETIC_UNIT_DW02_mult_0)
                                                          0.00      46.12 f
  U0_ARITHMETIC_UNIT/U44/Y (AO21XLM)                      0.63      46.75 f
  U0_ARITHMETIC_UNIT/Arith_OUT_reg_29_/D (SDFFRQX2M)      0.00      46.75 f
  data arrival time                                                 46.75

  clock CLK (rise edge)                                 100.00     100.00
  clock network delay (ideal)                             0.00     100.00
  clock uncertainty                                      -0.20      99.80
  U0_ARITHMETIC_UNIT/Arith_OUT_reg_29_/CK (SDFFRQX2M)     0.00      99.80 r
  library setup time                                     -0.49      99.31
  data required time                                                99.31
  --------------------------------------------------------------------------
  data required time                                                99.31
  data arrival time                                                -46.75
  --------------------------------------------------------------------------
  slack (MET)                                                       52.56


  Startpoint: A[0] (input port clocked by CLK)
  Endpoint: U0_ARITHMETIC_UNIT/Arith_OUT_reg_28_
            (rising edge-triggered flip-flop clocked by CLK)
  Path Group: CLK
  Path Type: max

  Des/Clust/Port     Wire Load Model       Library
  ------------------------------------------------
  ALU_TOP            tsmc13_wl30           scmetro_tsmc_cl013g_rvt_ss_1p08v_125c

  Point                                                   Incr       Path
  --------------------------------------------------------------------------
  clock CLK (rise edge)                                   0.00       0.00
  clock network delay (ideal)                             0.00       0.00
  input external delay                                   20.00      20.00 r
  A[0] (in)                                               0.17      20.17 r
  U17/Y (CLKBUFX6M)                                       0.96      21.14 r
  U0_ARITHMETIC_UNIT/A[0] (ARITHMETIC_UNIT_test_1)        0.00      21.14 r
  U0_ARITHMETIC_UNIT/mult_59/A[0] (ARITHMETIC_UNIT_DW02_mult_0)
                                                          0.00      21.14 r
  U0_ARITHMETIC_UNIT/mult_59/U114/Y (INVX2M)              0.37      21.50 f
  U0_ARITHMETIC_UNIT/mult_59/U113/Y (CLKBUFX8M)           0.97      22.48 f
  U0_ARITHMETIC_UNIT/mult_59/U30/Y (NOR2X2M)              1.01      23.49 r
  U0_ARITHMETIC_UNIT/mult_59/U83/Y (XOR2X1M)              0.68      24.17 r
  U0_ARITHMETIC_UNIT/mult_59/S2_2_2/CO (ADDFX2M)          0.56      24.73 r
  U0_ARITHMETIC_UNIT/mult_59/S2_3_2/CO (ADDFX2M)          0.77      25.50 r
  U0_ARITHMETIC_UNIT/mult_59/S2_4_2/CO (ADDFX2M)          0.77      26.27 r
  U0_ARITHMETIC_UNIT/mult_59/S2_5_2/CO (ADDFX2M)          0.77      27.03 r
  U0_ARITHMETIC_UNIT/mult_59/S2_6_2/CO (ADDFX2M)          0.77      27.80 r
  U0_ARITHMETIC_UNIT/mult_59/S2_7_2/CO (ADDFX2M)          0.77      28.57 r
  U0_ARITHMETIC_UNIT/mult_59/S2_8_2/CO (ADDFX2M)          0.77      29.34 r
  U0_ARITHMETIC_UNIT/mult_59/S2_9_2/CO (ADDFX2M)          0.77      30.11 r
  U0_ARITHMETIC_UNIT/mult_59/S2_10_2/CO (ADDFX2M)         0.77      30.88 r
  U0_ARITHMETIC_UNIT/mult_59/S2_11_2/CO (ADDFX2M)         0.77      31.64 r
  U0_ARITHMETIC_UNIT/mult_59/S2_12_2/CO (ADDFX2M)         0.77      32.41 r
  U0_ARITHMETIC_UNIT/mult_59/S2_13_2/CO (ADDFX2M)         0.77      33.18 r
  U0_ARITHMETIC_UNIT/mult_59/S2_14_2/CO (ADDFX2M)         0.77      33.95 r
  U0_ARITHMETIC_UNIT/mult_59/S4_2/S (ADDFX2M)             0.89      34.84 f
  U0_ARITHMETIC_UNIT/mult_59/U54/Y (CLKXOR2X2M)           0.68      35.52 r
  U0_ARITHMETIC_UNIT/mult_59/FS_1/A[15] (ARITHMETIC_UNIT_DW01_add_1)
                                                          0.00      35.52 r
  U0_ARITHMETIC_UNIT/mult_59/FS_1/U84/Y (CLKNAND2X2M)     0.71      36.23 f
  U0_ARITHMETIC_UNIT/mult_59/FS_1/U7/Y (CLKINVX2M)        0.64      36.86 r
  U0_ARITHMETIC_UNIT/mult_59/FS_1/U6/Y (AOI2B1X2M)        0.50      37.36 f
  U0_ARITHMETIC_UNIT/mult_59/FS_1/U14/Y (OAI21X2M)        0.95      38.32 r
  U0_ARITHMETIC_UNIT/mult_59/FS_1/U3/Y (AOI2B1X2M)        0.66      38.98 f
  U0_ARITHMETIC_UNIT/mult_59/FS_1/U11/Y (OAI21X2M)        0.98      39.96 r
  U0_ARITHMETIC_UNIT/mult_59/FS_1/U4/Y (AOI2B1X2M)        0.66      40.62 f
  U0_ARITHMETIC_UNIT/mult_59/FS_1/U12/Y (OAI21X2M)        0.98      41.60 r
  U0_ARITHMETIC_UNIT/mult_59/FS_1/U2/Y (AOI2B1X2M)        0.66      42.26 f
  U0_ARITHMETIC_UNIT/mult_59/FS_1/U13/Y (OAI21X2M)        0.98      43.24 r
  U0_ARITHMETIC_UNIT/mult_59/FS_1/U5/Y (AOI2B1X2M)        0.66      43.90 f
  U0_ARITHMETIC_UNIT/mult_59/FS_1/U10/Y (OAI21X2M)        0.98      44.88 r
  U0_ARITHMETIC_UNIT/mult_59/FS_1/U50/Y (CLKXOR2X2M)      0.53      45.41 f
  U0_ARITHMETIC_UNIT/mult_59/FS_1/SUM[26] (ARITHMETIC_UNIT_DW01_add_1)
                                                          0.00      45.41 f
  U0_ARITHMETIC_UNIT/mult_59/PRODUCT[28] (ARITHMETIC_UNIT_DW02_mult_0)
                                                          0.00      45.41 f
  U0_ARITHMETIC_UNIT/U45/Y (AO21XLM)                      0.63      46.04 f
  U0_ARITHMETIC_UNIT/Arith_OUT_reg_28_/D (SDFFRQX2M)      0.00      46.04 f
  data arrival time                                                 46.04

  clock CLK (rise edge)                                 100.00     100.00
  clock network delay (ideal)                             0.00     100.00
  clock uncertainty                                      -0.20      99.80
  U0_ARITHMETIC_UNIT/Arith_OUT_reg_28_/CK (SDFFRQX2M)     0.00      99.80 r
  library setup time                                     -0.49      99.31
  data required time                                                99.31
  --------------------------------------------------------------------------
  data required time                                                99.31
  data arrival time                                                -46.04
  --------------------------------------------------------------------------
  slack (MET)                                                       53.27


  Startpoint: B[14] (input port clocked by CLK)
  Endpoint: U0_ARITHMETIC_UNIT/Arith_OUT_reg_8_
            (rising edge-triggered flip-flop clocked by CLK)
  Path Group: CLK
  Path Type: max

  Des/Clust/Port     Wire Load Model       Library
  ------------------------------------------------
  ALU_TOP            tsmc13_wl30           scmetro_tsmc_cl013g_rvt_ss_1p08v_125c

  Point                                                   Incr       Path
  --------------------------------------------------------------------------
  clock CLK (rise edge)                                   0.00       0.00
  clock network delay (ideal)                             0.00       0.00
  input external delay                                   20.00      20.00 r
  B[14] (in)                                              0.35      20.35 r
  U5/Y (BUFX6M)                                           0.62      20.96 r
  U0_ARITHMETIC_UNIT/B[14] (ARITHMETIC_UNIT_test_1)       0.00      20.96 r
  U0_ARITHMETIC_UNIT/div_63/b[14] (ARITHMETIC_UNIT_DW_div_uns_0)
                                                          0.00      20.96 r
  U0_ARITHMETIC_UNIT/div_63/U71/Y (NOR2X12M)              0.21      21.17 f
  U0_ARITHMETIC_UNIT/div_63/U131/Y (AND3X12M)             0.25      21.42 f
  U0_ARITHMETIC_UNIT/div_63/U116/Y (AND2X12M)             0.20      21.63 f
  U0_ARITHMETIC_UNIT/div_63/U16/Y (AND3X12M)              0.21      21.84 f
  U0_ARITHMETIC_UNIT/div_63/U133/Y (AND2X12M)             0.20      22.05 f
  U0_ARITHMETIC_UNIT/div_63/U11/Y (AND3X12M)              0.21      22.26 f
  U0_ARITHMETIC_UNIT/div_63/U12/Y (AND2X12M)              0.21      22.46 f
  U0_ARITHMETIC_UNIT/div_63/U8/Y (AND3X12M)               0.23      22.69 f
  U0_ARITHMETIC_UNIT/div_63/U14/Y (AND4X8M)               0.25      22.94 f
  U0_ARITHMETIC_UNIT/div_63/U13/Y (MX2X6M)                0.35      23.29 r
  U0_ARITHMETIC_UNIT/div_63/u_div_u_fa_PartRem_0_14_1/CO (ADDFX2M)
                                                          0.67      23.96 r
  U0_ARITHMETIC_UNIT/div_63/U18/Y (AND3X1M)               0.49      24.45 r
  U0_ARITHMETIC_UNIT/div_63/U17/Y (BUFX10M)               0.26      24.71 r
  U0_ARITHMETIC_UNIT/div_63/U209/Y (CLKMX2X2M)            0.61      25.32 f
  U0_ARITHMETIC_UNIT/div_63/u_div_u_fa_PartRem_0_13_1/CO (ADDFX2M)
                                                          0.73      26.05 f
  U0_ARITHMETIC_UNIT/div_63/u_div_u_fa_PartRem_0_13_2/CO (ADDFX2M)
                                                          0.50      26.55 f
  U0_ARITHMETIC_UNIT/div_63/U38/Y (AND2X1M)               0.40      26.95 f
  U0_ARITHMETIC_UNIT/div_63/U37/Y (BUFX10M)               0.26      27.21 f
  U0_ARITHMETIC_UNIT/div_63/U212/Y (CLKMX2X2M)            0.56      27.77 r
  U0_ARITHMETIC_UNIT/div_63/u_div_u_fa_PartRem_0_12_1/CO (ADDFX2M)
                                                          0.72      28.49 r
  U0_ARITHMETIC_UNIT/div_63/u_div_u_fa_PartRem_0_12_2/CO (ADDFX2M)
                                                          0.53      29.02 r
  U0_ARITHMETIC_UNIT/div_63/u_div_u_fa_PartRem_0_12_3/CO (ADDFHX8M)
                                                          0.24      29.27 r
  U0_ARITHMETIC_UNIT/div_63/U61/Y (AND3X4M)               0.63      29.90 r
  U0_ARITHMETIC_UNIT/div_63/U213/Y (CLKMX2X2M)            0.68      30.58 f
  U0_ARITHMETIC_UNIT/div_63/u_div_u_fa_PartRem_0_11_1/CO (ADDFX2M)
                                                          0.73      31.31 f
  U0_ARITHMETIC_UNIT/div_63/u_div_u_fa_PartRem_0_11_2/CO (ADDFX2M)
                                                          0.55      31.86 f
  U0_ARITHMETIC_UNIT/div_63/u_div_u_fa_PartRem_0_11_3/CO (ADDFHX8M)
                                                          0.30      32.17 f
  U0_ARITHMETIC_UNIT/div_63/u_div_u_fa_PartRem_0_11_4/CO (ADDFX2M)
                                                          0.46      32.63 f
  U0_ARITHMETIC_UNIT/div_63/U21/Y (AND2X1M)               0.42      33.04 f
  U0_ARITHMETIC_UNIT/div_63/U20/Y (BUFX14M)               0.27      33.32 f
  U0_ARITHMETIC_UNIT/div_63/U214/Y (CLKMX2X2M)            0.57      33.88 f
  U0_ARITHMETIC_UNIT/div_63/u_div_u_fa_PartRem_0_10_1/CO (ADDFX2M)
                                                          0.73      34.62 f
  U0_ARITHMETIC_UNIT/div_63/u_div_u_fa_PartRem_0_10_2/CO (ADDFX2M)
                                                          0.55      35.16 f
  U0_ARITHMETIC_UNIT/div_63/u_div_u_fa_PartRem_0_10_3/CO (ADDFHX8M)
                                                          0.30      35.47 f
  U0_ARITHMETIC_UNIT/div_63/u_div_u_fa_PartRem_0_10_4/CO (ADDFX2M)
                                                          0.47      35.94 f
  U0_ARITHMETIC_UNIT/div_63/u_div_u_fa_PartRem_0_10_5/CO (ADDFX2M)
                                                          0.51      36.45 f
  U0_ARITHMETIC_UNIT/div_63/U10/Y (CLKAND2X12M)           0.21      36.66 f
  U0_ARITHMETIC_UNIT/div_63/U29/Y (BUFX18M)               0.20      36.85 f
  U0_ARITHMETIC_UNIT/div_63/U215/Y (CLKMX2X2M)            0.56      37.42 f
  U0_ARITHMETIC_UNIT/div_63/u_div_u_fa_PartRem_0_9_1/CO (ADDFX2M)
                                                          0.73      38.15 f
  U0_ARITHMETIC_UNIT/div_63/u_div_u_fa_PartRem_0_9_2/CO (ADDFX2M)
                                                          0.55      38.70 f
  U0_ARITHMETIC_UNIT/div_63/u_div_u_fa_PartRem_0_9_3/CO (ADDFHX8M)
                                                          0.30      39.00 f
  U0_ARITHMETIC_UNIT/div_63/u_div_u_fa_PartRem_0_9_4/CO (ADDFX2M)
                                                          0.47      39.47 f
  U0_ARITHMETIC_UNIT/div_63/u_div_u_fa_PartRem_0_9_5/CO (ADDFX2M)
                                                          0.55      40.02 f
  U0_ARITHMETIC_UNIT/div_63/u_div_u_fa_PartRem_0_9_6/CO (ADDFHX8M)
                                                          0.31      40.33 f
  U0_ARITHMETIC_UNIT/div_63/U54/Y (AND2X12M)              0.29      40.62 f
  U0_ARITHMETIC_UNIT/div_63/U128/Y (MX2X1M)               0.60      41.22 f
  U0_ARITHMETIC_UNIT/div_63/u_div_u_fa_PartRem_0_8_2/CO (ADDFX4M)
                                                          0.75      41.97 f
  U0_ARITHMETIC_UNIT/div_63/u_div_u_fa_PartRem_0_8_3/CO (ADDFHX8M)
                                                          0.29      42.27 f
  U0_ARITHMETIC_UNIT/div_63/u_div_u_fa_PartRem_0_8_4/CO (ADDFX2M)
                                                          0.47      42.73 f
  U0_ARITHMETIC_UNIT/div_63/u_div_u_fa_PartRem_0_8_5/CO (ADDFX2M)
                                                          0.51      43.24 f
  U0_ARITHMETIC_UNIT/div_63/u_div_u_fa_PartRem_0_8_6/CO (ADDFX2M)
                                                          0.51      43.75 f
  U0_ARITHMETIC_UNIT/div_63/u_div_u_fa_PartRem_0_8_7/CO (ADDFX2M)
                                                          0.50      44.24 f
  U0_ARITHMETIC_UNIT/div_63/U136/Y (AND2X1M)              0.43      44.67 f
  U0_ARITHMETIC_UNIT/div_63/U28/Y (CLKBUFX32M)            0.31      44.98 f
  U0_ARITHMETIC_UNIT/div_63/quotient[8] (ARITHMETIC_UNIT_DW_div_uns_0)
                                                          0.00      44.98 f
  U0_ARITHMETIC_UNIT/U87/Y (AOI22X1M)                     0.66      45.64 r
  U0_ARITHMETIC_UNIT/U85/Y (NAND2X2M)                     0.36      46.00 f
  U0_ARITHMETIC_UNIT/Arith_OUT_reg_8_/D (SDFFRQX2M)       0.00      46.00 f
  data arrival time                                                 46.00

  clock CLK (rise edge)                                 100.00     100.00
  clock network delay (ideal)                             0.00     100.00
  clock uncertainty                                      -0.20      99.80
  U0_ARITHMETIC_UNIT/Arith_OUT_reg_8_/CK (SDFFRQX2M)      0.00      99.80 r
  library setup time                                     -0.47      99.33
  data required time                                                99.33
  --------------------------------------------------------------------------
  data required time                                                99.33
  data arrival time                                                -46.00
  --------------------------------------------------------------------------
  slack (MET)                                                       53.33


  Startpoint: A[0] (input port clocked by CLK)
  Endpoint: U0_ARITHMETIC_UNIT/Arith_OUT_reg_27_
            (rising edge-triggered flip-flop clocked by CLK)
  Path Group: CLK
  Path Type: max

  Des/Clust/Port     Wire Load Model       Library
  ------------------------------------------------
  ALU_TOP            tsmc13_wl30           scmetro_tsmc_cl013g_rvt_ss_1p08v_125c

  Point                                                   Incr       Path
  --------------------------------------------------------------------------
  clock CLK (rise edge)                                   0.00       0.00
  clock network delay (ideal)                             0.00       0.00
  input external delay                                   20.00      20.00 r
  A[0] (in)                                               0.17      20.17 r
  U17/Y (CLKBUFX6M)                                       0.96      21.14 r
  U0_ARITHMETIC_UNIT/A[0] (ARITHMETIC_UNIT_test_1)        0.00      21.14 r
  U0_ARITHMETIC_UNIT/mult_59/A[0] (ARITHMETIC_UNIT_DW02_mult_0)
                                                          0.00      21.14 r
  U0_ARITHMETIC_UNIT/mult_59/U114/Y (INVX2M)              0.37      21.50 f
  U0_ARITHMETIC_UNIT/mult_59/U113/Y (CLKBUFX8M)           0.97      22.48 f
  U0_ARITHMETIC_UNIT/mult_59/U30/Y (NOR2X2M)              1.01      23.49 r
  U0_ARITHMETIC_UNIT/mult_59/U83/Y (XOR2X1M)              0.68      24.17 r
  U0_ARITHMETIC_UNIT/mult_59/S2_2_2/CO (ADDFX2M)          0.56      24.73 r
  U0_ARITHMETIC_UNIT/mult_59/S2_3_2/CO (ADDFX2M)          0.77      25.50 r
  U0_ARITHMETIC_UNIT/mult_59/S2_4_2/CO (ADDFX2M)          0.77      26.27 r
  U0_ARITHMETIC_UNIT/mult_59/S2_5_2/CO (ADDFX2M)          0.77      27.03 r
  U0_ARITHMETIC_UNIT/mult_59/S2_6_2/CO (ADDFX2M)          0.77      27.80 r
  U0_ARITHMETIC_UNIT/mult_59/S2_7_2/CO (ADDFX2M)          0.77      28.57 r
  U0_ARITHMETIC_UNIT/mult_59/S2_8_2/CO (ADDFX2M)          0.77      29.34 r
  U0_ARITHMETIC_UNIT/mult_59/S2_9_2/CO (ADDFX2M)          0.77      30.11 r
  U0_ARITHMETIC_UNIT/mult_59/S2_10_2/CO (ADDFX2M)         0.77      30.88 r
  U0_ARITHMETIC_UNIT/mult_59/S2_11_2/CO (ADDFX2M)         0.77      31.64 r
  U0_ARITHMETIC_UNIT/mult_59/S2_12_2/CO (ADDFX2M)         0.77      32.41 r
  U0_ARITHMETIC_UNIT/mult_59/S2_13_2/CO (ADDFX2M)         0.77      33.18 r
  U0_ARITHMETIC_UNIT/mult_59/S2_14_2/CO (ADDFX2M)         0.77      33.95 r
  U0_ARITHMETIC_UNIT/mult_59/S4_2/S (ADDFX2M)             0.89      34.84 f
  U0_ARITHMETIC_UNIT/mult_59/U54/Y (CLKXOR2X2M)           0.68      35.52 r
  U0_ARITHMETIC_UNIT/mult_59/FS_1/A[15] (ARITHMETIC_UNIT_DW01_add_1)
                                                          0.00      35.52 r
  U0_ARITHMETIC_UNIT/mult_59/FS_1/U84/Y (CLKNAND2X2M)     0.71      36.23 f
  U0_ARITHMETIC_UNIT/mult_59/FS_1/U7/Y (CLKINVX2M)        0.64      36.86 r
  U0_ARITHMETIC_UNIT/mult_59/FS_1/U6/Y (AOI2B1X2M)        0.50      37.36 f
  U0_ARITHMETIC_UNIT/mult_59/FS_1/U14/Y (OAI21X2M)        0.95      38.32 r
  U0_ARITHMETIC_UNIT/mult_59/FS_1/U3/Y (AOI2B1X2M)        0.66      38.98 f
  U0_ARITHMETIC_UNIT/mult_59/FS_1/U11/Y (OAI21X2M)        0.98      39.96 r
  U0_ARITHMETIC_UNIT/mult_59/FS_1/U4/Y (AOI2B1X2M)        0.66      40.62 f
  U0_ARITHMETIC_UNIT/mult_59/FS_1/U12/Y (OAI21X2M)        0.98      41.60 r
  U0_ARITHMETIC_UNIT/mult_59/FS_1/U2/Y (AOI2B1X2M)        0.66      42.26 f
  U0_ARITHMETIC_UNIT/mult_59/FS_1/U13/Y (OAI21X2M)        0.98      43.24 r
  U0_ARITHMETIC_UNIT/mult_59/FS_1/U5/Y (AOI2B1X2M)        0.66      43.90 f
  U0_ARITHMETIC_UNIT/mult_59/FS_1/U53/Y (CLKXOR2X2M)      0.56      44.46 f
  U0_ARITHMETIC_UNIT/mult_59/FS_1/SUM[25] (ARITHMETIC_UNIT_DW01_add_1)
                                                          0.00      44.46 f
  U0_ARITHMETIC_UNIT/mult_59/PRODUCT[27] (ARITHMETIC_UNIT_DW02_mult_0)
                                                          0.00      44.46 f
  U0_ARITHMETIC_UNIT/U46/Y (AO21XLM)                      0.63      45.09 f
  U0_ARITHMETIC_UNIT/Arith_OUT_reg_27_/D (SDFFRQX2M)      0.00      45.09 f
  data arrival time                                                 45.09

  clock CLK (rise edge)                                 100.00     100.00
  clock network delay (ideal)                             0.00     100.00
  clock uncertainty                                      -0.20      99.80
  U0_ARITHMETIC_UNIT/Arith_OUT_reg_27_/CK (SDFFRQX2M)     0.00      99.80 r
  library setup time                                     -0.49      99.31
  data required time                                                99.31
  --------------------------------------------------------------------------
  data required time                                                99.31
  data arrival time                                                -45.09
  --------------------------------------------------------------------------
  slack (MET)                                                       54.22


  Startpoint: A[0] (input port clocked by CLK)
  Endpoint: U0_ARITHMETIC_UNIT/Arith_OUT_reg_26_
            (rising edge-triggered flip-flop clocked by CLK)
  Path Group: CLK
  Path Type: max

  Des/Clust/Port     Wire Load Model       Library
  ------------------------------------------------
  ALU_TOP            tsmc13_wl30           scmetro_tsmc_cl013g_rvt_ss_1p08v_125c

  Point                                                   Incr       Path
  --------------------------------------------------------------------------
  clock CLK (rise edge)                                   0.00       0.00
  clock network delay (ideal)                             0.00       0.00
  input external delay                                   20.00      20.00 r
  A[0] (in)                                               0.17      20.17 r
  U17/Y (CLKBUFX6M)                                       0.96      21.14 r
  U0_ARITHMETIC_UNIT/A[0] (ARITHMETIC_UNIT_test_1)        0.00      21.14 r
  U0_ARITHMETIC_UNIT/mult_59/A[0] (ARITHMETIC_UNIT_DW02_mult_0)
                                                          0.00      21.14 r
  U0_ARITHMETIC_UNIT/mult_59/U114/Y (INVX2M)              0.37      21.50 f
  U0_ARITHMETIC_UNIT/mult_59/U113/Y (CLKBUFX8M)           0.97      22.48 f
  U0_ARITHMETIC_UNIT/mult_59/U30/Y (NOR2X2M)              1.01      23.49 r
  U0_ARITHMETIC_UNIT/mult_59/U83/Y (XOR2X1M)              0.68      24.17 r
  U0_ARITHMETIC_UNIT/mult_59/S2_2_2/CO (ADDFX2M)          0.56      24.73 r
  U0_ARITHMETIC_UNIT/mult_59/S2_3_2/CO (ADDFX2M)          0.77      25.50 r
  U0_ARITHMETIC_UNIT/mult_59/S2_4_2/CO (ADDFX2M)          0.77      26.27 r
  U0_ARITHMETIC_UNIT/mult_59/S2_5_2/CO (ADDFX2M)          0.77      27.03 r
  U0_ARITHMETIC_UNIT/mult_59/S2_6_2/CO (ADDFX2M)          0.77      27.80 r
  U0_ARITHMETIC_UNIT/mult_59/S2_7_2/CO (ADDFX2M)          0.77      28.57 r
  U0_ARITHMETIC_UNIT/mult_59/S2_8_2/CO (ADDFX2M)          0.77      29.34 r
  U0_ARITHMETIC_UNIT/mult_59/S2_9_2/CO (ADDFX2M)          0.77      30.11 r
  U0_ARITHMETIC_UNIT/mult_59/S2_10_2/CO (ADDFX2M)         0.77      30.88 r
  U0_ARITHMETIC_UNIT/mult_59/S2_11_2/CO (ADDFX2M)         0.77      31.64 r
  U0_ARITHMETIC_UNIT/mult_59/S2_12_2/CO (ADDFX2M)         0.77      32.41 r
  U0_ARITHMETIC_UNIT/mult_59/S2_13_2/CO (ADDFX2M)         0.77      33.18 r
  U0_ARITHMETIC_UNIT/mult_59/S2_14_2/CO (ADDFX2M)         0.77      33.95 r
  U0_ARITHMETIC_UNIT/mult_59/S4_2/S (ADDFX2M)             0.89      34.84 f
  U0_ARITHMETIC_UNIT/mult_59/U54/Y (CLKXOR2X2M)           0.68      35.52 r
  U0_ARITHMETIC_UNIT/mult_59/FS_1/A[15] (ARITHMETIC_UNIT_DW01_add_1)
                                                          0.00      35.52 r
  U0_ARITHMETIC_UNIT/mult_59/FS_1/U84/Y (CLKNAND2X2M)     0.71      36.23 f
  U0_ARITHMETIC_UNIT/mult_59/FS_1/U7/Y (CLKINVX2M)        0.64      36.86 r
  U0_ARITHMETIC_UNIT/mult_59/FS_1/U6/Y (AOI2B1X2M)        0.50      37.36 f
  U0_ARITHMETIC_UNIT/mult_59/FS_1/U14/Y (OAI21X2M)        0.95      38.32 r
  U0_ARITHMETIC_UNIT/mult_59/FS_1/U3/Y (AOI2B1X2M)        0.66      38.98 f
  U0_ARITHMETIC_UNIT/mult_59/FS_1/U11/Y (OAI21X2M)        0.98      39.96 r
  U0_ARITHMETIC_UNIT/mult_59/FS_1/U4/Y (AOI2B1X2M)        0.66      40.62 f
  U0_ARITHMETIC_UNIT/mult_59/FS_1/U12/Y (OAI21X2M)        0.98      41.60 r
  U0_ARITHMETIC_UNIT/mult_59/FS_1/U2/Y (AOI2B1X2M)        0.66      42.26 f
  U0_ARITHMETIC_UNIT/mult_59/FS_1/U13/Y (OAI21X2M)        0.98      43.24 r
  U0_ARITHMETIC_UNIT/mult_59/FS_1/U56/Y (CLKXOR2X2M)      0.53      43.77 f
  U0_ARITHMETIC_UNIT/mult_59/FS_1/SUM[24] (ARITHMETIC_UNIT_DW01_add_1)
                                                          0.00      43.77 f
  U0_ARITHMETIC_UNIT/mult_59/PRODUCT[26] (ARITHMETIC_UNIT_DW02_mult_0)
                                                          0.00      43.77 f
  U0_ARITHMETIC_UNIT/U49/Y (AO21XLM)                      0.63      44.40 f
  U0_ARITHMETIC_UNIT/Arith_OUT_reg_26_/D (SDFFRQX2M)      0.00      44.40 f
  data arrival time                                                 44.40

  clock CLK (rise edge)                                 100.00     100.00
  clock network delay (ideal)                             0.00     100.00
  clock uncertainty                                      -0.20      99.80
  U0_ARITHMETIC_UNIT/Arith_OUT_reg_26_/CK (SDFFRQX2M)     0.00      99.80 r
  library setup time                                     -0.49      99.31
  data required time                                                99.31
  --------------------------------------------------------------------------
  data required time                                                99.31
  data arrival time                                                -44.40
  --------------------------------------------------------------------------
  slack (MET)                                                       54.91


  Startpoint: A[0] (input port clocked by CLK)
  Endpoint: U0_ARITHMETIC_UNIT/Arith_OUT_reg_25_
            (rising edge-triggered flip-flop clocked by CLK)
  Path Group: CLK
  Path Type: max

  Des/Clust/Port     Wire Load Model       Library
  ------------------------------------------------
  ALU_TOP            tsmc13_wl30           scmetro_tsmc_cl013g_rvt_ss_1p08v_125c

  Point                                                   Incr       Path
  --------------------------------------------------------------------------
  clock CLK (rise edge)                                   0.00       0.00
  clock network delay (ideal)                             0.00       0.00
  input external delay                                   20.00      20.00 r
  A[0] (in)                                               0.17      20.17 r
  U17/Y (CLKBUFX6M)                                       0.96      21.14 r
  U0_ARITHMETIC_UNIT/A[0] (ARITHMETIC_UNIT_test_1)        0.00      21.14 r
  U0_ARITHMETIC_UNIT/mult_59/A[0] (ARITHMETIC_UNIT_DW02_mult_0)
                                                          0.00      21.14 r
  U0_ARITHMETIC_UNIT/mult_59/U114/Y (INVX2M)              0.37      21.50 f
  U0_ARITHMETIC_UNIT/mult_59/U113/Y (CLKBUFX8M)           0.97      22.48 f
  U0_ARITHMETIC_UNIT/mult_59/U30/Y (NOR2X2M)              1.01      23.49 r
  U0_ARITHMETIC_UNIT/mult_59/U83/Y (XOR2X1M)              0.68      24.17 r
  U0_ARITHMETIC_UNIT/mult_59/S2_2_2/CO (ADDFX2M)          0.56      24.73 r
  U0_ARITHMETIC_UNIT/mult_59/S2_3_2/CO (ADDFX2M)          0.77      25.50 r
  U0_ARITHMETIC_UNIT/mult_59/S2_4_2/CO (ADDFX2M)          0.77      26.27 r
  U0_ARITHMETIC_UNIT/mult_59/S2_5_2/CO (ADDFX2M)          0.77      27.03 r
  U0_ARITHMETIC_UNIT/mult_59/S2_6_2/CO (ADDFX2M)          0.77      27.80 r
  U0_ARITHMETIC_UNIT/mult_59/S2_7_2/CO (ADDFX2M)          0.77      28.57 r
  U0_ARITHMETIC_UNIT/mult_59/S2_8_2/CO (ADDFX2M)          0.77      29.34 r
  U0_ARITHMETIC_UNIT/mult_59/S2_9_2/CO (ADDFX2M)          0.77      30.11 r
  U0_ARITHMETIC_UNIT/mult_59/S2_10_2/CO (ADDFX2M)         0.77      30.88 r
  U0_ARITHMETIC_UNIT/mult_59/S2_11_2/CO (ADDFX2M)         0.77      31.64 r
  U0_ARITHMETIC_UNIT/mult_59/S2_12_2/CO (ADDFX2M)         0.77      32.41 r
  U0_ARITHMETIC_UNIT/mult_59/S2_13_2/CO (ADDFX2M)         0.77      33.18 r
  U0_ARITHMETIC_UNIT/mult_59/S2_14_2/CO (ADDFX2M)         0.77      33.95 r
  U0_ARITHMETIC_UNIT/mult_59/S4_2/S (ADDFX2M)             0.89      34.84 f
  U0_ARITHMETIC_UNIT/mult_59/U54/Y (CLKXOR2X2M)           0.68      35.52 r
  U0_ARITHMETIC_UNIT/mult_59/FS_1/A[15] (ARITHMETIC_UNIT_DW01_add_1)
                                                          0.00      35.52 r
  U0_ARITHMETIC_UNIT/mult_59/FS_1/U84/Y (CLKNAND2X2M)     0.71      36.23 f
  U0_ARITHMETIC_UNIT/mult_59/FS_1/U7/Y (CLKINVX2M)        0.64      36.86 r
  U0_ARITHMETIC_UNIT/mult_59/FS_1/U6/Y (AOI2B1X2M)        0.50      37.36 f
  U0_ARITHMETIC_UNIT/mult_59/FS_1/U14/Y (OAI21X2M)        0.95      38.32 r
  U0_ARITHMETIC_UNIT/mult_59/FS_1/U3/Y (AOI2B1X2M)        0.66      38.98 f
  U0_ARITHMETIC_UNIT/mult_59/FS_1/U11/Y (OAI21X2M)        0.98      39.96 r
  U0_ARITHMETIC_UNIT/mult_59/FS_1/U4/Y (AOI2B1X2M)        0.66      40.62 f
  U0_ARITHMETIC_UNIT/mult_59/FS_1/U12/Y (OAI21X2M)        0.98      41.60 r
  U0_ARITHMETIC_UNIT/mult_59/FS_1/U2/Y (AOI2B1X2M)        0.66      42.26 f
  U0_ARITHMETIC_UNIT/mult_59/FS_1/U59/Y (CLKXOR2X2M)      0.56      42.82 f
  U0_ARITHMETIC_UNIT/mult_59/FS_1/SUM[23] (ARITHMETIC_UNIT_DW01_add_1)
                                                          0.00      42.82 f
  U0_ARITHMETIC_UNIT/mult_59/PRODUCT[25] (ARITHMETIC_UNIT_DW02_mult_0)
                                                          0.00      42.82 f
  U0_ARITHMETIC_UNIT/U50/Y (AO21XLM)                      0.63      43.45 f
  U0_ARITHMETIC_UNIT/Arith_OUT_reg_25_/D (SDFFRQX2M)      0.00      43.45 f
  data arrival time                                                 43.45

  clock CLK (rise edge)                                 100.00     100.00
  clock network delay (ideal)                             0.00     100.00
  clock uncertainty                                      -0.20      99.80
  U0_ARITHMETIC_UNIT/Arith_OUT_reg_25_/CK (SDFFRQX2M)     0.00      99.80 r
  library setup time                                     -0.49      99.31
  data required time                                                99.31
  --------------------------------------------------------------------------
  data required time                                                99.31
  data arrival time                                                -43.45
  --------------------------------------------------------------------------
  slack (MET)                                                       55.86


  Startpoint: A[0] (input port clocked by CLK)
  Endpoint: U0_ARITHMETIC_UNIT/Arith_OUT_reg_24_
            (rising edge-triggered flip-flop clocked by CLK)
  Path Group: CLK
  Path Type: max

  Des/Clust/Port     Wire Load Model       Library
  ------------------------------------------------
  ALU_TOP            tsmc13_wl30           scmetro_tsmc_cl013g_rvt_ss_1p08v_125c

  Point                                                   Incr       Path
  --------------------------------------------------------------------------
  clock CLK (rise edge)                                   0.00       0.00
  clock network delay (ideal)                             0.00       0.00
  input external delay                                   20.00      20.00 r
  A[0] (in)                                               0.17      20.17 r
  U17/Y (CLKBUFX6M)                                       0.96      21.14 r
  U0_ARITHMETIC_UNIT/A[0] (ARITHMETIC_UNIT_test_1)        0.00      21.14 r
  U0_ARITHMETIC_UNIT/mult_59/A[0] (ARITHMETIC_UNIT_DW02_mult_0)
                                                          0.00      21.14 r
  U0_ARITHMETIC_UNIT/mult_59/U114/Y (INVX2M)              0.37      21.50 f
  U0_ARITHMETIC_UNIT/mult_59/U113/Y (CLKBUFX8M)           0.97      22.48 f
  U0_ARITHMETIC_UNIT/mult_59/U30/Y (NOR2X2M)              1.01      23.49 r
  U0_ARITHMETIC_UNIT/mult_59/U83/Y (XOR2X1M)              0.68      24.17 r
  U0_ARITHMETIC_UNIT/mult_59/S2_2_2/CO (ADDFX2M)          0.56      24.73 r
  U0_ARITHMETIC_UNIT/mult_59/S2_3_2/CO (ADDFX2M)          0.77      25.50 r
  U0_ARITHMETIC_UNIT/mult_59/S2_4_2/CO (ADDFX2M)          0.77      26.27 r
  U0_ARITHMETIC_UNIT/mult_59/S2_5_2/CO (ADDFX2M)          0.77      27.03 r
  U0_ARITHMETIC_UNIT/mult_59/S2_6_2/CO (ADDFX2M)          0.77      27.80 r
  U0_ARITHMETIC_UNIT/mult_59/S2_7_2/CO (ADDFX2M)          0.77      28.57 r
  U0_ARITHMETIC_UNIT/mult_59/S2_8_2/CO (ADDFX2M)          0.77      29.34 r
  U0_ARITHMETIC_UNIT/mult_59/S2_9_2/CO (ADDFX2M)          0.77      30.11 r
  U0_ARITHMETIC_UNIT/mult_59/S2_10_2/CO (ADDFX2M)         0.77      30.88 r
  U0_ARITHMETIC_UNIT/mult_59/S2_11_2/CO (ADDFX2M)         0.77      31.64 r
  U0_ARITHMETIC_UNIT/mult_59/S2_12_2/CO (ADDFX2M)         0.77      32.41 r
  U0_ARITHMETIC_UNIT/mult_59/S2_13_2/CO (ADDFX2M)         0.77      33.18 r
  U0_ARITHMETIC_UNIT/mult_59/S2_14_2/CO (ADDFX2M)         0.77      33.95 r
  U0_ARITHMETIC_UNIT/mult_59/S4_2/S (ADDFX2M)             0.89      34.84 f
  U0_ARITHMETIC_UNIT/mult_59/U54/Y (CLKXOR2X2M)           0.68      35.52 r
  U0_ARITHMETIC_UNIT/mult_59/FS_1/A[15] (ARITHMETIC_UNIT_DW01_add_1)
                                                          0.00      35.52 r
  U0_ARITHMETIC_UNIT/mult_59/FS_1/U84/Y (CLKNAND2X2M)     0.71      36.23 f
  U0_ARITHMETIC_UNIT/mult_59/FS_1/U7/Y (CLKINVX2M)        0.64      36.86 r
  U0_ARITHMETIC_UNIT/mult_59/FS_1/U6/Y (AOI2B1X2M)        0.50      37.36 f
  U0_ARITHMETIC_UNIT/mult_59/FS_1/U14/Y (OAI21X2M)        0.95      38.32 r
  U0_ARITHMETIC_UNIT/mult_59/FS_1/U3/Y (AOI2B1X2M)        0.66      38.98 f
  U0_ARITHMETIC_UNIT/mult_59/FS_1/U11/Y (OAI21X2M)        0.98      39.96 r
  U0_ARITHMETIC_UNIT/mult_59/FS_1/U4/Y (AOI2B1X2M)        0.66      40.62 f
  U0_ARITHMETIC_UNIT/mult_59/FS_1/U12/Y (OAI21X2M)        0.98      41.60 r
  U0_ARITHMETIC_UNIT/mult_59/FS_1/U62/Y (CLKXOR2X2M)      0.53      42.13 f
  U0_ARITHMETIC_UNIT/mult_59/FS_1/SUM[22] (ARITHMETIC_UNIT_DW01_add_1)
                                                          0.00      42.13 f
  U0_ARITHMETIC_UNIT/mult_59/PRODUCT[24] (ARITHMETIC_UNIT_DW02_mult_0)
                                                          0.00      42.13 f
  U0_ARITHMETIC_UNIT/U51/Y (AO21XLM)                      0.63      42.76 f
  U0_ARITHMETIC_UNIT/Arith_OUT_reg_24_/D (SDFFRQX2M)      0.00      42.76 f
  data arrival time                                                 42.76

  clock CLK (rise edge)                                 100.00     100.00
  clock network delay (ideal)                             0.00     100.00
  clock uncertainty                                      -0.20      99.80
  U0_ARITHMETIC_UNIT/Arith_OUT_reg_24_/CK (SDFFRQX2M)     0.00      99.80 r
  library setup time                                     -0.49      99.31
  data required time                                                99.31
  --------------------------------------------------------------------------
  data required time                                                99.31
  data arrival time                                                -42.76
  --------------------------------------------------------------------------
  slack (MET)                                                       56.55


  Startpoint: U0_ARITHMETIC_UNIT/Arith_OUT_reg_2_
              (rising edge-triggered flip-flop clocked by CLK)
  Endpoint: Arith_OUT[2]
            (output port clocked by CLK)
  Path Group: CLK
  Path Type: max

  Des/Clust/Port     Wire Load Model       Library
  ------------------------------------------------
  ALU_TOP            tsmc13_wl30           scmetro_tsmc_cl013g_rvt_ss_1p08v_125c

  Point                                                   Incr       Path
  --------------------------------------------------------------------------
  clock CLK (rise edge)                                   0.00       0.00
  clock network delay (ideal)                             0.00       0.00
  U0_ARITHMETIC_UNIT/Arith_OUT_reg_2_/CK (SDFFRQX1M)      0.00       0.00 r
  U0_ARITHMETIC_UNIT/Arith_OUT_reg_2_/Q (SDFFRQX1M)       0.85       0.85 r
  U0_ARITHMETIC_UNIT/Arith_OUT[2] (ARITHMETIC_UNIT_test_1)
                                                          0.00       0.85 r
  U124/Y (CLKINVX1M)                                      0.90       1.75 f
  U125/Y (CLKINVX40M)                                    21.29      23.05 r
  Arith_OUT[2] (out)                                      0.00      23.05 r
  data arrival time                                                 23.05

  clock CLK (rise edge)                                 100.00     100.00
  clock network delay (ideal)                             0.00     100.00
  clock uncertainty                                      -0.20      99.80
  output external delay                                 -20.00      79.80
  data required time                                                79.80
  --------------------------------------------------------------------------
  data required time                                                79.80
  data arrival time                                                -23.05
  --------------------------------------------------------------------------
  slack (MET)                                                       56.75


  Startpoint: U0_ARITHMETIC_UNIT/Arith_OUT_reg_1_
              (rising edge-triggered flip-flop clocked by CLK)
  Endpoint: Arith_OUT[1]
            (output port clocked by CLK)
  Path Group: CLK
  Path Type: max

  Des/Clust/Port     Wire Load Model       Library
  ------------------------------------------------
  ALU_TOP            tsmc13_wl30           scmetro_tsmc_cl013g_rvt_ss_1p08v_125c

  Point                                                   Incr       Path
  --------------------------------------------------------------------------
  clock CLK (rise edge)                                   0.00       0.00
  clock network delay (ideal)                             0.00       0.00
  U0_ARITHMETIC_UNIT/Arith_OUT_reg_1_/CK (SDFFRQX1M)      0.00       0.00 r
  U0_ARITHMETIC_UNIT/Arith_OUT_reg_1_/Q (SDFFRQX1M)       0.85       0.85 r
  U0_ARITHMETIC_UNIT/Arith_OUT[1] (ARITHMETIC_UNIT_test_1)
                                                          0.00       0.85 r
  U122/Y (CLKINVX1M)                                      0.90       1.75 f
  U123/Y (CLKINVX40M)                                    21.29      23.05 r
  Arith_OUT[1] (out)                                      0.00      23.05 r
  data arrival time                                                 23.05

  clock CLK (rise edge)                                 100.00     100.00
  clock network delay (ideal)                             0.00     100.00
  clock uncertainty                                      -0.20      99.80
  output external delay                                 -20.00      79.80
  data required time                                                79.80
  --------------------------------------------------------------------------
  data required time                                                79.80
  data arrival time                                                -23.05
  --------------------------------------------------------------------------
  slack (MET)                                                       56.75


  Startpoint: U0_ARITHMETIC_UNIT/Arith_OUT_reg_0_
              (rising edge-triggered flip-flop clocked by CLK)
  Endpoint: Arith_OUT[0]
            (output port clocked by CLK)
  Path Group: CLK
  Path Type: max

  Des/Clust/Port     Wire Load Model       Library
  ------------------------------------------------
  ALU_TOP            tsmc13_wl30           scmetro_tsmc_cl013g_rvt_ss_1p08v_125c

  Point                                                   Incr       Path
  --------------------------------------------------------------------------
  clock CLK (rise edge)                                   0.00       0.00
  clock network delay (ideal)                             0.00       0.00
  U0_ARITHMETIC_UNIT/Arith_OUT_reg_0_/CK (SDFFRQX1M)      0.00       0.00 r
  U0_ARITHMETIC_UNIT/Arith_OUT_reg_0_/Q (SDFFRQX1M)       0.85       0.85 r
  U0_ARITHMETIC_UNIT/Arith_OUT[0] (ARITHMETIC_UNIT_test_1)
                                                          0.00       0.85 r
  U120/Y (CLKINVX1M)                                      0.90       1.75 f
  U121/Y (CLKINVX40M)                                    21.29      23.05 r
  Arith_OUT[0] (out)                                      0.00      23.05 r
  data arrival time                                                 23.05

  clock CLK (rise edge)                                 100.00     100.00
  clock network delay (ideal)                             0.00     100.00
  clock uncertainty                                      -0.20      99.80
  output external delay                                 -20.00      79.80
  data required time                                                79.80
  --------------------------------------------------------------------------
  data required time                                                79.80
  data arrival time                                                -23.05
  --------------------------------------------------------------------------
  slack (MET)                                                       56.75


  Startpoint: U0_ARITHMETIC_UNIT/Arith_OUT_reg_31_
              (rising edge-triggered flip-flop clocked by CLK)
  Endpoint: Arith_OUT[31]
            (output port clocked by CLK)
  Path Group: CLK
  Path Type: max

  Des/Clust/Port     Wire Load Model       Library
  ------------------------------------------------
  ALU_TOP            tsmc13_wl30           scmetro_tsmc_cl013g_rvt_ss_1p08v_125c

  Point                                                   Incr       Path
  --------------------------------------------------------------------------
  clock CLK (rise edge)                                   0.00       0.00
  clock network delay (ideal)                             0.00       0.00
  U0_ARITHMETIC_UNIT/Arith_OUT_reg_31_/CK (SDFFRQX2M)     0.00       0.00 r
  U0_ARITHMETIC_UNIT/Arith_OUT_reg_31_/Q (SDFFRQX2M)      0.68       0.68 r
  U0_ARITHMETIC_UNIT/Arith_OUT[31] (ARITHMETIC_UNIT_test_1)
                                                          0.00       0.68 r
  U182/Y (CLKINVX1M)                                      0.83       1.51 f
  U183/Y (CLKINVX40M)                                    21.29      22.80 r
  Arith_OUT[31] (out)                                     0.00      22.80 r
  data arrival time                                                 22.80

  clock CLK (rise edge)                                 100.00     100.00
  clock network delay (ideal)                             0.00     100.00
  clock uncertainty                                      -0.20      99.80
  output external delay                                 -20.00      79.80
  data required time                                                79.80
  --------------------------------------------------------------------------
  data required time                                                79.80
  data arrival time                                                -22.80
  --------------------------------------------------------------------------
  slack (MET)                                                       57.00


  Startpoint: U0_ARITHMETIC_UNIT/Arith_OUT_reg_30_
              (rising edge-triggered flip-flop clocked by CLK)
  Endpoint: Arith_OUT[30]
            (output port clocked by CLK)
  Path Group: CLK
  Path Type: max

  Des/Clust/Port     Wire Load Model       Library
  ------------------------------------------------
  ALU_TOP            tsmc13_wl30           scmetro_tsmc_cl013g_rvt_ss_1p08v_125c

  Point                                                   Incr       Path
  --------------------------------------------------------------------------
  clock CLK (rise edge)                                   0.00       0.00
  clock network delay (ideal)                             0.00       0.00
  U0_ARITHMETIC_UNIT/Arith_OUT_reg_30_/CK (SDFFRQX2M)     0.00       0.00 r
  U0_ARITHMETIC_UNIT/Arith_OUT_reg_30_/Q (SDFFRQX2M)      0.68       0.68 r
  U0_ARITHMETIC_UNIT/Arith_OUT[30] (ARITHMETIC_UNIT_test_1)
                                                          0.00       0.68 r
  U180/Y (CLKINVX1M)                                      0.83       1.51 f
  U181/Y (CLKINVX40M)                                    21.29      22.80 r
  Arith_OUT[30] (out)                                     0.00      22.80 r
  data arrival time                                                 22.80

  clock CLK (rise edge)                                 100.00     100.00
  clock network delay (ideal)                             0.00     100.00
  clock uncertainty                                      -0.20      99.80
  output external delay                                 -20.00      79.80
  data required time                                                79.80
  --------------------------------------------------------------------------
  data required time                                                79.80
  data arrival time                                                -22.80
  --------------------------------------------------------------------------
  slack (MET)                                                       57.00


  Startpoint: U0_ARITHMETIC_UNIT/Arith_OUT_reg_29_
              (rising edge-triggered flip-flop clocked by CLK)
  Endpoint: Arith_OUT[29]
            (output port clocked by CLK)
  Path Group: CLK
  Path Type: max

  Des/Clust/Port     Wire Load Model       Library
  ------------------------------------------------
  ALU_TOP            tsmc13_wl30           scmetro_tsmc_cl013g_rvt_ss_1p08v_125c

  Point                                                   Incr       Path
  --------------------------------------------------------------------------
  clock CLK (rise edge)                                   0.00       0.00
  clock network delay (ideal)                             0.00       0.00
  U0_ARITHMETIC_UNIT/Arith_OUT_reg_29_/CK (SDFFRQX2M)     0.00       0.00 r
  U0_ARITHMETIC_UNIT/Arith_OUT_reg_29_/Q (SDFFRQX2M)      0.68       0.68 r
  U0_ARITHMETIC_UNIT/Arith_OUT[29] (ARITHMETIC_UNIT_test_1)
                                                          0.00       0.68 r
  U178/Y (CLKINVX1M)                                      0.83       1.51 f
  U179/Y (CLKINVX40M)                                    21.29      22.80 r
  Arith_OUT[29] (out)                                     0.00      22.80 r
  data arrival time                                                 22.80

  clock CLK (rise edge)                                 100.00     100.00
  clock network delay (ideal)                             0.00     100.00
  clock uncertainty                                      -0.20      99.80
  output external delay                                 -20.00      79.80
  data required time                                                79.80
  --------------------------------------------------------------------------
  data required time                                                79.80
  data arrival time                                                -22.80
  --------------------------------------------------------------------------
  slack (MET)                                                       57.00


  Startpoint: U0_ARITHMETIC_UNIT/Arith_OUT_reg_28_
              (rising edge-triggered flip-flop clocked by CLK)
  Endpoint: Arith_OUT[28]
            (output port clocked by CLK)
  Path Group: CLK
  Path Type: max

  Des/Clust/Port     Wire Load Model       Library
  ------------------------------------------------
  ALU_TOP            tsmc13_wl30           scmetro_tsmc_cl013g_rvt_ss_1p08v_125c

  Point                                                   Incr       Path
  --------------------------------------------------------------------------
  clock CLK (rise edge)                                   0.00       0.00
  clock network delay (ideal)                             0.00       0.00
  U0_ARITHMETIC_UNIT/Arith_OUT_reg_28_/CK (SDFFRQX2M)     0.00       0.00 r
  U0_ARITHMETIC_UNIT/Arith_OUT_reg_28_/Q (SDFFRQX2M)      0.68       0.68 r
  U0_ARITHMETIC_UNIT/Arith_OUT[28] (ARITHMETIC_UNIT_test_1)
                                                          0.00       0.68 r
  U176/Y (CLKINVX1M)                                      0.83       1.51 f
  U177/Y (CLKINVX40M)                                    21.29      22.80 r
  Arith_OUT[28] (out)                                     0.00      22.80 r
  data arrival time                                                 22.80

  clock CLK (rise edge)                                 100.00     100.00
  clock network delay (ideal)                             0.00     100.00
  clock uncertainty                                      -0.20      99.80
  output external delay                                 -20.00      79.80
  data required time                                                79.80
  --------------------------------------------------------------------------
  data required time                                                79.80
  data arrival time                                                -22.80
  --------------------------------------------------------------------------
  slack (MET)                                                       57.00


  Startpoint: U0_ARITHMETIC_UNIT/Arith_OUT_reg_27_
              (rising edge-triggered flip-flop clocked by CLK)
  Endpoint: Arith_OUT[27]
            (output port clocked by CLK)
  Path Group: CLK
  Path Type: max

  Des/Clust/Port     Wire Load Model       Library
  ------------------------------------------------
  ALU_TOP            tsmc13_wl30           scmetro_tsmc_cl013g_rvt_ss_1p08v_125c

  Point                                                   Incr       Path
  --------------------------------------------------------------------------
  clock CLK (rise edge)                                   0.00       0.00
  clock network delay (ideal)                             0.00       0.00
  U0_ARITHMETIC_UNIT/Arith_OUT_reg_27_/CK (SDFFRQX2M)     0.00       0.00 r
  U0_ARITHMETIC_UNIT/Arith_OUT_reg_27_/Q (SDFFRQX2M)      0.68       0.68 r
  U0_ARITHMETIC_UNIT/Arith_OUT[27] (ARITHMETIC_UNIT_test_1)
                                                          0.00       0.68 r
  U174/Y (CLKINVX1M)                                      0.83       1.51 f
  U175/Y (CLKINVX40M)                                    21.29      22.80 r
  Arith_OUT[27] (out)                                     0.00      22.80 r
  data arrival time                                                 22.80

  clock CLK (rise edge)                                 100.00     100.00
  clock network delay (ideal)                             0.00     100.00
  clock uncertainty                                      -0.20      99.80
  output external delay                                 -20.00      79.80
  data required time                                                79.80
  --------------------------------------------------------------------------
  data required time                                                79.80
  data arrival time                                                -22.80
  --------------------------------------------------------------------------
  slack (MET)                                                       57.00


  Startpoint: U0_ARITHMETIC_UNIT/Arith_OUT_reg_26_
              (rising edge-triggered flip-flop clocked by CLK)
  Endpoint: Arith_OUT[26]
            (output port clocked by CLK)
  Path Group: CLK
  Path Type: max

  Des/Clust/Port     Wire Load Model       Library
  ------------------------------------------------
  ALU_TOP            tsmc13_wl30           scmetro_tsmc_cl013g_rvt_ss_1p08v_125c

  Point                                                   Incr       Path
  --------------------------------------------------------------------------
  clock CLK (rise edge)                                   0.00       0.00
  clock network delay (ideal)                             0.00       0.00
  U0_ARITHMETIC_UNIT/Arith_OUT_reg_26_/CK (SDFFRQX2M)     0.00       0.00 r
  U0_ARITHMETIC_UNIT/Arith_OUT_reg_26_/Q (SDFFRQX2M)      0.68       0.68 r
  U0_ARITHMETIC_UNIT/Arith_OUT[26] (ARITHMETIC_UNIT_test_1)
                                                          0.00       0.68 r
  U172/Y (CLKINVX1M)                                      0.83       1.51 f
  U173/Y (CLKINVX40M)                                    21.29      22.80 r
  Arith_OUT[26] (out)                                     0.00      22.80 r
  data arrival time                                                 22.80

  clock CLK (rise edge)                                 100.00     100.00
  clock network delay (ideal)                             0.00     100.00
  clock uncertainty                                      -0.20      99.80
  output external delay                                 -20.00      79.80
  data required time                                                79.80
  --------------------------------------------------------------------------
  data required time                                                79.80
  data arrival time                                                -22.80
  --------------------------------------------------------------------------
  slack (MET)                                                       57.00


  Startpoint: U0_ARITHMETIC_UNIT/Arith_OUT_reg_25_
              (rising edge-triggered flip-flop clocked by CLK)
  Endpoint: Arith_OUT[25]
            (output port clocked by CLK)
  Path Group: CLK
  Path Type: max

  Des/Clust/Port     Wire Load Model       Library
  ------------------------------------------------
  ALU_TOP            tsmc13_wl30           scmetro_tsmc_cl013g_rvt_ss_1p08v_125c

  Point                                                   Incr       Path
  --------------------------------------------------------------------------
  clock CLK (rise edge)                                   0.00       0.00
  clock network delay (ideal)                             0.00       0.00
  U0_ARITHMETIC_UNIT/Arith_OUT_reg_25_/CK (SDFFRQX2M)     0.00       0.00 r
  U0_ARITHMETIC_UNIT/Arith_OUT_reg_25_/Q (SDFFRQX2M)      0.68       0.68 r
  U0_ARITHMETIC_UNIT/Arith_OUT[25] (ARITHMETIC_UNIT_test_1)
                                                          0.00       0.68 r
  U170/Y (CLKINVX1M)                                      0.83       1.51 f
  U171/Y (CLKINVX40M)                                    21.29      22.80 r
  Arith_OUT[25] (out)                                     0.00      22.80 r
  data arrival time                                                 22.80

  clock CLK (rise edge)                                 100.00     100.00
  clock network delay (ideal)                             0.00     100.00
  clock uncertainty                                      -0.20      99.80
  output external delay                                 -20.00      79.80
  data required time                                                79.80
  --------------------------------------------------------------------------
  data required time                                                79.80
  data arrival time                                                -22.80
  --------------------------------------------------------------------------
  slack (MET)                                                       57.00


  Startpoint: U0_ARITHMETIC_UNIT/Arith_OUT_reg_24_
              (rising edge-triggered flip-flop clocked by CLK)
  Endpoint: Arith_OUT[24]
            (output port clocked by CLK)
  Path Group: CLK
  Path Type: max

  Des/Clust/Port     Wire Load Model       Library
  ------------------------------------------------
  ALU_TOP            tsmc13_wl30           scmetro_tsmc_cl013g_rvt_ss_1p08v_125c

  Point                                                   Incr       Path
  --------------------------------------------------------------------------
  clock CLK (rise edge)                                   0.00       0.00
  clock network delay (ideal)                             0.00       0.00
  U0_ARITHMETIC_UNIT/Arith_OUT_reg_24_/CK (SDFFRQX2M)     0.00       0.00 r
  U0_ARITHMETIC_UNIT/Arith_OUT_reg_24_/Q (SDFFRQX2M)      0.68       0.68 r
  U0_ARITHMETIC_UNIT/Arith_OUT[24] (ARITHMETIC_UNIT_test_1)
                                                          0.00       0.68 r
  U168/Y (CLKINVX1M)                                      0.83       1.51 f
  U169/Y (CLKINVX40M)                                    21.29      22.80 r
  Arith_OUT[24] (out)                                     0.00      22.80 r
  data arrival time                                                 22.80

  clock CLK (rise edge)                                 100.00     100.00
  clock network delay (ideal)                             0.00     100.00
  clock uncertainty                                      -0.20      99.80
  output external delay                                 -20.00      79.80
  data required time                                                79.80
  --------------------------------------------------------------------------
  data required time                                                79.80
  data arrival time                                                -22.80
  --------------------------------------------------------------------------
  slack (MET)                                                       57.00


  Startpoint: U0_ARITHMETIC_UNIT/Arith_OUT_reg_23_
              (rising edge-triggered flip-flop clocked by CLK)
  Endpoint: Arith_OUT[23]
            (output port clocked by CLK)
  Path Group: CLK
  Path Type: max

  Des/Clust/Port     Wire Load Model       Library
  ------------------------------------------------
  ALU_TOP            tsmc13_wl30           scmetro_tsmc_cl013g_rvt_ss_1p08v_125c

  Point                                                   Incr       Path
  --------------------------------------------------------------------------
  clock CLK (rise edge)                                   0.00       0.00
  clock network delay (ideal)                             0.00       0.00
  U0_ARITHMETIC_UNIT/Arith_OUT_reg_23_/CK (SDFFRQX2M)     0.00       0.00 r
  U0_ARITHMETIC_UNIT/Arith_OUT_reg_23_/Q (SDFFRQX2M)      0.68       0.68 r
  U0_ARITHMETIC_UNIT/Arith_OUT[23] (ARITHMETIC_UNIT_test_1)
                                                          0.00       0.68 r
  U166/Y (CLKINVX1M)                                      0.83       1.51 f
  U167/Y (CLKINVX40M)                                    21.29      22.80 r
  Arith_OUT[23] (out)                                     0.00      22.80 r
  data arrival time                                                 22.80

  clock CLK (rise edge)                                 100.00     100.00
  clock network delay (ideal)                             0.00     100.00
  clock uncertainty                                      -0.20      99.80
  output external delay                                 -20.00      79.80
  data required time                                                79.80
  --------------------------------------------------------------------------
  data required time                                                79.80
  data arrival time                                                -22.80
  --------------------------------------------------------------------------
  slack (MET)                                                       57.00


  Startpoint: U0_ARITHMETIC_UNIT/Arith_OUT_reg_22_
              (rising edge-triggered flip-flop clocked by CLK)
  Endpoint: Arith_OUT[22]
            (output port clocked by CLK)
  Path Group: CLK
  Path Type: max

  Des/Clust/Port     Wire Load Model       Library
  ------------------------------------------------
  ALU_TOP            tsmc13_wl30           scmetro_tsmc_cl013g_rvt_ss_1p08v_125c

  Point                                                   Incr       Path
  --------------------------------------------------------------------------
  clock CLK (rise edge)                                   0.00       0.00
  clock network delay (ideal)                             0.00       0.00
  U0_ARITHMETIC_UNIT/Arith_OUT_reg_22_/CK (SDFFRQX2M)     0.00       0.00 r
  U0_ARITHMETIC_UNIT/Arith_OUT_reg_22_/Q (SDFFRQX2M)      0.68       0.68 r
  U0_ARITHMETIC_UNIT/Arith_OUT[22] (ARITHMETIC_UNIT_test_1)
                                                          0.00       0.68 r
  U164/Y (CLKINVX1M)                                      0.83       1.51 f
  U165/Y (CLKINVX40M)                                    21.29      22.80 r
  Arith_OUT[22] (out)                                     0.00      22.80 r
  data arrival time                                                 22.80

  clock CLK (rise edge)                                 100.00     100.00
  clock network delay (ideal)                             0.00     100.00
  clock uncertainty                                      -0.20      99.80
  output external delay                                 -20.00      79.80
  data required time                                                79.80
  --------------------------------------------------------------------------
  data required time                                                79.80
  data arrival time                                                -22.80
  --------------------------------------------------------------------------
  slack (MET)                                                       57.00


  Startpoint: U0_ARITHMETIC_UNIT/Arith_OUT_reg_21_
              (rising edge-triggered flip-flop clocked by CLK)
  Endpoint: Arith_OUT[21]
            (output port clocked by CLK)
  Path Group: CLK
  Path Type: max

  Des/Clust/Port     Wire Load Model       Library
  ------------------------------------------------
  ALU_TOP            tsmc13_wl30           scmetro_tsmc_cl013g_rvt_ss_1p08v_125c

  Point                                                   Incr       Path
  --------------------------------------------------------------------------
  clock CLK (rise edge)                                   0.00       0.00
  clock network delay (ideal)                             0.00       0.00
  U0_ARITHMETIC_UNIT/Arith_OUT_reg_21_/CK (SDFFRQX2M)     0.00       0.00 r
  U0_ARITHMETIC_UNIT/Arith_OUT_reg_21_/Q (SDFFRQX2M)      0.68       0.68 r
  U0_ARITHMETIC_UNIT/Arith_OUT[21] (ARITHMETIC_UNIT_test_1)
                                                          0.00       0.68 r
  U162/Y (CLKINVX1M)                                      0.83       1.51 f
  U163/Y (CLKINVX40M)                                    21.29      22.80 r
  Arith_OUT[21] (out)                                     0.00      22.80 r
  data arrival time                                                 22.80

  clock CLK (rise edge)                                 100.00     100.00
  clock network delay (ideal)                             0.00     100.00
  clock uncertainty                                      -0.20      99.80
  output external delay                                 -20.00      79.80
  data required time                                                79.80
  --------------------------------------------------------------------------
  data required time                                                79.80
  data arrival time                                                -22.80
  --------------------------------------------------------------------------
  slack (MET)                                                       57.00


  Startpoint: U0_ARITHMETIC_UNIT/Arith_OUT_reg_20_
              (rising edge-triggered flip-flop clocked by CLK)
  Endpoint: Arith_OUT[20]
            (output port clocked by CLK)
  Path Group: CLK
  Path Type: max

  Des/Clust/Port     Wire Load Model       Library
  ------------------------------------------------
  ALU_TOP            tsmc13_wl30           scmetro_tsmc_cl013g_rvt_ss_1p08v_125c

  Point                                                   Incr       Path
  --------------------------------------------------------------------------
  clock CLK (rise edge)                                   0.00       0.00
  clock network delay (ideal)                             0.00       0.00
  U0_ARITHMETIC_UNIT/Arith_OUT_reg_20_/CK (SDFFRQX2M)     0.00       0.00 r
  U0_ARITHMETIC_UNIT/Arith_OUT_reg_20_/Q (SDFFRQX2M)      0.68       0.68 r
  U0_ARITHMETIC_UNIT/Arith_OUT[20] (ARITHMETIC_UNIT_test_1)
                                                          0.00       0.68 r
  U160/Y (CLKINVX1M)                                      0.83       1.51 f
  U161/Y (CLKINVX40M)                                    21.29      22.80 r
  Arith_OUT[20] (out)                                     0.00      22.80 r
  data arrival time                                                 22.80

  clock CLK (rise edge)                                 100.00     100.00
  clock network delay (ideal)                             0.00     100.00
  clock uncertainty                                      -0.20      99.80
  output external delay                                 -20.00      79.80
  data required time                                                79.80
  --------------------------------------------------------------------------
  data required time                                                79.80
  data arrival time                                                -22.80
  --------------------------------------------------------------------------
  slack (MET)                                                       57.00


  Startpoint: U0_ARITHMETIC_UNIT/Arith_OUT_reg_19_
              (rising edge-triggered flip-flop clocked by CLK)
  Endpoint: Arith_OUT[19]
            (output port clocked by CLK)
  Path Group: CLK
  Path Type: max

  Des/Clust/Port     Wire Load Model       Library
  ------------------------------------------------
  ALU_TOP            tsmc13_wl30           scmetro_tsmc_cl013g_rvt_ss_1p08v_125c

  Point                                                   Incr       Path
  --------------------------------------------------------------------------
  clock CLK (rise edge)                                   0.00       0.00
  clock network delay (ideal)                             0.00       0.00
  U0_ARITHMETIC_UNIT/Arith_OUT_reg_19_/CK (SDFFRQX2M)     0.00       0.00 r
  U0_ARITHMETIC_UNIT/Arith_OUT_reg_19_/Q (SDFFRQX2M)      0.68       0.68 r
  U0_ARITHMETIC_UNIT/Arith_OUT[19] (ARITHMETIC_UNIT_test_1)
                                                          0.00       0.68 r
  U158/Y (CLKINVX1M)                                      0.83       1.51 f
  U159/Y (CLKINVX40M)                                    21.29      22.80 r
  Arith_OUT[19] (out)                                     0.00      22.80 r
  data arrival time                                                 22.80

  clock CLK (rise edge)                                 100.00     100.00
  clock network delay (ideal)                             0.00     100.00
  clock uncertainty                                      -0.20      99.80
  output external delay                                 -20.00      79.80
  data required time                                                79.80
  --------------------------------------------------------------------------
  data required time                                                79.80
  data arrival time                                                -22.80
  --------------------------------------------------------------------------
  slack (MET)                                                       57.00


  Startpoint: U0_ARITHMETIC_UNIT/Arith_OUT_reg_18_
              (rising edge-triggered flip-flop clocked by CLK)
  Endpoint: Arith_OUT[18]
            (output port clocked by CLK)
  Path Group: CLK
  Path Type: max

  Des/Clust/Port     Wire Load Model       Library
  ------------------------------------------------
  ALU_TOP            tsmc13_wl30           scmetro_tsmc_cl013g_rvt_ss_1p08v_125c

  Point                                                   Incr       Path
  --------------------------------------------------------------------------
  clock CLK (rise edge)                                   0.00       0.00
  clock network delay (ideal)                             0.00       0.00
  U0_ARITHMETIC_UNIT/Arith_OUT_reg_18_/CK (SDFFRQX2M)     0.00       0.00 r
  U0_ARITHMETIC_UNIT/Arith_OUT_reg_18_/Q (SDFFRQX2M)      0.68       0.68 r
  U0_ARITHMETIC_UNIT/Arith_OUT[18] (ARITHMETIC_UNIT_test_1)
                                                          0.00       0.68 r
  U156/Y (CLKINVX1M)                                      0.83       1.51 f
  U157/Y (CLKINVX40M)                                    21.29      22.80 r
  Arith_OUT[18] (out)                                     0.00      22.80 r
  data arrival time                                                 22.80

  clock CLK (rise edge)                                 100.00     100.00
  clock network delay (ideal)                             0.00     100.00
  clock uncertainty                                      -0.20      99.80
  output external delay                                 -20.00      79.80
  data required time                                                79.80
  --------------------------------------------------------------------------
  data required time                                                79.80
  data arrival time                                                -22.80
  --------------------------------------------------------------------------
  slack (MET)                                                       57.00


  Startpoint: U0_ARITHMETIC_UNIT/Arith_OUT_reg_17_
              (rising edge-triggered flip-flop clocked by CLK)
  Endpoint: Arith_OUT[17]
            (output port clocked by CLK)
  Path Group: CLK
  Path Type: max

  Des/Clust/Port     Wire Load Model       Library
  ------------------------------------------------
  ALU_TOP            tsmc13_wl30           scmetro_tsmc_cl013g_rvt_ss_1p08v_125c

  Point                                                   Incr       Path
  --------------------------------------------------------------------------
  clock CLK (rise edge)                                   0.00       0.00
  clock network delay (ideal)                             0.00       0.00
  U0_ARITHMETIC_UNIT/Arith_OUT_reg_17_/CK (SDFFRQX2M)     0.00       0.00 r
  U0_ARITHMETIC_UNIT/Arith_OUT_reg_17_/Q (SDFFRQX2M)      0.68       0.68 r
  U0_ARITHMETIC_UNIT/Arith_OUT[17] (ARITHMETIC_UNIT_test_1)
                                                          0.00       0.68 r
  U154/Y (CLKINVX1M)                                      0.83       1.51 f
  U155/Y (CLKINVX40M)                                    21.29      22.80 r
  Arith_OUT[17] (out)                                     0.00      22.80 r
  data arrival time                                                 22.80

  clock CLK (rise edge)                                 100.00     100.00
  clock network delay (ideal)                             0.00     100.00
  clock uncertainty                                      -0.20      99.80
  output external delay                                 -20.00      79.80
  data required time                                                79.80
  --------------------------------------------------------------------------
  data required time                                                79.80
  data arrival time                                                -22.80
  --------------------------------------------------------------------------
  slack (MET)                                                       57.00


  Startpoint: U0_ARITHMETIC_UNIT/Arith_OUT_reg_16_
              (rising edge-triggered flip-flop clocked by CLK)
  Endpoint: Arith_OUT[16]
            (output port clocked by CLK)
  Path Group: CLK
  Path Type: max

  Des/Clust/Port     Wire Load Model       Library
  ------------------------------------------------
  ALU_TOP            tsmc13_wl30           scmetro_tsmc_cl013g_rvt_ss_1p08v_125c

  Point                                                   Incr       Path
  --------------------------------------------------------------------------
  clock CLK (rise edge)                                   0.00       0.00
  clock network delay (ideal)                             0.00       0.00
  U0_ARITHMETIC_UNIT/Arith_OUT_reg_16_/CK (SDFFRQX2M)     0.00       0.00 r
  U0_ARITHMETIC_UNIT/Arith_OUT_reg_16_/Q (SDFFRQX2M)      0.68       0.68 r
  U0_ARITHMETIC_UNIT/Arith_OUT[16] (ARITHMETIC_UNIT_test_1)
                                                          0.00       0.68 r
  U152/Y (CLKINVX1M)                                      0.83       1.51 f
  U153/Y (CLKINVX40M)                                    21.29      22.80 r
  Arith_OUT[16] (out)                                     0.00      22.80 r
  data arrival time                                                 22.80

  clock CLK (rise edge)                                 100.00     100.00
  clock network delay (ideal)                             0.00     100.00
  clock uncertainty                                      -0.20      99.80
  output external delay                                 -20.00      79.80
  data required time                                                79.80
  --------------------------------------------------------------------------
  data required time                                                79.80
  data arrival time                                                -22.80
  --------------------------------------------------------------------------
  slack (MET)                                                       57.00


  Startpoint: U0_ARITHMETIC_UNIT/Arith_OUT_reg_15_
              (rising edge-triggered flip-flop clocked by CLK)
  Endpoint: Arith_OUT[15]
            (output port clocked by CLK)
  Path Group: CLK
  Path Type: max

  Des/Clust/Port     Wire Load Model       Library
  ------------------------------------------------
  ALU_TOP            tsmc13_wl30           scmetro_tsmc_cl013g_rvt_ss_1p08v_125c

  Point                                                   Incr       Path
  --------------------------------------------------------------------------
  clock CLK (rise edge)                                   0.00       0.00
  clock network delay (ideal)                             0.00       0.00
  U0_ARITHMETIC_UNIT/Arith_OUT_reg_15_/CK (SDFFRQX2M)     0.00       0.00 r
  U0_ARITHMETIC_UNIT/Arith_OUT_reg_15_/Q (SDFFRQX2M)      0.68       0.68 r
  U0_ARITHMETIC_UNIT/Arith_OUT[15] (ARITHMETIC_UNIT_test_1)
                                                          0.00       0.68 r
  U150/Y (CLKINVX1M)                                      0.83       1.51 f
  U151/Y (CLKINVX40M)                                    21.29      22.80 r
  Arith_OUT[15] (out)                                     0.00      22.80 r
  data arrival time                                                 22.80

  clock CLK (rise edge)                                 100.00     100.00
  clock network delay (ideal)                             0.00     100.00
  clock uncertainty                                      -0.20      99.80
  output external delay                                 -20.00      79.80
  data required time                                                79.80
  --------------------------------------------------------------------------
  data required time                                                79.80
  data arrival time                                                -22.80
  --------------------------------------------------------------------------
  slack (MET)                                                       57.00


  Startpoint: U0_ARITHMETIC_UNIT/Arith_OUT_reg_14_
              (rising edge-triggered flip-flop clocked by CLK)
  Endpoint: Arith_OUT[14]
            (output port clocked by CLK)
  Path Group: CLK
  Path Type: max

  Des/Clust/Port     Wire Load Model       Library
  ------------------------------------------------
  ALU_TOP            tsmc13_wl30           scmetro_tsmc_cl013g_rvt_ss_1p08v_125c

  Point                                                   Incr       Path
  --------------------------------------------------------------------------
  clock CLK (rise edge)                                   0.00       0.00
  clock network delay (ideal)                             0.00       0.00
  U0_ARITHMETIC_UNIT/Arith_OUT_reg_14_/CK (SDFFRQX2M)     0.00       0.00 r
  U0_ARITHMETIC_UNIT/Arith_OUT_reg_14_/Q (SDFFRQX2M)      0.68       0.68 r
  U0_ARITHMETIC_UNIT/Arith_OUT[14] (ARITHMETIC_UNIT_test_1)
                                                          0.00       0.68 r
  U148/Y (CLKINVX1M)                                      0.83       1.51 f
  U149/Y (CLKINVX40M)                                    21.29      22.80 r
  Arith_OUT[14] (out)                                     0.00      22.80 r
  data arrival time                                                 22.80

  clock CLK (rise edge)                                 100.00     100.00
  clock network delay (ideal)                             0.00     100.00
  clock uncertainty                                      -0.20      99.80
  output external delay                                 -20.00      79.80
  data required time                                                79.80
  --------------------------------------------------------------------------
  data required time                                                79.80
  data arrival time                                                -22.80
  --------------------------------------------------------------------------
  slack (MET)                                                       57.00


  Startpoint: U0_ARITHMETIC_UNIT/Arith_OUT_reg_13_
              (rising edge-triggered flip-flop clocked by CLK)
  Endpoint: Arith_OUT[13]
            (output port clocked by CLK)
  Path Group: CLK
  Path Type: max

  Des/Clust/Port     Wire Load Model       Library
  ------------------------------------------------
  ALU_TOP            tsmc13_wl30           scmetro_tsmc_cl013g_rvt_ss_1p08v_125c

  Point                                                   Incr       Path
  --------------------------------------------------------------------------
  clock CLK (rise edge)                                   0.00       0.00
  clock network delay (ideal)                             0.00       0.00
  U0_ARITHMETIC_UNIT/Arith_OUT_reg_13_/CK (SDFFRQX2M)     0.00       0.00 r
  U0_ARITHMETIC_UNIT/Arith_OUT_reg_13_/Q (SDFFRQX2M)      0.68       0.68 r
  U0_ARITHMETIC_UNIT/Arith_OUT[13] (ARITHMETIC_UNIT_test_1)
                                                          0.00       0.68 r
  U146/Y (CLKINVX1M)                                      0.83       1.51 f
  U147/Y (CLKINVX40M)                                    21.29      22.80 r
  Arith_OUT[13] (out)                                     0.00      22.80 r
  data arrival time                                                 22.80

  clock CLK (rise edge)                                 100.00     100.00
  clock network delay (ideal)                             0.00     100.00
  clock uncertainty                                      -0.20      99.80
  output external delay                                 -20.00      79.80
  data required time                                                79.80
  --------------------------------------------------------------------------
  data required time                                                79.80
  data arrival time                                                -22.80
  --------------------------------------------------------------------------
  slack (MET)                                                       57.00


  Startpoint: U0_ARITHMETIC_UNIT/Arith_OUT_reg_12_
              (rising edge-triggered flip-flop clocked by CLK)
  Endpoint: Arith_OUT[12]
            (output port clocked by CLK)
  Path Group: CLK
  Path Type: max

  Des/Clust/Port     Wire Load Model       Library
  ------------------------------------------------
  ALU_TOP            tsmc13_wl30           scmetro_tsmc_cl013g_rvt_ss_1p08v_125c

  Point                                                   Incr       Path
  --------------------------------------------------------------------------
  clock CLK (rise edge)                                   0.00       0.00
  clock network delay (ideal)                             0.00       0.00
  U0_ARITHMETIC_UNIT/Arith_OUT_reg_12_/CK (SDFFRQX2M)     0.00       0.00 r
  U0_ARITHMETIC_UNIT/Arith_OUT_reg_12_/Q (SDFFRQX2M)      0.68       0.68 r
  U0_ARITHMETIC_UNIT/Arith_OUT[12] (ARITHMETIC_UNIT_test_1)
                                                          0.00       0.68 r
  U144/Y (CLKINVX1M)                                      0.83       1.51 f
  U145/Y (CLKINVX40M)                                    21.29      22.80 r
  Arith_OUT[12] (out)                                     0.00      22.80 r
  data arrival time                                                 22.80

  clock CLK (rise edge)                                 100.00     100.00
  clock network delay (ideal)                             0.00     100.00
  clock uncertainty                                      -0.20      99.80
  output external delay                                 -20.00      79.80
  data required time                                                79.80
  --------------------------------------------------------------------------
  data required time                                                79.80
  data arrival time                                                -22.80
  --------------------------------------------------------------------------
  slack (MET)                                                       57.00


  Startpoint: U0_ARITHMETIC_UNIT/Arith_OUT_reg_11_
              (rising edge-triggered flip-flop clocked by CLK)
  Endpoint: Arith_OUT[11]
            (output port clocked by CLK)
  Path Group: CLK
  Path Type: max

  Des/Clust/Port     Wire Load Model       Library
  ------------------------------------------------
  ALU_TOP            tsmc13_wl30           scmetro_tsmc_cl013g_rvt_ss_1p08v_125c

  Point                                                   Incr       Path
  --------------------------------------------------------------------------
  clock CLK (rise edge)                                   0.00       0.00
  clock network delay (ideal)                             0.00       0.00
  U0_ARITHMETIC_UNIT/Arith_OUT_reg_11_/CK (SDFFRQX2M)     0.00       0.00 r
  U0_ARITHMETIC_UNIT/Arith_OUT_reg_11_/Q (SDFFRQX2M)      0.68       0.68 r
  U0_ARITHMETIC_UNIT/Arith_OUT[11] (ARITHMETIC_UNIT_test_1)
                                                          0.00       0.68 r
  U142/Y (CLKINVX1M)                                      0.83       1.51 f
  U143/Y (CLKINVX40M)                                    21.29      22.80 r
  Arith_OUT[11] (out)                                     0.00      22.80 r
  data arrival time                                                 22.80

  clock CLK (rise edge)                                 100.00     100.00
  clock network delay (ideal)                             0.00     100.00
  clock uncertainty                                      -0.20      99.80
  output external delay                                 -20.00      79.80
  data required time                                                79.80
  --------------------------------------------------------------------------
  data required time                                                79.80
  data arrival time                                                -22.80
  --------------------------------------------------------------------------
  slack (MET)                                                       57.00


  Startpoint: U0_ARITHMETIC_UNIT/Arith_OUT_reg_10_
              (rising edge-triggered flip-flop clocked by CLK)
  Endpoint: Arith_OUT[10]
            (output port clocked by CLK)
  Path Group: CLK
  Path Type: max

  Des/Clust/Port     Wire Load Model       Library
  ------------------------------------------------
  ALU_TOP            tsmc13_wl30           scmetro_tsmc_cl013g_rvt_ss_1p08v_125c

  Point                                                   Incr       Path
  --------------------------------------------------------------------------
  clock CLK (rise edge)                                   0.00       0.00
  clock network delay (ideal)                             0.00       0.00
  U0_ARITHMETIC_UNIT/Arith_OUT_reg_10_/CK (SDFFRQX2M)     0.00       0.00 r
  U0_ARITHMETIC_UNIT/Arith_OUT_reg_10_/Q (SDFFRQX2M)      0.68       0.68 r
  U0_ARITHMETIC_UNIT/Arith_OUT[10] (ARITHMETIC_UNIT_test_1)
                                                          0.00       0.68 r
  U140/Y (CLKINVX1M)                                      0.83       1.51 f
  U141/Y (CLKINVX40M)                                    21.29      22.80 r
  Arith_OUT[10] (out)                                     0.00      22.80 r
  data arrival time                                                 22.80

  clock CLK (rise edge)                                 100.00     100.00
  clock network delay (ideal)                             0.00     100.00
  clock uncertainty                                      -0.20      99.80
  output external delay                                 -20.00      79.80
  data required time                                                79.80
  --------------------------------------------------------------------------
  data required time                                                79.80
  data arrival time                                                -22.80
  --------------------------------------------------------------------------
  slack (MET)                                                       57.00


  Startpoint: U0_ARITHMETIC_UNIT/Arith_OUT_reg_9_
              (rising edge-triggered flip-flop clocked by CLK)
  Endpoint: Arith_OUT[9]
            (output port clocked by CLK)
  Path Group: CLK
  Path Type: max

  Des/Clust/Port     Wire Load Model       Library
  ------------------------------------------------
  ALU_TOP            tsmc13_wl30           scmetro_tsmc_cl013g_rvt_ss_1p08v_125c

  Point                                                   Incr       Path
  --------------------------------------------------------------------------
  clock CLK (rise edge)                                   0.00       0.00
  clock network delay (ideal)                             0.00       0.00
  U0_ARITHMETIC_UNIT/Arith_OUT_reg_9_/CK (SDFFRQX2M)      0.00       0.00 r
  U0_ARITHMETIC_UNIT/Arith_OUT_reg_9_/Q (SDFFRQX2M)       0.68       0.68 r
  U0_ARITHMETIC_UNIT/Arith_OUT[9] (ARITHMETIC_UNIT_test_1)
                                                          0.00       0.68 r
  U138/Y (CLKINVX1M)                                      0.83       1.51 f
  U139/Y (CLKINVX40M)                                    21.29      22.80 r
  Arith_OUT[9] (out)                                      0.00      22.80 r
  data arrival time                                                 22.80

  clock CLK (rise edge)                                 100.00     100.00
  clock network delay (ideal)                             0.00     100.00
  clock uncertainty                                      -0.20      99.80
  output external delay                                 -20.00      79.80
  data required time                                                79.80
  --------------------------------------------------------------------------
  data required time                                                79.80
  data arrival time                                                -22.80
  --------------------------------------------------------------------------
  slack (MET)                                                       57.00


  Startpoint: U0_ARITHMETIC_UNIT/Arith_OUT_reg_8_
              (rising edge-triggered flip-flop clocked by CLK)
  Endpoint: Arith_OUT[8]
            (output port clocked by CLK)
  Path Group: CLK
  Path Type: max

  Des/Clust/Port     Wire Load Model       Library
  ------------------------------------------------
  ALU_TOP            tsmc13_wl30           scmetro_tsmc_cl013g_rvt_ss_1p08v_125c

  Point                                                   Incr       Path
  --------------------------------------------------------------------------
  clock CLK (rise edge)                                   0.00       0.00
  clock network delay (ideal)                             0.00       0.00
  U0_ARITHMETIC_UNIT/Arith_OUT_reg_8_/CK (SDFFRQX2M)      0.00       0.00 r
  U0_ARITHMETIC_UNIT/Arith_OUT_reg_8_/Q (SDFFRQX2M)       0.68       0.68 r
  U0_ARITHMETIC_UNIT/Arith_OUT[8] (ARITHMETIC_UNIT_test_1)
                                                          0.00       0.68 r
  U136/Y (CLKINVX1M)                                      0.83       1.51 f
  U137/Y (CLKINVX40M)                                    21.29      22.80 r
  Arith_OUT[8] (out)                                      0.00      22.80 r
  data arrival time                                                 22.80

  clock CLK (rise edge)                                 100.00     100.00
  clock network delay (ideal)                             0.00     100.00
  clock uncertainty                                      -0.20      99.80
  output external delay                                 -20.00      79.80
  data required time                                                79.80
  --------------------------------------------------------------------------
  data required time                                                79.80
  data arrival time                                                -22.80
  --------------------------------------------------------------------------
  slack (MET)                                                       57.00


  Startpoint: U0_ARITHMETIC_UNIT/Arith_OUT_reg_7_
              (rising edge-triggered flip-flop clocked by CLK)
  Endpoint: Arith_OUT[7]
            (output port clocked by CLK)
  Path Group: CLK
  Path Type: max

  Des/Clust/Port     Wire Load Model       Library
  ------------------------------------------------
  ALU_TOP            tsmc13_wl30           scmetro_tsmc_cl013g_rvt_ss_1p08v_125c

  Point                                                   Incr       Path
  --------------------------------------------------------------------------
  clock CLK (rise edge)                                   0.00       0.00
  clock network delay (ideal)                             0.00       0.00
  U0_ARITHMETIC_UNIT/Arith_OUT_reg_7_/CK (SDFFRQX2M)      0.00       0.00 r
  U0_ARITHMETIC_UNIT/Arith_OUT_reg_7_/Q (SDFFRQX2M)       0.68       0.68 r
  U0_ARITHMETIC_UNIT/Arith_OUT[7] (ARITHMETIC_UNIT_test_1)
                                                          0.00       0.68 r
  U134/Y (CLKINVX1M)                                      0.83       1.51 f
  U135/Y (CLKINVX40M)                                    21.29      22.80 r
  Arith_OUT[7] (out)                                      0.00      22.80 r
  data arrival time                                                 22.80

  clock CLK (rise edge)                                 100.00     100.00
  clock network delay (ideal)                             0.00     100.00
  clock uncertainty                                      -0.20      99.80
  output external delay                                 -20.00      79.80
  data required time                                                79.80
  --------------------------------------------------------------------------
  data required time                                                79.80
  data arrival time                                                -22.80
  --------------------------------------------------------------------------
  slack (MET)                                                       57.00


  Startpoint: U0_ARITHMETIC_UNIT/Arith_OUT_reg_6_
              (rising edge-triggered flip-flop clocked by CLK)
  Endpoint: Arith_OUT[6]
            (output port clocked by CLK)
  Path Group: CLK
  Path Type: max

  Des/Clust/Port     Wire Load Model       Library
  ------------------------------------------------
  ALU_TOP            tsmc13_wl30           scmetro_tsmc_cl013g_rvt_ss_1p08v_125c

  Point                                                   Incr       Path
  --------------------------------------------------------------------------
  clock CLK (rise edge)                                   0.00       0.00
  clock network delay (ideal)                             0.00       0.00
  U0_ARITHMETIC_UNIT/Arith_OUT_reg_6_/CK (SDFFRQX2M)      0.00       0.00 r
  U0_ARITHMETIC_UNIT/Arith_OUT_reg_6_/Q (SDFFRQX2M)       0.68       0.68 r
  U0_ARITHMETIC_UNIT/Arith_OUT[6] (ARITHMETIC_UNIT_test_1)
                                                          0.00       0.68 r
  U132/Y (CLKINVX1M)                                      0.83       1.51 f
  U133/Y (CLKINVX40M)                                    21.29      22.80 r
  Arith_OUT[6] (out)                                      0.00      22.80 r
  data arrival time                                                 22.80

  clock CLK (rise edge)                                 100.00     100.00
  clock network delay (ideal)                             0.00     100.00
  clock uncertainty                                      -0.20      99.80
  output external delay                                 -20.00      79.80
  data required time                                                79.80
  --------------------------------------------------------------------------
  data required time                                                79.80
  data arrival time                                                -22.80
  --------------------------------------------------------------------------
  slack (MET)                                                       57.00


  Startpoint: U0_ARITHMETIC_UNIT/Arith_OUT_reg_5_
              (rising edge-triggered flip-flop clocked by CLK)
  Endpoint: Arith_OUT[5]
            (output port clocked by CLK)
  Path Group: CLK
  Path Type: max

  Des/Clust/Port     Wire Load Model       Library
  ------------------------------------------------
  ALU_TOP            tsmc13_wl30           scmetro_tsmc_cl013g_rvt_ss_1p08v_125c

  Point                                                   Incr       Path
  --------------------------------------------------------------------------
  clock CLK (rise edge)                                   0.00       0.00
  clock network delay (ideal)                             0.00       0.00
  U0_ARITHMETIC_UNIT/Arith_OUT_reg_5_/CK (SDFFRQX2M)      0.00       0.00 r
  U0_ARITHMETIC_UNIT/Arith_OUT_reg_5_/Q (SDFFRQX2M)       0.68       0.68 r
  U0_ARITHMETIC_UNIT/Arith_OUT[5] (ARITHMETIC_UNIT_test_1)
                                                          0.00       0.68 r
  U130/Y (CLKINVX1M)                                      0.83       1.51 f
  U131/Y (CLKINVX40M)                                    21.29      22.80 r
  Arith_OUT[5] (out)                                      0.00      22.80 r
  data arrival time                                                 22.80

  clock CLK (rise edge)                                 100.00     100.00
  clock network delay (ideal)                             0.00     100.00
  clock uncertainty                                      -0.20      99.80
  output external delay                                 -20.00      79.80
  data required time                                                79.80
  --------------------------------------------------------------------------
  data required time                                                79.80
  data arrival time                                                -22.80
  --------------------------------------------------------------------------
  slack (MET)                                                       57.00


  Startpoint: U0_ARITHMETIC_UNIT/Arith_OUT_reg_4_
              (rising edge-triggered flip-flop clocked by CLK)
  Endpoint: Arith_OUT[4]
            (output port clocked by CLK)
  Path Group: CLK
  Path Type: max

  Des/Clust/Port     Wire Load Model       Library
  ------------------------------------------------
  ALU_TOP            tsmc13_wl30           scmetro_tsmc_cl013g_rvt_ss_1p08v_125c

  Point                                                   Incr       Path
  --------------------------------------------------------------------------
  clock CLK (rise edge)                                   0.00       0.00
  clock network delay (ideal)                             0.00       0.00
  U0_ARITHMETIC_UNIT/Arith_OUT_reg_4_/CK (SDFFRQX2M)      0.00       0.00 r
  U0_ARITHMETIC_UNIT/Arith_OUT_reg_4_/Q (SDFFRQX2M)       0.68       0.68 r
  U0_ARITHMETIC_UNIT/Arith_OUT[4] (ARITHMETIC_UNIT_test_1)
                                                          0.00       0.68 r
  U128/Y (CLKINVX1M)                                      0.83       1.51 f
  U129/Y (CLKINVX40M)                                    21.29      22.80 r
  Arith_OUT[4] (out)                                      0.00      22.80 r
  data arrival time                                                 22.80

  clock CLK (rise edge)                                 100.00     100.00
  clock network delay (ideal)                             0.00     100.00
  clock uncertainty                                      -0.20      99.80
  output external delay                                 -20.00      79.80
  data required time                                                79.80
  --------------------------------------------------------------------------
  data required time                                                79.80
  data arrival time                                                -22.80
  --------------------------------------------------------------------------
  slack (MET)                                                       57.00


  Startpoint: U0_ARITHMETIC_UNIT/Arith_OUT_reg_3_
              (rising edge-triggered flip-flop clocked by CLK)
  Endpoint: Arith_OUT[3]
            (output port clocked by CLK)
  Path Group: CLK
  Path Type: max

  Des/Clust/Port     Wire Load Model       Library
  ------------------------------------------------
  ALU_TOP            tsmc13_wl30           scmetro_tsmc_cl013g_rvt_ss_1p08v_125c

  Point                                                   Incr       Path
  --------------------------------------------------------------------------
  clock CLK (rise edge)                                   0.00       0.00
  clock network delay (ideal)                             0.00       0.00
  U0_ARITHMETIC_UNIT/Arith_OUT_reg_3_/CK (SDFFRQX2M)      0.00       0.00 r
  U0_ARITHMETIC_UNIT/Arith_OUT_reg_3_/Q (SDFFRQX2M)       0.68       0.68 r
  U0_ARITHMETIC_UNIT/Arith_OUT[3] (ARITHMETIC_UNIT_test_1)
                                                          0.00       0.68 r
  U126/Y (CLKINVX1M)                                      0.83       1.51 f
  U127/Y (CLKINVX40M)                                    21.29      22.80 r
  Arith_OUT[3] (out)                                      0.00      22.80 r
  data arrival time                                                 22.80

  clock CLK (rise edge)                                 100.00     100.00
  clock network delay (ideal)                             0.00     100.00
  clock uncertainty                                      -0.20      99.80
  output external delay                                 -20.00      79.80
  data required time                                                79.80
  --------------------------------------------------------------------------
  data required time                                                79.80
  data arrival time                                                -22.80
  --------------------------------------------------------------------------
  slack (MET)                                                       57.00


  Startpoint: U0_ARITHMETIC_UNIT/Carry_OUT_reg
              (rising edge-triggered flip-flop clocked by CLK)
  Endpoint: Carry_OUT (output port clocked by CLK)
  Path Group: CLK
  Path Type: max

  Des/Clust/Port     Wire Load Model       Library
  ------------------------------------------------
  ALU_TOP            tsmc13_wl30           scmetro_tsmc_cl013g_rvt_ss_1p08v_125c

  Point                                                   Incr       Path
  --------------------------------------------------------------------------
  clock CLK (rise edge)                                   0.00       0.00
  clock network delay (ideal)                             0.00       0.00
  U0_ARITHMETIC_UNIT/Carry_OUT_reg/CK (SDFFRQX2M)         0.00       0.00 r
  U0_ARITHMETIC_UNIT/Carry_OUT_reg/Q (SDFFRQX2M)          0.68       0.68 r
  U0_ARITHMETIC_UNIT/Carry_OUT (ARITHMETIC_UNIT_test_1)
                                                          0.00       0.68 r
  U118/Y (CLKINVX1M)                                      0.83       1.51 f
  U119/Y (CLKINVX40M)                                    21.29      22.80 r
  Carry_OUT (out)                                         0.00      22.80 r
  data arrival time                                                 22.80

  clock CLK (rise edge)                                 100.00     100.00
  clock network delay (ideal)                             0.00     100.00
  clock uncertainty                                      -0.20      99.80
  output external delay                                 -20.00      79.80
  data required time                                                79.80
  --------------------------------------------------------------------------
  data required time                                                79.80
  data arrival time                                                -22.80
  --------------------------------------------------------------------------
  slack (MET)                                                       57.00


  Startpoint: U0_LOGIC_UNIT/Logic_OUT_reg_15_
              (rising edge-triggered flip-flop clocked by CLK)
  Endpoint: Logic_OUT[15]
            (output port clocked by CLK)
  Path Group: CLK
  Path Type: max

  Des/Clust/Port     Wire Load Model       Library
  ------------------------------------------------
  ALU_TOP            tsmc13_wl30           scmetro_tsmc_cl013g_rvt_ss_1p08v_125c

  Point                                                   Incr       Path
  --------------------------------------------------------------------------
  clock CLK (rise edge)                                   0.00       0.00
  clock network delay (ideal)                             0.00       0.00
  U0_LOGIC_UNIT/Logic_OUT_reg_15_/CK (SDFFRQX2M)          0.00       0.00 r
  U0_LOGIC_UNIT/Logic_OUT_reg_15_/Q (SDFFRQX2M)           0.68       0.68 r
  U0_LOGIC_UNIT/Logic_OUT[15] (LOGIC_UNIT_test_1)         0.00       0.68 r
  U114/Y (CLKINVX1M)                                      0.83       1.51 f
  U115/Y (CLKINVX40M)                                    21.29      22.80 r
  Logic_OUT[15] (out)                                     0.00      22.80 r
  data arrival time                                                 22.80

  clock CLK (rise edge)                                 100.00     100.00
  clock network delay (ideal)                             0.00     100.00
  clock uncertainty                                      -0.20      99.80
  output external delay                                 -20.00      79.80
  data required time                                                79.80
  --------------------------------------------------------------------------
  data required time                                                79.80
  data arrival time                                                -22.80
  --------------------------------------------------------------------------
  slack (MET)                                                       57.00


  Startpoint: U0_LOGIC_UNIT/Logic_OUT_reg_14_
              (rising edge-triggered flip-flop clocked by CLK)
  Endpoint: Logic_OUT[14]
            (output port clocked by CLK)
  Path Group: CLK
  Path Type: max

  Des/Clust/Port     Wire Load Model       Library
  ------------------------------------------------
  ALU_TOP            tsmc13_wl30           scmetro_tsmc_cl013g_rvt_ss_1p08v_125c

  Point                                                   Incr       Path
  --------------------------------------------------------------------------
  clock CLK (rise edge)                                   0.00       0.00
  clock network delay (ideal)                             0.00       0.00
  U0_LOGIC_UNIT/Logic_OUT_reg_14_/CK (SDFFRQX2M)          0.00       0.00 r
  U0_LOGIC_UNIT/Logic_OUT_reg_14_/Q (SDFFRQX2M)           0.68       0.68 r
  U0_LOGIC_UNIT/Logic_OUT[14] (LOGIC_UNIT_test_1)         0.00       0.68 r
  U112/Y (CLKINVX1M)                                      0.83       1.51 f
  U113/Y (CLKINVX40M)                                    21.29      22.80 r
  Logic_OUT[14] (out)                                     0.00      22.80 r
  data arrival time                                                 22.80

  clock CLK (rise edge)                                 100.00     100.00
  clock network delay (ideal)                             0.00     100.00
  clock uncertainty                                      -0.20      99.80
  output external delay                                 -20.00      79.80
  data required time                                                79.80
  --------------------------------------------------------------------------
  data required time                                                79.80
  data arrival time                                                -22.80
  --------------------------------------------------------------------------
  slack (MET)                                                       57.00


  Startpoint: U0_LOGIC_UNIT/Logic_OUT_reg_13_
              (rising edge-triggered flip-flop clocked by CLK)
  Endpoint: Logic_OUT[13]
            (output port clocked by CLK)
  Path Group: CLK
  Path Type: max

  Des/Clust/Port     Wire Load Model       Library
  ------------------------------------------------
  ALU_TOP            tsmc13_wl30           scmetro_tsmc_cl013g_rvt_ss_1p08v_125c

  Point                                                   Incr       Path
  --------------------------------------------------------------------------
  clock CLK (rise edge)                                   0.00       0.00
  clock network delay (ideal)                             0.00       0.00
  U0_LOGIC_UNIT/Logic_OUT_reg_13_/CK (SDFFRQX2M)          0.00       0.00 r
  U0_LOGIC_UNIT/Logic_OUT_reg_13_/Q (SDFFRQX2M)           0.68       0.68 r
  U0_LOGIC_UNIT/Logic_OUT[13] (LOGIC_UNIT_test_1)         0.00       0.68 r
  U110/Y (CLKINVX1M)                                      0.83       1.51 f
  U111/Y (CLKINVX40M)                                    21.29      22.80 r
  Logic_OUT[13] (out)                                     0.00      22.80 r
  data arrival time                                                 22.80

  clock CLK (rise edge)                                 100.00     100.00
  clock network delay (ideal)                             0.00     100.00
  clock uncertainty                                      -0.20      99.80
  output external delay                                 -20.00      79.80
  data required time                                                79.80
  --------------------------------------------------------------------------
  data required time                                                79.80
  data arrival time                                                -22.80
  --------------------------------------------------------------------------
  slack (MET)                                                       57.00


  Startpoint: U0_LOGIC_UNIT/Logic_OUT_reg_12_
              (rising edge-triggered flip-flop clocked by CLK)
  Endpoint: Logic_OUT[12]
            (output port clocked by CLK)
  Path Group: CLK
  Path Type: max

  Des/Clust/Port     Wire Load Model       Library
  ------------------------------------------------
  ALU_TOP            tsmc13_wl30           scmetro_tsmc_cl013g_rvt_ss_1p08v_125c

  Point                                                   Incr       Path
  --------------------------------------------------------------------------
  clock CLK (rise edge)                                   0.00       0.00
  clock network delay (ideal)                             0.00       0.00
  U0_LOGIC_UNIT/Logic_OUT_reg_12_/CK (SDFFRQX2M)          0.00       0.00 r
  U0_LOGIC_UNIT/Logic_OUT_reg_12_/Q (SDFFRQX2M)           0.68       0.68 r
  U0_LOGIC_UNIT/Logic_OUT[12] (LOGIC_UNIT_test_1)         0.00       0.68 r
  U108/Y (CLKINVX1M)                                      0.83       1.51 f
  U109/Y (CLKINVX40M)                                    21.29      22.80 r
  Logic_OUT[12] (out)                                     0.00      22.80 r
  data arrival time                                                 22.80

  clock CLK (rise edge)                                 100.00     100.00
  clock network delay (ideal)                             0.00     100.00
  clock uncertainty                                      -0.20      99.80
  output external delay                                 -20.00      79.80
  data required time                                                79.80
  --------------------------------------------------------------------------
  data required time                                                79.80
  data arrival time                                                -22.80
  --------------------------------------------------------------------------
  slack (MET)                                                       57.00


  Startpoint: U0_LOGIC_UNIT/Logic_OUT_reg_11_
              (rising edge-triggered flip-flop clocked by CLK)
  Endpoint: Logic_OUT[11]
            (output port clocked by CLK)
  Path Group: CLK
  Path Type: max

  Des/Clust/Port     Wire Load Model       Library
  ------------------------------------------------
  ALU_TOP            tsmc13_wl30           scmetro_tsmc_cl013g_rvt_ss_1p08v_125c

  Point                                                   Incr       Path
  --------------------------------------------------------------------------
  clock CLK (rise edge)                                   0.00       0.00
  clock network delay (ideal)                             0.00       0.00
  U0_LOGIC_UNIT/Logic_OUT_reg_11_/CK (SDFFRQX2M)          0.00       0.00 r
  U0_LOGIC_UNIT/Logic_OUT_reg_11_/Q (SDFFRQX2M)           0.68       0.68 r
  U0_LOGIC_UNIT/Logic_OUT[11] (LOGIC_UNIT_test_1)         0.00       0.68 r
  U106/Y (CLKINVX1M)                                      0.83       1.51 f
  U107/Y (CLKINVX40M)                                    21.29      22.80 r
  Logic_OUT[11] (out)                                     0.00      22.80 r
  data arrival time                                                 22.80

  clock CLK (rise edge)                                 100.00     100.00
  clock network delay (ideal)                             0.00     100.00
  clock uncertainty                                      -0.20      99.80
  output external delay                                 -20.00      79.80
  data required time                                                79.80
  --------------------------------------------------------------------------
  data required time                                                79.80
  data arrival time                                                -22.80
  --------------------------------------------------------------------------
  slack (MET)                                                       57.00


  Startpoint: U0_LOGIC_UNIT/Logic_OUT_reg_10_
              (rising edge-triggered flip-flop clocked by CLK)
  Endpoint: Logic_OUT[10]
            (output port clocked by CLK)
  Path Group: CLK
  Path Type: max

  Des/Clust/Port     Wire Load Model       Library
  ------------------------------------------------
  ALU_TOP            tsmc13_wl30           scmetro_tsmc_cl013g_rvt_ss_1p08v_125c

  Point                                                   Incr       Path
  --------------------------------------------------------------------------
  clock CLK (rise edge)                                   0.00       0.00
  clock network delay (ideal)                             0.00       0.00
  U0_LOGIC_UNIT/Logic_OUT_reg_10_/CK (SDFFRQX2M)          0.00       0.00 r
  U0_LOGIC_UNIT/Logic_OUT_reg_10_/Q (SDFFRQX2M)           0.68       0.68 r
  U0_LOGIC_UNIT/Logic_OUT[10] (LOGIC_UNIT_test_1)         0.00       0.68 r
  U104/Y (CLKINVX1M)                                      0.83       1.51 f
  U105/Y (CLKINVX40M)                                    21.29      22.80 r
  Logic_OUT[10] (out)                                     0.00      22.80 r
  data arrival time                                                 22.80

  clock CLK (rise edge)                                 100.00     100.00
  clock network delay (ideal)                             0.00     100.00
  clock uncertainty                                      -0.20      99.80
  output external delay                                 -20.00      79.80
  data required time                                                79.80
  --------------------------------------------------------------------------
  data required time                                                79.80
  data arrival time                                                -22.80
  --------------------------------------------------------------------------
  slack (MET)                                                       57.00


  Startpoint: U0_LOGIC_UNIT/Logic_OUT_reg_9_
              (rising edge-triggered flip-flop clocked by CLK)
  Endpoint: Logic_OUT[9]
            (output port clocked by CLK)
  Path Group: CLK
  Path Type: max

  Des/Clust/Port     Wire Load Model       Library
  ------------------------------------------------
  ALU_TOP            tsmc13_wl30           scmetro_tsmc_cl013g_rvt_ss_1p08v_125c

  Point                                                   Incr       Path
  --------------------------------------------------------------------------
  clock CLK (rise edge)                                   0.00       0.00
  clock network delay (ideal)                             0.00       0.00
  U0_LOGIC_UNIT/Logic_OUT_reg_9_/CK (SDFFRQX2M)           0.00       0.00 r
  U0_LOGIC_UNIT/Logic_OUT_reg_9_/Q (SDFFRQX2M)            0.68       0.68 r
  U0_LOGIC_UNIT/Logic_OUT[9] (LOGIC_UNIT_test_1)          0.00       0.68 r
  U102/Y (CLKINVX1M)                                      0.83       1.51 f
  U103/Y (CLKINVX40M)                                    21.29      22.80 r
  Logic_OUT[9] (out)                                      0.00      22.80 r
  data arrival time                                                 22.80

  clock CLK (rise edge)                                 100.00     100.00
  clock network delay (ideal)                             0.00     100.00
  clock uncertainty                                      -0.20      99.80
  output external delay                                 -20.00      79.80
  data required time                                                79.80
  --------------------------------------------------------------------------
  data required time                                                79.80
  data arrival time                                                -22.80
  --------------------------------------------------------------------------
  slack (MET)                                                       57.00


  Startpoint: U0_LOGIC_UNIT/Logic_OUT_reg_8_
              (rising edge-triggered flip-flop clocked by CLK)
  Endpoint: Logic_OUT[8]
            (output port clocked by CLK)
  Path Group: CLK
  Path Type: max

  Des/Clust/Port     Wire Load Model       Library
  ------------------------------------------------
  ALU_TOP            tsmc13_wl30           scmetro_tsmc_cl013g_rvt_ss_1p08v_125c

  Point                                                   Incr       Path
  --------------------------------------------------------------------------
  clock CLK (rise edge)                                   0.00       0.00
  clock network delay (ideal)                             0.00       0.00
  U0_LOGIC_UNIT/Logic_OUT_reg_8_/CK (SDFFRQX2M)           0.00       0.00 r
  U0_LOGIC_UNIT/Logic_OUT_reg_8_/Q (SDFFRQX2M)            0.68       0.68 r
  U0_LOGIC_UNIT/Logic_OUT[8] (LOGIC_UNIT_test_1)          0.00       0.68 r
  U100/Y (CLKINVX1M)                                      0.83       1.51 f
  U101/Y (CLKINVX40M)                                    21.29      22.80 r
  Logic_OUT[8] (out)                                      0.00      22.80 r
  data arrival time                                                 22.80

  clock CLK (rise edge)                                 100.00     100.00
  clock network delay (ideal)                             0.00     100.00
  clock uncertainty                                      -0.20      99.80
  output external delay                                 -20.00      79.80
  data required time                                                79.80
  --------------------------------------------------------------------------
  data required time                                                79.80
  data arrival time                                                -22.80
  --------------------------------------------------------------------------
  slack (MET)                                                       57.00


  Startpoint: U0_LOGIC_UNIT/Logic_OUT_reg_7_
              (rising edge-triggered flip-flop clocked by CLK)
  Endpoint: Logic_OUT[7]
            (output port clocked by CLK)
  Path Group: CLK
  Path Type: max

  Des/Clust/Port     Wire Load Model       Library
  ------------------------------------------------
  ALU_TOP            tsmc13_wl30           scmetro_tsmc_cl013g_rvt_ss_1p08v_125c

  Point                                                   Incr       Path
  --------------------------------------------------------------------------
  clock CLK (rise edge)                                   0.00       0.00
  clock network delay (ideal)                             0.00       0.00
  U0_LOGIC_UNIT/Logic_OUT_reg_7_/CK (SDFFRQX2M)           0.00       0.00 r
  U0_LOGIC_UNIT/Logic_OUT_reg_7_/Q (SDFFRQX2M)            0.68       0.68 r
  U0_LOGIC_UNIT/Logic_OUT[7] (LOGIC_UNIT_test_1)          0.00       0.68 r
  U98/Y (CLKINVX1M)                                       0.83       1.51 f
  U99/Y (CLKINVX40M)                                     21.29      22.80 r
  Logic_OUT[7] (out)                                      0.00      22.80 r
  data arrival time                                                 22.80

  clock CLK (rise edge)                                 100.00     100.00
  clock network delay (ideal)                             0.00     100.00
  clock uncertainty                                      -0.20      99.80
  output external delay                                 -20.00      79.80
  data required time                                                79.80
  --------------------------------------------------------------------------
  data required time                                                79.80
  data arrival time                                                -22.80
  --------------------------------------------------------------------------
  slack (MET)                                                       57.00


  Startpoint: U0_LOGIC_UNIT/Logic_OUT_reg_6_
              (rising edge-triggered flip-flop clocked by CLK)
  Endpoint: Logic_OUT[6]
            (output port clocked by CLK)
  Path Group: CLK
  Path Type: max

  Des/Clust/Port     Wire Load Model       Library
  ------------------------------------------------
  ALU_TOP            tsmc13_wl30           scmetro_tsmc_cl013g_rvt_ss_1p08v_125c

  Point                                                   Incr       Path
  --------------------------------------------------------------------------
  clock CLK (rise edge)                                   0.00       0.00
  clock network delay (ideal)                             0.00       0.00
  U0_LOGIC_UNIT/Logic_OUT_reg_6_/CK (SDFFRQX2M)           0.00       0.00 r
  U0_LOGIC_UNIT/Logic_OUT_reg_6_/Q (SDFFRQX2M)            0.68       0.68 r
  U0_LOGIC_UNIT/Logic_OUT[6] (LOGIC_UNIT_test_1)          0.00       0.68 r
  U96/Y (CLKINVX1M)                                       0.83       1.51 f
  U97/Y (CLKINVX40M)                                     21.29      22.80 r
  Logic_OUT[6] (out)                                      0.00      22.80 r
  data arrival time                                                 22.80

  clock CLK (rise edge)                                 100.00     100.00
  clock network delay (ideal)                             0.00     100.00
  clock uncertainty                                      -0.20      99.80
  output external delay                                 -20.00      79.80
  data required time                                                79.80
  --------------------------------------------------------------------------
  data required time                                                79.80
  data arrival time                                                -22.80
  --------------------------------------------------------------------------
  slack (MET)                                                       57.00


  Startpoint: U0_LOGIC_UNIT/Logic_OUT_reg_5_
              (rising edge-triggered flip-flop clocked by CLK)
  Endpoint: Logic_OUT[5]
            (output port clocked by CLK)
  Path Group: CLK
  Path Type: max

  Des/Clust/Port     Wire Load Model       Library
  ------------------------------------------------
  ALU_TOP            tsmc13_wl30           scmetro_tsmc_cl013g_rvt_ss_1p08v_125c

  Point                                                   Incr       Path
  --------------------------------------------------------------------------
  clock CLK (rise edge)                                   0.00       0.00
  clock network delay (ideal)                             0.00       0.00
  U0_LOGIC_UNIT/Logic_OUT_reg_5_/CK (SDFFRQX2M)           0.00       0.00 r
  U0_LOGIC_UNIT/Logic_OUT_reg_5_/Q (SDFFRQX2M)            0.68       0.68 r
  U0_LOGIC_UNIT/Logic_OUT[5] (LOGIC_UNIT_test_1)          0.00       0.68 r
  U94/Y (CLKINVX1M)                                       0.83       1.51 f
  U95/Y (CLKINVX40M)                                     21.29      22.80 r
  Logic_OUT[5] (out)                                      0.00      22.80 r
  data arrival time                                                 22.80

  clock CLK (rise edge)                                 100.00     100.00
  clock network delay (ideal)                             0.00     100.00
  clock uncertainty                                      -0.20      99.80
  output external delay                                 -20.00      79.80
  data required time                                                79.80
  --------------------------------------------------------------------------
  data required time                                                79.80
  data arrival time                                                -22.80
  --------------------------------------------------------------------------
  slack (MET)                                                       57.00


  Startpoint: U0_LOGIC_UNIT/Logic_OUT_reg_4_
              (rising edge-triggered flip-flop clocked by CLK)
  Endpoint: Logic_OUT[4]
            (output port clocked by CLK)
  Path Group: CLK
  Path Type: max

  Des/Clust/Port     Wire Load Model       Library
  ------------------------------------------------
  ALU_TOP            tsmc13_wl30           scmetro_tsmc_cl013g_rvt_ss_1p08v_125c

  Point                                                   Incr       Path
  --------------------------------------------------------------------------
  clock CLK (rise edge)                                   0.00       0.00
  clock network delay (ideal)                             0.00       0.00
  U0_LOGIC_UNIT/Logic_OUT_reg_4_/CK (SDFFRQX2M)           0.00       0.00 r
  U0_LOGIC_UNIT/Logic_OUT_reg_4_/Q (SDFFRQX2M)            0.68       0.68 r
  U0_LOGIC_UNIT/Logic_OUT[4] (LOGIC_UNIT_test_1)          0.00       0.68 r
  U92/Y (CLKINVX1M)                                       0.83       1.51 f
  U93/Y (CLKINVX40M)                                     21.29      22.80 r
  Logic_OUT[4] (out)                                      0.00      22.80 r
  data arrival time                                                 22.80

  clock CLK (rise edge)                                 100.00     100.00
  clock network delay (ideal)                             0.00     100.00
  clock uncertainty                                      -0.20      99.80
  output external delay                                 -20.00      79.80
  data required time                                                79.80
  --------------------------------------------------------------------------
  data required time                                                79.80
  data arrival time                                                -22.80
  --------------------------------------------------------------------------
  slack (MET)                                                       57.00


  Startpoint: U0_LOGIC_UNIT/Logic_OUT_reg_3_
              (rising edge-triggered flip-flop clocked by CLK)
  Endpoint: Logic_OUT[3]
            (output port clocked by CLK)
  Path Group: CLK
  Path Type: max

  Des/Clust/Port     Wire Load Model       Library
  ------------------------------------------------
  ALU_TOP            tsmc13_wl30           scmetro_tsmc_cl013g_rvt_ss_1p08v_125c

  Point                                                   Incr       Path
  --------------------------------------------------------------------------
  clock CLK (rise edge)                                   0.00       0.00
  clock network delay (ideal)                             0.00       0.00
  U0_LOGIC_UNIT/Logic_OUT_reg_3_/CK (SDFFRQX2M)           0.00       0.00 r
  U0_LOGIC_UNIT/Logic_OUT_reg_3_/Q (SDFFRQX2M)            0.68       0.68 r
  U0_LOGIC_UNIT/Logic_OUT[3] (LOGIC_UNIT_test_1)          0.00       0.68 r
  U90/Y (CLKINVX1M)                                       0.83       1.51 f
  U91/Y (CLKINVX40M)                                     21.29      22.80 r
  Logic_OUT[3] (out)                                      0.00      22.80 r
  data arrival time                                                 22.80

  clock CLK (rise edge)                                 100.00     100.00
  clock network delay (ideal)                             0.00     100.00
  clock uncertainty                                      -0.20      99.80
  output external delay                                 -20.00      79.80
  data required time                                                79.80
  --------------------------------------------------------------------------
  data required time                                                79.80
  data arrival time                                                -22.80
  --------------------------------------------------------------------------
  slack (MET)                                                       57.00


  Startpoint: U0_LOGIC_UNIT/Logic_OUT_reg_2_
              (rising edge-triggered flip-flop clocked by CLK)
  Endpoint: Logic_OUT[2]
            (output port clocked by CLK)
  Path Group: CLK
  Path Type: max

  Des/Clust/Port     Wire Load Model       Library
  ------------------------------------------------
  ALU_TOP            tsmc13_wl30           scmetro_tsmc_cl013g_rvt_ss_1p08v_125c

  Point                                                   Incr       Path
  --------------------------------------------------------------------------
  clock CLK (rise edge)                                   0.00       0.00
  clock network delay (ideal)                             0.00       0.00
  U0_LOGIC_UNIT/Logic_OUT_reg_2_/CK (SDFFRQX2M)           0.00       0.00 r
  U0_LOGIC_UNIT/Logic_OUT_reg_2_/Q (SDFFRQX2M)            0.68       0.68 r
  U0_LOGIC_UNIT/Logic_OUT[2] (LOGIC_UNIT_test_1)          0.00       0.68 r
  U88/Y (CLKINVX1M)                                       0.83       1.51 f
  U89/Y (CLKINVX40M)                                     21.29      22.80 r
  Logic_OUT[2] (out)                                      0.00      22.80 r
  data arrival time                                                 22.80

  clock CLK (rise edge)                                 100.00     100.00
  clock network delay (ideal)                             0.00     100.00
  clock uncertainty                                      -0.20      99.80
  output external delay                                 -20.00      79.80
  data required time                                                79.80
  --------------------------------------------------------------------------
  data required time                                                79.80
  data arrival time                                                -22.80
  --------------------------------------------------------------------------
  slack (MET)                                                       57.00


  Startpoint: U0_LOGIC_UNIT/Logic_OUT_reg_1_
              (rising edge-triggered flip-flop clocked by CLK)
  Endpoint: Logic_OUT[1]
            (output port clocked by CLK)
  Path Group: CLK
  Path Type: max

  Des/Clust/Port     Wire Load Model       Library
  ------------------------------------------------
  ALU_TOP            tsmc13_wl30           scmetro_tsmc_cl013g_rvt_ss_1p08v_125c

  Point                                                   Incr       Path
  --------------------------------------------------------------------------
  clock CLK (rise edge)                                   0.00       0.00
  clock network delay (ideal)                             0.00       0.00
  U0_LOGIC_UNIT/Logic_OUT_reg_1_/CK (SDFFRQX2M)           0.00       0.00 r
  U0_LOGIC_UNIT/Logic_OUT_reg_1_/Q (SDFFRQX2M)            0.68       0.68 r
  U0_LOGIC_UNIT/Logic_OUT[1] (LOGIC_UNIT_test_1)          0.00       0.68 r
  U86/Y (CLKINVX1M)                                       0.83       1.51 f
  U87/Y (CLKINVX40M)                                     21.29      22.80 r
  Logic_OUT[1] (out)                                      0.00      22.80 r
  data arrival time                                                 22.80

  clock CLK (rise edge)                                 100.00     100.00
  clock network delay (ideal)                             0.00     100.00
  clock uncertainty                                      -0.20      99.80
  output external delay                                 -20.00      79.80
  data required time                                                79.80
  --------------------------------------------------------------------------
  data required time                                                79.80
  data arrival time                                                -22.80
  --------------------------------------------------------------------------
  slack (MET)                                                       57.00


  Startpoint: U0_LOGIC_UNIT/Logic_OUT_reg_0_
              (rising edge-triggered flip-flop clocked by CLK)
  Endpoint: Logic_OUT[0]
            (output port clocked by CLK)
  Path Group: CLK
  Path Type: max

  Des/Clust/Port     Wire Load Model       Library
  ------------------------------------------------
  ALU_TOP            tsmc13_wl30           scmetro_tsmc_cl013g_rvt_ss_1p08v_125c

  Point                                                   Incr       Path
  --------------------------------------------------------------------------
  clock CLK (rise edge)                                   0.00       0.00
  clock network delay (ideal)                             0.00       0.00
  U0_LOGIC_UNIT/Logic_OUT_reg_0_/CK (SDFFRQX2M)           0.00       0.00 r
  U0_LOGIC_UNIT/Logic_OUT_reg_0_/Q (SDFFRQX2M)            0.68       0.68 r
  U0_LOGIC_UNIT/Logic_OUT[0] (LOGIC_UNIT_test_1)          0.00       0.68 r
  U84/Y (CLKINVX1M)                                       0.83       1.51 f
  U85/Y (CLKINVX40M)                                     21.29      22.80 r
  Logic_OUT[0] (out)                                      0.00      22.80 r
  data arrival time                                                 22.80

  clock CLK (rise edge)                                 100.00     100.00
  clock network delay (ideal)                             0.00     100.00
  clock uncertainty                                      -0.20      99.80
  output external delay                                 -20.00      79.80
  data required time                                                79.80
  --------------------------------------------------------------------------
  data required time                                                79.80
  data arrival time                                                -22.80
  --------------------------------------------------------------------------
  slack (MET)                                                       57.00


  Startpoint: U0_LOGIC_UNIT/Logic_Flag_reg
              (rising edge-triggered flip-flop clocked by CLK)
  Endpoint: Logic_Flag (output port clocked by CLK)
  Path Group: CLK
  Path Type: max

  Des/Clust/Port     Wire Load Model       Library
  ------------------------------------------------
  ALU_TOP            tsmc13_wl30           scmetro_tsmc_cl013g_rvt_ss_1p08v_125c

  Point                                                   Incr       Path
  --------------------------------------------------------------------------
  clock CLK (rise edge)                                   0.00       0.00
  clock network delay (ideal)                             0.00       0.00
  U0_LOGIC_UNIT/Logic_Flag_reg/CK (SDFFRQX2M)             0.00       0.00 r
  U0_LOGIC_UNIT/Logic_Flag_reg/Q (SDFFRQX2M)              0.68       0.68 r
  U0_LOGIC_UNIT/Logic_Flag (LOGIC_UNIT_test_1)            0.00       0.68 r
  U82/Y (CLKINVX1M)                                       0.83       1.51 f
  U83/Y (CLKINVX40M)                                     21.29      22.80 r
  Logic_Flag (out)                                        0.00      22.80 r
  data arrival time                                                 22.80

  clock CLK (rise edge)                                 100.00     100.00
  clock network delay (ideal)                             0.00     100.00
  clock uncertainty                                      -0.20      99.80
  output external delay                                 -20.00      79.80
  data required time                                                79.80
  --------------------------------------------------------------------------
  data required time                                                79.80
  data arrival time                                                -22.80
  --------------------------------------------------------------------------
  slack (MET)                                                       57.00


  Startpoint: U0_SHIFT_UNIT/Shift_OUT_reg_14_
              (rising edge-triggered flip-flop clocked by CLK)
  Endpoint: Shift_OUT[14]
            (output port clocked by CLK)
  Path Group: CLK
  Path Type: max

  Des/Clust/Port     Wire Load Model       Library
  ------------------------------------------------
  ALU_TOP            tsmc13_wl30           scmetro_tsmc_cl013g_rvt_ss_1p08v_125c

  Point                                                   Incr       Path
  --------------------------------------------------------------------------
  clock CLK (rise edge)                                   0.00       0.00
  clock network delay (ideal)                             0.00       0.00
  U0_SHIFT_UNIT/Shift_OUT_reg_14_/CK (SDFFRQX2M)          0.00       0.00 r
  U0_SHIFT_UNIT/Shift_OUT_reg_14_/Q (SDFFRQX2M)           0.68       0.68 r
  U0_SHIFT_UNIT/Shift_OUT[14] (SHIFT_UNIT_test_1)         0.00       0.68 r
  U78/Y (CLKINVX1M)                                       0.83       1.51 f
  U79/Y (CLKINVX40M)                                     21.29      22.80 r
  Shift_OUT[14] (out)                                     0.00      22.80 r
  data arrival time                                                 22.80

  clock CLK (rise edge)                                 100.00     100.00
  clock network delay (ideal)                             0.00     100.00
  clock uncertainty                                      -0.20      99.80
  output external delay                                 -20.00      79.80
  data required time                                                79.80
  --------------------------------------------------------------------------
  data required time                                                79.80
  data arrival time                                                -22.80
  --------------------------------------------------------------------------
  slack (MET)                                                       57.00


  Startpoint: U0_SHIFT_UNIT/Shift_OUT_reg_13_
              (rising edge-triggered flip-flop clocked by CLK)
  Endpoint: Shift_OUT[13]
            (output port clocked by CLK)
  Path Group: CLK
  Path Type: max

  Des/Clust/Port     Wire Load Model       Library
  ------------------------------------------------
  ALU_TOP            tsmc13_wl30           scmetro_tsmc_cl013g_rvt_ss_1p08v_125c

  Point                                                   Incr       Path
  --------------------------------------------------------------------------
  clock CLK (rise edge)                                   0.00       0.00
  clock network delay (ideal)                             0.00       0.00
  U0_SHIFT_UNIT/Shift_OUT_reg_13_/CK (SDFFRQX2M)          0.00       0.00 r
  U0_SHIFT_UNIT/Shift_OUT_reg_13_/Q (SDFFRQX2M)           0.68       0.68 r
  U0_SHIFT_UNIT/Shift_OUT[13] (SHIFT_UNIT_test_1)         0.00       0.68 r
  U76/Y (CLKINVX1M)                                       0.83       1.51 f
  U77/Y (CLKINVX40M)                                     21.29      22.80 r
  Shift_OUT[13] (out)                                     0.00      22.80 r
  data arrival time                                                 22.80

  clock CLK (rise edge)                                 100.00     100.00
  clock network delay (ideal)                             0.00     100.00
  clock uncertainty                                      -0.20      99.80
  output external delay                                 -20.00      79.80
  data required time                                                79.80
  --------------------------------------------------------------------------
  data required time                                                79.80
  data arrival time                                                -22.80
  --------------------------------------------------------------------------
  slack (MET)                                                       57.00


  Startpoint: U0_SHIFT_UNIT/Shift_OUT_reg_12_
              (rising edge-triggered flip-flop clocked by CLK)
  Endpoint: Shift_OUT[12]
            (output port clocked by CLK)
  Path Group: CLK
  Path Type: max

  Des/Clust/Port     Wire Load Model       Library
  ------------------------------------------------
  ALU_TOP            tsmc13_wl30           scmetro_tsmc_cl013g_rvt_ss_1p08v_125c

  Point                                                   Incr       Path
  --------------------------------------------------------------------------
  clock CLK (rise edge)                                   0.00       0.00
  clock network delay (ideal)                             0.00       0.00
  U0_SHIFT_UNIT/Shift_OUT_reg_12_/CK (SDFFRQX2M)          0.00       0.00 r
  U0_SHIFT_UNIT/Shift_OUT_reg_12_/Q (SDFFRQX2M)           0.68       0.68 r
  U0_SHIFT_UNIT/Shift_OUT[12] (SHIFT_UNIT_test_1)         0.00       0.68 r
  U74/Y (CLKINVX1M)                                       0.83       1.51 f
  U75/Y (CLKINVX40M)                                     21.29      22.80 r
  Shift_OUT[12] (out)                                     0.00      22.80 r
  data arrival time                                                 22.80

  clock CLK (rise edge)                                 100.00     100.00
  clock network delay (ideal)                             0.00     100.00
  clock uncertainty                                      -0.20      99.80
  output external delay                                 -20.00      79.80
  data required time                                                79.80
  --------------------------------------------------------------------------
  data required time                                                79.80
  data arrival time                                                -22.80
  --------------------------------------------------------------------------
  slack (MET)                                                       57.00


  Startpoint: U0_SHIFT_UNIT/Shift_OUT_reg_11_
              (rising edge-triggered flip-flop clocked by CLK)
  Endpoint: Shift_OUT[11]
            (output port clocked by CLK)
  Path Group: CLK
  Path Type: max

  Des/Clust/Port     Wire Load Model       Library
  ------------------------------------------------
  ALU_TOP            tsmc13_wl30           scmetro_tsmc_cl013g_rvt_ss_1p08v_125c

  Point                                                   Incr       Path
  --------------------------------------------------------------------------
  clock CLK (rise edge)                                   0.00       0.00
  clock network delay (ideal)                             0.00       0.00
  U0_SHIFT_UNIT/Shift_OUT_reg_11_/CK (SDFFRQX2M)          0.00       0.00 r
  U0_SHIFT_UNIT/Shift_OUT_reg_11_/Q (SDFFRQX2M)           0.68       0.68 r
  U0_SHIFT_UNIT/Shift_OUT[11] (SHIFT_UNIT_test_1)         0.00       0.68 r
  U72/Y (CLKINVX1M)                                       0.83       1.51 f
  U73/Y (CLKINVX40M)                                     21.29      22.80 r
  Shift_OUT[11] (out)                                     0.00      22.80 r
  data arrival time                                                 22.80

  clock CLK (rise edge)                                 100.00     100.00
  clock network delay (ideal)                             0.00     100.00
  clock uncertainty                                      -0.20      99.80
  output external delay                                 -20.00      79.80
  data required time                                                79.80
  --------------------------------------------------------------------------
  data required time                                                79.80
  data arrival time                                                -22.80
  --------------------------------------------------------------------------
  slack (MET)                                                       57.00


  Startpoint: U0_SHIFT_UNIT/Shift_OUT_reg_10_
              (rising edge-triggered flip-flop clocked by CLK)
  Endpoint: Shift_OUT[10]
            (output port clocked by CLK)
  Path Group: CLK
  Path Type: max

  Des/Clust/Port     Wire Load Model       Library
  ------------------------------------------------
  ALU_TOP            tsmc13_wl30           scmetro_tsmc_cl013g_rvt_ss_1p08v_125c

  Point                                                   Incr       Path
  --------------------------------------------------------------------------
  clock CLK (rise edge)                                   0.00       0.00
  clock network delay (ideal)                             0.00       0.00
  U0_SHIFT_UNIT/Shift_OUT_reg_10_/CK (SDFFRQX2M)          0.00       0.00 r
  U0_SHIFT_UNIT/Shift_OUT_reg_10_/Q (SDFFRQX2M)           0.68       0.68 r
  U0_SHIFT_UNIT/Shift_OUT[10] (SHIFT_UNIT_test_1)         0.00       0.68 r
  U70/Y (CLKINVX1M)                                       0.83       1.51 f
  U71/Y (CLKINVX40M)                                     21.29      22.80 r
  Shift_OUT[10] (out)                                     0.00      22.80 r
  data arrival time                                                 22.80

  clock CLK (rise edge)                                 100.00     100.00
  clock network delay (ideal)                             0.00     100.00
  clock uncertainty                                      -0.20      99.80
  output external delay                                 -20.00      79.80
  data required time                                                79.80
  --------------------------------------------------------------------------
  data required time                                                79.80
  data arrival time                                                -22.80
  --------------------------------------------------------------------------
  slack (MET)                                                       57.00


  Startpoint: U0_SHIFT_UNIT/Shift_OUT_reg_9_
              (rising edge-triggered flip-flop clocked by CLK)
  Endpoint: Shift_OUT[9]
            (output port clocked by CLK)
  Path Group: CLK
  Path Type: max

  Des/Clust/Port     Wire Load Model       Library
  ------------------------------------------------
  ALU_TOP            tsmc13_wl30           scmetro_tsmc_cl013g_rvt_ss_1p08v_125c

  Point                                                   Incr       Path
  --------------------------------------------------------------------------
  clock CLK (rise edge)                                   0.00       0.00
  clock network delay (ideal)                             0.00       0.00
  U0_SHIFT_UNIT/Shift_OUT_reg_9_/CK (SDFFRQX2M)           0.00       0.00 r
  U0_SHIFT_UNIT/Shift_OUT_reg_9_/Q (SDFFRQX2M)            0.68       0.68 r
  U0_SHIFT_UNIT/Shift_OUT[9] (SHIFT_UNIT_test_1)          0.00       0.68 r
  U68/Y (CLKINVX1M)                                       0.83       1.51 f
  U69/Y (CLKINVX40M)                                     21.29      22.80 r
  Shift_OUT[9] (out)                                      0.00      22.80 r
  data arrival time                                                 22.80

  clock CLK (rise edge)                                 100.00     100.00
  clock network delay (ideal)                             0.00     100.00
  clock uncertainty                                      -0.20      99.80
  output external delay                                 -20.00      79.80
  data required time                                                79.80
  --------------------------------------------------------------------------
  data required time                                                79.80
  data arrival time                                                -22.80
  --------------------------------------------------------------------------
  slack (MET)                                                       57.00


  Startpoint: U0_SHIFT_UNIT/Shift_OUT_reg_8_
              (rising edge-triggered flip-flop clocked by CLK)
  Endpoint: Shift_OUT[8]
            (output port clocked by CLK)
  Path Group: CLK
  Path Type: max

  Des/Clust/Port     Wire Load Model       Library
  ------------------------------------------------
  ALU_TOP            tsmc13_wl30           scmetro_tsmc_cl013g_rvt_ss_1p08v_125c

  Point                                                   Incr       Path
  --------------------------------------------------------------------------
  clock CLK (rise edge)                                   0.00       0.00
  clock network delay (ideal)                             0.00       0.00
  U0_SHIFT_UNIT/Shift_OUT_reg_8_/CK (SDFFRQX2M)           0.00       0.00 r
  U0_SHIFT_UNIT/Shift_OUT_reg_8_/Q (SDFFRQX2M)            0.68       0.68 r
  U0_SHIFT_UNIT/Shift_OUT[8] (SHIFT_UNIT_test_1)          0.00       0.68 r
  U66/Y (CLKINVX1M)                                       0.83       1.51 f
  U67/Y (CLKINVX40M)                                     21.29      22.80 r
  Shift_OUT[8] (out)                                      0.00      22.80 r
  data arrival time                                                 22.80

  clock CLK (rise edge)                                 100.00     100.00
  clock network delay (ideal)                             0.00     100.00
  clock uncertainty                                      -0.20      99.80
  output external delay                                 -20.00      79.80
  data required time                                                79.80
  --------------------------------------------------------------------------
  data required time                                                79.80
  data arrival time                                                -22.80
  --------------------------------------------------------------------------
  slack (MET)                                                       57.00


  Startpoint: U0_SHIFT_UNIT/Shift_OUT_reg_7_
              (rising edge-triggered flip-flop clocked by CLK)
  Endpoint: Shift_OUT[7]
            (output port clocked by CLK)
  Path Group: CLK
  Path Type: max

  Des/Clust/Port     Wire Load Model       Library
  ------------------------------------------------
  ALU_TOP            tsmc13_wl30           scmetro_tsmc_cl013g_rvt_ss_1p08v_125c

  Point                                                   Incr       Path
  --------------------------------------------------------------------------
  clock CLK (rise edge)                                   0.00       0.00
  clock network delay (ideal)                             0.00       0.00
  U0_SHIFT_UNIT/Shift_OUT_reg_7_/CK (SDFFRQX2M)           0.00       0.00 r
  U0_SHIFT_UNIT/Shift_OUT_reg_7_/Q (SDFFRQX2M)            0.68       0.68 r
  U0_SHIFT_UNIT/Shift_OUT[7] (SHIFT_UNIT_test_1)          0.00       0.68 r
  U64/Y (CLKINVX1M)                                       0.83       1.51 f
  U65/Y (CLKINVX40M)                                     21.29      22.80 r
  Shift_OUT[7] (out)                                      0.00      22.80 r
  data arrival time                                                 22.80

  clock CLK (rise edge)                                 100.00     100.00
  clock network delay (ideal)                             0.00     100.00
  clock uncertainty                                      -0.20      99.80
  output external delay                                 -20.00      79.80
  data required time                                                79.80
  --------------------------------------------------------------------------
  data required time                                                79.80
  data arrival time                                                -22.80
  --------------------------------------------------------------------------
  slack (MET)                                                       57.00


  Startpoint: U0_SHIFT_UNIT/Shift_OUT_reg_6_
              (rising edge-triggered flip-flop clocked by CLK)
  Endpoint: Shift_OUT[6]
            (output port clocked by CLK)
  Path Group: CLK
  Path Type: max

  Des/Clust/Port     Wire Load Model       Library
  ------------------------------------------------
  ALU_TOP            tsmc13_wl30           scmetro_tsmc_cl013g_rvt_ss_1p08v_125c

  Point                                                   Incr       Path
  --------------------------------------------------------------------------
  clock CLK (rise edge)                                   0.00       0.00
  clock network delay (ideal)                             0.00       0.00
  U0_SHIFT_UNIT/Shift_OUT_reg_6_/CK (SDFFRQX2M)           0.00       0.00 r
  U0_SHIFT_UNIT/Shift_OUT_reg_6_/Q (SDFFRQX2M)            0.68       0.68 r
  U0_SHIFT_UNIT/Shift_OUT[6] (SHIFT_UNIT_test_1)          0.00       0.68 r
  U62/Y (CLKINVX1M)                                       0.83       1.51 f
  U63/Y (CLKINVX40M)                                     21.29      22.80 r
  Shift_OUT[6] (out)                                      0.00      22.80 r
  data arrival time                                                 22.80

  clock CLK (rise edge)                                 100.00     100.00
  clock network delay (ideal)                             0.00     100.00
  clock uncertainty                                      -0.20      99.80
  output external delay                                 -20.00      79.80
  data required time                                                79.80
  --------------------------------------------------------------------------
  data required time                                                79.80
  data arrival time                                                -22.80
  --------------------------------------------------------------------------
  slack (MET)                                                       57.00


  Startpoint: U0_SHIFT_UNIT/Shift_OUT_reg_5_
              (rising edge-triggered flip-flop clocked by CLK)
  Endpoint: Shift_OUT[5]
            (output port clocked by CLK)
  Path Group: CLK
  Path Type: max

  Des/Clust/Port     Wire Load Model       Library
  ------------------------------------------------
  ALU_TOP            tsmc13_wl30           scmetro_tsmc_cl013g_rvt_ss_1p08v_125c

  Point                                                   Incr       Path
  --------------------------------------------------------------------------
  clock CLK (rise edge)                                   0.00       0.00
  clock network delay (ideal)                             0.00       0.00
  U0_SHIFT_UNIT/Shift_OUT_reg_5_/CK (SDFFRQX2M)           0.00       0.00 r
  U0_SHIFT_UNIT/Shift_OUT_reg_5_/Q (SDFFRQX2M)            0.68       0.68 r
  U0_SHIFT_UNIT/Shift_OUT[5] (SHIFT_UNIT_test_1)          0.00       0.68 r
  U60/Y (CLKINVX1M)                                       0.83       1.51 f
  U61/Y (CLKINVX40M)                                     21.29      22.80 r
  Shift_OUT[5] (out)                                      0.00      22.80 r
  data arrival time                                                 22.80

  clock CLK (rise edge)                                 100.00     100.00
  clock network delay (ideal)                             0.00     100.00
  clock uncertainty                                      -0.20      99.80
  output external delay                                 -20.00      79.80
  data required time                                                79.80
  --------------------------------------------------------------------------
  data required time                                                79.80
  data arrival time                                                -22.80
  --------------------------------------------------------------------------
  slack (MET)                                                       57.00


  Startpoint: U0_SHIFT_UNIT/Shift_OUT_reg_4_
              (rising edge-triggered flip-flop clocked by CLK)
  Endpoint: Shift_OUT[4]
            (output port clocked by CLK)
  Path Group: CLK
  Path Type: max

  Des/Clust/Port     Wire Load Model       Library
  ------------------------------------------------
  ALU_TOP            tsmc13_wl30           scmetro_tsmc_cl013g_rvt_ss_1p08v_125c

  Point                                                   Incr       Path
  --------------------------------------------------------------------------
  clock CLK (rise edge)                                   0.00       0.00
  clock network delay (ideal)                             0.00       0.00
  U0_SHIFT_UNIT/Shift_OUT_reg_4_/CK (SDFFRQX2M)           0.00       0.00 r
  U0_SHIFT_UNIT/Shift_OUT_reg_4_/Q (SDFFRQX2M)            0.68       0.68 r
  U0_SHIFT_UNIT/Shift_OUT[4] (SHIFT_UNIT_test_1)          0.00       0.68 r
  U58/Y (CLKINVX1M)                                       0.83       1.51 f
  U59/Y (CLKINVX40M)                                     21.29      22.80 r
  Shift_OUT[4] (out)                                      0.00      22.80 r
  data arrival time                                                 22.80

  clock CLK (rise edge)                                 100.00     100.00
  clock network delay (ideal)                             0.00     100.00
  clock uncertainty                                      -0.20      99.80
  output external delay                                 -20.00      79.80
  data required time                                                79.80
  --------------------------------------------------------------------------
  data required time                                                79.80
  data arrival time                                                -22.80
  --------------------------------------------------------------------------
  slack (MET)                                                       57.00


  Startpoint: U0_SHIFT_UNIT/Shift_OUT_reg_3_
              (rising edge-triggered flip-flop clocked by CLK)
  Endpoint: Shift_OUT[3]
            (output port clocked by CLK)
  Path Group: CLK
  Path Type: max

  Des/Clust/Port     Wire Load Model       Library
  ------------------------------------------------
  ALU_TOP            tsmc13_wl30           scmetro_tsmc_cl013g_rvt_ss_1p08v_125c

  Point                                                   Incr       Path
  --------------------------------------------------------------------------
  clock CLK (rise edge)                                   0.00       0.00
  clock network delay (ideal)                             0.00       0.00
  U0_SHIFT_UNIT/Shift_OUT_reg_3_/CK (SDFFRQX2M)           0.00       0.00 r
  U0_SHIFT_UNIT/Shift_OUT_reg_3_/Q (SDFFRQX2M)            0.68       0.68 r
  U0_SHIFT_UNIT/Shift_OUT[3] (SHIFT_UNIT_test_1)          0.00       0.68 r
  U56/Y (CLKINVX1M)                                       0.83       1.51 f
  U57/Y (CLKINVX40M)                                     21.29      22.80 r
  Shift_OUT[3] (out)                                      0.00      22.80 r
  data arrival time                                                 22.80

  clock CLK (rise edge)                                 100.00     100.00
  clock network delay (ideal)                             0.00     100.00
  clock uncertainty                                      -0.20      99.80
  output external delay                                 -20.00      79.80
  data required time                                                79.80
  --------------------------------------------------------------------------
  data required time                                                79.80
  data arrival time                                                -22.80
  --------------------------------------------------------------------------
  slack (MET)                                                       57.00


  Startpoint: U0_SHIFT_UNIT/Shift_OUT_reg_2_
              (rising edge-triggered flip-flop clocked by CLK)
  Endpoint: Shift_OUT[2]
            (output port clocked by CLK)
  Path Group: CLK
  Path Type: max

  Des/Clust/Port     Wire Load Model       Library
  ------------------------------------------------
  ALU_TOP            tsmc13_wl30           scmetro_tsmc_cl013g_rvt_ss_1p08v_125c

  Point                                                   Incr       Path
  --------------------------------------------------------------------------
  clock CLK (rise edge)                                   0.00       0.00
  clock network delay (ideal)                             0.00       0.00
  U0_SHIFT_UNIT/Shift_OUT_reg_2_/CK (SDFFRQX2M)           0.00       0.00 r
  U0_SHIFT_UNIT/Shift_OUT_reg_2_/Q (SDFFRQX2M)            0.68       0.68 r
  U0_SHIFT_UNIT/Shift_OUT[2] (SHIFT_UNIT_test_1)          0.00       0.68 r
  U54/Y (CLKINVX1M)                                       0.83       1.51 f
  U55/Y (CLKINVX40M)                                     21.29      22.80 r
  Shift_OUT[2] (out)                                      0.00      22.80 r
  data arrival time                                                 22.80

  clock CLK (rise edge)                                 100.00     100.00
  clock network delay (ideal)                             0.00     100.00
  clock uncertainty                                      -0.20      99.80
  output external delay                                 -20.00      79.80
  data required time                                                79.80
  --------------------------------------------------------------------------
  data required time                                                79.80
  data arrival time                                                -22.80
  --------------------------------------------------------------------------
  slack (MET)                                                       57.00


  Startpoint: U0_SHIFT_UNIT/Shift_OUT_reg_1_
              (rising edge-triggered flip-flop clocked by CLK)
  Endpoint: Shift_OUT[1]
            (output port clocked by CLK)
  Path Group: CLK
  Path Type: max

  Des/Clust/Port     Wire Load Model       Library
  ------------------------------------------------
  ALU_TOP            tsmc13_wl30           scmetro_tsmc_cl013g_rvt_ss_1p08v_125c

  Point                                                   Incr       Path
  --------------------------------------------------------------------------
  clock CLK (rise edge)                                   0.00       0.00
  clock network delay (ideal)                             0.00       0.00
  U0_SHIFT_UNIT/Shift_OUT_reg_1_/CK (SDFFRQX2M)           0.00       0.00 r
  U0_SHIFT_UNIT/Shift_OUT_reg_1_/Q (SDFFRQX2M)            0.68       0.68 r
  U0_SHIFT_UNIT/Shift_OUT[1] (SHIFT_UNIT_test_1)          0.00       0.68 r
  U52/Y (CLKINVX1M)                                       0.83       1.51 f
  U53/Y (CLKINVX40M)                                     21.29      22.80 r
  Shift_OUT[1] (out)                                      0.00      22.80 r
  data arrival time                                                 22.80

  clock CLK (rise edge)                                 100.00     100.00
  clock network delay (ideal)                             0.00     100.00
  clock uncertainty                                      -0.20      99.80
  output external delay                                 -20.00      79.80
  data required time                                                79.80
  --------------------------------------------------------------------------
  data required time                                                79.80
  data arrival time                                                -22.80
  --------------------------------------------------------------------------
  slack (MET)                                                       57.00


  Startpoint: U0_SHIFT_UNIT/Shift_OUT_reg_0_
              (rising edge-triggered flip-flop clocked by CLK)
  Endpoint: Shift_OUT[0]
            (output port clocked by CLK)
  Path Group: CLK
  Path Type: max

  Des/Clust/Port     Wire Load Model       Library
  ------------------------------------------------
  ALU_TOP            tsmc13_wl30           scmetro_tsmc_cl013g_rvt_ss_1p08v_125c

  Point                                                   Incr       Path
  --------------------------------------------------------------------------
  clock CLK (rise edge)                                   0.00       0.00
  clock network delay (ideal)                             0.00       0.00
  U0_SHIFT_UNIT/Shift_OUT_reg_0_/CK (SDFFRQX2M)           0.00       0.00 r
  U0_SHIFT_UNIT/Shift_OUT_reg_0_/Q (SDFFRQX2M)            0.68       0.68 r
  U0_SHIFT_UNIT/Shift_OUT[0] (SHIFT_UNIT_test_1)          0.00       0.68 r
  U50/Y (CLKINVX1M)                                       0.83       1.51 f
  U51/Y (CLKINVX40M)                                     21.29      22.80 r
  Shift_OUT[0] (out)                                      0.00      22.80 r
  data arrival time                                                 22.80

  clock CLK (rise edge)                                 100.00     100.00
  clock network delay (ideal)                             0.00     100.00
  clock uncertainty                                      -0.20      99.80
  output external delay                                 -20.00      79.80
  data required time                                                79.80
  --------------------------------------------------------------------------
  data required time                                                79.80
  data arrival time                                                -22.80
  --------------------------------------------------------------------------
  slack (MET)                                                       57.00


  Startpoint: U0_SHIFT_UNIT/Shift_Flag_reg
              (rising edge-triggered flip-flop clocked by CLK)
  Endpoint: Shift_Flag (output port clocked by CLK)
  Path Group: CLK
  Path Type: max

  Des/Clust/Port     Wire Load Model       Library
  ------------------------------------------------
  ALU_TOP            tsmc13_wl30           scmetro_tsmc_cl013g_rvt_ss_1p08v_125c

  Point                                                   Incr       Path
  --------------------------------------------------------------------------
  clock CLK (rise edge)                                   0.00       0.00
  clock network delay (ideal)                             0.00       0.00
  U0_SHIFT_UNIT/Shift_Flag_reg/CK (SDFFRQX2M)             0.00       0.00 r
  U0_SHIFT_UNIT/Shift_Flag_reg/Q (SDFFRQX2M)              0.68       0.68 r
  U0_SHIFT_UNIT/Shift_Flag (SHIFT_UNIT_test_1)            0.00       0.68 r
  U48/Y (CLKINVX1M)                                       0.83       1.51 f
  U49/Y (CLKINVX40M)                                     21.29      22.80 r
  Shift_Flag (out)                                        0.00      22.80 r
  data arrival time                                                 22.80

  clock CLK (rise edge)                                 100.00     100.00
  clock network delay (ideal)                             0.00     100.00
  clock uncertainty                                      -0.20      99.80
  output external delay                                 -20.00      79.80
  data required time                                                79.80
  --------------------------------------------------------------------------
  data required time                                                79.80
  data arrival time                                                -22.80
  --------------------------------------------------------------------------
  slack (MET)                                                       57.00


  Startpoint: U0_CMP_UNIT/CMP_OUT_reg_1_
              (rising edge-triggered flip-flop clocked by CLK)
  Endpoint: CMP_OUT[1] (output port clocked by CLK)
  Path Group: CLK
  Path Type: max

  Des/Clust/Port     Wire Load Model       Library
  ------------------------------------------------
  ALU_TOP            tsmc13_wl30           scmetro_tsmc_cl013g_rvt_ss_1p08v_125c

  Point                                                   Incr       Path
  --------------------------------------------------------------------------
  clock CLK (rise edge)                                   0.00       0.00
  clock network delay (ideal)                             0.00       0.00
  U0_CMP_UNIT/CMP_OUT_reg_1_/CK (SDFFRQX2M)               0.00       0.00 r
  U0_CMP_UNIT/CMP_OUT_reg_1_/Q (SDFFRQX2M)                0.68       0.68 r
  U0_CMP_UNIT/CMP_OUT[1] (CMP_UNIT_test_1)                0.00       0.68 r
  U46/Y (CLKINVX1M)                                       0.83       1.51 f
  U47/Y (CLKINVX40M)                                     21.29      22.80 r
  CMP_OUT[1] (out)                                        0.00      22.80 r
  data arrival time                                                 22.80

  clock CLK (rise edge)                                 100.00     100.00
  clock network delay (ideal)                             0.00     100.00
  clock uncertainty                                      -0.20      99.80
  output external delay                                 -20.00      79.80
  data required time                                                79.80
  --------------------------------------------------------------------------
  data required time                                                79.80
  data arrival time                                                -22.80
  --------------------------------------------------------------------------
  slack (MET)                                                       57.00


  Startpoint: U0_CMP_UNIT/CMP_OUT_reg_0_
              (rising edge-triggered flip-flop clocked by CLK)
  Endpoint: CMP_OUT[0] (output port clocked by CLK)
  Path Group: CLK
  Path Type: max

  Des/Clust/Port     Wire Load Model       Library
  ------------------------------------------------
  ALU_TOP            tsmc13_wl30           scmetro_tsmc_cl013g_rvt_ss_1p08v_125c

  Point                                                   Incr       Path
  --------------------------------------------------------------------------
  clock CLK (rise edge)                                   0.00       0.00
  clock network delay (ideal)                             0.00       0.00
  U0_CMP_UNIT/CMP_OUT_reg_0_/CK (SDFFRQX2M)               0.00       0.00 r
  U0_CMP_UNIT/CMP_OUT_reg_0_/Q (SDFFRQX2M)                0.68       0.68 r
  U0_CMP_UNIT/CMP_OUT[0] (CMP_UNIT_test_1)                0.00       0.68 r
  U44/Y (CLKINVX1M)                                       0.83       1.51 f
  U45/Y (CLKINVX40M)                                     21.29      22.80 r
  CMP_OUT[0] (out)                                        0.00      22.80 r
  data arrival time                                                 22.80

  clock CLK (rise edge)                                 100.00     100.00
  clock network delay (ideal)                             0.00     100.00
  clock uncertainty                                      -0.20      99.80
  output external delay                                 -20.00      79.80
  data required time                                                79.80
  --------------------------------------------------------------------------
  data required time                                                79.80
  data arrival time                                                -22.80
  --------------------------------------------------------------------------
  slack (MET)                                                       57.00


  Startpoint: U0_CMP_UNIT/CMP_Flag_reg
              (rising edge-triggered flip-flop clocked by CLK)
  Endpoint: CMP_Flag (output port clocked by CLK)
  Path Group: CLK
  Path Type: max

  Des/Clust/Port     Wire Load Model       Library
  ------------------------------------------------
  ALU_TOP            tsmc13_wl30           scmetro_tsmc_cl013g_rvt_ss_1p08v_125c

  Point                                                   Incr       Path
  --------------------------------------------------------------------------
  clock CLK (rise edge)                                   0.00       0.00
  clock network delay (ideal)                             0.00       0.00
  U0_CMP_UNIT/CMP_Flag_reg/CK (SDFFRQX2M)                 0.00       0.00 r
  U0_CMP_UNIT/CMP_Flag_reg/Q (SDFFRQX2M)                  0.68       0.68 r
  U0_CMP_UNIT/CMP_Flag (CMP_UNIT_test_1)                  0.00       0.68 r
  U42/Y (CLKINVX1M)                                       0.83       1.51 f
  U43/Y (CLKINVX40M)                                     21.29      22.80 r
  CMP_Flag (out)                                          0.00      22.80 r
  data arrival time                                                 22.80

  clock CLK (rise edge)                                 100.00     100.00
  clock network delay (ideal)                             0.00     100.00
  clock uncertainty                                      -0.20      99.80
  output external delay                                 -20.00      79.80
  data required time                                                79.80
  --------------------------------------------------------------------------
  data required time                                                79.80
  data arrival time                                                -22.80
  --------------------------------------------------------------------------
  slack (MET)                                                       57.00


  Startpoint: U0_ARITHMETIC_UNIT/Arith_Flag_reg
              (rising edge-triggered flip-flop clocked by CLK)
  Endpoint: Arith_Flag (output port clocked by CLK)
  Path Group: CLK
  Path Type: max

  Des/Clust/Port     Wire Load Model       Library
  ------------------------------------------------
  ALU_TOP            tsmc13_wl30           scmetro_tsmc_cl013g_rvt_ss_1p08v_125c

  Point                                                   Incr       Path
  --------------------------------------------------------------------------
  clock CLK (rise edge)                                   0.00       0.00
  clock network delay (ideal)                             0.00       0.00
  U0_ARITHMETIC_UNIT/Arith_Flag_reg/CK (SDFFRQX2M)        0.00       0.00 r
  U0_ARITHMETIC_UNIT/Arith_Flag_reg/Q (SDFFRQX2M)         0.68       0.68 r
  U0_ARITHMETIC_UNIT/Arith_Flag (ARITHMETIC_UNIT_test_1)
                                                          0.00       0.68 r
  U116/Y (CLKINVX1M)                                      0.83       1.51 f
  U117/Y (CLKINVX40M)                                    21.29      22.80 r
  Arith_Flag (out)                                        0.00      22.80 r
  data arrival time                                                 22.80

  clock CLK (rise edge)                                 100.00     100.00
  clock network delay (ideal)                             0.00     100.00
  clock uncertainty                                      -0.20      99.80
  output external delay                                 -20.00      79.80
  data required time                                                79.80
  --------------------------------------------------------------------------
  data required time                                                79.80
  data arrival time                                                -22.80
  --------------------------------------------------------------------------
  slack (MET)                                                       57.00


  Startpoint: U0_SHIFT_UNIT/Shift_OUT_reg_15_
              (rising edge-triggered flip-flop clocked by CLK)
  Endpoint: Shift_OUT[15]
            (output port clocked by CLK)
  Path Group: CLK
  Path Type: max

  Des/Clust/Port     Wire Load Model       Library
  ------------------------------------------------
  ALU_TOP            tsmc13_wl30           scmetro_tsmc_cl013g_rvt_ss_1p08v_125c

  Point                                                   Incr       Path
  --------------------------------------------------------------------------
  clock CLK (rise edge)                                   0.00       0.00
  clock network delay (ideal)                             0.00       0.00
  U0_SHIFT_UNIT/Shift_OUT_reg_15_/CK (SDFFRQX2M)          0.00       0.00 r
  U0_SHIFT_UNIT/Shift_OUT_reg_15_/Q (SDFFRQX2M)           0.67       0.67 r
  U0_SHIFT_UNIT/Shift_OUT[15] (SHIFT_UNIT_test_1)         0.00       0.67 r
  U80/Y (CLKINVX1M)                                       0.83       1.50 f
  U81/Y (CLKINVX40M)                                     21.29      22.79 r
  Shift_OUT[15] (out)                                     0.00      22.79 r
  data arrival time                                                 22.79

  clock CLK (rise edge)                                 100.00     100.00
  clock network delay (ideal)                             0.00     100.00
  clock uncertainty                                      -0.20      99.80
  output external delay                                 -20.00      79.80
  data required time                                                79.80
  --------------------------------------------------------------------------
  data required time                                                79.80
  data arrival time                                                -22.79
  --------------------------------------------------------------------------
  slack (MET)                                                       57.01


  Startpoint: A[0] (input port clocked by CLK)
  Endpoint: U0_ARITHMETIC_UNIT/Arith_OUT_reg_23_
            (rising edge-triggered flip-flop clocked by CLK)
  Path Group: CLK
  Path Type: max

  Des/Clust/Port     Wire Load Model       Library
  ------------------------------------------------
  ALU_TOP            tsmc13_wl30           scmetro_tsmc_cl013g_rvt_ss_1p08v_125c

  Point                                                   Incr       Path
  --------------------------------------------------------------------------
  clock CLK (rise edge)                                   0.00       0.00
  clock network delay (ideal)                             0.00       0.00
  input external delay                                   20.00      20.00 r
  A[0] (in)                                               0.17      20.17 r
  U17/Y (CLKBUFX6M)                                       0.96      21.14 r
  U0_ARITHMETIC_UNIT/A[0] (ARITHMETIC_UNIT_test_1)        0.00      21.14 r
  U0_ARITHMETIC_UNIT/mult_59/A[0] (ARITHMETIC_UNIT_DW02_mult_0)
                                                          0.00      21.14 r
  U0_ARITHMETIC_UNIT/mult_59/U114/Y (INVX2M)              0.37      21.50 f
  U0_ARITHMETIC_UNIT/mult_59/U113/Y (CLKBUFX8M)           0.97      22.48 f
  U0_ARITHMETIC_UNIT/mult_59/U22/Y (NOR2X2M)              1.01      23.49 r
  U0_ARITHMETIC_UNIT/mult_59/U95/Y (XOR2X1M)              0.68      24.17 r
  U0_ARITHMETIC_UNIT/mult_59/S2_2_1/CO (ADDFX2M)          0.56      24.73 r
  U0_ARITHMETIC_UNIT/mult_59/S2_3_1/CO (ADDFX2M)          0.77      25.50 r
  U0_ARITHMETIC_UNIT/mult_59/S2_4_1/CO (ADDFX2M)          0.77      26.27 r
  U0_ARITHMETIC_UNIT/mult_59/S2_5_1/CO (ADDFX2M)          0.77      27.03 r
  U0_ARITHMETIC_UNIT/mult_59/S2_6_1/CO (ADDFX2M)          0.77      27.80 r
  U0_ARITHMETIC_UNIT/mult_59/S2_7_1/CO (ADDFX2M)          0.77      28.57 r
  U0_ARITHMETIC_UNIT/mult_59/S2_8_1/CO (ADDFX2M)          0.77      29.34 r
  U0_ARITHMETIC_UNIT/mult_59/S2_9_1/CO (ADDFX2M)          0.77      30.11 r
  U0_ARITHMETIC_UNIT/mult_59/S2_10_1/CO (ADDFX2M)         0.77      30.88 r
  U0_ARITHMETIC_UNIT/mult_59/S2_11_1/CO (ADDFX2M)         0.77      31.64 r
  U0_ARITHMETIC_UNIT/mult_59/S2_12_1/CO (ADDFX2M)         0.77      32.41 r
  U0_ARITHMETIC_UNIT/mult_59/S2_13_1/CO (ADDFX2M)         0.77      33.18 r
  U0_ARITHMETIC_UNIT/mult_59/S2_14_1/CO (ADDFX2M)         0.77      33.95 r
  U0_ARITHMETIC_UNIT/mult_59/S4_1/CO (ADDFX2M)            0.93      34.88 r
  U0_ARITHMETIC_UNIT/mult_59/U54/Y (CLKXOR2X2M)           0.67      35.56 f
  U0_ARITHMETIC_UNIT/mult_59/FS_1/A[15] (ARITHMETIC_UNIT_DW01_add_1)
                                                          0.00      35.56 f
  U0_ARITHMETIC_UNIT/mult_59/FS_1/U84/Y (CLKNAND2X2M)     0.56      36.12 r
  U0_ARITHMETIC_UNIT/mult_59/FS_1/U7/Y (CLKINVX2M)        0.58      36.70 f
  U0_ARITHMETIC_UNIT/mult_59/FS_1/U6/Y (AOI2B1X2M)        0.90      37.60 r
  U0_ARITHMETIC_UNIT/mult_59/FS_1/U14/Y (OAI21X2M)        0.61      38.21 f
  U0_ARITHMETIC_UNIT/mult_59/FS_1/U3/Y (AOI2B1X2M)        0.89      39.10 r
  U0_ARITHMETIC_UNIT/mult_59/FS_1/U11/Y (OAI21X2M)        0.61      39.71 f
  U0_ARITHMETIC_UNIT/mult_59/FS_1/U4/Y (AOI2B1X2M)        0.89      40.60 r
  U0_ARITHMETIC_UNIT/mult_59/FS_1/U65/Y (CLKXOR2X2M)      0.65      41.25 f
  U0_ARITHMETIC_UNIT/mult_59/FS_1/SUM[21] (ARITHMETIC_UNIT_DW01_add_1)
                                                          0.00      41.25 f
  U0_ARITHMETIC_UNIT/mult_59/PRODUCT[23] (ARITHMETIC_UNIT_DW02_mult_0)
                                                          0.00      41.25 f
  U0_ARITHMETIC_UNIT/U52/Y (AO21XLM)                      0.63      41.88 f
  U0_ARITHMETIC_UNIT/Arith_OUT_reg_23_/D (SDFFRQX2M)      0.00      41.88 f
  data arrival time                                                 41.88

  clock CLK (rise edge)                                 100.00     100.00
  clock network delay (ideal)                             0.00     100.00
  clock uncertainty                                      -0.20      99.80
  U0_ARITHMETIC_UNIT/Arith_OUT_reg_23_/CK (SDFFRQX2M)     0.00      99.80 r
  library setup time                                     -0.49      99.31
  data required time                                                99.31
  --------------------------------------------------------------------------
  data required time                                                99.31
  data arrival time                                                -41.88
  --------------------------------------------------------------------------
  slack (MET)                                                       57.43


  Startpoint: B[14] (input port clocked by CLK)
  Endpoint: U0_ARITHMETIC_UNIT/Arith_OUT_reg_9_
            (rising edge-triggered flip-flop clocked by CLK)
  Path Group: CLK
  Path Type: max

  Des/Clust/Port     Wire Load Model       Library
  ------------------------------------------------
  ALU_TOP            tsmc13_wl30           scmetro_tsmc_cl013g_rvt_ss_1p08v_125c

  Point                                                   Incr       Path
  --------------------------------------------------------------------------
  clock CLK (rise edge)                                   0.00       0.00
  clock network delay (ideal)                             0.00       0.00
  input external delay                                   20.00      20.00 r
  B[14] (in)                                              0.35      20.35 r
  U5/Y (BUFX6M)                                           0.62      20.96 r
  U0_ARITHMETIC_UNIT/B[14] (ARITHMETIC_UNIT_test_1)       0.00      20.96 r
  U0_ARITHMETIC_UNIT/div_63/b[14] (ARITHMETIC_UNIT_DW_div_uns_0)
                                                          0.00      20.96 r
  U0_ARITHMETIC_UNIT/div_63/U71/Y (NOR2X12M)              0.21      21.17 f
  U0_ARITHMETIC_UNIT/div_63/U131/Y (AND3X12M)             0.25      21.42 f
  U0_ARITHMETIC_UNIT/div_63/U116/Y (AND2X12M)             0.20      21.63 f
  U0_ARITHMETIC_UNIT/div_63/U16/Y (AND3X12M)              0.21      21.84 f
  U0_ARITHMETIC_UNIT/div_63/U133/Y (AND2X12M)             0.20      22.05 f
  U0_ARITHMETIC_UNIT/div_63/U11/Y (AND3X12M)              0.21      22.26 f
  U0_ARITHMETIC_UNIT/div_63/U12/Y (AND2X12M)              0.21      22.46 f
  U0_ARITHMETIC_UNIT/div_63/U8/Y (AND3X12M)               0.23      22.69 f
  U0_ARITHMETIC_UNIT/div_63/U14/Y (AND4X8M)               0.25      22.94 f
  U0_ARITHMETIC_UNIT/div_63/U13/Y (MX2X6M)                0.35      23.29 r
  U0_ARITHMETIC_UNIT/div_63/u_div_u_fa_PartRem_0_14_1/CO (ADDFX2M)
                                                          0.67      23.96 r
  U0_ARITHMETIC_UNIT/div_63/U18/Y (AND3X1M)               0.49      24.45 r
  U0_ARITHMETIC_UNIT/div_63/U17/Y (BUFX10M)               0.26      24.71 r
  U0_ARITHMETIC_UNIT/div_63/U209/Y (CLKMX2X2M)            0.61      25.32 f
  U0_ARITHMETIC_UNIT/div_63/u_div_u_fa_PartRem_0_13_1/CO (ADDFX2M)
                                                          0.73      26.05 f
  U0_ARITHMETIC_UNIT/div_63/u_div_u_fa_PartRem_0_13_2/CO (ADDFX2M)
                                                          0.50      26.55 f
  U0_ARITHMETIC_UNIT/div_63/U38/Y (AND2X1M)               0.40      26.95 f
  U0_ARITHMETIC_UNIT/div_63/U37/Y (BUFX10M)               0.26      27.21 f
  U0_ARITHMETIC_UNIT/div_63/U212/Y (CLKMX2X2M)            0.56      27.77 r
  U0_ARITHMETIC_UNIT/div_63/u_div_u_fa_PartRem_0_12_1/CO (ADDFX2M)
                                                          0.72      28.49 r
  U0_ARITHMETIC_UNIT/div_63/u_div_u_fa_PartRem_0_12_2/CO (ADDFX2M)
                                                          0.53      29.02 r
  U0_ARITHMETIC_UNIT/div_63/u_div_u_fa_PartRem_0_12_3/CO (ADDFHX8M)
                                                          0.24      29.27 r
  U0_ARITHMETIC_UNIT/div_63/U61/Y (AND3X4M)               0.63      29.90 r
  U0_ARITHMETIC_UNIT/div_63/U213/Y (CLKMX2X2M)            0.68      30.58 f
  U0_ARITHMETIC_UNIT/div_63/u_div_u_fa_PartRem_0_11_1/CO (ADDFX2M)
                                                          0.73      31.31 f
  U0_ARITHMETIC_UNIT/div_63/u_div_u_fa_PartRem_0_11_2/CO (ADDFX2M)
                                                          0.55      31.86 f
  U0_ARITHMETIC_UNIT/div_63/u_div_u_fa_PartRem_0_11_3/CO (ADDFHX8M)
                                                          0.30      32.17 f
  U0_ARITHMETIC_UNIT/div_63/u_div_u_fa_PartRem_0_11_4/CO (ADDFX2M)
                                                          0.46      32.63 f
  U0_ARITHMETIC_UNIT/div_63/U21/Y (AND2X1M)               0.42      33.04 f
  U0_ARITHMETIC_UNIT/div_63/U20/Y (BUFX14M)               0.27      33.32 f
  U0_ARITHMETIC_UNIT/div_63/U214/Y (CLKMX2X2M)            0.57      33.88 f
  U0_ARITHMETIC_UNIT/div_63/u_div_u_fa_PartRem_0_10_1/CO (ADDFX2M)
                                                          0.73      34.62 f
  U0_ARITHMETIC_UNIT/div_63/u_div_u_fa_PartRem_0_10_2/CO (ADDFX2M)
                                                          0.55      35.16 f
  U0_ARITHMETIC_UNIT/div_63/u_div_u_fa_PartRem_0_10_3/CO (ADDFHX8M)
                                                          0.30      35.47 f
  U0_ARITHMETIC_UNIT/div_63/u_div_u_fa_PartRem_0_10_4/CO (ADDFX2M)
                                                          0.47      35.94 f
  U0_ARITHMETIC_UNIT/div_63/u_div_u_fa_PartRem_0_10_5/CO (ADDFX2M)
                                                          0.51      36.45 f
  U0_ARITHMETIC_UNIT/div_63/U10/Y (CLKAND2X12M)           0.21      36.66 f
  U0_ARITHMETIC_UNIT/div_63/U29/Y (BUFX18M)               0.20      36.85 f
  U0_ARITHMETIC_UNIT/div_63/U215/Y (CLKMX2X2M)            0.56      37.42 f
  U0_ARITHMETIC_UNIT/div_63/u_div_u_fa_PartRem_0_9_1/CO (ADDFX2M)
                                                          0.73      38.15 f
  U0_ARITHMETIC_UNIT/div_63/u_div_u_fa_PartRem_0_9_2/CO (ADDFX2M)
                                                          0.55      38.70 f
  U0_ARITHMETIC_UNIT/div_63/u_div_u_fa_PartRem_0_9_3/CO (ADDFHX8M)
                                                          0.30      39.00 f
  U0_ARITHMETIC_UNIT/div_63/u_div_u_fa_PartRem_0_9_4/CO (ADDFX2M)
                                                          0.47      39.47 f
  U0_ARITHMETIC_UNIT/div_63/u_div_u_fa_PartRem_0_9_5/CO (ADDFX2M)
                                                          0.55      40.02 f
  U0_ARITHMETIC_UNIT/div_63/u_div_u_fa_PartRem_0_9_6/CO (ADDFHX8M)
                                                          0.31      40.33 f
  U0_ARITHMETIC_UNIT/div_63/U54/Y (AND2X12M)              0.29      40.62 f
  U0_ARITHMETIC_UNIT/div_63/quotient[9] (ARITHMETIC_UNIT_DW_div_uns_0)
                                                          0.00      40.62 f
  U0_ARITHMETIC_UNIT/U90/Y (AOI22X1M)                     0.66      41.29 r
  U0_ARITHMETIC_UNIT/U88/Y (NAND2X2M)                     0.36      41.64 f
  U0_ARITHMETIC_UNIT/Arith_OUT_reg_9_/D (SDFFRQX2M)       0.00      41.64 f
  data arrival time                                                 41.64

  clock CLK (rise edge)                                 100.00     100.00
  clock network delay (ideal)                             0.00     100.00
  clock uncertainty                                      -0.20      99.80
  U0_ARITHMETIC_UNIT/Arith_OUT_reg_9_/CK (SDFFRQX2M)      0.00      99.80 r
  library setup time                                     -0.47      99.33
  data required time                                                99.33
  --------------------------------------------------------------------------
  data required time                                                99.33
  data arrival time                                                -41.64
  --------------------------------------------------------------------------
  slack (MET)                                                       57.69


  Startpoint: A[0] (input port clocked by CLK)
  Endpoint: U0_ARITHMETIC_UNIT/Arith_OUT_reg_22_
            (rising edge-triggered flip-flop clocked by CLK)
  Path Group: CLK
  Path Type: max

  Des/Clust/Port     Wire Load Model       Library
  ------------------------------------------------
  ALU_TOP            tsmc13_wl30           scmetro_tsmc_cl013g_rvt_ss_1p08v_125c

  Point                                                   Incr       Path
  --------------------------------------------------------------------------
  clock CLK (rise edge)                                   0.00       0.00
  clock network delay (ideal)                             0.00       0.00
  input external delay                                   20.00      20.00 r
  A[0] (in)                                               0.17      20.17 r
  U17/Y (CLKBUFX6M)                                       0.96      21.14 r
  U0_ARITHMETIC_UNIT/A[0] (ARITHMETIC_UNIT_test_1)        0.00      21.14 r
  U0_ARITHMETIC_UNIT/mult_59/A[0] (ARITHMETIC_UNIT_DW02_mult_0)
                                                          0.00      21.14 r
  U0_ARITHMETIC_UNIT/mult_59/U114/Y (INVX2M)              0.37      21.50 f
  U0_ARITHMETIC_UNIT/mult_59/U113/Y (CLKBUFX8M)           0.97      22.48 f
  U0_ARITHMETIC_UNIT/mult_59/U30/Y (NOR2X2M)              1.01      23.49 r
  U0_ARITHMETIC_UNIT/mult_59/U83/Y (XOR2X1M)              0.68      24.17 r
  U0_ARITHMETIC_UNIT/mult_59/S2_2_2/CO (ADDFX2M)          0.56      24.73 r
  U0_ARITHMETIC_UNIT/mult_59/S2_3_2/CO (ADDFX2M)          0.77      25.50 r
  U0_ARITHMETIC_UNIT/mult_59/S2_4_2/CO (ADDFX2M)          0.77      26.27 r
  U0_ARITHMETIC_UNIT/mult_59/S2_5_2/CO (ADDFX2M)          0.77      27.03 r
  U0_ARITHMETIC_UNIT/mult_59/S2_6_2/CO (ADDFX2M)          0.77      27.80 r
  U0_ARITHMETIC_UNIT/mult_59/S2_7_2/CO (ADDFX2M)          0.77      28.57 r
  U0_ARITHMETIC_UNIT/mult_59/S2_8_2/CO (ADDFX2M)          0.77      29.34 r
  U0_ARITHMETIC_UNIT/mult_59/S2_9_2/CO (ADDFX2M)          0.77      30.11 r
  U0_ARITHMETIC_UNIT/mult_59/S2_10_2/CO (ADDFX2M)         0.77      30.88 r
  U0_ARITHMETIC_UNIT/mult_59/S2_11_2/CO (ADDFX2M)         0.77      31.64 r
  U0_ARITHMETIC_UNIT/mult_59/S2_12_2/CO (ADDFX2M)         0.77      32.41 r
  U0_ARITHMETIC_UNIT/mult_59/S2_13_2/CO (ADDFX2M)         0.77      33.18 r
  U0_ARITHMETIC_UNIT/mult_59/S2_14_2/CO (ADDFX2M)         0.77      33.95 r
  U0_ARITHMETIC_UNIT/mult_59/S4_2/S (ADDFX2M)             0.89      34.84 f
  U0_ARITHMETIC_UNIT/mult_59/U54/Y (CLKXOR2X2M)           0.68      35.52 r
  U0_ARITHMETIC_UNIT/mult_59/FS_1/A[15] (ARITHMETIC_UNIT_DW01_add_1)
                                                          0.00      35.52 r
  U0_ARITHMETIC_UNIT/mult_59/FS_1/U84/Y (CLKNAND2X2M)     0.71      36.23 f
  U0_ARITHMETIC_UNIT/mult_59/FS_1/U7/Y (CLKINVX2M)        0.64      36.86 r
  U0_ARITHMETIC_UNIT/mult_59/FS_1/U6/Y (AOI2B1X2M)        0.50      37.36 f
  U0_ARITHMETIC_UNIT/mult_59/FS_1/U14/Y (OAI21X2M)        0.95      38.32 r
  U0_ARITHMETIC_UNIT/mult_59/FS_1/U3/Y (AOI2B1X2M)        0.66      38.98 f
  U0_ARITHMETIC_UNIT/mult_59/FS_1/U11/Y (OAI21X2M)        0.98      39.96 r
  U0_ARITHMETIC_UNIT/mult_59/FS_1/U68/Y (CLKXOR2X2M)      0.53      40.49 f
  U0_ARITHMETIC_UNIT/mult_59/FS_1/SUM[20] (ARITHMETIC_UNIT_DW01_add_1)
                                                          0.00      40.49 f
  U0_ARITHMETIC_UNIT/mult_59/PRODUCT[22] (ARITHMETIC_UNIT_DW02_mult_0)
                                                          0.00      40.49 f
  U0_ARITHMETIC_UNIT/U53/Y (AO21XLM)                      0.63      41.12 f
  U0_ARITHMETIC_UNIT/Arith_OUT_reg_22_/D (SDFFRQX2M)      0.00      41.12 f
  data arrival time                                                 41.12

  clock CLK (rise edge)                                 100.00     100.00
  clock network delay (ideal)                             0.00     100.00
  clock uncertainty                                      -0.20      99.80
  U0_ARITHMETIC_UNIT/Arith_OUT_reg_22_/CK (SDFFRQX2M)     0.00      99.80 r
  library setup time                                     -0.49      99.31
  data required time                                                99.31
  --------------------------------------------------------------------------
  data required time                                                99.31
  data arrival time                                                -41.12
  --------------------------------------------------------------------------
  slack (MET)                                                       58.19


  Startpoint: A[0] (input port clocked by CLK)
  Endpoint: U0_ARITHMETIC_UNIT/Arith_OUT_reg_21_
            (rising edge-triggered flip-flop clocked by CLK)
  Path Group: CLK
  Path Type: max

  Des/Clust/Port     Wire Load Model       Library
  ------------------------------------------------
  ALU_TOP            tsmc13_wl30           scmetro_tsmc_cl013g_rvt_ss_1p08v_125c

  Point                                                   Incr       Path
  --------------------------------------------------------------------------
  clock CLK (rise edge)                                   0.00       0.00
  clock network delay (ideal)                             0.00       0.00
  input external delay                                   20.00      20.00 r
  A[0] (in)                                               0.17      20.17 r
  U17/Y (CLKBUFX6M)                                       0.96      21.14 r
  U0_ARITHMETIC_UNIT/A[0] (ARITHMETIC_UNIT_test_1)        0.00      21.14 r
  U0_ARITHMETIC_UNIT/mult_59/A[0] (ARITHMETIC_UNIT_DW02_mult_0)
                                                          0.00      21.14 r
  U0_ARITHMETIC_UNIT/mult_59/U114/Y (INVX2M)              0.37      21.50 f
  U0_ARITHMETIC_UNIT/mult_59/U113/Y (CLKBUFX8M)           0.97      22.48 f
  U0_ARITHMETIC_UNIT/mult_59/U22/Y (NOR2X2M)              1.01      23.49 r
  U0_ARITHMETIC_UNIT/mult_59/U95/Y (XOR2X1M)              0.68      24.17 r
  U0_ARITHMETIC_UNIT/mult_59/S2_2_1/CO (ADDFX2M)          0.56      24.73 r
  U0_ARITHMETIC_UNIT/mult_59/S2_3_1/CO (ADDFX2M)          0.77      25.50 r
  U0_ARITHMETIC_UNIT/mult_59/S2_4_1/CO (ADDFX2M)          0.77      26.27 r
  U0_ARITHMETIC_UNIT/mult_59/S2_5_1/CO (ADDFX2M)          0.77      27.03 r
  U0_ARITHMETIC_UNIT/mult_59/S2_6_1/CO (ADDFX2M)          0.77      27.80 r
  U0_ARITHMETIC_UNIT/mult_59/S2_7_1/CO (ADDFX2M)          0.77      28.57 r
  U0_ARITHMETIC_UNIT/mult_59/S2_8_1/CO (ADDFX2M)          0.77      29.34 r
  U0_ARITHMETIC_UNIT/mult_59/S2_9_1/CO (ADDFX2M)          0.77      30.11 r
  U0_ARITHMETIC_UNIT/mult_59/S2_10_1/CO (ADDFX2M)         0.77      30.88 r
  U0_ARITHMETIC_UNIT/mult_59/S2_11_1/CO (ADDFX2M)         0.77      31.64 r
  U0_ARITHMETIC_UNIT/mult_59/S2_12_1/CO (ADDFX2M)         0.77      32.41 r
  U0_ARITHMETIC_UNIT/mult_59/S2_13_1/CO (ADDFX2M)         0.77      33.18 r
  U0_ARITHMETIC_UNIT/mult_59/S2_14_1/CO (ADDFX2M)         0.77      33.95 r
  U0_ARITHMETIC_UNIT/mult_59/S4_1/CO (ADDFX2M)            0.93      34.88 r
  U0_ARITHMETIC_UNIT/mult_59/U54/Y (CLKXOR2X2M)           0.67      35.56 f
  U0_ARITHMETIC_UNIT/mult_59/FS_1/A[15] (ARITHMETIC_UNIT_DW01_add_1)
                                                          0.00      35.56 f
  U0_ARITHMETIC_UNIT/mult_59/FS_1/U84/Y (CLKNAND2X2M)     0.56      36.12 r
  U0_ARITHMETIC_UNIT/mult_59/FS_1/U7/Y (CLKINVX2M)        0.58      36.70 f
  U0_ARITHMETIC_UNIT/mult_59/FS_1/U6/Y (AOI2B1X2M)        0.90      37.60 r
  U0_ARITHMETIC_UNIT/mult_59/FS_1/U14/Y (OAI21X2M)        0.61      38.21 f
  U0_ARITHMETIC_UNIT/mult_59/FS_1/U3/Y (AOI2B1X2M)        0.89      39.10 r
  U0_ARITHMETIC_UNIT/mult_59/FS_1/U71/Y (CLKXOR2X2M)      0.65      39.75 f
  U0_ARITHMETIC_UNIT/mult_59/FS_1/SUM[19] (ARITHMETIC_UNIT_DW01_add_1)
                                                          0.00      39.75 f
  U0_ARITHMETIC_UNIT/mult_59/PRODUCT[21] (ARITHMETIC_UNIT_DW02_mult_0)
                                                          0.00      39.75 f
  U0_ARITHMETIC_UNIT/U54/Y (AO21XLM)                      0.63      40.38 f
  U0_ARITHMETIC_UNIT/Arith_OUT_reg_21_/D (SDFFRQX2M)      0.00      40.38 f
  data arrival time                                                 40.38

  clock CLK (rise edge)                                 100.00     100.00
  clock network delay (ideal)                             0.00     100.00
  clock uncertainty                                      -0.20      99.80
  U0_ARITHMETIC_UNIT/Arith_OUT_reg_21_/CK (SDFFRQX2M)     0.00      99.80 r
  library setup time                                     -0.49      99.31
  data required time                                                99.31
  --------------------------------------------------------------------------
  data required time                                                99.31
  data arrival time                                                -40.38
  --------------------------------------------------------------------------
  slack (MET)                                                       58.93


  Startpoint: A[0] (input port clocked by CLK)
  Endpoint: U0_ARITHMETIC_UNIT/Arith_OUT_reg_20_
            (rising edge-triggered flip-flop clocked by CLK)
  Path Group: CLK
  Path Type: max

  Des/Clust/Port     Wire Load Model       Library
  ------------------------------------------------
  ALU_TOP            tsmc13_wl30           scmetro_tsmc_cl013g_rvt_ss_1p08v_125c

  Point                                                   Incr       Path
  --------------------------------------------------------------------------
  clock CLK (rise edge)                                   0.00       0.00
  clock network delay (ideal)                             0.00       0.00
  input external delay                                   20.00      20.00 r
  A[0] (in)                                               0.17      20.17 r
  U17/Y (CLKBUFX6M)                                       0.96      21.14 r
  U0_ARITHMETIC_UNIT/A[0] (ARITHMETIC_UNIT_test_1)        0.00      21.14 r
  U0_ARITHMETIC_UNIT/mult_59/A[0] (ARITHMETIC_UNIT_DW02_mult_0)
                                                          0.00      21.14 r
  U0_ARITHMETIC_UNIT/mult_59/U114/Y (INVX2M)              0.37      21.50 f
  U0_ARITHMETIC_UNIT/mult_59/U113/Y (CLKBUFX8M)           0.97      22.48 f
  U0_ARITHMETIC_UNIT/mult_59/U30/Y (NOR2X2M)              1.01      23.49 r
  U0_ARITHMETIC_UNIT/mult_59/U83/Y (XOR2X1M)              0.68      24.17 r
  U0_ARITHMETIC_UNIT/mult_59/S2_2_2/CO (ADDFX2M)          0.56      24.73 r
  U0_ARITHMETIC_UNIT/mult_59/S2_3_2/CO (ADDFX2M)          0.77      25.50 r
  U0_ARITHMETIC_UNIT/mult_59/S2_4_2/CO (ADDFX2M)          0.77      26.27 r
  U0_ARITHMETIC_UNIT/mult_59/S2_5_2/CO (ADDFX2M)          0.77      27.03 r
  U0_ARITHMETIC_UNIT/mult_59/S2_6_2/CO (ADDFX2M)          0.77      27.80 r
  U0_ARITHMETIC_UNIT/mult_59/S2_7_2/CO (ADDFX2M)          0.77      28.57 r
  U0_ARITHMETIC_UNIT/mult_59/S2_8_2/CO (ADDFX2M)          0.77      29.34 r
  U0_ARITHMETIC_UNIT/mult_59/S2_9_2/CO (ADDFX2M)          0.77      30.11 r
  U0_ARITHMETIC_UNIT/mult_59/S2_10_2/CO (ADDFX2M)         0.77      30.88 r
  U0_ARITHMETIC_UNIT/mult_59/S2_11_2/CO (ADDFX2M)         0.77      31.64 r
  U0_ARITHMETIC_UNIT/mult_59/S2_12_2/CO (ADDFX2M)         0.77      32.41 r
  U0_ARITHMETIC_UNIT/mult_59/S2_13_2/CO (ADDFX2M)         0.77      33.18 r
  U0_ARITHMETIC_UNIT/mult_59/S2_14_2/CO (ADDFX2M)         0.77      33.95 r
  U0_ARITHMETIC_UNIT/mult_59/S4_2/S (ADDFX2M)             0.89      34.84 f
  U0_ARITHMETIC_UNIT/mult_59/U54/Y (CLKXOR2X2M)           0.68      35.52 r
  U0_ARITHMETIC_UNIT/mult_59/FS_1/A[15] (ARITHMETIC_UNIT_DW01_add_1)
                                                          0.00      35.52 r
  U0_ARITHMETIC_UNIT/mult_59/FS_1/U84/Y (CLKNAND2X2M)     0.71      36.23 f
  U0_ARITHMETIC_UNIT/mult_59/FS_1/U7/Y (CLKINVX2M)        0.64      36.86 r
  U0_ARITHMETIC_UNIT/mult_59/FS_1/U6/Y (AOI2B1X2M)        0.50      37.36 f
  U0_ARITHMETIC_UNIT/mult_59/FS_1/U14/Y (OAI21X2M)        0.95      38.32 r
  U0_ARITHMETIC_UNIT/mult_59/FS_1/U74/Y (CLKXOR2X2M)      0.53      38.85 f
  U0_ARITHMETIC_UNIT/mult_59/FS_1/SUM[18] (ARITHMETIC_UNIT_DW01_add_1)
                                                          0.00      38.85 f
  U0_ARITHMETIC_UNIT/mult_59/PRODUCT[20] (ARITHMETIC_UNIT_DW02_mult_0)
                                                          0.00      38.85 f
  U0_ARITHMETIC_UNIT/U55/Y (AO21XLM)                      0.63      39.48 f
  U0_ARITHMETIC_UNIT/Arith_OUT_reg_20_/D (SDFFRQX2M)      0.00      39.48 f
  data arrival time                                                 39.48

  clock CLK (rise edge)                                 100.00     100.00
  clock network delay (ideal)                             0.00     100.00
  clock uncertainty                                      -0.20      99.80
  U0_ARITHMETIC_UNIT/Arith_OUT_reg_20_/CK (SDFFRQX2M)     0.00      99.80 r
  library setup time                                     -0.49      99.31
  data required time                                                99.31
  --------------------------------------------------------------------------
  data required time                                                99.31
  data arrival time                                                -39.48
  --------------------------------------------------------------------------
  slack (MET)                                                       59.83


  Startpoint: A[0] (input port clocked by CLK)
  Endpoint: U0_ARITHMETIC_UNIT/Arith_OUT_reg_19_
            (rising edge-triggered flip-flop clocked by CLK)
  Path Group: CLK
  Path Type: max

  Des/Clust/Port     Wire Load Model       Library
  ------------------------------------------------
  ALU_TOP            tsmc13_wl30           scmetro_tsmc_cl013g_rvt_ss_1p08v_125c

  Point                                                   Incr       Path
  --------------------------------------------------------------------------
  clock CLK (rise edge)                                   0.00       0.00
  clock network delay (ideal)                             0.00       0.00
  input external delay                                   20.00      20.00 r
  A[0] (in)                                               0.17      20.17 r
  U17/Y (CLKBUFX6M)                                       0.96      21.14 r
  U0_ARITHMETIC_UNIT/A[0] (ARITHMETIC_UNIT_test_1)        0.00      21.14 r
  U0_ARITHMETIC_UNIT/mult_59/A[0] (ARITHMETIC_UNIT_DW02_mult_0)
                                                          0.00      21.14 r
  U0_ARITHMETIC_UNIT/mult_59/U114/Y (INVX2M)              0.37      21.50 f
  U0_ARITHMETIC_UNIT/mult_59/U113/Y (CLKBUFX8M)           0.97      22.48 f
  U0_ARITHMETIC_UNIT/mult_59/U22/Y (NOR2X2M)              1.01      23.49 r
  U0_ARITHMETIC_UNIT/mult_59/U95/Y (XOR2X1M)              0.68      24.17 r
  U0_ARITHMETIC_UNIT/mult_59/S2_2_1/CO (ADDFX2M)          0.56      24.73 r
  U0_ARITHMETIC_UNIT/mult_59/S2_3_1/CO (ADDFX2M)          0.77      25.50 r
  U0_ARITHMETIC_UNIT/mult_59/S2_4_1/CO (ADDFX2M)          0.77      26.27 r
  U0_ARITHMETIC_UNIT/mult_59/S2_5_1/CO (ADDFX2M)          0.77      27.03 r
  U0_ARITHMETIC_UNIT/mult_59/S2_6_1/CO (ADDFX2M)          0.77      27.80 r
  U0_ARITHMETIC_UNIT/mult_59/S2_7_1/CO (ADDFX2M)          0.77      28.57 r
  U0_ARITHMETIC_UNIT/mult_59/S2_8_1/CO (ADDFX2M)          0.77      29.34 r
  U0_ARITHMETIC_UNIT/mult_59/S2_9_1/CO (ADDFX2M)          0.77      30.11 r
  U0_ARITHMETIC_UNIT/mult_59/S2_10_1/CO (ADDFX2M)         0.77      30.88 r
  U0_ARITHMETIC_UNIT/mult_59/S2_11_1/CO (ADDFX2M)         0.77      31.64 r
  U0_ARITHMETIC_UNIT/mult_59/S2_12_1/CO (ADDFX2M)         0.77      32.41 r
  U0_ARITHMETIC_UNIT/mult_59/S2_13_1/CO (ADDFX2M)         0.77      33.18 r
  U0_ARITHMETIC_UNIT/mult_59/S2_14_1/CO (ADDFX2M)         0.77      33.95 r
  U0_ARITHMETIC_UNIT/mult_59/S4_1/CO (ADDFX2M)            0.93      34.88 r
  U0_ARITHMETIC_UNIT/mult_59/U54/Y (CLKXOR2X2M)           0.67      35.56 f
  U0_ARITHMETIC_UNIT/mult_59/FS_1/A[15] (ARITHMETIC_UNIT_DW01_add_1)
                                                          0.00      35.56 f
  U0_ARITHMETIC_UNIT/mult_59/FS_1/U84/Y (CLKNAND2X2M)     0.56      36.12 r
  U0_ARITHMETIC_UNIT/mult_59/FS_1/U7/Y (CLKINVX2M)        0.58      36.70 f
  U0_ARITHMETIC_UNIT/mult_59/FS_1/U6/Y (AOI2B1X2M)        0.90      37.60 r
  U0_ARITHMETIC_UNIT/mult_59/FS_1/U77/Y (CLKXOR2X2M)      0.65      38.24 f
  U0_ARITHMETIC_UNIT/mult_59/FS_1/SUM[17] (ARITHMETIC_UNIT_DW01_add_1)
                                                          0.00      38.24 f
  U0_ARITHMETIC_UNIT/mult_59/PRODUCT[19] (ARITHMETIC_UNIT_DW02_mult_0)
                                                          0.00      38.24 f
  U0_ARITHMETIC_UNIT/U56/Y (AO21XLM)                      0.63      38.88 f
  U0_ARITHMETIC_UNIT/Arith_OUT_reg_19_/D (SDFFRQX2M)      0.00      38.88 f
  data arrival time                                                 38.88

  clock CLK (rise edge)                                 100.00     100.00
  clock network delay (ideal)                             0.00     100.00
  clock uncertainty                                      -0.20      99.80
  U0_ARITHMETIC_UNIT/Arith_OUT_reg_19_/CK (SDFFRQX2M)     0.00      99.80 r
  library setup time                                     -0.49      99.31
  data required time                                                99.31
  --------------------------------------------------------------------------
  data required time                                                99.31
  data arrival time                                                -38.88
  --------------------------------------------------------------------------
  slack (MET)                                                       60.43


  Startpoint: A[0] (input port clocked by CLK)
  Endpoint: U0_ARITHMETIC_UNIT/Arith_OUT_reg_18_
            (rising edge-triggered flip-flop clocked by CLK)
  Path Group: CLK
  Path Type: max

  Des/Clust/Port     Wire Load Model       Library
  ------------------------------------------------
  ALU_TOP            tsmc13_wl30           scmetro_tsmc_cl013g_rvt_ss_1p08v_125c

  Point                                                   Incr       Path
  --------------------------------------------------------------------------
  clock CLK (rise edge)                                   0.00       0.00
  clock network delay (ideal)                             0.00       0.00
  input external delay                                   20.00      20.00 r
  A[0] (in)                                               0.17      20.17 r
  U17/Y (CLKBUFX6M)                                       0.96      21.14 r
  U0_ARITHMETIC_UNIT/A[0] (ARITHMETIC_UNIT_test_1)        0.00      21.14 r
  U0_ARITHMETIC_UNIT/mult_59/A[0] (ARITHMETIC_UNIT_DW02_mult_0)
                                                          0.00      21.14 r
  U0_ARITHMETIC_UNIT/mult_59/U114/Y (INVX2M)              0.37      21.50 f
  U0_ARITHMETIC_UNIT/mult_59/U113/Y (CLKBUFX8M)           0.97      22.48 f
  U0_ARITHMETIC_UNIT/mult_59/U30/Y (NOR2X2M)              1.01      23.49 r
  U0_ARITHMETIC_UNIT/mult_59/U83/Y (XOR2X1M)              0.68      24.17 r
  U0_ARITHMETIC_UNIT/mult_59/S2_2_2/CO (ADDFX2M)          0.56      24.73 r
  U0_ARITHMETIC_UNIT/mult_59/S2_3_2/CO (ADDFX2M)          0.77      25.50 r
  U0_ARITHMETIC_UNIT/mult_59/S2_4_2/CO (ADDFX2M)          0.77      26.27 r
  U0_ARITHMETIC_UNIT/mult_59/S2_5_2/CO (ADDFX2M)          0.77      27.03 r
  U0_ARITHMETIC_UNIT/mult_59/S2_6_2/CO (ADDFX2M)          0.77      27.80 r
  U0_ARITHMETIC_UNIT/mult_59/S2_7_2/CO (ADDFX2M)          0.77      28.57 r
  U0_ARITHMETIC_UNIT/mult_59/S2_8_2/CO (ADDFX2M)          0.77      29.34 r
  U0_ARITHMETIC_UNIT/mult_59/S2_9_2/CO (ADDFX2M)          0.77      30.11 r
  U0_ARITHMETIC_UNIT/mult_59/S2_10_2/CO (ADDFX2M)         0.77      30.88 r
  U0_ARITHMETIC_UNIT/mult_59/S2_11_2/CO (ADDFX2M)         0.77      31.64 r
  U0_ARITHMETIC_UNIT/mult_59/S2_12_2/CO (ADDFX2M)         0.77      32.41 r
  U0_ARITHMETIC_UNIT/mult_59/S2_13_2/CO (ADDFX2M)         0.77      33.18 r
  U0_ARITHMETIC_UNIT/mult_59/S2_14_2/CO (ADDFX2M)         0.77      33.95 r
  U0_ARITHMETIC_UNIT/mult_59/S4_2/CO (ADDFX2M)            0.93      34.88 r
  U0_ARITHMETIC_UNIT/mult_59/U56/Y (CLKXOR2X2M)           0.67      35.56 f
  U0_ARITHMETIC_UNIT/mult_59/FS_1/A[16] (ARITHMETIC_UNIT_DW01_add_1)
                                                          0.00      35.56 f
  U0_ARITHMETIC_UNIT/mult_59/FS_1/U82/Y (AND2X1M)         0.69      36.25 f
  U0_ARITHMETIC_UNIT/mult_59/FS_1/U81/Y (NOR2X1M)         0.70      36.95 r
  U0_ARITHMETIC_UNIT/mult_59/FS_1/U80/Y (CLKXOR2X2M)      0.62      37.57 f
  U0_ARITHMETIC_UNIT/mult_59/FS_1/SUM[16] (ARITHMETIC_UNIT_DW01_add_1)
                                                          0.00      37.57 f
  U0_ARITHMETIC_UNIT/mult_59/PRODUCT[18] (ARITHMETIC_UNIT_DW02_mult_0)
                                                          0.00      37.57 f
  U0_ARITHMETIC_UNIT/U57/Y (AO21XLM)                      0.63      38.20 f
  U0_ARITHMETIC_UNIT/Arith_OUT_reg_18_/D (SDFFRQX2M)      0.00      38.20 f
  data arrival time                                                 38.20

  clock CLK (rise edge)                                 100.00     100.00
  clock network delay (ideal)                             0.00     100.00
  clock uncertainty                                      -0.20      99.80
  U0_ARITHMETIC_UNIT/Arith_OUT_reg_18_/CK (SDFFRQX2M)     0.00      99.80 r
  library setup time                                     -0.49      99.31
  data required time                                                99.31
  --------------------------------------------------------------------------
  data required time                                                99.31
  data arrival time                                                -38.20
  --------------------------------------------------------------------------
  slack (MET)                                                       61.11


  Startpoint: B[14] (input port clocked by CLK)
  Endpoint: U0_ARITHMETIC_UNIT/Arith_OUT_reg_10_
            (rising edge-triggered flip-flop clocked by CLK)
  Path Group: CLK
  Path Type: max

  Des/Clust/Port     Wire Load Model       Library
  ------------------------------------------------
  ALU_TOP            tsmc13_wl30           scmetro_tsmc_cl013g_rvt_ss_1p08v_125c

  Point                                                   Incr       Path
  --------------------------------------------------------------------------
  clock CLK (rise edge)                                   0.00       0.00
  clock network delay (ideal)                             0.00       0.00
  input external delay                                   20.00      20.00 r
  B[14] (in)                                              0.35      20.35 r
  U5/Y (BUFX6M)                                           0.62      20.96 r
  U0_ARITHMETIC_UNIT/B[14] (ARITHMETIC_UNIT_test_1)       0.00      20.96 r
  U0_ARITHMETIC_UNIT/div_63/b[14] (ARITHMETIC_UNIT_DW_div_uns_0)
                                                          0.00      20.96 r
  U0_ARITHMETIC_UNIT/div_63/U71/Y (NOR2X12M)              0.21      21.17 f
  U0_ARITHMETIC_UNIT/div_63/U131/Y (AND3X12M)             0.25      21.42 f
  U0_ARITHMETIC_UNIT/div_63/U116/Y (AND2X12M)             0.20      21.63 f
  U0_ARITHMETIC_UNIT/div_63/U16/Y (AND3X12M)              0.21      21.84 f
  U0_ARITHMETIC_UNIT/div_63/U133/Y (AND2X12M)             0.20      22.05 f
  U0_ARITHMETIC_UNIT/div_63/U11/Y (AND3X12M)              0.21      22.26 f
  U0_ARITHMETIC_UNIT/div_63/U12/Y (AND2X12M)              0.21      22.46 f
  U0_ARITHMETIC_UNIT/div_63/U8/Y (AND3X12M)               0.23      22.69 f
  U0_ARITHMETIC_UNIT/div_63/U14/Y (AND4X8M)               0.25      22.94 f
  U0_ARITHMETIC_UNIT/div_63/U13/Y (MX2X6M)                0.35      23.29 r
  U0_ARITHMETIC_UNIT/div_63/u_div_u_fa_PartRem_0_14_1/CO (ADDFX2M)
                                                          0.67      23.96 r
  U0_ARITHMETIC_UNIT/div_63/U18/Y (AND3X1M)               0.49      24.45 r
  U0_ARITHMETIC_UNIT/div_63/U17/Y (BUFX10M)               0.26      24.71 r
  U0_ARITHMETIC_UNIT/div_63/U209/Y (CLKMX2X2M)            0.61      25.32 f
  U0_ARITHMETIC_UNIT/div_63/u_div_u_fa_PartRem_0_13_1/CO (ADDFX2M)
                                                          0.73      26.05 f
  U0_ARITHMETIC_UNIT/div_63/u_div_u_fa_PartRem_0_13_2/CO (ADDFX2M)
                                                          0.50      26.55 f
  U0_ARITHMETIC_UNIT/div_63/U38/Y (AND2X1M)               0.40      26.95 f
  U0_ARITHMETIC_UNIT/div_63/U37/Y (BUFX10M)               0.26      27.21 f
  U0_ARITHMETIC_UNIT/div_63/U212/Y (CLKMX2X2M)            0.56      27.77 r
  U0_ARITHMETIC_UNIT/div_63/u_div_u_fa_PartRem_0_12_1/CO (ADDFX2M)
                                                          0.72      28.49 r
  U0_ARITHMETIC_UNIT/div_63/u_div_u_fa_PartRem_0_12_2/CO (ADDFX2M)
                                                          0.53      29.02 r
  U0_ARITHMETIC_UNIT/div_63/u_div_u_fa_PartRem_0_12_3/CO (ADDFHX8M)
                                                          0.24      29.27 r
  U0_ARITHMETIC_UNIT/div_63/U61/Y (AND3X4M)               0.63      29.90 r
  U0_ARITHMETIC_UNIT/div_63/U213/Y (CLKMX2X2M)            0.68      30.58 f
  U0_ARITHMETIC_UNIT/div_63/u_div_u_fa_PartRem_0_11_1/CO (ADDFX2M)
                                                          0.73      31.31 f
  U0_ARITHMETIC_UNIT/div_63/u_div_u_fa_PartRem_0_11_2/CO (ADDFX2M)
                                                          0.55      31.86 f
  U0_ARITHMETIC_UNIT/div_63/u_div_u_fa_PartRem_0_11_3/CO (ADDFHX8M)
                                                          0.30      32.17 f
  U0_ARITHMETIC_UNIT/div_63/u_div_u_fa_PartRem_0_11_4/CO (ADDFX2M)
                                                          0.46      32.63 f
  U0_ARITHMETIC_UNIT/div_63/U21/Y (AND2X1M)               0.42      33.04 f
  U0_ARITHMETIC_UNIT/div_63/U20/Y (BUFX14M)               0.27      33.32 f
  U0_ARITHMETIC_UNIT/div_63/U214/Y (CLKMX2X2M)            0.57      33.88 f
  U0_ARITHMETIC_UNIT/div_63/u_div_u_fa_PartRem_0_10_1/CO (ADDFX2M)
                                                          0.73      34.62 f
  U0_ARITHMETIC_UNIT/div_63/u_div_u_fa_PartRem_0_10_2/CO (ADDFX2M)
                                                          0.55      35.16 f
  U0_ARITHMETIC_UNIT/div_63/u_div_u_fa_PartRem_0_10_3/CO (ADDFHX8M)
                                                          0.30      35.47 f
  U0_ARITHMETIC_UNIT/div_63/u_div_u_fa_PartRem_0_10_4/CO (ADDFX2M)
                                                          0.47      35.94 f
  U0_ARITHMETIC_UNIT/div_63/u_div_u_fa_PartRem_0_10_5/CO (ADDFX2M)
                                                          0.51      36.45 f
  U0_ARITHMETIC_UNIT/div_63/U10/Y (CLKAND2X12M)           0.21      36.66 f
  U0_ARITHMETIC_UNIT/div_63/U29/Y (BUFX18M)               0.20      36.85 f
  U0_ARITHMETIC_UNIT/div_63/quotient[10] (ARITHMETIC_UNIT_DW_div_uns_0)
                                                          0.00      36.85 f
  U0_ARITHMETIC_UNIT/U93/Y (AOI22X1M)                     0.64      37.49 r
  U0_ARITHMETIC_UNIT/U91/Y (NAND2X2M)                     0.36      37.85 f
  U0_ARITHMETIC_UNIT/Arith_OUT_reg_10_/D (SDFFRQX2M)      0.00      37.85 f
  data arrival time                                                 37.85

  clock CLK (rise edge)                                 100.00     100.00
  clock network delay (ideal)                             0.00     100.00
  clock uncertainty                                      -0.20      99.80
  U0_ARITHMETIC_UNIT/Arith_OUT_reg_10_/CK (SDFFRQX2M)     0.00      99.80 r
  library setup time                                     -0.47      99.33
  data required time                                                99.33
  --------------------------------------------------------------------------
  data required time                                                99.33
  data arrival time                                                -37.85
  --------------------------------------------------------------------------
  slack (MET)                                                       61.48


  Startpoint: A[0] (input port clocked by CLK)
  Endpoint: U0_ARITHMETIC_UNIT/Arith_OUT_reg_17_
            (rising edge-triggered flip-flop clocked by CLK)
  Path Group: CLK
  Path Type: max

  Des/Clust/Port     Wire Load Model       Library
  ------------------------------------------------
  ALU_TOP            tsmc13_wl30           scmetro_tsmc_cl013g_rvt_ss_1p08v_125c

  Point                                                   Incr       Path
  --------------------------------------------------------------------------
  clock CLK (rise edge)                                   0.00       0.00
  clock network delay (ideal)                             0.00       0.00
  input external delay                                   20.00      20.00 r
  A[0] (in)                                               0.17      20.17 r
  U17/Y (CLKBUFX6M)                                       0.96      21.14 r
  U0_ARITHMETIC_UNIT/A[0] (ARITHMETIC_UNIT_test_1)        0.00      21.14 r
  U0_ARITHMETIC_UNIT/mult_59/A[0] (ARITHMETIC_UNIT_DW02_mult_0)
                                                          0.00      21.14 r
  U0_ARITHMETIC_UNIT/mult_59/U114/Y (INVX2M)              0.37      21.50 f
  U0_ARITHMETIC_UNIT/mult_59/U113/Y (CLKBUFX8M)           0.97      22.48 f
  U0_ARITHMETIC_UNIT/mult_59/U30/Y (NOR2X2M)              1.01      23.49 r
  U0_ARITHMETIC_UNIT/mult_59/U83/Y (XOR2X1M)              0.68      24.17 r
  U0_ARITHMETIC_UNIT/mult_59/S2_2_2/CO (ADDFX2M)          0.56      24.73 r
  U0_ARITHMETIC_UNIT/mult_59/S2_3_2/CO (ADDFX2M)          0.77      25.50 r
  U0_ARITHMETIC_UNIT/mult_59/S2_4_2/CO (ADDFX2M)          0.77      26.27 r
  U0_ARITHMETIC_UNIT/mult_59/S2_5_2/CO (ADDFX2M)          0.77      27.03 r
  U0_ARITHMETIC_UNIT/mult_59/S2_6_2/CO (ADDFX2M)          0.77      27.80 r
  U0_ARITHMETIC_UNIT/mult_59/S2_7_2/CO (ADDFX2M)          0.77      28.57 r
  U0_ARITHMETIC_UNIT/mult_59/S2_8_2/CO (ADDFX2M)          0.77      29.34 r
  U0_ARITHMETIC_UNIT/mult_59/S2_9_2/CO (ADDFX2M)          0.77      30.11 r
  U0_ARITHMETIC_UNIT/mult_59/S2_10_2/CO (ADDFX2M)         0.77      30.88 r
  U0_ARITHMETIC_UNIT/mult_59/S2_11_2/CO (ADDFX2M)         0.77      31.64 r
  U0_ARITHMETIC_UNIT/mult_59/S2_12_2/CO (ADDFX2M)         0.77      32.41 r
  U0_ARITHMETIC_UNIT/mult_59/S2_13_2/CO (ADDFX2M)         0.77      33.18 r
  U0_ARITHMETIC_UNIT/mult_59/S2_14_2/CO (ADDFX2M)         0.77      33.95 r
  U0_ARITHMETIC_UNIT/mult_59/S4_2/S (ADDFX2M)             0.89      34.84 f
  U0_ARITHMETIC_UNIT/mult_59/U54/Y (CLKXOR2X2M)           0.68      35.52 r
  U0_ARITHMETIC_UNIT/mult_59/FS_1/A[15] (ARITHMETIC_UNIT_DW01_add_1)
                                                          0.00      35.52 r
  U0_ARITHMETIC_UNIT/mult_59/FS_1/U84/Y (CLKNAND2X2M)     0.71      36.23 f
  U0_ARITHMETIC_UNIT/mult_59/FS_1/U83/Y (NAND2BX1M)       0.58      36.80 r
  U0_ARITHMETIC_UNIT/mult_59/FS_1/U28/Y (INVX2M)          0.24      37.04 f
  U0_ARITHMETIC_UNIT/mult_59/FS_1/SUM[15] (ARITHMETIC_UNIT_DW01_add_1)
                                                          0.00      37.04 f
  U0_ARITHMETIC_UNIT/mult_59/PRODUCT[17] (ARITHMETIC_UNIT_DW02_mult_0)
                                                          0.00      37.04 f
  U0_ARITHMETIC_UNIT/U58/Y (AO21XLM)                      0.61      37.65 f
  U0_ARITHMETIC_UNIT/Arith_OUT_reg_17_/D (SDFFRQX2M)      0.00      37.65 f
  data arrival time                                                 37.65

  clock CLK (rise edge)                                 100.00     100.00
  clock network delay (ideal)                             0.00     100.00
  clock uncertainty                                      -0.20      99.80
  U0_ARITHMETIC_UNIT/Arith_OUT_reg_17_/CK (SDFFRQX2M)     0.00      99.80 r
  library setup time                                     -0.49      99.31
  data required time                                                99.31
  --------------------------------------------------------------------------
  data required time                                                99.31
  data arrival time                                                -37.65
  --------------------------------------------------------------------------
  slack (MET)                                                       61.66


  Startpoint: A[0] (input port clocked by CLK)
  Endpoint: U0_ARITHMETIC_UNIT/Arith_OUT_reg_16_
            (rising edge-triggered flip-flop clocked by CLK)
  Path Group: CLK
  Path Type: max

  Des/Clust/Port     Wire Load Model       Library
  ------------------------------------------------
  ALU_TOP            tsmc13_wl30           scmetro_tsmc_cl013g_rvt_ss_1p08v_125c

  Point                                                   Incr       Path
  --------------------------------------------------------------------------
  clock CLK (rise edge)                                   0.00       0.00
  clock network delay (ideal)                             0.00       0.00
  input external delay                                   20.00      20.00 r
  A[0] (in)                                               0.17      20.17 r
  U17/Y (CLKBUFX6M)                                       0.96      21.14 r
  U0_ARITHMETIC_UNIT/A[0] (ARITHMETIC_UNIT_test_1)        0.00      21.14 r
  U0_ARITHMETIC_UNIT/mult_59/A[0] (ARITHMETIC_UNIT_DW02_mult_0)
                                                          0.00      21.14 r
  U0_ARITHMETIC_UNIT/mult_59/U114/Y (INVX2M)              0.37      21.50 f
  U0_ARITHMETIC_UNIT/mult_59/U113/Y (CLKBUFX8M)           0.97      22.48 f
  U0_ARITHMETIC_UNIT/mult_59/U23/Y (NOR2X2M)              1.01      23.49 r
  U0_ARITHMETIC_UNIT/mult_59/U96/Y (XOR2X1M)              0.68      24.17 r
  U0_ARITHMETIC_UNIT/mult_59/S1_2_0/CO (ADDFX2M)          0.56      24.73 r
  U0_ARITHMETIC_UNIT/mult_59/S1_3_0/CO (ADDFX2M)          0.77      25.50 r
  U0_ARITHMETIC_UNIT/mult_59/S1_4_0/CO (ADDFX2M)          0.77      26.27 r
  U0_ARITHMETIC_UNIT/mult_59/S1_5_0/CO (ADDFX2M)          0.77      27.03 r
  U0_ARITHMETIC_UNIT/mult_59/S1_6_0/CO (ADDFX2M)          0.77      27.80 r
  U0_ARITHMETIC_UNIT/mult_59/S1_7_0/CO (ADDFX2M)          0.77      28.57 r
  U0_ARITHMETIC_UNIT/mult_59/S1_8_0/CO (ADDFX2M)          0.77      29.34 r
  U0_ARITHMETIC_UNIT/mult_59/S1_9_0/CO (ADDFX2M)          0.77      30.11 r
  U0_ARITHMETIC_UNIT/mult_59/S1_10_0/CO (ADDFX2M)         0.77      30.88 r
  U0_ARITHMETIC_UNIT/mult_59/S1_11_0/CO (ADDFX2M)         0.77      31.64 r
  U0_ARITHMETIC_UNIT/mult_59/S1_12_0/CO (ADDFX2M)         0.77      32.41 r
  U0_ARITHMETIC_UNIT/mult_59/S1_13_0/CO (ADDFX2M)         0.77      33.18 r
  U0_ARITHMETIC_UNIT/mult_59/S1_14_0/CO (ADDFX2M)         0.77      33.95 r
  U0_ARITHMETIC_UNIT/mult_59/S4_0/CO (ADDFX2M)            0.93      34.88 r
  U0_ARITHMETIC_UNIT/mult_59/U97/Y (CLKXOR2X2M)           0.49      35.37 f
  U0_ARITHMETIC_UNIT/mult_59/FS_1/A[14] (ARITHMETIC_UNIT_DW01_add_1)
                                                          0.00      35.37 f
  U0_ARITHMETIC_UNIT/mult_59/FS_1/U43/Y (BUFX2M)          0.31      35.68 f
  U0_ARITHMETIC_UNIT/mult_59/FS_1/SUM[14] (ARITHMETIC_UNIT_DW01_add_1)
                                                          0.00      35.68 f
  U0_ARITHMETIC_UNIT/mult_59/PRODUCT[16] (ARITHMETIC_UNIT_DW02_mult_0)
                                                          0.00      35.68 f
  U0_ARITHMETIC_UNIT/U107/Y (AOI221X2M)                   0.79      36.47 r
  U0_ARITHMETIC_UNIT/U106/Y (INVX2M)                      0.48      36.95 f
  U0_ARITHMETIC_UNIT/Arith_OUT_reg_16_/D (SDFFRQX2M)      0.00      36.95 f
  data arrival time                                                 36.95

  clock CLK (rise edge)                                 100.00     100.00
  clock network delay (ideal)                             0.00     100.00
  clock uncertainty                                      -0.20      99.80
  U0_ARITHMETIC_UNIT/Arith_OUT_reg_16_/CK (SDFFRQX2M)     0.00      99.80 r
  library setup time                                     -0.48      99.32
  data required time                                                99.32
  --------------------------------------------------------------------------
  data required time                                                99.32
  data arrival time                                                -36.95
  --------------------------------------------------------------------------
  slack (MET)                                                       62.37


  Startpoint: A[0] (input port clocked by CLK)
  Endpoint: U0_ARITHMETIC_UNIT/Carry_OUT_reg
            (rising edge-triggered flip-flop clocked by CLK)
  Path Group: CLK
  Path Type: max

  Des/Clust/Port     Wire Load Model       Library
  ------------------------------------------------
  ALU_TOP            tsmc13_wl30           scmetro_tsmc_cl013g_rvt_ss_1p08v_125c

  Point                                                   Incr       Path
  --------------------------------------------------------------------------
  clock CLK (rise edge)                                   0.00       0.00
  clock network delay (ideal)                             0.00       0.00
  input external delay                                   20.00      20.00 r
  A[0] (in)                                               0.17      20.17 r
  U17/Y (CLKBUFX6M)                                       0.96      21.14 r
  U0_ARITHMETIC_UNIT/A[0] (ARITHMETIC_UNIT_test_1)        0.00      21.14 r
  U0_ARITHMETIC_UNIT/mult_59/A[0] (ARITHMETIC_UNIT_DW02_mult_0)
                                                          0.00      21.14 r
  U0_ARITHMETIC_UNIT/mult_59/U114/Y (INVX2M)              0.37      21.50 f
  U0_ARITHMETIC_UNIT/mult_59/U113/Y (CLKBUFX8M)           0.97      22.48 f
  U0_ARITHMETIC_UNIT/mult_59/U23/Y (NOR2X2M)              1.01      23.49 r
  U0_ARITHMETIC_UNIT/mult_59/U96/Y (XOR2X1M)              0.68      24.17 r
  U0_ARITHMETIC_UNIT/mult_59/S1_2_0/CO (ADDFX2M)          0.56      24.73 r
  U0_ARITHMETIC_UNIT/mult_59/S1_3_0/CO (ADDFX2M)          0.77      25.50 r
  U0_ARITHMETIC_UNIT/mult_59/S1_4_0/CO (ADDFX2M)          0.77      26.27 r
  U0_ARITHMETIC_UNIT/mult_59/S1_5_0/CO (ADDFX2M)          0.77      27.03 r
  U0_ARITHMETIC_UNIT/mult_59/S1_6_0/CO (ADDFX2M)          0.77      27.80 r
  U0_ARITHMETIC_UNIT/mult_59/S1_7_0/CO (ADDFX2M)          0.77      28.57 r
  U0_ARITHMETIC_UNIT/mult_59/S1_8_0/CO (ADDFX2M)          0.77      29.34 r
  U0_ARITHMETIC_UNIT/mult_59/S1_9_0/CO (ADDFX2M)          0.77      30.11 r
  U0_ARITHMETIC_UNIT/mult_59/S1_10_0/CO (ADDFX2M)         0.77      30.88 r
  U0_ARITHMETIC_UNIT/mult_59/S1_11_0/CO (ADDFX2M)         0.77      31.64 r
  U0_ARITHMETIC_UNIT/mult_59/S1_12_0/CO (ADDFX2M)         0.77      32.41 r
  U0_ARITHMETIC_UNIT/mult_59/S1_13_0/CO (ADDFX2M)         0.77      33.18 r
  U0_ARITHMETIC_UNIT/mult_59/S1_14_0/CO (ADDFX2M)         0.77      33.95 r
  U0_ARITHMETIC_UNIT/mult_59/S4_0/CO (ADDFX2M)            0.93      34.88 r
  U0_ARITHMETIC_UNIT/mult_59/U97/Y (CLKXOR2X2M)           0.49      35.37 f
  U0_ARITHMETIC_UNIT/mult_59/FS_1/A[14] (ARITHMETIC_UNIT_DW01_add_1)
                                                          0.00      35.37 f
  U0_ARITHMETIC_UNIT/mult_59/FS_1/U43/Y (BUFX2M)          0.31      35.68 f
  U0_ARITHMETIC_UNIT/mult_59/FS_1/SUM[14] (ARITHMETIC_UNIT_DW01_add_1)
                                                          0.00      35.68 f
  U0_ARITHMETIC_UNIT/mult_59/PRODUCT[16] (ARITHMETIC_UNIT_DW02_mult_0)
                                                          0.00      35.68 f
  U0_ARITHMETIC_UNIT/U107/Y (AOI221X2M)                   0.79      36.47 r
  U0_ARITHMETIC_UNIT/U106/Y (INVX2M)                      0.48      36.95 f
  U0_ARITHMETIC_UNIT/Carry_OUT_reg/D (SDFFRQX2M)          0.00      36.95 f
  data arrival time                                                 36.95

  clock CLK (rise edge)                                 100.00     100.00
  clock network delay (ideal)                             0.00     100.00
  clock uncertainty                                      -0.20      99.80
  U0_ARITHMETIC_UNIT/Carry_OUT_reg/CK (SDFFRQX2M)         0.00      99.80 r
  library setup time                                     -0.48      99.32
  data required time                                                99.32
  --------------------------------------------------------------------------
  data required time                                                99.32
  data arrival time                                                -36.95
  --------------------------------------------------------------------------
  slack (MET)                                                       62.37


  Startpoint: A[0] (input port clocked by CLK)
  Endpoint: U0_ARITHMETIC_UNIT/Arith_OUT_reg_15_
            (rising edge-triggered flip-flop clocked by CLK)
  Path Group: CLK
  Path Type: max

  Des/Clust/Port     Wire Load Model       Library
  ------------------------------------------------
  ALU_TOP            tsmc13_wl30           scmetro_tsmc_cl013g_rvt_ss_1p08v_125c

  Point                                                   Incr       Path
  --------------------------------------------------------------------------
  clock CLK (rise edge)                                   0.00       0.00
  clock network delay (ideal)                             0.00       0.00
  input external delay                                   20.00      20.00 r
  A[0] (in)                                               0.17      20.17 r
  U17/Y (CLKBUFX6M)                                       0.96      21.14 r
  U0_ARITHMETIC_UNIT/A[0] (ARITHMETIC_UNIT_test_1)        0.00      21.14 r
  U0_ARITHMETIC_UNIT/mult_59/A[0] (ARITHMETIC_UNIT_DW02_mult_0)
                                                          0.00      21.14 r
  U0_ARITHMETIC_UNIT/mult_59/U114/Y (INVX2M)              0.37      21.50 f
  U0_ARITHMETIC_UNIT/mult_59/U113/Y (CLKBUFX8M)           0.97      22.48 f
  U0_ARITHMETIC_UNIT/mult_59/U23/Y (NOR2X2M)              1.01      23.49 r
  U0_ARITHMETIC_UNIT/mult_59/U96/Y (XOR2X1M)              0.68      24.17 r
  U0_ARITHMETIC_UNIT/mult_59/S1_2_0/CO (ADDFX2M)          0.56      24.73 r
  U0_ARITHMETIC_UNIT/mult_59/S1_3_0/CO (ADDFX2M)          0.77      25.50 r
  U0_ARITHMETIC_UNIT/mult_59/S1_4_0/CO (ADDFX2M)          0.77      26.27 r
  U0_ARITHMETIC_UNIT/mult_59/S1_5_0/CO (ADDFX2M)          0.77      27.03 r
  U0_ARITHMETIC_UNIT/mult_59/S1_6_0/CO (ADDFX2M)          0.77      27.80 r
  U0_ARITHMETIC_UNIT/mult_59/S1_7_0/CO (ADDFX2M)          0.77      28.57 r
  U0_ARITHMETIC_UNIT/mult_59/S1_8_0/CO (ADDFX2M)          0.77      29.34 r
  U0_ARITHMETIC_UNIT/mult_59/S1_9_0/CO (ADDFX2M)          0.77      30.11 r
  U0_ARITHMETIC_UNIT/mult_59/S1_10_0/CO (ADDFX2M)         0.77      30.88 r
  U0_ARITHMETIC_UNIT/mult_59/S1_11_0/CO (ADDFX2M)         0.77      31.64 r
  U0_ARITHMETIC_UNIT/mult_59/S1_12_0/CO (ADDFX2M)         0.77      32.41 r
  U0_ARITHMETIC_UNIT/mult_59/S1_13_0/CO (ADDFX2M)         0.77      33.18 r
  U0_ARITHMETIC_UNIT/mult_59/S1_14_0/CO (ADDFX2M)         0.77      33.95 r
  U0_ARITHMETIC_UNIT/mult_59/S4_0/S (ADDFX2M)             0.77      34.72 f
  U0_ARITHMETIC_UNIT/mult_59/FS_1/A[13] (ARITHMETIC_UNIT_DW01_add_1)
                                                          0.00      34.72 f
  U0_ARITHMETIC_UNIT/mult_59/FS_1/U42/Y (BUFX2M)          0.29      35.01 f
  U0_ARITHMETIC_UNIT/mult_59/FS_1/SUM[13] (ARITHMETIC_UNIT_DW01_add_1)
                                                          0.00      35.01 f
  U0_ARITHMETIC_UNIT/mult_59/PRODUCT[15] (ARITHMETIC_UNIT_DW02_mult_0)
                                                          0.00      35.01 f
  U0_ARITHMETIC_UNIT/U109/Y (AOI22X1M)                    0.65      35.66 r
  U0_ARITHMETIC_UNIT/U108/Y (NAND2X2M)                    0.39      36.05 f
  U0_ARITHMETIC_UNIT/Arith_OUT_reg_15_/D (SDFFRQX2M)      0.00      36.05 f
  data arrival time                                                 36.05

  clock CLK (rise edge)                                 100.00     100.00
  clock network delay (ideal)                             0.00     100.00
  clock uncertainty                                      -0.20      99.80
  U0_ARITHMETIC_UNIT/Arith_OUT_reg_15_/CK (SDFFRQX2M)     0.00      99.80 r
  library setup time                                     -0.47      99.33
  data required time                                                99.33
  --------------------------------------------------------------------------
  data required time                                                99.33
  data arrival time                                                -36.05
  --------------------------------------------------------------------------
  slack (MET)                                                       63.28


1
