 
****************************************
Report : timing
        -path full
        -delay max
        -max_paths 500
Design : System_Top
Version: O-2018.06-SP1
Date   : Thu Aug 20 22:49:15 2026
****************************************

Operating Conditions: scmetro_tsmc_cl013g_rvt_ss_1p08v_125c   Library: scmetro_tsmc_cl013g_rvt_ss_1p08v_125c
Wire Load Model Mode: top

  Startpoint: U0_CRC/count_reg[2]
              (rising edge-triggered flip-flop clocked by CLKA_DOMAIN)
  Endpoint: U0_CRC/LFSR_reg[2]
            (rising edge-triggered flip-flop clocked by CLKA_DOMAIN)
  Path Group: CLKA_DOMAIN
  Path Type: max

  Point                                    Incr       Path
  -----------------------------------------------------------
  clock CLKA_DOMAIN (rise edge)            0.00       0.00
  clock network delay (ideal)              0.00       0.00
  U0_CRC/count_reg[2]/CK (DFFRQX2M)        0.00       0.00 r
  U0_CRC/count_reg[2]/Q (DFFRQX2M)         0.49       0.49 f
  U0_CRC/U12/Y (NOR3X2M)                   0.21       0.70 r
  U0_CRC/U11/Y (NAND3BX2M)                 0.11       0.81 f
  U0_CRC/U10/Y (NOR2BX2M)                  0.19       1.00 f
  U0_CRC/U4/Y (NOR2X2M)                    0.28       1.28 r
  U0_CRC/U3/Y (INVX2M)                     0.18       1.47 f
  U0_CRC/U23/Y (AOI32X1M)                  0.25       1.71 r
  U0_CRC/U22/Y (OAI21X2M)                  0.09       1.80 f
  U0_CRC/LFSR_reg[2]/D (DFFRX1M)           0.00       1.80 f
  data arrival time                                   1.80

  clock CLKA_DOMAIN (rise edge)           70.00      70.00
  clock network delay (ideal)              0.00      70.00
  clock uncertainty                       -0.20      69.80
  U0_CRC/LFSR_reg[2]/CK (DFFRX1M)          0.00      69.80 r
  library setup time                      -0.15      69.65
  data required time                                 69.65
  -----------------------------------------------------------
  data required time                                 69.65
  data arrival time                                  -1.80
  -----------------------------------------------------------
  slack (MET)                                        67.84


  Startpoint: U0_CRC/count_reg[2]
              (rising edge-triggered flip-flop clocked by CLKA_DOMAIN)
  Endpoint: U0_CRC/LFSR_reg[5]
            (rising edge-triggered flip-flop clocked by CLKA_DOMAIN)
  Path Group: CLKA_DOMAIN
  Path Type: max

  Point                                    Incr       Path
  -----------------------------------------------------------
  clock CLKA_DOMAIN (rise edge)            0.00       0.00
  clock network delay (ideal)              0.00       0.00
  U0_CRC/count_reg[2]/CK (DFFRQX2M)        0.00       0.00 r
  U0_CRC/count_reg[2]/Q (DFFRQX2M)         0.49       0.49 f
  U0_CRC/U12/Y (NOR3X2M)                   0.21       0.70 r
  U0_CRC/U11/Y (NAND3BX2M)                 0.11       0.81 f
  U0_CRC/U10/Y (NOR2BX2M)                  0.19       1.00 f
  U0_CRC/U4/Y (NOR2X2M)                    0.28       1.28 r
  U0_CRC/U3/Y (INVX2M)                     0.18       1.47 f
  U0_CRC/U15/Y (OAI22X1M)                  0.19       1.66 r
  U0_CRC/LFSR_reg[5]/D (DFFRX1M)           0.00       1.66 r
  data arrival time                                   1.66

  clock CLKA_DOMAIN (rise edge)           70.00      70.00
  clock network delay (ideal)              0.00      70.00
  clock uncertainty                       -0.20      69.80
  U0_CRC/LFSR_reg[5]/CK (DFFRX1M)          0.00      69.80 r
  library setup time                      -0.26      69.54
  data required time                                 69.54
  -----------------------------------------------------------
  data required time                                 69.54
  data arrival time                                  -1.66
  -----------------------------------------------------------
  slack (MET)                                        67.88


  Startpoint: U0_CRC/count_reg[2]
              (rising edge-triggered flip-flop clocked by CLKA_DOMAIN)
  Endpoint: U0_CRC/LFSR_reg[1]
            (rising edge-triggered flip-flop clocked by CLKA_DOMAIN)
  Path Group: CLKA_DOMAIN
  Path Type: max

  Point                                    Incr       Path
  -----------------------------------------------------------
  clock CLKA_DOMAIN (rise edge)            0.00       0.00
  clock network delay (ideal)              0.00       0.00
  U0_CRC/count_reg[2]/CK (DFFRQX2M)        0.00       0.00 r
  U0_CRC/count_reg[2]/Q (DFFRQX2M)         0.49       0.49 f
  U0_CRC/U12/Y (NOR3X2M)                   0.21       0.70 r
  U0_CRC/U11/Y (NAND3BX2M)                 0.11       0.81 f
  U0_CRC/U10/Y (NOR2BX2M)                  0.19       1.00 f
  U0_CRC/U4/Y (NOR2X2M)                    0.28       1.28 r
  U0_CRC/U3/Y (INVX2M)                     0.18       1.47 f
  U0_CRC/U16/Y (OAI22X1M)                  0.19       1.66 r
  U0_CRC/LFSR_reg[1]/D (DFFRX1M)           0.00       1.66 r
  data arrival time                                   1.66

  clock CLKA_DOMAIN (rise edge)           70.00      70.00
  clock network delay (ideal)              0.00      70.00
  clock uncertainty                       -0.20      69.80
  U0_CRC/LFSR_reg[1]/CK (DFFRX1M)          0.00      69.80 r
  library setup time                      -0.26      69.54
  data required time                                 69.54
  -----------------------------------------------------------
  data required time                                 69.54
  data arrival time                                  -1.66
  -----------------------------------------------------------
  slack (MET)                                        67.88


  Startpoint: U0_CRC/count_reg[2]
              (rising edge-triggered flip-flop clocked by CLKA_DOMAIN)
  Endpoint: U0_CRC/LFSR_reg[6]
            (rising edge-triggered flip-flop clocked by CLKA_DOMAIN)
  Path Group: CLKA_DOMAIN
  Path Type: max

  Point                                    Incr       Path
  -----------------------------------------------------------
  clock CLKA_DOMAIN (rise edge)            0.00       0.00
  clock network delay (ideal)              0.00       0.00
  U0_CRC/count_reg[2]/CK (DFFRQX2M)        0.00       0.00 r
  U0_CRC/count_reg[2]/Q (DFFRQX2M)         0.49       0.49 f
  U0_CRC/U12/Y (NOR3X2M)                   0.21       0.70 r
  U0_CRC/U11/Y (NAND3BX2M)                 0.11       0.81 f
  U0_CRC/U10/Y (NOR2BX2M)                  0.19       1.00 f
  U0_CRC/U4/Y (NOR2X2M)                    0.28       1.28 r
  U0_CRC/U3/Y (INVX2M)                     0.18       1.47 f
  U0_CRC/U21/Y (AOI32X1M)                  0.25       1.71 r
  U0_CRC/U20/Y (OAI21X2M)                  0.09       1.80 f
  U0_CRC/LFSR_reg[6]/D (DFFSX1M)           0.00       1.80 f
  data arrival time                                   1.80

  clock CLKA_DOMAIN (rise edge)           70.00      70.00
  clock network delay (ideal)              0.00      70.00
  clock uncertainty                       -0.20      69.80
  U0_CRC/LFSR_reg[6]/CK (DFFSX1M)          0.00      69.80 r
  library setup time                      -0.09      69.71
  data required time                                 69.71
  -----------------------------------------------------------
  data required time                                 69.71
  data arrival time                                  -1.80
  -----------------------------------------------------------
  slack (MET)                                        67.91


  Startpoint: U0_CRC/count_reg[2]
              (rising edge-triggered flip-flop clocked by CLKA_DOMAIN)
  Endpoint: U0_CRC/LFSR_reg[4]
            (rising edge-triggered flip-flop clocked by CLKA_DOMAIN)
  Path Group: CLKA_DOMAIN
  Path Type: max

  Point                                    Incr       Path
  -----------------------------------------------------------
  clock CLKA_DOMAIN (rise edge)            0.00       0.00
  clock network delay (ideal)              0.00       0.00
  U0_CRC/count_reg[2]/CK (DFFRQX2M)        0.00       0.00 r
  U0_CRC/count_reg[2]/Q (DFFRQX2M)         0.49       0.49 f
  U0_CRC/U12/Y (NOR3X2M)                   0.21       0.70 r
  U0_CRC/U11/Y (NAND3BX2M)                 0.11       0.81 f
  U0_CRC/U10/Y (NOR2BX2M)                  0.19       1.00 f
  U0_CRC/U4/Y (NOR2X2M)                    0.28       1.28 r
  U0_CRC/U3/Y (INVX2M)                     0.18       1.47 f
  U0_CRC/U14/Y (OAI22X1M)                  0.20       1.67 r
  U0_CRC/LFSR_reg[4]/D (DFFSX1M)           0.00       1.67 r
  data arrival time                                   1.67

  clock CLKA_DOMAIN (rise edge)           70.00      70.00
  clock network delay (ideal)              0.00      70.00
  clock uncertainty                       -0.20      69.80
  U0_CRC/LFSR_reg[4]/CK (DFFSX1M)          0.00      69.80 r
  library setup time                      -0.18      69.62
  data required time                                 69.62
  -----------------------------------------------------------
  data required time                                 69.62
  data arrival time                                  -1.67
  -----------------------------------------------------------
  slack (MET)                                        67.95


  Startpoint: U0_CRC/count_reg[2]
              (rising edge-triggered flip-flop clocked by CLKA_DOMAIN)
  Endpoint: U0_CRC/LFSR_reg[3]
            (rising edge-triggered flip-flop clocked by CLKA_DOMAIN)
  Path Group: CLKA_DOMAIN
  Path Type: max

  Point                                    Incr       Path
  -----------------------------------------------------------
  clock CLKA_DOMAIN (rise edge)            0.00       0.00
  clock network delay (ideal)              0.00       0.00
  U0_CRC/count_reg[2]/CK (DFFRQX2M)        0.00       0.00 r
  U0_CRC/count_reg[2]/Q (DFFRQX2M)         0.49       0.49 f
  U0_CRC/U12/Y (NOR3X2M)                   0.21       0.70 r
  U0_CRC/U11/Y (NAND3BX2M)                 0.11       0.81 f
  U0_CRC/U10/Y (NOR2BX2M)                  0.19       1.00 f
  U0_CRC/U4/Y (NOR2X2M)                    0.28       1.28 r
  U0_CRC/U3/Y (INVX2M)                     0.18       1.47 f
  U0_CRC/U13/Y (OAI22X1M)                  0.20       1.67 r
  U0_CRC/LFSR_reg[3]/D (DFFSX1M)           0.00       1.67 r
  data arrival time                                   1.67

  clock CLKA_DOMAIN (rise edge)           70.00      70.00
  clock network delay (ideal)              0.00      70.00
  clock uncertainty                       -0.20      69.80
  U0_CRC/LFSR_reg[3]/CK (DFFSX1M)          0.00      69.80 r
  library setup time                      -0.18      69.62
  data required time                                 69.62
  -----------------------------------------------------------
  data required time                                 69.62
  data arrival time                                  -1.67
  -----------------------------------------------------------
  slack (MET)                                        67.95


  Startpoint: U0_CRC/count_reg[2]
              (rising edge-triggered flip-flop clocked by CLKA_DOMAIN)
  Endpoint: U0_CRC/LFSR_reg[0]
            (rising edge-triggered flip-flop clocked by CLKA_DOMAIN)
  Path Group: CLKA_DOMAIN
  Path Type: max

  Point                                    Incr       Path
  -----------------------------------------------------------
  clock CLKA_DOMAIN (rise edge)            0.00       0.00
  clock network delay (ideal)              0.00       0.00
  U0_CRC/count_reg[2]/CK (DFFRQX2M)        0.00       0.00 r
  U0_CRC/count_reg[2]/Q (DFFRQX2M)         0.49       0.49 f
  U0_CRC/U12/Y (NOR3X2M)                   0.21       0.70 r
  U0_CRC/U11/Y (NAND3BX2M)                 0.11       0.81 f
  U0_CRC/U10/Y (NOR2BX2M)                  0.19       1.00 f
  U0_CRC/U4/Y (NOR2X2M)                    0.28       1.28 r
  U0_CRC/U17/Y (OAI2BB2X1M)                0.20       1.48 r
  U0_CRC/LFSR_reg[0]/D (DFFRQX2M)          0.00       1.48 r
  data arrival time                                   1.48

  clock CLKA_DOMAIN (rise edge)           70.00      70.00
  clock network delay (ideal)              0.00      70.00
  clock uncertainty                       -0.20      69.80
  U0_CRC/LFSR_reg[0]/CK (DFFRQX2M)         0.00      69.80 r
  library setup time                      -0.31      69.49
  data required time                                 69.49
  -----------------------------------------------------------
  data required time                                 69.49
  data arrival time                                  -1.48
  -----------------------------------------------------------
  slack (MET)                                        68.01


  Startpoint: U0_CRC/count_reg[2]
              (rising edge-triggered flip-flop clocked by CLKA_DOMAIN)
  Endpoint: U0_CRC/LFSR_reg[7]
            (rising edge-triggered flip-flop clocked by CLKA_DOMAIN)
  Path Group: CLKA_DOMAIN
  Path Type: max

  Point                                    Incr       Path
  -----------------------------------------------------------
  clock CLKA_DOMAIN (rise edge)            0.00       0.00
  clock network delay (ideal)              0.00       0.00
  U0_CRC/count_reg[2]/CK (DFFRQX2M)        0.00       0.00 r
  U0_CRC/count_reg[2]/Q (DFFRQX2M)         0.49       0.49 f
  U0_CRC/U12/Y (NOR3X2M)                   0.21       0.70 r
  U0_CRC/U11/Y (NAND3BX2M)                 0.11       0.81 f
  U0_CRC/U10/Y (NOR2BX2M)                  0.19       1.00 f
  U0_CRC/U4/Y (NOR2X2M)                    0.28       1.28 r
  U0_CRC/U3/Y (INVX2M)                     0.18       1.47 f
  U0_CRC/U5/Y (OAI21X2M)                   0.15       1.62 r
  U0_CRC/LFSR_reg[7]/D (DFFSX1M)           0.00       1.62 r
  data arrival time                                   1.62

  clock CLKA_DOMAIN (rise edge)           70.00      70.00
  clock network delay (ideal)              0.00      70.00
  clock uncertainty                       -0.20      69.80
  U0_CRC/LFSR_reg[7]/CK (DFFSX1M)          0.00      69.80 r
  library setup time                      -0.17      69.63
  data required time                                 69.63
  -----------------------------------------------------------
  data required time                                 69.63
  data arrival time                                  -1.62
  -----------------------------------------------------------
  slack (MET)                                        68.01


  Startpoint: U0_CRC/count_reg[0]
              (rising edge-triggered flip-flop clocked by CLKA_DOMAIN)
  Endpoint: U0_CRC/count_reg[4]
            (rising edge-triggered flip-flop clocked by CLKA_DOMAIN)
  Path Group: CLKA_DOMAIN
  Path Type: max

  Point                                    Incr       Path
  -----------------------------------------------------------
  clock CLKA_DOMAIN (rise edge)            0.00       0.00
  clock network delay (ideal)              0.00       0.00
  U0_CRC/count_reg[0]/CK (DFFRQX2M)        0.00       0.00 r
  U0_CRC/count_reg[0]/Q (DFFRQX2M)         0.50       0.50 f
  U0_CRC/U29/CO (ADDHX1M)                  0.20       0.69 f
  U0_CRC/U28/CO (ADDHX1M)                  0.19       0.89 f
  U0_CRC/U30/CO (ADDHX1M)                  0.20       1.09 f
  U0_CRC/U31/Y (CLKXOR2X2M)                0.18       1.27 r
  U0_CRC/U25/Y (AND2X2M)                   0.12       1.38 r
  U0_CRC/count_reg[4]/D (DFFRQX2M)         0.00       1.38 r
  data arrival time                                   1.38

  clock CLKA_DOMAIN (rise edge)           70.00      70.00
  clock network delay (ideal)              0.00      70.00
  clock uncertainty                       -0.20      69.80
  U0_CRC/count_reg[4]/CK (DFFRQX2M)        0.00      69.80 r
  library setup time                      -0.29      69.51
  data required time                                 69.51
  -----------------------------------------------------------
  data required time                                 69.51
  data arrival time                                  -1.38
  -----------------------------------------------------------
  slack (MET)                                        68.13


  Startpoint: U0_CRC/count_reg[2]
              (rising edge-triggered flip-flop clocked by CLKA_DOMAIN)
  Endpoint: U0_CRC/count_reg[3]
            (rising edge-triggered flip-flop clocked by CLKA_DOMAIN)
  Path Group: CLKA_DOMAIN
  Path Type: max

  Point                                    Incr       Path
  -----------------------------------------------------------
  clock CLKA_DOMAIN (rise edge)            0.00       0.00
  clock network delay (ideal)              0.00       0.00
  U0_CRC/count_reg[2]/CK (DFFRQX2M)        0.00       0.00 r
  U0_CRC/count_reg[2]/Q (DFFRQX2M)         0.49       0.49 f
  U0_CRC/U12/Y (NOR3X2M)                   0.21       0.70 r
  U0_CRC/U11/Y (NAND3BX2M)                 0.11       0.81 f
  U0_CRC/U10/Y (NOR2BX2M)                  0.19       1.00 f
  U0_CRC/U4/Y (NOR2X2M)                    0.28       1.28 r
  U0_CRC/U6/Y (AO21XLM)                    0.17       1.45 r
  U0_CRC/count_reg[3]/D (DFFSX1M)          0.00       1.45 r
  data arrival time                                   1.45

  clock CLKA_DOMAIN (rise edge)           70.00      70.00
  clock network delay (ideal)              0.00      70.00
  clock uncertainty                       -0.20      69.80
  U0_CRC/count_reg[3]/CK (DFFSX1M)         0.00      69.80 r
  library setup time                      -0.16      69.64
  data required time                                 69.64
  -----------------------------------------------------------
  data required time                                 69.64
  data arrival time                                  -1.45
  -----------------------------------------------------------
  slack (MET)                                        68.19


  Startpoint: U0_CRC/count_reg[2]
              (rising edge-triggered flip-flop clocked by CLKA_DOMAIN)
  Endpoint: U0_CRC/CRC_reg
            (rising edge-triggered flip-flop clocked by CLKA_DOMAIN)
  Path Group: CLKA_DOMAIN
  Path Type: max

  Point                                    Incr       Path
  -----------------------------------------------------------
  clock CLKA_DOMAIN (rise edge)            0.00       0.00
  clock network delay (ideal)              0.00       0.00
  U0_CRC/count_reg[2]/CK (DFFRQX2M)        0.00       0.00 r
  U0_CRC/count_reg[2]/Q (DFFRQX2M)         0.49       0.49 f
  U0_CRC/U12/Y (NOR3X2M)                   0.21       0.70 r
  U0_CRC/U11/Y (NAND3BX2M)                 0.11       0.81 f
  U0_CRC/U10/Y (NOR2BX2M)                  0.19       1.00 f
  U0_CRC/U24/Y (AO22X1M)                   0.32       1.32 f
  U0_CRC/CRC_reg/D (DFFRQX2M)              0.00       1.32 f
  data arrival time                                   1.32

  clock CLKA_DOMAIN (rise edge)           70.00      70.00
  clock network delay (ideal)              0.00      70.00
  clock uncertainty                       -0.20      69.80
  U0_CRC/CRC_reg/CK (DFFRQX2M)             0.00      69.80 r
  library setup time                      -0.15      69.65
  data required time                                 69.65
  -----------------------------------------------------------
  data required time                                 69.65
  data arrival time                                  -1.32
  -----------------------------------------------------------
  slack (MET)                                        68.33


  Startpoint: U0_CRC/count_reg[3]
              (rising edge-triggered flip-flop clocked by CLKA_DOMAIN)
  Endpoint: U0_CRC/count_reg[0]
            (rising edge-triggered flip-flop clocked by CLKA_DOMAIN)
  Path Group: CLKA_DOMAIN
  Path Type: max

  Point                                    Incr       Path
  -----------------------------------------------------------
  clock CLKA_DOMAIN (rise edge)            0.00       0.00
  clock network delay (ideal)              0.00       0.00
  U0_CRC/count_reg[3]/CK (DFFSX1M)         0.00       0.00 r
  U0_CRC/count_reg[3]/Q (DFFSX1M)          0.53       0.53 f
  U0_CRC/U11/Y (NAND3BX2M)                 0.09       0.62 r
  U0_CRC/U10/Y (NOR2BX2M)                  0.28       0.90 r
  U0_CRC/U26/Y (AND2X2M)                   0.16       1.07 r
  U0_CRC/count_reg[0]/D (DFFRQX2M)         0.00       1.07 r
  data arrival time                                   1.07

  clock CLKA_DOMAIN (rise edge)           70.00      70.00
  clock network delay (ideal)              0.00      70.00
  clock uncertainty                       -0.20      69.80
  U0_CRC/count_reg[0]/CK (DFFRQX2M)        0.00      69.80 r
  library setup time                      -0.29      69.51
  data required time                                 69.51
  -----------------------------------------------------------
  data required time                                 69.51
  data arrival time                                  -1.07
  -----------------------------------------------------------
  slack (MET)                                        68.44


  Startpoint: U0_CRC/count_reg[3]
              (rising edge-triggered flip-flop clocked by CLKA_DOMAIN)
  Endpoint: U0_CRC/count_reg[1]
            (rising edge-triggered flip-flop clocked by CLKA_DOMAIN)
  Path Group: CLKA_DOMAIN
  Path Type: max

  Point                                    Incr       Path
  -----------------------------------------------------------
  clock CLKA_DOMAIN (rise edge)            0.00       0.00
  clock network delay (ideal)              0.00       0.00
  U0_CRC/count_reg[3]/CK (DFFSX1M)         0.00       0.00 r
  U0_CRC/count_reg[3]/Q (DFFSX1M)          0.53       0.53 f
  U0_CRC/U11/Y (NAND3BX2M)                 0.09       0.62 r
  U0_CRC/U10/Y (NOR2BX2M)                  0.28       0.90 r
  U0_CRC/U9/Y (AND2X2M)                    0.16       1.07 r
  U0_CRC/count_reg[1]/D (DFFRQX2M)         0.00       1.07 r
  data arrival time                                   1.07

  clock CLKA_DOMAIN (rise edge)           70.00      70.00
  clock network delay (ideal)              0.00      70.00
  clock uncertainty                       -0.20      69.80
  U0_CRC/count_reg[1]/CK (DFFRQX2M)        0.00      69.80 r
  library setup time                      -0.29      69.51
  data required time                                 69.51
  -----------------------------------------------------------
  data required time                                 69.51
  data arrival time                                  -1.07
  -----------------------------------------------------------
  slack (MET)                                        68.44


  Startpoint: U0_CRC/count_reg[3]
              (rising edge-triggered flip-flop clocked by CLKA_DOMAIN)
  Endpoint: U0_CRC/count_reg[2]
            (rising edge-triggered flip-flop clocked by CLKA_DOMAIN)
  Path Group: CLKA_DOMAIN
  Path Type: max

  Point                                    Incr       Path
  -----------------------------------------------------------
  clock CLKA_DOMAIN (rise edge)            0.00       0.00
  clock network delay (ideal)              0.00       0.00
  U0_CRC/count_reg[3]/CK (DFFSX1M)         0.00       0.00 r
  U0_CRC/count_reg[3]/Q (DFFSX1M)          0.53       0.53 f
  U0_CRC/U11/Y (NAND3BX2M)                 0.09       0.62 r
  U0_CRC/U10/Y (NOR2BX2M)                  0.28       0.90 r
  U0_CRC/U8/Y (AND2X2M)                    0.16       1.07 r
  U0_CRC/count_reg[2]/D (DFFRQX2M)         0.00       1.07 r
  data arrival time                                   1.07

  clock CLKA_DOMAIN (rise edge)           70.00      70.00
  clock network delay (ideal)              0.00      70.00
  clock uncertainty                       -0.20      69.80
  U0_CRC/count_reg[2]/CK (DFFRQX2M)        0.00      69.80 r
  library setup time                      -0.29      69.51
  data required time                                 69.51
  -----------------------------------------------------------
  data required time                                 69.51
  data arrival time                                  -1.07
  -----------------------------------------------------------
  slack (MET)                                        68.44


  Startpoint: U0_CRC/Valid_reg
              (rising edge-triggered flip-flop clocked by CLKA_DOMAIN)
  Endpoint: U0_SER_2_PAR/PAR_DATA_reg[0]
            (rising edge-triggered flip-flop clocked by CLKA_DOMAIN)
  Path Group: CLKA_DOMAIN
  Path Type: max

  Point                                                   Incr       Path
  --------------------------------------------------------------------------
  clock CLKA_DOMAIN (rise edge)                           0.00       0.00
  clock network delay (ideal)                             0.00       0.00
  U0_CRC/Valid_reg/CK (DFFRQX2M)                          0.00       0.00 r
  U0_CRC/Valid_reg/Q (DFFRQX2M)                           0.46       0.46 f
  U0_CRC/Valid (CRC)                                      0.00       0.46 f
  U0_SER_2_PAR/SER_DATA_VLD (SER_2_PAR)                   0.00       0.46 f
  U0_SER_2_PAR/U11/Y (BUFX2M)                             0.20       0.66 f
  U0_SER_2_PAR/U9/Y (INVX2M)                              0.16       0.82 r
  U0_SER_2_PAR/U10/Y (OAI2BB2X1M)                         0.17       0.99 r
  U0_SER_2_PAR/PAR_DATA_reg[0]/D (DFFRQX2M)               0.00       0.99 r
  data arrival time                                                  0.99

  clock CLKA_DOMAIN (rise edge)                          70.00      70.00
  clock network delay (ideal)                             0.00      70.00
  clock uncertainty                                      -0.20      69.80
  U0_SER_2_PAR/PAR_DATA_reg[0]/CK (DFFRQX2M)              0.00      69.80 r
  library setup time                                     -0.31      69.49
  data required time                                                69.49
  --------------------------------------------------------------------------
  data required time                                                69.49
  data arrival time                                                 -0.99
  --------------------------------------------------------------------------
  slack (MET)                                                       68.51


  Startpoint: U0_CRC/count_reg[3]
              (rising edge-triggered flip-flop clocked by CLKA_DOMAIN)
  Endpoint: U0_CRC/Valid_reg
            (rising edge-triggered flip-flop clocked by CLKA_DOMAIN)
  Path Group: CLKA_DOMAIN
  Path Type: max

  Point                                    Incr       Path
  -----------------------------------------------------------
  clock CLKA_DOMAIN (rise edge)            0.00       0.00
  clock network delay (ideal)              0.00       0.00
  U0_CRC/count_reg[3]/CK (DFFSX1M)         0.00       0.00 r
  U0_CRC/count_reg[3]/Q (DFFSX1M)          0.53       0.53 f
  U0_CRC/U11/Y (NAND3BX2M)                 0.09       0.62 r
  U0_CRC/U10/Y (NOR2BX2M)                  0.28       0.90 r
  U0_CRC/Valid_reg/D (DFFRQX2M)            0.00       0.90 r
  data arrival time                                   0.90

  clock CLKA_DOMAIN (rise edge)           70.00      70.00
  clock network delay (ideal)              0.00      70.00
  clock uncertainty                       -0.20      69.80
  U0_CRC/Valid_reg/CK (DFFRQX2M)           0.00      69.80 r
  library setup time                      -0.34      69.46
  data required time                                 69.46
  -----------------------------------------------------------
  data required time                                 69.46
  data arrival time                                  -0.90
  -----------------------------------------------------------
  slack (MET)                                        68.56


  Startpoint: U0_CRC/Valid_reg
              (rising edge-triggered flip-flop clocked by CLKA_DOMAIN)
  Endpoint: U0_SER_2_PAR/PAR_DATA_reg[6]
            (rising edge-triggered flip-flop clocked by CLKA_DOMAIN)
  Path Group: CLKA_DOMAIN
  Path Type: max

  Point                                                   Incr       Path
  --------------------------------------------------------------------------
  clock CLKA_DOMAIN (rise edge)                           0.00       0.00
  clock network delay (ideal)                             0.00       0.00
  U0_CRC/Valid_reg/CK (DFFRQX2M)                          0.00       0.00 r
  U0_CRC/Valid_reg/Q (DFFRQX2M)                           0.46       0.46 f
  U0_CRC/Valid (CRC)                                      0.00       0.46 f
  U0_SER_2_PAR/SER_DATA_VLD (SER_2_PAR)                   0.00       0.46 f
  U0_SER_2_PAR/U11/Y (BUFX2M)                             0.20       0.66 f
  U0_SER_2_PAR/U8/Y (OAI22X1M)                            0.18       0.84 r
  U0_SER_2_PAR/PAR_DATA_reg[6]/D (DFFRQX2M)               0.00       0.84 r
  data arrival time                                                  0.84

  clock CLKA_DOMAIN (rise edge)                          70.00      70.00
  clock network delay (ideal)                             0.00      70.00
  clock uncertainty                                      -0.20      69.80
  U0_SER_2_PAR/PAR_DATA_reg[6]/CK (DFFRQX2M)              0.00      69.80 r
  library setup time                                     -0.32      69.48
  data required time                                                69.48
  --------------------------------------------------------------------------
  data required time                                                69.48
  data arrival time                                                 -0.84
  --------------------------------------------------------------------------
  slack (MET)                                                       68.64


  Startpoint: U0_CRC/Valid_reg
              (rising edge-triggered flip-flop clocked by CLKA_DOMAIN)
  Endpoint: U0_SER_2_PAR/PAR_DATA_reg[5]
            (rising edge-triggered flip-flop clocked by CLKA_DOMAIN)
  Path Group: CLKA_DOMAIN
  Path Type: max

  Point                                                   Incr       Path
  --------------------------------------------------------------------------
  clock CLKA_DOMAIN (rise edge)                           0.00       0.00
  clock network delay (ideal)                             0.00       0.00
  U0_CRC/Valid_reg/CK (DFFRQX2M)                          0.00       0.00 r
  U0_CRC/Valid_reg/Q (DFFRQX2M)                           0.46       0.46 f
  U0_CRC/Valid (CRC)                                      0.00       0.46 f
  U0_SER_2_PAR/SER_DATA_VLD (SER_2_PAR)                   0.00       0.46 f
  U0_SER_2_PAR/U11/Y (BUFX2M)                             0.20       0.66 f
  U0_SER_2_PAR/U7/Y (OAI22X1M)                            0.18       0.84 r
  U0_SER_2_PAR/PAR_DATA_reg[5]/D (DFFRQX2M)               0.00       0.84 r
  data arrival time                                                  0.84

  clock CLKA_DOMAIN (rise edge)                          70.00      70.00
  clock network delay (ideal)                             0.00      70.00
  clock uncertainty                                      -0.20      69.80
  U0_SER_2_PAR/PAR_DATA_reg[5]/CK (DFFRQX2M)              0.00      69.80 r
  library setup time                                     -0.32      69.48
  data required time                                                69.48
  --------------------------------------------------------------------------
  data required time                                                69.48
  data arrival time                                                 -0.84
  --------------------------------------------------------------------------
  slack (MET)                                                       68.64


  Startpoint: U0_CRC/Valid_reg
              (rising edge-triggered flip-flop clocked by CLKA_DOMAIN)
  Endpoint: U0_SER_2_PAR/PAR_DATA_reg[4]
            (rising edge-triggered flip-flop clocked by CLKA_DOMAIN)
  Path Group: CLKA_DOMAIN
  Path Type: max

  Point                                                   Incr       Path
  --------------------------------------------------------------------------
  clock CLKA_DOMAIN (rise edge)                           0.00       0.00
  clock network delay (ideal)                             0.00       0.00
  U0_CRC/Valid_reg/CK (DFFRQX2M)                          0.00       0.00 r
  U0_CRC/Valid_reg/Q (DFFRQX2M)                           0.46       0.46 f
  U0_CRC/Valid (CRC)                                      0.00       0.46 f
  U0_SER_2_PAR/SER_DATA_VLD (SER_2_PAR)                   0.00       0.46 f
  U0_SER_2_PAR/U11/Y (BUFX2M)                             0.20       0.66 f
  U0_SER_2_PAR/U6/Y (OAI22X1M)                            0.18       0.84 r
  U0_SER_2_PAR/PAR_DATA_reg[4]/D (DFFRQX2M)               0.00       0.84 r
  data arrival time                                                  0.84

  clock CLKA_DOMAIN (rise edge)                          70.00      70.00
  clock network delay (ideal)                             0.00      70.00
  clock uncertainty                                      -0.20      69.80
  U0_SER_2_PAR/PAR_DATA_reg[4]/CK (DFFRQX2M)              0.00      69.80 r
  library setup time                                     -0.32      69.48
  data required time                                                69.48
  --------------------------------------------------------------------------
  data required time                                                69.48
  data arrival time                                                 -0.84
  --------------------------------------------------------------------------
  slack (MET)                                                       68.64


  Startpoint: U0_CRC/Valid_reg
              (rising edge-triggered flip-flop clocked by CLKA_DOMAIN)
  Endpoint: U0_SER_2_PAR/PAR_DATA_reg[3]
            (rising edge-triggered flip-flop clocked by CLKA_DOMAIN)
  Path Group: CLKA_DOMAIN
  Path Type: max

  Point                                                   Incr       Path
  --------------------------------------------------------------------------
  clock CLKA_DOMAIN (rise edge)                           0.00       0.00
  clock network delay (ideal)                             0.00       0.00
  U0_CRC/Valid_reg/CK (DFFRQX2M)                          0.00       0.00 r
  U0_CRC/Valid_reg/Q (DFFRQX2M)                           0.46       0.46 f
  U0_CRC/Valid (CRC)                                      0.00       0.46 f
  U0_SER_2_PAR/SER_DATA_VLD (SER_2_PAR)                   0.00       0.46 f
  U0_SER_2_PAR/U11/Y (BUFX2M)                             0.20       0.66 f
  U0_SER_2_PAR/U5/Y (OAI22X1M)                            0.18       0.84 r
  U0_SER_2_PAR/PAR_DATA_reg[3]/D (DFFRQX2M)               0.00       0.84 r
  data arrival time                                                  0.84

  clock CLKA_DOMAIN (rise edge)                          70.00      70.00
  clock network delay (ideal)                             0.00      70.00
  clock uncertainty                                      -0.20      69.80
  U0_SER_2_PAR/PAR_DATA_reg[3]/CK (DFFRQX2M)              0.00      69.80 r
  library setup time                                     -0.32      69.48
  data required time                                                69.48
  --------------------------------------------------------------------------
  data required time                                                69.48
  data arrival time                                                 -0.84
  --------------------------------------------------------------------------
  slack (MET)                                                       68.64


  Startpoint: U0_CRC/Valid_reg
              (rising edge-triggered flip-flop clocked by CLKA_DOMAIN)
  Endpoint: U0_SER_2_PAR/PAR_DATA_reg[2]
            (rising edge-triggered flip-flop clocked by CLKA_DOMAIN)
  Path Group: CLKA_DOMAIN
  Path Type: max

  Point                                                   Incr       Path
  --------------------------------------------------------------------------
  clock CLKA_DOMAIN (rise edge)                           0.00       0.00
  clock network delay (ideal)                             0.00       0.00
  U0_CRC/Valid_reg/CK (DFFRQX2M)                          0.00       0.00 r
  U0_CRC/Valid_reg/Q (DFFRQX2M)                           0.46       0.46 f
  U0_CRC/Valid (CRC)                                      0.00       0.46 f
  U0_SER_2_PAR/SER_DATA_VLD (SER_2_PAR)                   0.00       0.46 f
  U0_SER_2_PAR/U11/Y (BUFX2M)                             0.20       0.66 f
  U0_SER_2_PAR/U4/Y (OAI22X1M)                            0.18       0.84 r
  U0_SER_2_PAR/PAR_DATA_reg[2]/D (DFFRQX2M)               0.00       0.84 r
  data arrival time                                                  0.84

  clock CLKA_DOMAIN (rise edge)                          70.00      70.00
  clock network delay (ideal)                             0.00      70.00
  clock uncertainty                                      -0.20      69.80
  U0_SER_2_PAR/PAR_DATA_reg[2]/CK (DFFRQX2M)              0.00      69.80 r
  library setup time                                     -0.32      69.48
  data required time                                                69.48
  --------------------------------------------------------------------------
  data required time                                                69.48
  data arrival time                                                 -0.84
  --------------------------------------------------------------------------
  slack (MET)                                                       68.64


  Startpoint: U0_CRC/Valid_reg
              (rising edge-triggered flip-flop clocked by CLKA_DOMAIN)
  Endpoint: U0_SER_2_PAR/PAR_DATA_reg[1]
            (rising edge-triggered flip-flop clocked by CLKA_DOMAIN)
  Path Group: CLKA_DOMAIN
  Path Type: max

  Point                                                   Incr       Path
  --------------------------------------------------------------------------
  clock CLKA_DOMAIN (rise edge)                           0.00       0.00
  clock network delay (ideal)                             0.00       0.00
  U0_CRC/Valid_reg/CK (DFFRQX2M)                          0.00       0.00 r
  U0_CRC/Valid_reg/Q (DFFRQX2M)                           0.46       0.46 f
  U0_CRC/Valid (CRC)                                      0.00       0.46 f
  U0_SER_2_PAR/SER_DATA_VLD (SER_2_PAR)                   0.00       0.46 f
  U0_SER_2_PAR/U11/Y (BUFX2M)                             0.20       0.66 f
  U0_SER_2_PAR/U3/Y (OAI22X1M)                            0.18       0.84 r
  U0_SER_2_PAR/PAR_DATA_reg[1]/D (DFFRQX2M)               0.00       0.84 r
  data arrival time                                                  0.84

  clock CLKA_DOMAIN (rise edge)                          70.00      70.00
  clock network delay (ideal)                             0.00      70.00
  clock uncertainty                                      -0.20      69.80
  U0_SER_2_PAR/PAR_DATA_reg[1]/CK (DFFRQX2M)              0.00      69.80 r
  library setup time                                     -0.32      69.48
  data required time                                                69.48
  --------------------------------------------------------------------------
  data required time                                                69.48
  data arrival time                                                 -0.84
  --------------------------------------------------------------------------
  slack (MET)                                                       68.64


  Startpoint: U0_CRC/Valid_reg
              (rising edge-triggered flip-flop clocked by CLKA_DOMAIN)
  Endpoint: U0_SER_2_PAR/PAR_DATA_VLD_reg
            (rising edge-triggered flip-flop clocked by CLKA_DOMAIN)
  Path Group: CLKA_DOMAIN
  Path Type: max

  Point                                                   Incr       Path
  --------------------------------------------------------------------------
  clock CLKA_DOMAIN (rise edge)                           0.00       0.00
  clock network delay (ideal)                             0.00       0.00
  U0_CRC/Valid_reg/CK (DFFRQX2M)                          0.00       0.00 r
  U0_CRC/Valid_reg/Q (DFFRQX2M)                           0.46       0.46 f
  U0_CRC/Valid (CRC)                                      0.00       0.46 f
  U0_SER_2_PAR/SER_DATA_VLD (SER_2_PAR)                   0.00       0.46 f
  U0_SER_2_PAR/U11/Y (BUFX2M)                             0.20       0.66 f
  U0_SER_2_PAR/U9/Y (INVX2M)                              0.16       0.82 r
  U0_SER_2_PAR/PAR_DATA_VLD_reg/D (DFFRQX2M)              0.00       0.82 r
  data arrival time                                                  0.82

  clock CLKA_DOMAIN (rise edge)                          70.00      70.00
  clock network delay (ideal)                             0.00      70.00
  clock uncertainty                                      -0.20      69.80
  U0_SER_2_PAR/PAR_DATA_VLD_reg/CK (DFFRQX2M)             0.00      69.80 r
  library setup time                                     -0.31      69.49
  data required time                                                69.49
  --------------------------------------------------------------------------
  data required time                                                69.49
  data arrival time                                                 -0.82
  --------------------------------------------------------------------------
  slack (MET)                                                       68.67


  Startpoint: U0_CRC/Valid_reg
              (rising edge-triggered flip-flop clocked by CLKA_DOMAIN)
  Endpoint: U0_SER_2_PAR/PAR_DATA_reg[7]
            (rising edge-triggered flip-flop clocked by CLKA_DOMAIN)
  Path Group: CLKA_DOMAIN
  Path Type: max

  Point                                                   Incr       Path
  --------------------------------------------------------------------------
  clock CLKA_DOMAIN (rise edge)                           0.00       0.00
  clock network delay (ideal)                             0.00       0.00
  U0_CRC/Valid_reg/CK (DFFRQX2M)                          0.00       0.00 r
  U0_CRC/Valid_reg/Q (DFFRQX2M)                           0.46       0.46 f
  U0_CRC/Valid (CRC)                                      0.00       0.46 f
  U0_SER_2_PAR/SER_DATA_VLD (SER_2_PAR)                   0.00       0.46 f
  U0_SER_2_PAR/U11/Y (BUFX2M)                             0.20       0.66 f
  U0_SER_2_PAR/U12/Y (OAI2BB2X1M)                         0.14       0.79 r
  U0_SER_2_PAR/PAR_DATA_reg[7]/D (DFFRQX2M)               0.00       0.79 r
  data arrival time                                                  0.79

  clock CLKA_DOMAIN (rise edge)                          70.00      70.00
  clock network delay (ideal)                             0.00      70.00
  clock uncertainty                                      -0.20      69.80
  U0_SER_2_PAR/PAR_DATA_reg[7]/CK (DFFRQX2M)              0.00      69.80 r
  library setup time                                     -0.31      69.49
  data required time                                                69.49
  --------------------------------------------------------------------------
  data required time                                                69.49
  data arrival time                                                 -0.79
  --------------------------------------------------------------------------
  slack (MET)                                                       68.70


  Startpoint: U0_RST_SYNC/sync_reg_reg[0]/CK
              (internal path startpoint clocked by CLKA_DOMAIN)
  Endpoint: U0_RST_SYNC/sync_reg_reg[1]
            (rising edge-triggered flip-flop clocked by CLKA_DOMAIN)
  Path Group: CLKA_DOMAIN
  Path Type: max

  Point                                                   Incr       Path
  --------------------------------------------------------------------------
  clock CLKA_DOMAIN (rise edge)                           0.00       0.00
  clock network delay (ideal)                             0.00       0.00
  input external delay                                    0.00       0.00 r
  U0_RST_SYNC/sync_reg_reg[0]/CK (DFFRQX2M)               0.00       0.00 r
  U0_RST_SYNC/sync_reg_reg[0]/Q (DFFRQX2M)                0.36       0.36 r
  U0_RST_SYNC/sync_reg_reg[1]/D (DFFRQX2M)                0.00       0.36 r
  data arrival time                                                  0.36

  clock CLKA_DOMAIN (rise edge)                          70.00      70.00
  clock network delay (ideal)                             0.00      70.00
  clock uncertainty                                      -0.20      69.80
  U0_RST_SYNC/sync_reg_reg[1]/CK (DFFRQX2M)               0.00      69.80 r
  library setup time                                     -0.29      69.51
  data required time                                                69.51
  --------------------------------------------------------------------------
  data required time                                                69.51
  data arrival time                                                 -0.36
  --------------------------------------------------------------------------
  slack (MET)                                                       69.15


  Startpoint: U1_RST_SYNC/sync_reg_reg[1]
              (rising edge-triggered flip-flop clocked by CLKB_DOMAIN)
  Endpoint: U0_RegFile/RdData_reg[7]
            (rising edge-triggered flip-flop clocked by CLKB_DOMAIN)
  Path Group: CLKB_DOMAIN
  Path Type: max

  Point                                                   Incr       Path
  --------------------------------------------------------------------------
  clock CLKB_DOMAIN (rise edge)                           0.00       0.00
  clock network delay (ideal)                             0.00       0.00
  U1_RST_SYNC/sync_reg_reg[1]/CK (DFFRQX2M)               0.00       0.00 r
  U1_RST_SYNC/sync_reg_reg[1]/Q (DFFRQX2M)                0.38       0.38 r
  U1_RST_SYNC/SYNC_RST (RST_SYNC_1)                       0.00       0.38 r
  U2/Y (INVX2M)                                           0.04       0.42 f
  U1/Y (INVX2M)                                           0.83       1.25 r
  U0_RegFile/RST (RegFile)                                0.00       1.25 r
  U0_RegFile/U54/Y (INVX2M)                               0.11       1.35 f
  U0_RegFile/U53/Y (INVX2M)                               0.59       1.94 r
  U0_RegFile/U30/Y (INVX2M)                               0.10       2.04 f
  U0_RegFile/U19/Y (BUFX2M)                               0.17       2.22 f
  U0_RegFile/U43/Y (NOR2X2M)                              0.35       2.57 r
  U0_RegFile/RdData_reg[7]/E (EDFFHQX8M)                  0.00       2.57 r
  data arrival time                                                  2.57

  clock CLKB_DOMAIN (rise edge)                          20.00      20.00
  clock network delay (ideal)                             0.00      20.00
  clock uncertainty                                      -0.20      19.80
  U0_RegFile/RdData_reg[7]/CK (EDFFHQX8M)                 0.00      19.80 r
  library setup time                                     -0.37      19.43
  data required time                                                19.43
  --------------------------------------------------------------------------
  data required time                                                19.43
  data arrival time                                                 -2.57
  --------------------------------------------------------------------------
  slack (MET)                                                       16.86


  Startpoint: U1_RST_SYNC/sync_reg_reg[1]
              (rising edge-triggered flip-flop clocked by CLKB_DOMAIN)
  Endpoint: U0_RegFile/RdData_reg[6]
            (rising edge-triggered flip-flop clocked by CLKB_DOMAIN)
  Path Group: CLKB_DOMAIN
  Path Type: max

  Point                                                   Incr       Path
  --------------------------------------------------------------------------
  clock CLKB_DOMAIN (rise edge)                           0.00       0.00
  clock network delay (ideal)                             0.00       0.00
  U1_RST_SYNC/sync_reg_reg[1]/CK (DFFRQX2M)               0.00       0.00 r
  U1_RST_SYNC/sync_reg_reg[1]/Q (DFFRQX2M)                0.38       0.38 r
  U1_RST_SYNC/SYNC_RST (RST_SYNC_1)                       0.00       0.38 r
  U2/Y (INVX2M)                                           0.04       0.42 f
  U1/Y (INVX2M)                                           0.83       1.25 r
  U0_RegFile/RST (RegFile)                                0.00       1.25 r
  U0_RegFile/U54/Y (INVX2M)                               0.11       1.35 f
  U0_RegFile/U53/Y (INVX2M)                               0.59       1.94 r
  U0_RegFile/U30/Y (INVX2M)                               0.10       2.04 f
  U0_RegFile/U19/Y (BUFX2M)                               0.17       2.22 f
  U0_RegFile/U43/Y (NOR2X2M)                              0.35       2.57 r
  U0_RegFile/RdData_reg[6]/E (EDFFHQX8M)                  0.00       2.57 r
  data arrival time                                                  2.57

  clock CLKB_DOMAIN (rise edge)                          20.00      20.00
  clock network delay (ideal)                             0.00      20.00
  clock uncertainty                                      -0.20      19.80
  U0_RegFile/RdData_reg[6]/CK (EDFFHQX8M)                 0.00      19.80 r
  library setup time                                     -0.37      19.43
  data required time                                                19.43
  --------------------------------------------------------------------------
  data required time                                                19.43
  data arrival time                                                 -2.57
  --------------------------------------------------------------------------
  slack (MET)                                                       16.86


  Startpoint: U1_RST_SYNC/sync_reg_reg[1]
              (rising edge-triggered flip-flop clocked by CLKB_DOMAIN)
  Endpoint: U0_RegFile/RdData_reg[2]
            (rising edge-triggered flip-flop clocked by CLKB_DOMAIN)
  Path Group: CLKB_DOMAIN
  Path Type: max

  Point                                                   Incr       Path
  --------------------------------------------------------------------------
  clock CLKB_DOMAIN (rise edge)                           0.00       0.00
  clock network delay (ideal)                             0.00       0.00
  U1_RST_SYNC/sync_reg_reg[1]/CK (DFFRQX2M)               0.00       0.00 r
  U1_RST_SYNC/sync_reg_reg[1]/Q (DFFRQX2M)                0.38       0.38 r
  U1_RST_SYNC/SYNC_RST (RST_SYNC_1)                       0.00       0.38 r
  U2/Y (INVX2M)                                           0.04       0.42 f
  U1/Y (INVX2M)                                           0.83       1.25 r
  U0_RegFile/RST (RegFile)                                0.00       1.25 r
  U0_RegFile/U54/Y (INVX2M)                               0.11       1.35 f
  U0_RegFile/U53/Y (INVX2M)                               0.59       1.94 r
  U0_RegFile/U30/Y (INVX2M)                               0.10       2.04 f
  U0_RegFile/U19/Y (BUFX2M)                               0.17       2.22 f
  U0_RegFile/U43/Y (NOR2X2M)                              0.35       2.57 r
  U0_RegFile/RdData_reg[2]/E (EDFFHQX8M)                  0.00       2.57 r
  data arrival time                                                  2.57

  clock CLKB_DOMAIN (rise edge)                          20.00      20.00
  clock network delay (ideal)                             0.00      20.00
  clock uncertainty                                      -0.20      19.80
  U0_RegFile/RdData_reg[2]/CK (EDFFHQX8M)                 0.00      19.80 r
  library setup time                                     -0.37      19.43
  data required time                                                19.43
  --------------------------------------------------------------------------
  data required time                                                19.43
  data arrival time                                                 -2.57
  --------------------------------------------------------------------------
  slack (MET)                                                       16.86


  Startpoint: U1_RST_SYNC/sync_reg_reg[1]
              (rising edge-triggered flip-flop clocked by CLKB_DOMAIN)
  Endpoint: U0_RegFile/RdData_reg[1]
            (rising edge-triggered flip-flop clocked by CLKB_DOMAIN)
  Path Group: CLKB_DOMAIN
  Path Type: max

  Point                                                   Incr       Path
  --------------------------------------------------------------------------
  clock CLKB_DOMAIN (rise edge)                           0.00       0.00
  clock network delay (ideal)                             0.00       0.00
  U1_RST_SYNC/sync_reg_reg[1]/CK (DFFRQX2M)               0.00       0.00 r
  U1_RST_SYNC/sync_reg_reg[1]/Q (DFFRQX2M)                0.38       0.38 r
  U1_RST_SYNC/SYNC_RST (RST_SYNC_1)                       0.00       0.38 r
  U2/Y (INVX2M)                                           0.04       0.42 f
  U1/Y (INVX2M)                                           0.83       1.25 r
  U0_RegFile/RST (RegFile)                                0.00       1.25 r
  U0_RegFile/U54/Y (INVX2M)                               0.11       1.35 f
  U0_RegFile/U53/Y (INVX2M)                               0.59       1.94 r
  U0_RegFile/U30/Y (INVX2M)                               0.10       2.04 f
  U0_RegFile/U19/Y (BUFX2M)                               0.17       2.22 f
  U0_RegFile/U43/Y (NOR2X2M)                              0.35       2.57 r
  U0_RegFile/RdData_reg[1]/E (EDFFHQX8M)                  0.00       2.57 r
  data arrival time                                                  2.57

  clock CLKB_DOMAIN (rise edge)                          20.00      20.00
  clock network delay (ideal)                             0.00      20.00
  clock uncertainty                                      -0.20      19.80
  U0_RegFile/RdData_reg[1]/CK (EDFFHQX8M)                 0.00      19.80 r
  library setup time                                     -0.37      19.43
  data required time                                                19.43
  --------------------------------------------------------------------------
  data required time                                                19.43
  data arrival time                                                 -2.57
  --------------------------------------------------------------------------
  slack (MET)                                                       16.86


  Startpoint: U1_RST_SYNC/sync_reg_reg[1]
              (rising edge-triggered flip-flop clocked by CLKB_DOMAIN)
  Endpoint: U0_RegFile/RdData_reg[0]
            (rising edge-triggered flip-flop clocked by CLKB_DOMAIN)
  Path Group: CLKB_DOMAIN
  Path Type: max

  Point                                                   Incr       Path
  --------------------------------------------------------------------------
  clock CLKB_DOMAIN (rise edge)                           0.00       0.00
  clock network delay (ideal)                             0.00       0.00
  U1_RST_SYNC/sync_reg_reg[1]/CK (DFFRQX2M)               0.00       0.00 r
  U1_RST_SYNC/sync_reg_reg[1]/Q (DFFRQX2M)                0.38       0.38 r
  U1_RST_SYNC/SYNC_RST (RST_SYNC_1)                       0.00       0.38 r
  U2/Y (INVX2M)                                           0.04       0.42 f
  U1/Y (INVX2M)                                           0.83       1.25 r
  U0_RegFile/RST (RegFile)                                0.00       1.25 r
  U0_RegFile/U54/Y (INVX2M)                               0.11       1.35 f
  U0_RegFile/U53/Y (INVX2M)                               0.59       1.94 r
  U0_RegFile/U30/Y (INVX2M)                               0.10       2.04 f
  U0_RegFile/U19/Y (BUFX2M)                               0.17       2.22 f
  U0_RegFile/U43/Y (NOR2X2M)                              0.35       2.57 r
  U0_RegFile/RdData_reg[0]/E (EDFFHQX8M)                  0.00       2.57 r
  data arrival time                                                  2.57

  clock CLKB_DOMAIN (rise edge)                          20.00      20.00
  clock network delay (ideal)                             0.00      20.00
  clock uncertainty                                      -0.20      19.80
  U0_RegFile/RdData_reg[0]/CK (EDFFHQX8M)                 0.00      19.80 r
  library setup time                                     -0.37      19.43
  data required time                                                19.43
  --------------------------------------------------------------------------
  data required time                                                19.43
  data arrival time                                                 -2.57
  --------------------------------------------------------------------------
  slack (MET)                                                       16.86


  Startpoint: U1_RST_SYNC/sync_reg_reg[1]
              (rising edge-triggered flip-flop clocked by CLKB_DOMAIN)
  Endpoint: U0_RegFile/RdData_reg[5]
            (rising edge-triggered flip-flop clocked by CLKB_DOMAIN)
  Path Group: CLKB_DOMAIN
  Path Type: max

  Point                                                   Incr       Path
  --------------------------------------------------------------------------
  clock CLKB_DOMAIN (rise edge)                           0.00       0.00
  clock network delay (ideal)                             0.00       0.00
  U1_RST_SYNC/sync_reg_reg[1]/CK (DFFRQX2M)               0.00       0.00 r
  U1_RST_SYNC/sync_reg_reg[1]/Q (DFFRQX2M)                0.38       0.38 r
  U1_RST_SYNC/SYNC_RST (RST_SYNC_1)                       0.00       0.38 r
  U2/Y (INVX2M)                                           0.04       0.42 f
  U1/Y (INVX2M)                                           0.83       1.25 r
  U0_RegFile/RST (RegFile)                                0.00       1.25 r
  U0_RegFile/U54/Y (INVX2M)                               0.11       1.35 f
  U0_RegFile/U53/Y (INVX2M)                               0.59       1.94 r
  U0_RegFile/U30/Y (INVX2M)                               0.10       2.04 f
  U0_RegFile/U19/Y (BUFX2M)                               0.17       2.22 f
  U0_RegFile/U43/Y (NOR2X2M)                              0.35       2.57 r
  U0_RegFile/RdData_reg[5]/E (EDFFHQX8M)                  0.00       2.57 r
  data arrival time                                                  2.57

  clock CLKB_DOMAIN (rise edge)                          20.00      20.00
  clock network delay (ideal)                             0.00      20.00
  clock uncertainty                                      -0.20      19.80
  U0_RegFile/RdData_reg[5]/CK (EDFFHQX8M)                 0.00      19.80 r
  library setup time                                     -0.37      19.43
  data required time                                                19.43
  --------------------------------------------------------------------------
  data required time                                                19.43
  data arrival time                                                 -2.57
  --------------------------------------------------------------------------
  slack (MET)                                                       16.86


  Startpoint: U1_RST_SYNC/sync_reg_reg[1]
              (rising edge-triggered flip-flop clocked by CLKB_DOMAIN)
  Endpoint: U0_RegFile/RdData_reg[4]
            (rising edge-triggered flip-flop clocked by CLKB_DOMAIN)
  Path Group: CLKB_DOMAIN
  Path Type: max

  Point                                                   Incr       Path
  --------------------------------------------------------------------------
  clock CLKB_DOMAIN (rise edge)                           0.00       0.00
  clock network delay (ideal)                             0.00       0.00
  U1_RST_SYNC/sync_reg_reg[1]/CK (DFFRQX2M)               0.00       0.00 r
  U1_RST_SYNC/sync_reg_reg[1]/Q (DFFRQX2M)                0.38       0.38 r
  U1_RST_SYNC/SYNC_RST (RST_SYNC_1)                       0.00       0.38 r
  U2/Y (INVX2M)                                           0.04       0.42 f
  U1/Y (INVX2M)                                           0.83       1.25 r
  U0_RegFile/RST (RegFile)                                0.00       1.25 r
  U0_RegFile/U54/Y (INVX2M)                               0.11       1.35 f
  U0_RegFile/U53/Y (INVX2M)                               0.59       1.94 r
  U0_RegFile/U30/Y (INVX2M)                               0.10       2.04 f
  U0_RegFile/U19/Y (BUFX2M)                               0.17       2.22 f
  U0_RegFile/U43/Y (NOR2X2M)                              0.35       2.57 r
  U0_RegFile/RdData_reg[4]/E (EDFFHQX8M)                  0.00       2.57 r
  data arrival time                                                  2.57

  clock CLKB_DOMAIN (rise edge)                          20.00      20.00
  clock network delay (ideal)                             0.00      20.00
  clock uncertainty                                      -0.20      19.80
  U0_RegFile/RdData_reg[4]/CK (EDFFHQX8M)                 0.00      19.80 r
  library setup time                                     -0.37      19.43
  data required time                                                19.43
  --------------------------------------------------------------------------
  data required time                                                19.43
  data arrival time                                                 -2.57
  --------------------------------------------------------------------------
  slack (MET)                                                       16.86


  Startpoint: U1_RST_SYNC/sync_reg_reg[1]
              (rising edge-triggered flip-flop clocked by CLKB_DOMAIN)
  Endpoint: U0_RegFile/RdData_reg[3]
            (rising edge-triggered flip-flop clocked by CLKB_DOMAIN)
  Path Group: CLKB_DOMAIN
  Path Type: max

  Point                                                   Incr       Path
  --------------------------------------------------------------------------
  clock CLKB_DOMAIN (rise edge)                           0.00       0.00
  clock network delay (ideal)                             0.00       0.00
  U1_RST_SYNC/sync_reg_reg[1]/CK (DFFRQX2M)               0.00       0.00 r
  U1_RST_SYNC/sync_reg_reg[1]/Q (DFFRQX2M)                0.38       0.38 r
  U1_RST_SYNC/SYNC_RST (RST_SYNC_1)                       0.00       0.38 r
  U2/Y (INVX2M)                                           0.04       0.42 f
  U1/Y (INVX2M)                                           0.83       1.25 r
  U0_RegFile/RST (RegFile)                                0.00       1.25 r
  U0_RegFile/U54/Y (INVX2M)                               0.11       1.35 f
  U0_RegFile/U53/Y (INVX2M)                               0.59       1.94 r
  U0_RegFile/U30/Y (INVX2M)                               0.10       2.04 f
  U0_RegFile/U19/Y (BUFX2M)                               0.17       2.22 f
  U0_RegFile/U43/Y (NOR2X2M)                              0.35       2.57 r
  U0_RegFile/RdData_reg[3]/E (EDFFHQX8M)                  0.00       2.57 r
  data arrival time                                                  2.57

  clock CLKB_DOMAIN (rise edge)                          20.00      20.00
  clock network delay (ideal)                             0.00      20.00
  clock uncertainty                                      -0.20      19.80
  U0_RegFile/RdData_reg[3]/CK (EDFFHQX8M)                 0.00      19.80 r
  library setup time                                     -0.37      19.43
  data required time                                                19.43
  --------------------------------------------------------------------------
  data required time                                                19.43
  data arrival time                                                 -2.57
  --------------------------------------------------------------------------
  slack (MET)                                                       16.86


  Startpoint: U0_RegFile/RD_ADDR_reg[0]
              (rising edge-triggered flip-flop clocked by CLKB_DOMAIN)
  Endpoint: U0_RegFile/RdData_reg[7]
            (rising edge-triggered flip-flop clocked by CLKB_DOMAIN)
  Path Group: CLKB_DOMAIN
  Path Type: max

  Point                                                   Incr       Path
  --------------------------------------------------------------------------
  clock CLKB_DOMAIN (rise edge)                           0.00       0.00
  clock network delay (ideal)                             0.00       0.00
  U0_RegFile/RD_ADDR_reg[0]/CK (DFFRQX2M)                 0.00       0.00 r
  U0_RegFile/RD_ADDR_reg[0]/Q (DFFRQX2M)                  0.52       0.52 f
  U0_RegFile/U199/Y (INVX2M)                              0.08       0.60 r
  U0_RegFile/U48/Y (OR2X2M)                               0.12       0.72 r
  U0_RegFile/U29/Y (INVX2M)                               0.22       0.93 f
  U0_RegFile/U312/Y (AOI22X1M)                            0.25       1.18 r
  U0_RegFile/U314/Y (AOI21X1M)                            0.11       1.29 f
  U0_RegFile/U315/Y (OR4X1M)                              0.48       1.77 f
  U0_RegFile/RdData_reg[7]/D (EDFFHQX8M)                  0.00       1.77 f
  data arrival time                                                  1.77

  clock CLKB_DOMAIN (rise edge)                          20.00      20.00
  clock network delay (ideal)                             0.00      20.00
  clock uncertainty                                      -0.20      19.80
  U0_RegFile/RdData_reg[7]/CK (EDFFHQX8M)                 0.00      19.80 r
  library setup time                                     -0.31      19.49
  data required time                                                19.49
  --------------------------------------------------------------------------
  data required time                                                19.49
  data arrival time                                                 -1.77
  --------------------------------------------------------------------------
  slack (MET)                                                       17.72


  Startpoint: U0_RegFile/RD_ADDR_reg[0]
              (rising edge-triggered flip-flop clocked by CLKB_DOMAIN)
  Endpoint: U0_RegFile/RdData_reg[6]
            (rising edge-triggered flip-flop clocked by CLKB_DOMAIN)
  Path Group: CLKB_DOMAIN
  Path Type: max

  Point                                                   Incr       Path
  --------------------------------------------------------------------------
  clock CLKB_DOMAIN (rise edge)                           0.00       0.00
  clock network delay (ideal)                             0.00       0.00
  U0_RegFile/RD_ADDR_reg[0]/CK (DFFRQX2M)                 0.00       0.00 r
  U0_RegFile/RD_ADDR_reg[0]/Q (DFFRQX2M)                  0.52       0.52 f
  U0_RegFile/U199/Y (INVX2M)                              0.08       0.60 r
  U0_RegFile/U48/Y (OR2X2M)                               0.12       0.72 r
  U0_RegFile/U29/Y (INVX2M)                               0.22       0.93 f
  U0_RegFile/U299/Y (AOI22X1M)                            0.25       1.18 r
  U0_RegFile/U301/Y (AOI21X1M)                            0.11       1.29 f
  U0_RegFile/U302/Y (OR4X1M)                              0.48       1.77 f
  U0_RegFile/RdData_reg[6]/D (EDFFHQX8M)                  0.00       1.77 f
  data arrival time                                                  1.77

  clock CLKB_DOMAIN (rise edge)                          20.00      20.00
  clock network delay (ideal)                             0.00      20.00
  clock uncertainty                                      -0.20      19.80
  U0_RegFile/RdData_reg[6]/CK (EDFFHQX8M)                 0.00      19.80 r
  library setup time                                     -0.31      19.49
  data required time                                                19.49
  --------------------------------------------------------------------------
  data required time                                                19.49
  data arrival time                                                 -1.77
  --------------------------------------------------------------------------
  slack (MET)                                                       17.72


  Startpoint: U0_RegFile/RD_ADDR_reg[0]
              (rising edge-triggered flip-flop clocked by CLKB_DOMAIN)
  Endpoint: U0_RegFile/RdData_reg[2]
            (rising edge-triggered flip-flop clocked by CLKB_DOMAIN)
  Path Group: CLKB_DOMAIN
  Path Type: max

  Point                                                   Incr       Path
  --------------------------------------------------------------------------
  clock CLKB_DOMAIN (rise edge)                           0.00       0.00
  clock network delay (ideal)                             0.00       0.00
  U0_RegFile/RD_ADDR_reg[0]/CK (DFFRQX2M)                 0.00       0.00 r
  U0_RegFile/RD_ADDR_reg[0]/Q (DFFRQX2M)                  0.52       0.52 f
  U0_RegFile/U199/Y (INVX2M)                              0.08       0.60 r
  U0_RegFile/U48/Y (OR2X2M)                               0.12       0.72 r
  U0_RegFile/U29/Y (INVX2M)                               0.22       0.93 f
  U0_RegFile/U247/Y (AOI22X1M)                            0.25       1.18 r
  U0_RegFile/U249/Y (AOI21X1M)                            0.11       1.29 f
  U0_RegFile/U250/Y (OR4X1M)                              0.48       1.77 f
  U0_RegFile/RdData_reg[2]/D (EDFFHQX8M)                  0.00       1.77 f
  data arrival time                                                  1.77

  clock CLKB_DOMAIN (rise edge)                          20.00      20.00
  clock network delay (ideal)                             0.00      20.00
  clock uncertainty                                      -0.20      19.80
  U0_RegFile/RdData_reg[2]/CK (EDFFHQX8M)                 0.00      19.80 r
  library setup time                                     -0.31      19.49
  data required time                                                19.49
  --------------------------------------------------------------------------
  data required time                                                19.49
  data arrival time                                                 -1.77
  --------------------------------------------------------------------------
  slack (MET)                                                       17.72


  Startpoint: U0_RegFile/RD_ADDR_reg[0]
              (rising edge-triggered flip-flop clocked by CLKB_DOMAIN)
  Endpoint: U0_RegFile/RdData_reg[1]
            (rising edge-triggered flip-flop clocked by CLKB_DOMAIN)
  Path Group: CLKB_DOMAIN
  Path Type: max

  Point                                                   Incr       Path
  --------------------------------------------------------------------------
  clock CLKB_DOMAIN (rise edge)                           0.00       0.00
  clock network delay (ideal)                             0.00       0.00
  U0_RegFile/RD_ADDR_reg[0]/CK (DFFRQX2M)                 0.00       0.00 r
  U0_RegFile/RD_ADDR_reg[0]/Q (DFFRQX2M)                  0.52       0.52 f
  U0_RegFile/U199/Y (INVX2M)                              0.08       0.60 r
  U0_RegFile/U48/Y (OR2X2M)                               0.12       0.72 r
  U0_RegFile/U29/Y (INVX2M)                               0.22       0.93 f
  U0_RegFile/U234/Y (AOI22X1M)                            0.25       1.18 r
  U0_RegFile/U236/Y (AOI21X1M)                            0.11       1.29 f
  U0_RegFile/U237/Y (OR4X1M)                              0.48       1.77 f
  U0_RegFile/RdData_reg[1]/D (EDFFHQX8M)                  0.00       1.77 f
  data arrival time                                                  1.77

  clock CLKB_DOMAIN (rise edge)                          20.00      20.00
  clock network delay (ideal)                             0.00      20.00
  clock uncertainty                                      -0.20      19.80
  U0_RegFile/RdData_reg[1]/CK (EDFFHQX8M)                 0.00      19.80 r
  library setup time                                     -0.31      19.49
  data required time                                                19.49
  --------------------------------------------------------------------------
  data required time                                                19.49
  data arrival time                                                 -1.77
  --------------------------------------------------------------------------
  slack (MET)                                                       17.72


  Startpoint: U0_RegFile/RD_ADDR_reg[0]
              (rising edge-triggered flip-flop clocked by CLKB_DOMAIN)
  Endpoint: U0_RegFile/RdData_reg[0]
            (rising edge-triggered flip-flop clocked by CLKB_DOMAIN)
  Path Group: CLKB_DOMAIN
  Path Type: max

  Point                                                   Incr       Path
  --------------------------------------------------------------------------
  clock CLKB_DOMAIN (rise edge)                           0.00       0.00
  clock network delay (ideal)                             0.00       0.00
  U0_RegFile/RD_ADDR_reg[0]/CK (DFFRQX2M)                 0.00       0.00 r
  U0_RegFile/RD_ADDR_reg[0]/Q (DFFRQX2M)                  0.52       0.52 f
  U0_RegFile/U199/Y (INVX2M)                              0.08       0.60 r
  U0_RegFile/U48/Y (OR2X2M)                               0.12       0.72 r
  U0_RegFile/U29/Y (INVX2M)                               0.22       0.93 f
  U0_RegFile/U220/Y (AOI22X1M)                            0.25       1.18 r
  U0_RegFile/U223/Y (AOI21X1M)                            0.11       1.29 f
  U0_RegFile/U224/Y (OR4X1M)                              0.48       1.77 f
  U0_RegFile/RdData_reg[0]/D (EDFFHQX8M)                  0.00       1.77 f
  data arrival time                                                  1.77

  clock CLKB_DOMAIN (rise edge)                          20.00      20.00
  clock network delay (ideal)                             0.00      20.00
  clock uncertainty                                      -0.20      19.80
  U0_RegFile/RdData_reg[0]/CK (EDFFHQX8M)                 0.00      19.80 r
  library setup time                                     -0.31      19.49
  data required time                                                19.49
  --------------------------------------------------------------------------
  data required time                                                19.49
  data arrival time                                                 -1.77
  --------------------------------------------------------------------------
  slack (MET)                                                       17.72


  Startpoint: U0_RegFile/RD_ADDR_reg[0]
              (rising edge-triggered flip-flop clocked by CLKB_DOMAIN)
  Endpoint: U0_RegFile/RdData_reg[5]
            (rising edge-triggered flip-flop clocked by CLKB_DOMAIN)
  Path Group: CLKB_DOMAIN
  Path Type: max

  Point                                                   Incr       Path
  --------------------------------------------------------------------------
  clock CLKB_DOMAIN (rise edge)                           0.00       0.00
  clock network delay (ideal)                             0.00       0.00
  U0_RegFile/RD_ADDR_reg[0]/CK (DFFRQX2M)                 0.00       0.00 r
  U0_RegFile/RD_ADDR_reg[0]/Q (DFFRQX2M)                  0.52       0.52 f
  U0_RegFile/U199/Y (INVX2M)                              0.08       0.60 r
  U0_RegFile/U48/Y (OR2X2M)                               0.12       0.72 r
  U0_RegFile/U29/Y (INVX2M)                               0.22       0.93 f
  U0_RegFile/U286/Y (AOI22X1M)                            0.25       1.18 r
  U0_RegFile/U288/Y (AOI21X1M)                            0.11       1.29 f
  U0_RegFile/U289/Y (OR4X1M)                              0.48       1.77 f
  U0_RegFile/RdData_reg[5]/D (EDFFHQX8M)                  0.00       1.77 f
  data arrival time                                                  1.77

  clock CLKB_DOMAIN (rise edge)                          20.00      20.00
  clock network delay (ideal)                             0.00      20.00
  clock uncertainty                                      -0.20      19.80
  U0_RegFile/RdData_reg[5]/CK (EDFFHQX8M)                 0.00      19.80 r
  library setup time                                     -0.31      19.49
  data required time                                                19.49
  --------------------------------------------------------------------------
  data required time                                                19.49
  data arrival time                                                 -1.77
  --------------------------------------------------------------------------
  slack (MET)                                                       17.72


  Startpoint: U0_RegFile/RD_ADDR_reg[0]
              (rising edge-triggered flip-flop clocked by CLKB_DOMAIN)
  Endpoint: U0_RegFile/RdData_reg[4]
            (rising edge-triggered flip-flop clocked by CLKB_DOMAIN)
  Path Group: CLKB_DOMAIN
  Path Type: max

  Point                                                   Incr       Path
  --------------------------------------------------------------------------
  clock CLKB_DOMAIN (rise edge)                           0.00       0.00
  clock network delay (ideal)                             0.00       0.00
  U0_RegFile/RD_ADDR_reg[0]/CK (DFFRQX2M)                 0.00       0.00 r
  U0_RegFile/RD_ADDR_reg[0]/Q (DFFRQX2M)                  0.52       0.52 f
  U0_RegFile/U199/Y (INVX2M)                              0.08       0.60 r
  U0_RegFile/U48/Y (OR2X2M)                               0.12       0.72 r
  U0_RegFile/U29/Y (INVX2M)                               0.22       0.93 f
  U0_RegFile/U273/Y (AOI22X1M)                            0.25       1.18 r
  U0_RegFile/U275/Y (AOI21X1M)                            0.11       1.29 f
  U0_RegFile/U276/Y (OR4X1M)                              0.48       1.77 f
  U0_RegFile/RdData_reg[4]/D (EDFFHQX8M)                  0.00       1.77 f
  data arrival time                                                  1.77

  clock CLKB_DOMAIN (rise edge)                          20.00      20.00
  clock network delay (ideal)                             0.00      20.00
  clock uncertainty                                      -0.20      19.80
  U0_RegFile/RdData_reg[4]/CK (EDFFHQX8M)                 0.00      19.80 r
  library setup time                                     -0.31      19.49
  data required time                                                19.49
  --------------------------------------------------------------------------
  data required time                                                19.49
  data arrival time                                                 -1.77
  --------------------------------------------------------------------------
  slack (MET)                                                       17.72


  Startpoint: U0_RegFile/RD_ADDR_reg[0]
              (rising edge-triggered flip-flop clocked by CLKB_DOMAIN)
  Endpoint: U0_RegFile/RdData_reg[3]
            (rising edge-triggered flip-flop clocked by CLKB_DOMAIN)
  Path Group: CLKB_DOMAIN
  Path Type: max

  Point                                                   Incr       Path
  --------------------------------------------------------------------------
  clock CLKB_DOMAIN (rise edge)                           0.00       0.00
  clock network delay (ideal)                             0.00       0.00
  U0_RegFile/RD_ADDR_reg[0]/CK (DFFRQX2M)                 0.00       0.00 r
  U0_RegFile/RD_ADDR_reg[0]/Q (DFFRQX2M)                  0.52       0.52 f
  U0_RegFile/U199/Y (INVX2M)                              0.08       0.60 r
  U0_RegFile/U48/Y (OR2X2M)                               0.12       0.72 r
  U0_RegFile/U29/Y (INVX2M)                               0.22       0.93 f
  U0_RegFile/U260/Y (AOI22X1M)                            0.25       1.18 r
  U0_RegFile/U262/Y (AOI21X1M)                            0.11       1.29 f
  U0_RegFile/U263/Y (OR4X1M)                              0.48       1.77 f
  U0_RegFile/RdData_reg[3]/D (EDFFHQX8M)                  0.00       1.77 f
  data arrival time                                                  1.77

  clock CLKB_DOMAIN (rise edge)                          20.00      20.00
  clock network delay (ideal)                             0.00      20.00
  clock uncertainty                                      -0.20      19.80
  U0_RegFile/RdData_reg[3]/CK (EDFFHQX8M)                 0.00      19.80 r
  library setup time                                     -0.31      19.49
  data required time                                                19.49
  --------------------------------------------------------------------------
  data required time                                                19.49
  data arrival time                                                 -1.77
  --------------------------------------------------------------------------
  slack (MET)                                                       17.72


  Startpoint: U0_DATA_SYNC/enable_pulse_d_reg
              (rising edge-triggered flip-flop clocked by CLKB_DOMAIN)
  Endpoint: U0_RegFile/regArr_reg[7][7]
            (rising edge-triggered flip-flop clocked by CLKB_DOMAIN)
  Path Group: CLKB_DOMAIN
  Path Type: max

  Point                                                   Incr       Path
  --------------------------------------------------------------------------
  clock CLKB_DOMAIN (rise edge)                           0.00       0.00
  clock network delay (ideal)                             0.00       0.00
  U0_DATA_SYNC/enable_pulse_d_reg/CK (DFFRQX2M)           0.00       0.00 r
  U0_DATA_SYNC/enable_pulse_d_reg/Q (DFFRQX2M)            0.38       0.38 r
  U0_DATA_SYNC/enable_pulse_d (DATA_SYNC)                 0.00       0.38 r
  U0_RegFile/WrEn (RegFile)                               0.00       0.38 r
  U0_RegFile/U205/Y (INVX2M)                              0.05       0.43 f
  U0_RegFile/U56/Y (NOR2X2M)                              0.15       0.58 r
  U0_RegFile/U55/Y (NOR2BX2M)                             0.25       0.83 r
  U0_RegFile/U191/Y (NAND2X2M)                            0.10       0.94 f
  U0_RegFile/U44/Y (INVX2M)                               0.13       1.07 r
  U0_RegFile/U32/Y (NAND2X2M)                             0.22       1.29 f
  U0_RegFile/U70/Y (OAI2BB2X1M)                           0.18       1.47 r
  U0_RegFile/regArr_reg[7][7]/D (DFFRQX2M)                0.00       1.47 r
  data arrival time                                                  1.47

  clock CLKB_DOMAIN (rise edge)                          20.00      20.00
  clock network delay (ideal)                             0.00      20.00
  clock uncertainty                                      -0.20      19.80
  U0_RegFile/regArr_reg[7][7]/CK (DFFRQX2M)               0.00      19.80 r
  library setup time                                     -0.31      19.49
  data required time                                                19.49
  --------------------------------------------------------------------------
  data required time                                                19.49
  data arrival time                                                 -1.47
  --------------------------------------------------------------------------
  slack (MET)                                                       18.02


  Startpoint: U0_DATA_SYNC/enable_pulse_d_reg
              (rising edge-triggered flip-flop clocked by CLKB_DOMAIN)
  Endpoint: U0_RegFile/regArr_reg[7][6]
            (rising edge-triggered flip-flop clocked by CLKB_DOMAIN)
  Path Group: CLKB_DOMAIN
  Path Type: max

  Point                                                   Incr       Path
  --------------------------------------------------------------------------
  clock CLKB_DOMAIN (rise edge)                           0.00       0.00
  clock network delay (ideal)                             0.00       0.00
  U0_DATA_SYNC/enable_pulse_d_reg/CK (DFFRQX2M)           0.00       0.00 r
  U0_DATA_SYNC/enable_pulse_d_reg/Q (DFFRQX2M)            0.38       0.38 r
  U0_DATA_SYNC/enable_pulse_d (DATA_SYNC)                 0.00       0.38 r
  U0_RegFile/WrEn (RegFile)                               0.00       0.38 r
  U0_RegFile/U205/Y (INVX2M)                              0.05       0.43 f
  U0_RegFile/U56/Y (NOR2X2M)                              0.15       0.58 r
  U0_RegFile/U55/Y (NOR2BX2M)                             0.25       0.83 r
  U0_RegFile/U191/Y (NAND2X2M)                            0.10       0.94 f
  U0_RegFile/U44/Y (INVX2M)                               0.13       1.07 r
  U0_RegFile/U32/Y (NAND2X2M)                             0.22       1.29 f
  U0_RegFile/U69/Y (OAI2BB2X1M)                           0.18       1.47 r
  U0_RegFile/regArr_reg[7][6]/D (DFFRQX2M)                0.00       1.47 r
  data arrival time                                                  1.47

  clock CLKB_DOMAIN (rise edge)                          20.00      20.00
  clock network delay (ideal)                             0.00      20.00
  clock uncertainty                                      -0.20      19.80
  U0_RegFile/regArr_reg[7][6]/CK (DFFRQX2M)               0.00      19.80 r
  library setup time                                     -0.31      19.49
  data required time                                                19.49
  --------------------------------------------------------------------------
  data required time                                                19.49
  data arrival time                                                 -1.47
  --------------------------------------------------------------------------
  slack (MET)                                                       18.02


  Startpoint: U0_DATA_SYNC/enable_pulse_d_reg
              (rising edge-triggered flip-flop clocked by CLKB_DOMAIN)
  Endpoint: U0_RegFile/regArr_reg[7][5]
            (rising edge-triggered flip-flop clocked by CLKB_DOMAIN)
  Path Group: CLKB_DOMAIN
  Path Type: max

  Point                                                   Incr       Path
  --------------------------------------------------------------------------
  clock CLKB_DOMAIN (rise edge)                           0.00       0.00
  clock network delay (ideal)                             0.00       0.00
  U0_DATA_SYNC/enable_pulse_d_reg/CK (DFFRQX2M)           0.00       0.00 r
  U0_DATA_SYNC/enable_pulse_d_reg/Q (DFFRQX2M)            0.38       0.38 r
  U0_DATA_SYNC/enable_pulse_d (DATA_SYNC)                 0.00       0.38 r
  U0_RegFile/WrEn (RegFile)                               0.00       0.38 r
  U0_RegFile/U205/Y (INVX2M)                              0.05       0.43 f
  U0_RegFile/U56/Y (NOR2X2M)                              0.15       0.58 r
  U0_RegFile/U55/Y (NOR2BX2M)                             0.25       0.83 r
  U0_RegFile/U191/Y (NAND2X2M)                            0.10       0.94 f
  U0_RegFile/U44/Y (INVX2M)                               0.13       1.07 r
  U0_RegFile/U32/Y (NAND2X2M)                             0.22       1.29 f
  U0_RegFile/U68/Y (OAI2BB2X1M)                           0.18       1.47 r
  U0_RegFile/regArr_reg[7][5]/D (DFFRQX2M)                0.00       1.47 r
  data arrival time                                                  1.47

  clock CLKB_DOMAIN (rise edge)                          20.00      20.00
  clock network delay (ideal)                             0.00      20.00
  clock uncertainty                                      -0.20      19.80
  U0_RegFile/regArr_reg[7][5]/CK (DFFRQX2M)               0.00      19.80 r
  library setup time                                     -0.31      19.49
  data required time                                                19.49
  --------------------------------------------------------------------------
  data required time                                                19.49
  data arrival time                                                 -1.47
  --------------------------------------------------------------------------
  slack (MET)                                                       18.02


  Startpoint: U0_DATA_SYNC/enable_pulse_d_reg
              (rising edge-triggered flip-flop clocked by CLKB_DOMAIN)
  Endpoint: U0_RegFile/regArr_reg[7][4]
            (rising edge-triggered flip-flop clocked by CLKB_DOMAIN)
  Path Group: CLKB_DOMAIN
  Path Type: max

  Point                                                   Incr       Path
  --------------------------------------------------------------------------
  clock CLKB_DOMAIN (rise edge)                           0.00       0.00
  clock network delay (ideal)                             0.00       0.00
  U0_DATA_SYNC/enable_pulse_d_reg/CK (DFFRQX2M)           0.00       0.00 r
  U0_DATA_SYNC/enable_pulse_d_reg/Q (DFFRQX2M)            0.38       0.38 r
  U0_DATA_SYNC/enable_pulse_d (DATA_SYNC)                 0.00       0.38 r
  U0_RegFile/WrEn (RegFile)                               0.00       0.38 r
  U0_RegFile/U205/Y (INVX2M)                              0.05       0.43 f
  U0_RegFile/U56/Y (NOR2X2M)                              0.15       0.58 r
  U0_RegFile/U55/Y (NOR2BX2M)                             0.25       0.83 r
  U0_RegFile/U191/Y (NAND2X2M)                            0.10       0.94 f
  U0_RegFile/U44/Y (INVX2M)                               0.13       1.07 r
  U0_RegFile/U32/Y (NAND2X2M)                             0.22       1.29 f
  U0_RegFile/U67/Y (OAI2BB2X1M)                           0.18       1.47 r
  U0_RegFile/regArr_reg[7][4]/D (DFFRQX2M)                0.00       1.47 r
  data arrival time                                                  1.47

  clock CLKB_DOMAIN (rise edge)                          20.00      20.00
  clock network delay (ideal)                             0.00      20.00
  clock uncertainty                                      -0.20      19.80
  U0_RegFile/regArr_reg[7][4]/CK (DFFRQX2M)               0.00      19.80 r
  library setup time                                     -0.31      19.49
  data required time                                                19.49
  --------------------------------------------------------------------------
  data required time                                                19.49
  data arrival time                                                 -1.47
  --------------------------------------------------------------------------
  slack (MET)                                                       18.02


  Startpoint: U0_DATA_SYNC/enable_pulse_d_reg
              (rising edge-triggered flip-flop clocked by CLKB_DOMAIN)
  Endpoint: U0_RegFile/regArr_reg[7][3]
            (rising edge-triggered flip-flop clocked by CLKB_DOMAIN)
  Path Group: CLKB_DOMAIN
  Path Type: max

  Point                                                   Incr       Path
  --------------------------------------------------------------------------
  clock CLKB_DOMAIN (rise edge)                           0.00       0.00
  clock network delay (ideal)                             0.00       0.00
  U0_DATA_SYNC/enable_pulse_d_reg/CK (DFFRQX2M)           0.00       0.00 r
  U0_DATA_SYNC/enable_pulse_d_reg/Q (DFFRQX2M)            0.38       0.38 r
  U0_DATA_SYNC/enable_pulse_d (DATA_SYNC)                 0.00       0.38 r
  U0_RegFile/WrEn (RegFile)                               0.00       0.38 r
  U0_RegFile/U205/Y (INVX2M)                              0.05       0.43 f
  U0_RegFile/U56/Y (NOR2X2M)                              0.15       0.58 r
  U0_RegFile/U55/Y (NOR2BX2M)                             0.25       0.83 r
  U0_RegFile/U191/Y (NAND2X2M)                            0.10       0.94 f
  U0_RegFile/U44/Y (INVX2M)                               0.13       1.07 r
  U0_RegFile/U32/Y (NAND2X2M)                             0.22       1.29 f
  U0_RegFile/U66/Y (OAI2BB2X1M)                           0.18       1.47 r
  U0_RegFile/regArr_reg[7][3]/D (DFFRQX2M)                0.00       1.47 r
  data arrival time                                                  1.47

  clock CLKB_DOMAIN (rise edge)                          20.00      20.00
  clock network delay (ideal)                             0.00      20.00
  clock uncertainty                                      -0.20      19.80
  U0_RegFile/regArr_reg[7][3]/CK (DFFRQX2M)               0.00      19.80 r
  library setup time                                     -0.31      19.49
  data required time                                                19.49
  --------------------------------------------------------------------------
  data required time                                                19.49
  data arrival time                                                 -1.47
  --------------------------------------------------------------------------
  slack (MET)                                                       18.02


  Startpoint: U0_DATA_SYNC/enable_pulse_d_reg
              (rising edge-triggered flip-flop clocked by CLKB_DOMAIN)
  Endpoint: U0_RegFile/regArr_reg[7][2]
            (rising edge-triggered flip-flop clocked by CLKB_DOMAIN)
  Path Group: CLKB_DOMAIN
  Path Type: max

  Point                                                   Incr       Path
  --------------------------------------------------------------------------
  clock CLKB_DOMAIN (rise edge)                           0.00       0.00
  clock network delay (ideal)                             0.00       0.00
  U0_DATA_SYNC/enable_pulse_d_reg/CK (DFFRQX2M)           0.00       0.00 r
  U0_DATA_SYNC/enable_pulse_d_reg/Q (DFFRQX2M)            0.38       0.38 r
  U0_DATA_SYNC/enable_pulse_d (DATA_SYNC)                 0.00       0.38 r
  U0_RegFile/WrEn (RegFile)                               0.00       0.38 r
  U0_RegFile/U205/Y (INVX2M)                              0.05       0.43 f
  U0_RegFile/U56/Y (NOR2X2M)                              0.15       0.58 r
  U0_RegFile/U55/Y (NOR2BX2M)                             0.25       0.83 r
  U0_RegFile/U191/Y (NAND2X2M)                            0.10       0.94 f
  U0_RegFile/U44/Y (INVX2M)                               0.13       1.07 r
  U0_RegFile/U32/Y (NAND2X2M)                             0.22       1.29 f
  U0_RegFile/U65/Y (OAI2BB2X1M)                           0.18       1.47 r
  U0_RegFile/regArr_reg[7][2]/D (DFFRQX2M)                0.00       1.47 r
  data arrival time                                                  1.47

  clock CLKB_DOMAIN (rise edge)                          20.00      20.00
  clock network delay (ideal)                             0.00      20.00
  clock uncertainty                                      -0.20      19.80
  U0_RegFile/regArr_reg[7][2]/CK (DFFRQX2M)               0.00      19.80 r
  library setup time                                     -0.31      19.49
  data required time                                                19.49
  --------------------------------------------------------------------------
  data required time                                                19.49
  data arrival time                                                 -1.47
  --------------------------------------------------------------------------
  slack (MET)                                                       18.02


  Startpoint: U0_DATA_SYNC/enable_pulse_d_reg
              (rising edge-triggered flip-flop clocked by CLKB_DOMAIN)
  Endpoint: U0_RegFile/regArr_reg[7][1]
            (rising edge-triggered flip-flop clocked by CLKB_DOMAIN)
  Path Group: CLKB_DOMAIN
  Path Type: max

  Point                                                   Incr       Path
  --------------------------------------------------------------------------
  clock CLKB_DOMAIN (rise edge)                           0.00       0.00
  clock network delay (ideal)                             0.00       0.00
  U0_DATA_SYNC/enable_pulse_d_reg/CK (DFFRQX2M)           0.00       0.00 r
  U0_DATA_SYNC/enable_pulse_d_reg/Q (DFFRQX2M)            0.38       0.38 r
  U0_DATA_SYNC/enable_pulse_d (DATA_SYNC)                 0.00       0.38 r
  U0_RegFile/WrEn (RegFile)                               0.00       0.38 r
  U0_RegFile/U205/Y (INVX2M)                              0.05       0.43 f
  U0_RegFile/U56/Y (NOR2X2M)                              0.15       0.58 r
  U0_RegFile/U55/Y (NOR2BX2M)                             0.25       0.83 r
  U0_RegFile/U191/Y (NAND2X2M)                            0.10       0.94 f
  U0_RegFile/U44/Y (INVX2M)                               0.13       1.07 r
  U0_RegFile/U32/Y (NAND2X2M)                             0.22       1.29 f
  U0_RegFile/U64/Y (OAI2BB2X1M)                           0.18       1.47 r
  U0_RegFile/regArr_reg[7][1]/D (DFFRQX2M)                0.00       1.47 r
  data arrival time                                                  1.47

  clock CLKB_DOMAIN (rise edge)                          20.00      20.00
  clock network delay (ideal)                             0.00      20.00
  clock uncertainty                                      -0.20      19.80
  U0_RegFile/regArr_reg[7][1]/CK (DFFRQX2M)               0.00      19.80 r
  library setup time                                     -0.31      19.49
  data required time                                                19.49
  --------------------------------------------------------------------------
  data required time                                                19.49
  data arrival time                                                 -1.47
  --------------------------------------------------------------------------
  slack (MET)                                                       18.02


  Startpoint: U0_DATA_SYNC/enable_pulse_d_reg
              (rising edge-triggered flip-flop clocked by CLKB_DOMAIN)
  Endpoint: U0_RegFile/regArr_reg[7][0]
            (rising edge-triggered flip-flop clocked by CLKB_DOMAIN)
  Path Group: CLKB_DOMAIN
  Path Type: max

  Point                                                   Incr       Path
  --------------------------------------------------------------------------
  clock CLKB_DOMAIN (rise edge)                           0.00       0.00
  clock network delay (ideal)                             0.00       0.00
  U0_DATA_SYNC/enable_pulse_d_reg/CK (DFFRQX2M)           0.00       0.00 r
  U0_DATA_SYNC/enable_pulse_d_reg/Q (DFFRQX2M)            0.38       0.38 r
  U0_DATA_SYNC/enable_pulse_d (DATA_SYNC)                 0.00       0.38 r
  U0_RegFile/WrEn (RegFile)                               0.00       0.38 r
  U0_RegFile/U205/Y (INVX2M)                              0.05       0.43 f
  U0_RegFile/U56/Y (NOR2X2M)                              0.15       0.58 r
  U0_RegFile/U55/Y (NOR2BX2M)                             0.25       0.83 r
  U0_RegFile/U191/Y (NAND2X2M)                            0.10       0.94 f
  U0_RegFile/U44/Y (INVX2M)                               0.13       1.07 r
  U0_RegFile/U32/Y (NAND2X2M)                             0.22       1.29 f
  U0_RegFile/U63/Y (OAI2BB2X1M)                           0.18       1.47 r
  U0_RegFile/regArr_reg[7][0]/D (DFFRQX2M)                0.00       1.47 r
  data arrival time                                                  1.47

  clock CLKB_DOMAIN (rise edge)                          20.00      20.00
  clock network delay (ideal)                             0.00      20.00
  clock uncertainty                                      -0.20      19.80
  U0_RegFile/regArr_reg[7][0]/CK (DFFRQX2M)               0.00      19.80 r
  library setup time                                     -0.31      19.49
  data required time                                                19.49
  --------------------------------------------------------------------------
  data required time                                                19.49
  data arrival time                                                 -1.47
  --------------------------------------------------------------------------
  slack (MET)                                                       18.02


  Startpoint: U0_DATA_SYNC/enable_pulse_d_reg
              (rising edge-triggered flip-flop clocked by CLKB_DOMAIN)
  Endpoint: U0_RegFile/regArr_reg[3][7]
            (rising edge-triggered flip-flop clocked by CLKB_DOMAIN)
  Path Group: CLKB_DOMAIN
  Path Type: max

  Point                                                   Incr       Path
  --------------------------------------------------------------------------
  clock CLKB_DOMAIN (rise edge)                           0.00       0.00
  clock network delay (ideal)                             0.00       0.00
  U0_DATA_SYNC/enable_pulse_d_reg/CK (DFFRQX2M)           0.00       0.00 r
  U0_DATA_SYNC/enable_pulse_d_reg/Q (DFFRQX2M)            0.38       0.38 r
  U0_DATA_SYNC/enable_pulse_d (DATA_SYNC)                 0.00       0.38 r
  U0_RegFile/WrEn (RegFile)                               0.00       0.38 r
  U0_RegFile/U205/Y (INVX2M)                              0.05       0.43 f
  U0_RegFile/U56/Y (NOR2X2M)                              0.15       0.58 r
  U0_RegFile/U55/Y (NOR2BX2M)                             0.25       0.83 r
  U0_RegFile/U191/Y (NAND2X2M)                            0.10       0.94 f
  U0_RegFile/U44/Y (INVX2M)                               0.13       1.07 r
  U0_RegFile/U35/Y (NAND2X2M)                             0.20       1.27 f
  U0_RegFile/U166/Y (OAI2BB2X1M)                          0.18       1.45 r
  U0_RegFile/regArr_reg[3][7]/D (DFFRQX2M)                0.00       1.45 r
  data arrival time                                                  1.45

  clock CLKB_DOMAIN (rise edge)                          20.00      20.00
  clock network delay (ideal)                             0.00      20.00
  clock uncertainty                                      -0.20      19.80
  U0_RegFile/regArr_reg[3][7]/CK (DFFRQX2M)               0.00      19.80 r
  library setup time                                     -0.31      19.49
  data required time                                                19.49
  --------------------------------------------------------------------------
  data required time                                                19.49
  data arrival time                                                 -1.45
  --------------------------------------------------------------------------
  slack (MET)                                                       18.04


  Startpoint: U0_DATA_SYNC/enable_pulse_d_reg
              (rising edge-triggered flip-flop clocked by CLKB_DOMAIN)
  Endpoint: U0_RegFile/regArr_reg[3][6]
            (rising edge-triggered flip-flop clocked by CLKB_DOMAIN)
  Path Group: CLKB_DOMAIN
  Path Type: max

  Point                                                   Incr       Path
  --------------------------------------------------------------------------
  clock CLKB_DOMAIN (rise edge)                           0.00       0.00
  clock network delay (ideal)                             0.00       0.00
  U0_DATA_SYNC/enable_pulse_d_reg/CK (DFFRQX2M)           0.00       0.00 r
  U0_DATA_SYNC/enable_pulse_d_reg/Q (DFFRQX2M)            0.38       0.38 r
  U0_DATA_SYNC/enable_pulse_d (DATA_SYNC)                 0.00       0.38 r
  U0_RegFile/WrEn (RegFile)                               0.00       0.38 r
  U0_RegFile/U205/Y (INVX2M)                              0.05       0.43 f
  U0_RegFile/U56/Y (NOR2X2M)                              0.15       0.58 r
  U0_RegFile/U55/Y (NOR2BX2M)                             0.25       0.83 r
  U0_RegFile/U191/Y (NAND2X2M)                            0.10       0.94 f
  U0_RegFile/U44/Y (INVX2M)                               0.13       1.07 r
  U0_RegFile/U35/Y (NAND2X2M)                             0.20       1.27 f
  U0_RegFile/U165/Y (OAI2BB2X1M)                          0.18       1.45 r
  U0_RegFile/regArr_reg[3][6]/D (DFFRQX2M)                0.00       1.45 r
  data arrival time                                                  1.45

  clock CLKB_DOMAIN (rise edge)                          20.00      20.00
  clock network delay (ideal)                             0.00      20.00
  clock uncertainty                                      -0.20      19.80
  U0_RegFile/regArr_reg[3][6]/CK (DFFRQX2M)               0.00      19.80 r
  library setup time                                     -0.31      19.49
  data required time                                                19.49
  --------------------------------------------------------------------------
  data required time                                                19.49
  data arrival time                                                 -1.45
  --------------------------------------------------------------------------
  slack (MET)                                                       18.04


  Startpoint: U0_DATA_SYNC/enable_pulse_d_reg
              (rising edge-triggered flip-flop clocked by CLKB_DOMAIN)
  Endpoint: U0_RegFile/regArr_reg[3][5]
            (rising edge-triggered flip-flop clocked by CLKB_DOMAIN)
  Path Group: CLKB_DOMAIN
  Path Type: max

  Point                                                   Incr       Path
  --------------------------------------------------------------------------
  clock CLKB_DOMAIN (rise edge)                           0.00       0.00
  clock network delay (ideal)                             0.00       0.00
  U0_DATA_SYNC/enable_pulse_d_reg/CK (DFFRQX2M)           0.00       0.00 r
  U0_DATA_SYNC/enable_pulse_d_reg/Q (DFFRQX2M)            0.38       0.38 r
  U0_DATA_SYNC/enable_pulse_d (DATA_SYNC)                 0.00       0.38 r
  U0_RegFile/WrEn (RegFile)                               0.00       0.38 r
  U0_RegFile/U205/Y (INVX2M)                              0.05       0.43 f
  U0_RegFile/U56/Y (NOR2X2M)                              0.15       0.58 r
  U0_RegFile/U55/Y (NOR2BX2M)                             0.25       0.83 r
  U0_RegFile/U191/Y (NAND2X2M)                            0.10       0.94 f
  U0_RegFile/U44/Y (INVX2M)                               0.13       1.07 r
  U0_RegFile/U35/Y (NAND2X2M)                             0.20       1.27 f
  U0_RegFile/U164/Y (OAI2BB2X1M)                          0.18       1.45 r
  U0_RegFile/regArr_reg[3][5]/D (DFFRQX2M)                0.00       1.45 r
  data arrival time                                                  1.45

  clock CLKB_DOMAIN (rise edge)                          20.00      20.00
  clock network delay (ideal)                             0.00      20.00
  clock uncertainty                                      -0.20      19.80
  U0_RegFile/regArr_reg[3][5]/CK (DFFRQX2M)               0.00      19.80 r
  library setup time                                     -0.31      19.49
  data required time                                                19.49
  --------------------------------------------------------------------------
  data required time                                                19.49
  data arrival time                                                 -1.45
  --------------------------------------------------------------------------
  slack (MET)                                                       18.04


  Startpoint: U0_DATA_SYNC/enable_pulse_d_reg
              (rising edge-triggered flip-flop clocked by CLKB_DOMAIN)
  Endpoint: U0_RegFile/regArr_reg[3][4]
            (rising edge-triggered flip-flop clocked by CLKB_DOMAIN)
  Path Group: CLKB_DOMAIN
  Path Type: max

  Point                                                   Incr       Path
  --------------------------------------------------------------------------
  clock CLKB_DOMAIN (rise edge)                           0.00       0.00
  clock network delay (ideal)                             0.00       0.00
  U0_DATA_SYNC/enable_pulse_d_reg/CK (DFFRQX2M)           0.00       0.00 r
  U0_DATA_SYNC/enable_pulse_d_reg/Q (DFFRQX2M)            0.38       0.38 r
  U0_DATA_SYNC/enable_pulse_d (DATA_SYNC)                 0.00       0.38 r
  U0_RegFile/WrEn (RegFile)                               0.00       0.38 r
  U0_RegFile/U205/Y (INVX2M)                              0.05       0.43 f
  U0_RegFile/U56/Y (NOR2X2M)                              0.15       0.58 r
  U0_RegFile/U55/Y (NOR2BX2M)                             0.25       0.83 r
  U0_RegFile/U191/Y (NAND2X2M)                            0.10       0.94 f
  U0_RegFile/U44/Y (INVX2M)                               0.13       1.07 r
  U0_RegFile/U35/Y (NAND2X2M)                             0.20       1.27 f
  U0_RegFile/U163/Y (OAI2BB2X1M)                          0.18       1.45 r
  U0_RegFile/regArr_reg[3][4]/D (DFFRQX2M)                0.00       1.45 r
  data arrival time                                                  1.45

  clock CLKB_DOMAIN (rise edge)                          20.00      20.00
  clock network delay (ideal)                             0.00      20.00
  clock uncertainty                                      -0.20      19.80
  U0_RegFile/regArr_reg[3][4]/CK (DFFRQX2M)               0.00      19.80 r
  library setup time                                     -0.31      19.49
  data required time                                                19.49
  --------------------------------------------------------------------------
  data required time                                                19.49
  data arrival time                                                 -1.45
  --------------------------------------------------------------------------
  slack (MET)                                                       18.04


  Startpoint: U0_DATA_SYNC/enable_pulse_d_reg
              (rising edge-triggered flip-flop clocked by CLKB_DOMAIN)
  Endpoint: U0_RegFile/regArr_reg[3][3]
            (rising edge-triggered flip-flop clocked by CLKB_DOMAIN)
  Path Group: CLKB_DOMAIN
  Path Type: max

  Point                                                   Incr       Path
  --------------------------------------------------------------------------
  clock CLKB_DOMAIN (rise edge)                           0.00       0.00
  clock network delay (ideal)                             0.00       0.00
  U0_DATA_SYNC/enable_pulse_d_reg/CK (DFFRQX2M)           0.00       0.00 r
  U0_DATA_SYNC/enable_pulse_d_reg/Q (DFFRQX2M)            0.38       0.38 r
  U0_DATA_SYNC/enable_pulse_d (DATA_SYNC)                 0.00       0.38 r
  U0_RegFile/WrEn (RegFile)                               0.00       0.38 r
  U0_RegFile/U205/Y (INVX2M)                              0.05       0.43 f
  U0_RegFile/U56/Y (NOR2X2M)                              0.15       0.58 r
  U0_RegFile/U55/Y (NOR2BX2M)                             0.25       0.83 r
  U0_RegFile/U191/Y (NAND2X2M)                            0.10       0.94 f
  U0_RegFile/U44/Y (INVX2M)                               0.13       1.07 r
  U0_RegFile/U35/Y (NAND2X2M)                             0.20       1.27 f
  U0_RegFile/U162/Y (OAI2BB2X1M)                          0.18       1.45 r
  U0_RegFile/regArr_reg[3][3]/D (DFFRQX2M)                0.00       1.45 r
  data arrival time                                                  1.45

  clock CLKB_DOMAIN (rise edge)                          20.00      20.00
  clock network delay (ideal)                             0.00      20.00
  clock uncertainty                                      -0.20      19.80
  U0_RegFile/regArr_reg[3][3]/CK (DFFRQX2M)               0.00      19.80 r
  library setup time                                     -0.31      19.49
  data required time                                                19.49
  --------------------------------------------------------------------------
  data required time                                                19.49
  data arrival time                                                 -1.45
  --------------------------------------------------------------------------
  slack (MET)                                                       18.04


  Startpoint: U0_DATA_SYNC/enable_pulse_d_reg
              (rising edge-triggered flip-flop clocked by CLKB_DOMAIN)
  Endpoint: U0_RegFile/regArr_reg[3][2]
            (rising edge-triggered flip-flop clocked by CLKB_DOMAIN)
  Path Group: CLKB_DOMAIN
  Path Type: max

  Point                                                   Incr       Path
  --------------------------------------------------------------------------
  clock CLKB_DOMAIN (rise edge)                           0.00       0.00
  clock network delay (ideal)                             0.00       0.00
  U0_DATA_SYNC/enable_pulse_d_reg/CK (DFFRQX2M)           0.00       0.00 r
  U0_DATA_SYNC/enable_pulse_d_reg/Q (DFFRQX2M)            0.38       0.38 r
  U0_DATA_SYNC/enable_pulse_d (DATA_SYNC)                 0.00       0.38 r
  U0_RegFile/WrEn (RegFile)                               0.00       0.38 r
  U0_RegFile/U205/Y (INVX2M)                              0.05       0.43 f
  U0_RegFile/U56/Y (NOR2X2M)                              0.15       0.58 r
  U0_RegFile/U55/Y (NOR2BX2M)                             0.25       0.83 r
  U0_RegFile/U191/Y (NAND2X2M)                            0.10       0.94 f
  U0_RegFile/U44/Y (INVX2M)                               0.13       1.07 r
  U0_RegFile/U35/Y (NAND2X2M)                             0.20       1.27 f
  U0_RegFile/U161/Y (OAI2BB2X1M)                          0.18       1.45 r
  U0_RegFile/regArr_reg[3][2]/D (DFFRQX2M)                0.00       1.45 r
  data arrival time                                                  1.45

  clock CLKB_DOMAIN (rise edge)                          20.00      20.00
  clock network delay (ideal)                             0.00      20.00
  clock uncertainty                                      -0.20      19.80
  U0_RegFile/regArr_reg[3][2]/CK (DFFRQX2M)               0.00      19.80 r
  library setup time                                     -0.31      19.49
  data required time                                                19.49
  --------------------------------------------------------------------------
  data required time                                                19.49
  data arrival time                                                 -1.45
  --------------------------------------------------------------------------
  slack (MET)                                                       18.04


  Startpoint: U0_DATA_SYNC/enable_pulse_d_reg
              (rising edge-triggered flip-flop clocked by CLKB_DOMAIN)
  Endpoint: U0_RegFile/regArr_reg[3][1]
            (rising edge-triggered flip-flop clocked by CLKB_DOMAIN)
  Path Group: CLKB_DOMAIN
  Path Type: max

  Point                                                   Incr       Path
  --------------------------------------------------------------------------
  clock CLKB_DOMAIN (rise edge)                           0.00       0.00
  clock network delay (ideal)                             0.00       0.00
  U0_DATA_SYNC/enable_pulse_d_reg/CK (DFFRQX2M)           0.00       0.00 r
  U0_DATA_SYNC/enable_pulse_d_reg/Q (DFFRQX2M)            0.38       0.38 r
  U0_DATA_SYNC/enable_pulse_d (DATA_SYNC)                 0.00       0.38 r
  U0_RegFile/WrEn (RegFile)                               0.00       0.38 r
  U0_RegFile/U205/Y (INVX2M)                              0.05       0.43 f
  U0_RegFile/U56/Y (NOR2X2M)                              0.15       0.58 r
  U0_RegFile/U55/Y (NOR2BX2M)                             0.25       0.83 r
  U0_RegFile/U191/Y (NAND2X2M)                            0.10       0.94 f
  U0_RegFile/U44/Y (INVX2M)                               0.13       1.07 r
  U0_RegFile/U35/Y (NAND2X2M)                             0.20       1.27 f
  U0_RegFile/U160/Y (OAI2BB2X1M)                          0.18       1.45 r
  U0_RegFile/regArr_reg[3][1]/D (DFFRQX2M)                0.00       1.45 r
  data arrival time                                                  1.45

  clock CLKB_DOMAIN (rise edge)                          20.00      20.00
  clock network delay (ideal)                             0.00      20.00
  clock uncertainty                                      -0.20      19.80
  U0_RegFile/regArr_reg[3][1]/CK (DFFRQX2M)               0.00      19.80 r
  library setup time                                     -0.31      19.49
  data required time                                                19.49
  --------------------------------------------------------------------------
  data required time                                                19.49
  data arrival time                                                 -1.45
  --------------------------------------------------------------------------
  slack (MET)                                                       18.04


  Startpoint: U0_DATA_SYNC/enable_pulse_d_reg
              (rising edge-triggered flip-flop clocked by CLKB_DOMAIN)
  Endpoint: U0_RegFile/regArr_reg[3][0]
            (rising edge-triggered flip-flop clocked by CLKB_DOMAIN)
  Path Group: CLKB_DOMAIN
  Path Type: max

  Point                                                   Incr       Path
  --------------------------------------------------------------------------
  clock CLKB_DOMAIN (rise edge)                           0.00       0.00
  clock network delay (ideal)                             0.00       0.00
  U0_DATA_SYNC/enable_pulse_d_reg/CK (DFFRQX2M)           0.00       0.00 r
  U0_DATA_SYNC/enable_pulse_d_reg/Q (DFFRQX2M)            0.38       0.38 r
  U0_DATA_SYNC/enable_pulse_d (DATA_SYNC)                 0.00       0.38 r
  U0_RegFile/WrEn (RegFile)                               0.00       0.38 r
  U0_RegFile/U205/Y (INVX2M)                              0.05       0.43 f
  U0_RegFile/U56/Y (NOR2X2M)                              0.15       0.58 r
  U0_RegFile/U55/Y (NOR2BX2M)                             0.25       0.83 r
  U0_RegFile/U191/Y (NAND2X2M)                            0.10       0.94 f
  U0_RegFile/U44/Y (INVX2M)                               0.13       1.07 r
  U0_RegFile/U35/Y (NAND2X2M)                             0.20       1.27 f
  U0_RegFile/U159/Y (OAI2BB2X1M)                          0.18       1.45 r
  U0_RegFile/regArr_reg[3][0]/D (DFFRQX2M)                0.00       1.45 r
  data arrival time                                                  1.45

  clock CLKB_DOMAIN (rise edge)                          20.00      20.00
  clock network delay (ideal)                             0.00      20.00
  clock uncertainty                                      -0.20      19.80
  U0_RegFile/regArr_reg[3][0]/CK (DFFRQX2M)               0.00      19.80 r
  library setup time                                     -0.31      19.49
  data required time                                                19.49
  --------------------------------------------------------------------------
  data required time                                                19.49
  data arrival time                                                 -1.45
  --------------------------------------------------------------------------
  slack (MET)                                                       18.04


  Startpoint: U0_DATA_SYNC/enable_pulse_d_reg
              (rising edge-triggered flip-flop clocked by CLKB_DOMAIN)
  Endpoint: U0_RegFile/regArr_reg[15][7]
            (rising edge-triggered flip-flop clocked by CLKB_DOMAIN)
  Path Group: CLKB_DOMAIN
  Path Type: max

  Point                                                   Incr       Path
  --------------------------------------------------------------------------
  clock CLKB_DOMAIN (rise edge)                           0.00       0.00
  clock network delay (ideal)                             0.00       0.00
  U0_DATA_SYNC/enable_pulse_d_reg/CK (DFFRQX2M)           0.00       0.00 r
  U0_DATA_SYNC/enable_pulse_d_reg/Q (DFFRQX2M)            0.38       0.38 r
  U0_DATA_SYNC/enable_pulse_d (DATA_SYNC)                 0.00       0.38 r
  U0_RegFile/WrEn (RegFile)                               0.00       0.38 r
  U0_RegFile/U205/Y (INVX2M)                              0.05       0.43 f
  U0_RegFile/U56/Y (NOR2X2M)                              0.15       0.58 r
  U0_RegFile/U55/Y (NOR2BX2M)                             0.25       0.83 r
  U0_RegFile/U191/Y (NAND2X2M)                            0.10       0.94 f
  U0_RegFile/U44/Y (INVX2M)                               0.13       1.07 r
  U0_RegFile/U25/Y (NAND2X2M)                             0.20       1.27 f
  U0_RegFile/U142/Y (OAI2BB2X1M)                          0.18       1.45 r
  U0_RegFile/regArr_reg[15][7]/D (DFFRQX2M)               0.00       1.45 r
  data arrival time                                                  1.45

  clock CLKB_DOMAIN (rise edge)                          20.00      20.00
  clock network delay (ideal)                             0.00      20.00
  clock uncertainty                                      -0.20      19.80
  U0_RegFile/regArr_reg[15][7]/CK (DFFRQX2M)              0.00      19.80 r
  library setup time                                     -0.31      19.49
  data required time                                                19.49
  --------------------------------------------------------------------------
  data required time                                                19.49
  data arrival time                                                 -1.45
  --------------------------------------------------------------------------
  slack (MET)                                                       18.04


  Startpoint: U0_DATA_SYNC/enable_pulse_d_reg
              (rising edge-triggered flip-flop clocked by CLKB_DOMAIN)
  Endpoint: U0_RegFile/regArr_reg[15][6]
            (rising edge-triggered flip-flop clocked by CLKB_DOMAIN)
  Path Group: CLKB_DOMAIN
  Path Type: max

  Point                                                   Incr       Path
  --------------------------------------------------------------------------
  clock CLKB_DOMAIN (rise edge)                           0.00       0.00
  clock network delay (ideal)                             0.00       0.00
  U0_DATA_SYNC/enable_pulse_d_reg/CK (DFFRQX2M)           0.00       0.00 r
  U0_DATA_SYNC/enable_pulse_d_reg/Q (DFFRQX2M)            0.38       0.38 r
  U0_DATA_SYNC/enable_pulse_d (DATA_SYNC)                 0.00       0.38 r
  U0_RegFile/WrEn (RegFile)                               0.00       0.38 r
  U0_RegFile/U205/Y (INVX2M)                              0.05       0.43 f
  U0_RegFile/U56/Y (NOR2X2M)                              0.15       0.58 r
  U0_RegFile/U55/Y (NOR2BX2M)                             0.25       0.83 r
  U0_RegFile/U191/Y (NAND2X2M)                            0.10       0.94 f
  U0_RegFile/U44/Y (INVX2M)                               0.13       1.07 r
  U0_RegFile/U25/Y (NAND2X2M)                             0.20       1.27 f
  U0_RegFile/U141/Y (OAI2BB2X1M)                          0.18       1.45 r
  U0_RegFile/regArr_reg[15][6]/D (DFFRQX2M)               0.00       1.45 r
  data arrival time                                                  1.45

  clock CLKB_DOMAIN (rise edge)                          20.00      20.00
  clock network delay (ideal)                             0.00      20.00
  clock uncertainty                                      -0.20      19.80
  U0_RegFile/regArr_reg[15][6]/CK (DFFRQX2M)              0.00      19.80 r
  library setup time                                     -0.31      19.49
  data required time                                                19.49
  --------------------------------------------------------------------------
  data required time                                                19.49
  data arrival time                                                 -1.45
  --------------------------------------------------------------------------
  slack (MET)                                                       18.04


  Startpoint: U0_DATA_SYNC/enable_pulse_d_reg
              (rising edge-triggered flip-flop clocked by CLKB_DOMAIN)
  Endpoint: U0_RegFile/regArr_reg[15][5]
            (rising edge-triggered flip-flop clocked by CLKB_DOMAIN)
  Path Group: CLKB_DOMAIN
  Path Type: max

  Point                                                   Incr       Path
  --------------------------------------------------------------------------
  clock CLKB_DOMAIN (rise edge)                           0.00       0.00
  clock network delay (ideal)                             0.00       0.00
  U0_DATA_SYNC/enable_pulse_d_reg/CK (DFFRQX2M)           0.00       0.00 r
  U0_DATA_SYNC/enable_pulse_d_reg/Q (DFFRQX2M)            0.38       0.38 r
  U0_DATA_SYNC/enable_pulse_d (DATA_SYNC)                 0.00       0.38 r
  U0_RegFile/WrEn (RegFile)                               0.00       0.38 r
  U0_RegFile/U205/Y (INVX2M)                              0.05       0.43 f
  U0_RegFile/U56/Y (NOR2X2M)                              0.15       0.58 r
  U0_RegFile/U55/Y (NOR2BX2M)                             0.25       0.83 r
  U0_RegFile/U191/Y (NAND2X2M)                            0.10       0.94 f
  U0_RegFile/U44/Y (INVX2M)                               0.13       1.07 r
  U0_RegFile/U25/Y (NAND2X2M)                             0.20       1.27 f
  U0_RegFile/U140/Y (OAI2BB2X1M)                          0.18       1.45 r
  U0_RegFile/regArr_reg[15][5]/D (DFFRQX2M)               0.00       1.45 r
  data arrival time                                                  1.45

  clock CLKB_DOMAIN (rise edge)                          20.00      20.00
  clock network delay (ideal)                             0.00      20.00
  clock uncertainty                                      -0.20      19.80
  U0_RegFile/regArr_reg[15][5]/CK (DFFRQX2M)              0.00      19.80 r
  library setup time                                     -0.31      19.49
  data required time                                                19.49
  --------------------------------------------------------------------------
  data required time                                                19.49
  data arrival time                                                 -1.45
  --------------------------------------------------------------------------
  slack (MET)                                                       18.04


  Startpoint: U0_DATA_SYNC/enable_pulse_d_reg
              (rising edge-triggered flip-flop clocked by CLKB_DOMAIN)
  Endpoint: U0_RegFile/regArr_reg[15][4]
            (rising edge-triggered flip-flop clocked by CLKB_DOMAIN)
  Path Group: CLKB_DOMAIN
  Path Type: max

  Point                                                   Incr       Path
  --------------------------------------------------------------------------
  clock CLKB_DOMAIN (rise edge)                           0.00       0.00
  clock network delay (ideal)                             0.00       0.00
  U0_DATA_SYNC/enable_pulse_d_reg/CK (DFFRQX2M)           0.00       0.00 r
  U0_DATA_SYNC/enable_pulse_d_reg/Q (DFFRQX2M)            0.38       0.38 r
  U0_DATA_SYNC/enable_pulse_d (DATA_SYNC)                 0.00       0.38 r
  U0_RegFile/WrEn (RegFile)                               0.00       0.38 r
  U0_RegFile/U205/Y (INVX2M)                              0.05       0.43 f
  U0_RegFile/U56/Y (NOR2X2M)                              0.15       0.58 r
  U0_RegFile/U55/Y (NOR2BX2M)                             0.25       0.83 r
  U0_RegFile/U191/Y (NAND2X2M)                            0.10       0.94 f
  U0_RegFile/U44/Y (INVX2M)                               0.13       1.07 r
  U0_RegFile/U25/Y (NAND2X2M)                             0.20       1.27 f
  U0_RegFile/U139/Y (OAI2BB2X1M)                          0.18       1.45 r
  U0_RegFile/regArr_reg[15][4]/D (DFFRQX2M)               0.00       1.45 r
  data arrival time                                                  1.45

  clock CLKB_DOMAIN (rise edge)                          20.00      20.00
  clock network delay (ideal)                             0.00      20.00
  clock uncertainty                                      -0.20      19.80
  U0_RegFile/regArr_reg[15][4]/CK (DFFRQX2M)              0.00      19.80 r
  library setup time                                     -0.31      19.49
  data required time                                                19.49
  --------------------------------------------------------------------------
  data required time                                                19.49
  data arrival time                                                 -1.45
  --------------------------------------------------------------------------
  slack (MET)                                                       18.04


  Startpoint: U0_DATA_SYNC/enable_pulse_d_reg
              (rising edge-triggered flip-flop clocked by CLKB_DOMAIN)
  Endpoint: U0_RegFile/regArr_reg[15][3]
            (rising edge-triggered flip-flop clocked by CLKB_DOMAIN)
  Path Group: CLKB_DOMAIN
  Path Type: max

  Point                                                   Incr       Path
  --------------------------------------------------------------------------
  clock CLKB_DOMAIN (rise edge)                           0.00       0.00
  clock network delay (ideal)                             0.00       0.00
  U0_DATA_SYNC/enable_pulse_d_reg/CK (DFFRQX2M)           0.00       0.00 r
  U0_DATA_SYNC/enable_pulse_d_reg/Q (DFFRQX2M)            0.38       0.38 r
  U0_DATA_SYNC/enable_pulse_d (DATA_SYNC)                 0.00       0.38 r
  U0_RegFile/WrEn (RegFile)                               0.00       0.38 r
  U0_RegFile/U205/Y (INVX2M)                              0.05       0.43 f
  U0_RegFile/U56/Y (NOR2X2M)                              0.15       0.58 r
  U0_RegFile/U55/Y (NOR2BX2M)                             0.25       0.83 r
  U0_RegFile/U191/Y (NAND2X2M)                            0.10       0.94 f
  U0_RegFile/U44/Y (INVX2M)                               0.13       1.07 r
  U0_RegFile/U25/Y (NAND2X2M)                             0.20       1.27 f
  U0_RegFile/U138/Y (OAI2BB2X1M)                          0.18       1.45 r
  U0_RegFile/regArr_reg[15][3]/D (DFFRQX2M)               0.00       1.45 r
  data arrival time                                                  1.45

  clock CLKB_DOMAIN (rise edge)                          20.00      20.00
  clock network delay (ideal)                             0.00      20.00
  clock uncertainty                                      -0.20      19.80
  U0_RegFile/regArr_reg[15][3]/CK (DFFRQX2M)              0.00      19.80 r
  library setup time                                     -0.31      19.49
  data required time                                                19.49
  --------------------------------------------------------------------------
  data required time                                                19.49
  data arrival time                                                 -1.45
  --------------------------------------------------------------------------
  slack (MET)                                                       18.04


  Startpoint: U0_DATA_SYNC/enable_pulse_d_reg
              (rising edge-triggered flip-flop clocked by CLKB_DOMAIN)
  Endpoint: U0_RegFile/regArr_reg[15][2]
            (rising edge-triggered flip-flop clocked by CLKB_DOMAIN)
  Path Group: CLKB_DOMAIN
  Path Type: max

  Point                                                   Incr       Path
  --------------------------------------------------------------------------
  clock CLKB_DOMAIN (rise edge)                           0.00       0.00
  clock network delay (ideal)                             0.00       0.00
  U0_DATA_SYNC/enable_pulse_d_reg/CK (DFFRQX2M)           0.00       0.00 r
  U0_DATA_SYNC/enable_pulse_d_reg/Q (DFFRQX2M)            0.38       0.38 r
  U0_DATA_SYNC/enable_pulse_d (DATA_SYNC)                 0.00       0.38 r
  U0_RegFile/WrEn (RegFile)                               0.00       0.38 r
  U0_RegFile/U205/Y (INVX2M)                              0.05       0.43 f
  U0_RegFile/U56/Y (NOR2X2M)                              0.15       0.58 r
  U0_RegFile/U55/Y (NOR2BX2M)                             0.25       0.83 r
  U0_RegFile/U191/Y (NAND2X2M)                            0.10       0.94 f
  U0_RegFile/U44/Y (INVX2M)                               0.13       1.07 r
  U0_RegFile/U25/Y (NAND2X2M)                             0.20       1.27 f
  U0_RegFile/U137/Y (OAI2BB2X1M)                          0.18       1.45 r
  U0_RegFile/regArr_reg[15][2]/D (DFFRQX2M)               0.00       1.45 r
  data arrival time                                                  1.45

  clock CLKB_DOMAIN (rise edge)                          20.00      20.00
  clock network delay (ideal)                             0.00      20.00
  clock uncertainty                                      -0.20      19.80
  U0_RegFile/regArr_reg[15][2]/CK (DFFRQX2M)              0.00      19.80 r
  library setup time                                     -0.31      19.49
  data required time                                                19.49
  --------------------------------------------------------------------------
  data required time                                                19.49
  data arrival time                                                 -1.45
  --------------------------------------------------------------------------
  slack (MET)                                                       18.04


  Startpoint: U0_DATA_SYNC/enable_pulse_d_reg
              (rising edge-triggered flip-flop clocked by CLKB_DOMAIN)
  Endpoint: U0_RegFile/regArr_reg[15][1]
            (rising edge-triggered flip-flop clocked by CLKB_DOMAIN)
  Path Group: CLKB_DOMAIN
  Path Type: max

  Point                                                   Incr       Path
  --------------------------------------------------------------------------
  clock CLKB_DOMAIN (rise edge)                           0.00       0.00
  clock network delay (ideal)                             0.00       0.00
  U0_DATA_SYNC/enable_pulse_d_reg/CK (DFFRQX2M)           0.00       0.00 r
  U0_DATA_SYNC/enable_pulse_d_reg/Q (DFFRQX2M)            0.38       0.38 r
  U0_DATA_SYNC/enable_pulse_d (DATA_SYNC)                 0.00       0.38 r
  U0_RegFile/WrEn (RegFile)                               0.00       0.38 r
  U0_RegFile/U205/Y (INVX2M)                              0.05       0.43 f
  U0_RegFile/U56/Y (NOR2X2M)                              0.15       0.58 r
  U0_RegFile/U55/Y (NOR2BX2M)                             0.25       0.83 r
  U0_RegFile/U191/Y (NAND2X2M)                            0.10       0.94 f
  U0_RegFile/U44/Y (INVX2M)                               0.13       1.07 r
  U0_RegFile/U25/Y (NAND2X2M)                             0.20       1.27 f
  U0_RegFile/U136/Y (OAI2BB2X1M)                          0.18       1.45 r
  U0_RegFile/regArr_reg[15][1]/D (DFFRQX2M)               0.00       1.45 r
  data arrival time                                                  1.45

  clock CLKB_DOMAIN (rise edge)                          20.00      20.00
  clock network delay (ideal)                             0.00      20.00
  clock uncertainty                                      -0.20      19.80
  U0_RegFile/regArr_reg[15][1]/CK (DFFRQX2M)              0.00      19.80 r
  library setup time                                     -0.31      19.49
  data required time                                                19.49
  --------------------------------------------------------------------------
  data required time                                                19.49
  data arrival time                                                 -1.45
  --------------------------------------------------------------------------
  slack (MET)                                                       18.04


  Startpoint: U0_DATA_SYNC/enable_pulse_d_reg
              (rising edge-triggered flip-flop clocked by CLKB_DOMAIN)
  Endpoint: U0_RegFile/regArr_reg[15][0]
            (rising edge-triggered flip-flop clocked by CLKB_DOMAIN)
  Path Group: CLKB_DOMAIN
  Path Type: max

  Point                                                   Incr       Path
  --------------------------------------------------------------------------
  clock CLKB_DOMAIN (rise edge)                           0.00       0.00
  clock network delay (ideal)                             0.00       0.00
  U0_DATA_SYNC/enable_pulse_d_reg/CK (DFFRQX2M)           0.00       0.00 r
  U0_DATA_SYNC/enable_pulse_d_reg/Q (DFFRQX2M)            0.38       0.38 r
  U0_DATA_SYNC/enable_pulse_d (DATA_SYNC)                 0.00       0.38 r
  U0_RegFile/WrEn (RegFile)                               0.00       0.38 r
  U0_RegFile/U205/Y (INVX2M)                              0.05       0.43 f
  U0_RegFile/U56/Y (NOR2X2M)                              0.15       0.58 r
  U0_RegFile/U55/Y (NOR2BX2M)                             0.25       0.83 r
  U0_RegFile/U191/Y (NAND2X2M)                            0.10       0.94 f
  U0_RegFile/U44/Y (INVX2M)                               0.13       1.07 r
  U0_RegFile/U25/Y (NAND2X2M)                             0.20       1.27 f
  U0_RegFile/U135/Y (OAI2BB2X1M)                          0.18       1.45 r
  U0_RegFile/regArr_reg[15][0]/D (DFFRQX2M)               0.00       1.45 r
  data arrival time                                                  1.45

  clock CLKB_DOMAIN (rise edge)                          20.00      20.00
  clock network delay (ideal)                             0.00      20.00
  clock uncertainty                                      -0.20      19.80
  U0_RegFile/regArr_reg[15][0]/CK (DFFRQX2M)              0.00      19.80 r
  library setup time                                     -0.31      19.49
  data required time                                                19.49
  --------------------------------------------------------------------------
  data required time                                                19.49
  data arrival time                                                 -1.45
  --------------------------------------------------------------------------
  slack (MET)                                                       18.04


  Startpoint: U0_DATA_SYNC/enable_pulse_d_reg
              (rising edge-triggered flip-flop clocked by CLKB_DOMAIN)
  Endpoint: U0_RegFile/regArr_reg[11][7]
            (rising edge-triggered flip-flop clocked by CLKB_DOMAIN)
  Path Group: CLKB_DOMAIN
  Path Type: max

  Point                                                   Incr       Path
  --------------------------------------------------------------------------
  clock CLKB_DOMAIN (rise edge)                           0.00       0.00
  clock network delay (ideal)                             0.00       0.00
  U0_DATA_SYNC/enable_pulse_d_reg/CK (DFFRQX2M)           0.00       0.00 r
  U0_DATA_SYNC/enable_pulse_d_reg/Q (DFFRQX2M)            0.38       0.38 r
  U0_DATA_SYNC/enable_pulse_d (DATA_SYNC)                 0.00       0.38 r
  U0_RegFile/WrEn (RegFile)                               0.00       0.38 r
  U0_RegFile/U205/Y (INVX2M)                              0.05       0.43 f
  U0_RegFile/U56/Y (NOR2X2M)                              0.15       0.58 r
  U0_RegFile/U55/Y (NOR2BX2M)                             0.25       0.83 r
  U0_RegFile/U191/Y (NAND2X2M)                            0.10       0.94 f
  U0_RegFile/U44/Y (INVX2M)                               0.13       1.07 r
  U0_RegFile/U24/Y (NAND2X2M)                             0.20       1.27 f
  U0_RegFile/U182/Y (OAI2BB2X1M)                          0.18       1.45 r
  U0_RegFile/regArr_reg[11][7]/D (DFFRQX2M)               0.00       1.45 r
  data arrival time                                                  1.45

  clock CLKB_DOMAIN (rise edge)                          20.00      20.00
  clock network delay (ideal)                             0.00      20.00
  clock uncertainty                                      -0.20      19.80
  U0_RegFile/regArr_reg[11][7]/CK (DFFRQX2M)              0.00      19.80 r
  library setup time                                     -0.31      19.49
  data required time                                                19.49
  --------------------------------------------------------------------------
  data required time                                                19.49
  data arrival time                                                 -1.45
  --------------------------------------------------------------------------
  slack (MET)                                                       18.04


  Startpoint: U0_DATA_SYNC/enable_pulse_d_reg
              (rising edge-triggered flip-flop clocked by CLKB_DOMAIN)
  Endpoint: U0_RegFile/regArr_reg[11][6]
            (rising edge-triggered flip-flop clocked by CLKB_DOMAIN)
  Path Group: CLKB_DOMAIN
  Path Type: max

  Point                                                   Incr       Path
  --------------------------------------------------------------------------
  clock CLKB_DOMAIN (rise edge)                           0.00       0.00
  clock network delay (ideal)                             0.00       0.00
  U0_DATA_SYNC/enable_pulse_d_reg/CK (DFFRQX2M)           0.00       0.00 r
  U0_DATA_SYNC/enable_pulse_d_reg/Q (DFFRQX2M)            0.38       0.38 r
  U0_DATA_SYNC/enable_pulse_d (DATA_SYNC)                 0.00       0.38 r
  U0_RegFile/WrEn (RegFile)                               0.00       0.38 r
  U0_RegFile/U205/Y (INVX2M)                              0.05       0.43 f
  U0_RegFile/U56/Y (NOR2X2M)                              0.15       0.58 r
  U0_RegFile/U55/Y (NOR2BX2M)                             0.25       0.83 r
  U0_RegFile/U191/Y (NAND2X2M)                            0.10       0.94 f
  U0_RegFile/U44/Y (INVX2M)                               0.13       1.07 r
  U0_RegFile/U24/Y (NAND2X2M)                             0.20       1.27 f
  U0_RegFile/U181/Y (OAI2BB2X1M)                          0.18       1.45 r
  U0_RegFile/regArr_reg[11][6]/D (DFFRQX2M)               0.00       1.45 r
  data arrival time                                                  1.45

  clock CLKB_DOMAIN (rise edge)                          20.00      20.00
  clock network delay (ideal)                             0.00      20.00
  clock uncertainty                                      -0.20      19.80
  U0_RegFile/regArr_reg[11][6]/CK (DFFRQX2M)              0.00      19.80 r
  library setup time                                     -0.31      19.49
  data required time                                                19.49
  --------------------------------------------------------------------------
  data required time                                                19.49
  data arrival time                                                 -1.45
  --------------------------------------------------------------------------
  slack (MET)                                                       18.04


  Startpoint: U0_DATA_SYNC/enable_pulse_d_reg
              (rising edge-triggered flip-flop clocked by CLKB_DOMAIN)
  Endpoint: U0_RegFile/regArr_reg[11][5]
            (rising edge-triggered flip-flop clocked by CLKB_DOMAIN)
  Path Group: CLKB_DOMAIN
  Path Type: max

  Point                                                   Incr       Path
  --------------------------------------------------------------------------
  clock CLKB_DOMAIN (rise edge)                           0.00       0.00
  clock network delay (ideal)                             0.00       0.00
  U0_DATA_SYNC/enable_pulse_d_reg/CK (DFFRQX2M)           0.00       0.00 r
  U0_DATA_SYNC/enable_pulse_d_reg/Q (DFFRQX2M)            0.38       0.38 r
  U0_DATA_SYNC/enable_pulse_d (DATA_SYNC)                 0.00       0.38 r
  U0_RegFile/WrEn (RegFile)                               0.00       0.38 r
  U0_RegFile/U205/Y (INVX2M)                              0.05       0.43 f
  U0_RegFile/U56/Y (NOR2X2M)                              0.15       0.58 r
  U0_RegFile/U55/Y (NOR2BX2M)                             0.25       0.83 r
  U0_RegFile/U191/Y (NAND2X2M)                            0.10       0.94 f
  U0_RegFile/U44/Y (INVX2M)                               0.13       1.07 r
  U0_RegFile/U24/Y (NAND2X2M)                             0.20       1.27 f
  U0_RegFile/U180/Y (OAI2BB2X1M)                          0.18       1.45 r
  U0_RegFile/regArr_reg[11][5]/D (DFFRQX2M)               0.00       1.45 r
  data arrival time                                                  1.45

  clock CLKB_DOMAIN (rise edge)                          20.00      20.00
  clock network delay (ideal)                             0.00      20.00
  clock uncertainty                                      -0.20      19.80
  U0_RegFile/regArr_reg[11][5]/CK (DFFRQX2M)              0.00      19.80 r
  library setup time                                     -0.31      19.49
  data required time                                                19.49
  --------------------------------------------------------------------------
  data required time                                                19.49
  data arrival time                                                 -1.45
  --------------------------------------------------------------------------
  slack (MET)                                                       18.04


  Startpoint: U0_DATA_SYNC/enable_pulse_d_reg
              (rising edge-triggered flip-flop clocked by CLKB_DOMAIN)
  Endpoint: U0_RegFile/regArr_reg[11][4]
            (rising edge-triggered flip-flop clocked by CLKB_DOMAIN)
  Path Group: CLKB_DOMAIN
  Path Type: max

  Point                                                   Incr       Path
  --------------------------------------------------------------------------
  clock CLKB_DOMAIN (rise edge)                           0.00       0.00
  clock network delay (ideal)                             0.00       0.00
  U0_DATA_SYNC/enable_pulse_d_reg/CK (DFFRQX2M)           0.00       0.00 r
  U0_DATA_SYNC/enable_pulse_d_reg/Q (DFFRQX2M)            0.38       0.38 r
  U0_DATA_SYNC/enable_pulse_d (DATA_SYNC)                 0.00       0.38 r
  U0_RegFile/WrEn (RegFile)                               0.00       0.38 r
  U0_RegFile/U205/Y (INVX2M)                              0.05       0.43 f
  U0_RegFile/U56/Y (NOR2X2M)                              0.15       0.58 r
  U0_RegFile/U55/Y (NOR2BX2M)                             0.25       0.83 r
  U0_RegFile/U191/Y (NAND2X2M)                            0.10       0.94 f
  U0_RegFile/U44/Y (INVX2M)                               0.13       1.07 r
  U0_RegFile/U24/Y (NAND2X2M)                             0.20       1.27 f
  U0_RegFile/U179/Y (OAI2BB2X1M)                          0.18       1.45 r
  U0_RegFile/regArr_reg[11][4]/D (DFFRQX2M)               0.00       1.45 r
  data arrival time                                                  1.45

  clock CLKB_DOMAIN (rise edge)                          20.00      20.00
  clock network delay (ideal)                             0.00      20.00
  clock uncertainty                                      -0.20      19.80
  U0_RegFile/regArr_reg[11][4]/CK (DFFRQX2M)              0.00      19.80 r
  library setup time                                     -0.31      19.49
  data required time                                                19.49
  --------------------------------------------------------------------------
  data required time                                                19.49
  data arrival time                                                 -1.45
  --------------------------------------------------------------------------
  slack (MET)                                                       18.04


  Startpoint: U0_DATA_SYNC/enable_pulse_d_reg
              (rising edge-triggered flip-flop clocked by CLKB_DOMAIN)
  Endpoint: U0_RegFile/regArr_reg[11][3]
            (rising edge-triggered flip-flop clocked by CLKB_DOMAIN)
  Path Group: CLKB_DOMAIN
  Path Type: max

  Point                                                   Incr       Path
  --------------------------------------------------------------------------
  clock CLKB_DOMAIN (rise edge)                           0.00       0.00
  clock network delay (ideal)                             0.00       0.00
  U0_DATA_SYNC/enable_pulse_d_reg/CK (DFFRQX2M)           0.00       0.00 r
  U0_DATA_SYNC/enable_pulse_d_reg/Q (DFFRQX2M)            0.38       0.38 r
  U0_DATA_SYNC/enable_pulse_d (DATA_SYNC)                 0.00       0.38 r
  U0_RegFile/WrEn (RegFile)                               0.00       0.38 r
  U0_RegFile/U205/Y (INVX2M)                              0.05       0.43 f
  U0_RegFile/U56/Y (NOR2X2M)                              0.15       0.58 r
  U0_RegFile/U55/Y (NOR2BX2M)                             0.25       0.83 r
  U0_RegFile/U191/Y (NAND2X2M)                            0.10       0.94 f
  U0_RegFile/U44/Y (INVX2M)                               0.13       1.07 r
  U0_RegFile/U24/Y (NAND2X2M)                             0.20       1.27 f
  U0_RegFile/U178/Y (OAI2BB2X1M)                          0.18       1.45 r
  U0_RegFile/regArr_reg[11][3]/D (DFFRQX2M)               0.00       1.45 r
  data arrival time                                                  1.45

  clock CLKB_DOMAIN (rise edge)                          20.00      20.00
  clock network delay (ideal)                             0.00      20.00
  clock uncertainty                                      -0.20      19.80
  U0_RegFile/regArr_reg[11][3]/CK (DFFRQX2M)              0.00      19.80 r
  library setup time                                     -0.31      19.49
  data required time                                                19.49
  --------------------------------------------------------------------------
  data required time                                                19.49
  data arrival time                                                 -1.45
  --------------------------------------------------------------------------
  slack (MET)                                                       18.04


  Startpoint: U0_DATA_SYNC/enable_pulse_d_reg
              (rising edge-triggered flip-flop clocked by CLKB_DOMAIN)
  Endpoint: U0_RegFile/regArr_reg[11][2]
            (rising edge-triggered flip-flop clocked by CLKB_DOMAIN)
  Path Group: CLKB_DOMAIN
  Path Type: max

  Point                                                   Incr       Path
  --------------------------------------------------------------------------
  clock CLKB_DOMAIN (rise edge)                           0.00       0.00
  clock network delay (ideal)                             0.00       0.00
  U0_DATA_SYNC/enable_pulse_d_reg/CK (DFFRQX2M)           0.00       0.00 r
  U0_DATA_SYNC/enable_pulse_d_reg/Q (DFFRQX2M)            0.38       0.38 r
  U0_DATA_SYNC/enable_pulse_d (DATA_SYNC)                 0.00       0.38 r
  U0_RegFile/WrEn (RegFile)                               0.00       0.38 r
  U0_RegFile/U205/Y (INVX2M)                              0.05       0.43 f
  U0_RegFile/U56/Y (NOR2X2M)                              0.15       0.58 r
  U0_RegFile/U55/Y (NOR2BX2M)                             0.25       0.83 r
  U0_RegFile/U191/Y (NAND2X2M)                            0.10       0.94 f
  U0_RegFile/U44/Y (INVX2M)                               0.13       1.07 r
  U0_RegFile/U24/Y (NAND2X2M)                             0.20       1.27 f
  U0_RegFile/U177/Y (OAI2BB2X1M)                          0.18       1.45 r
  U0_RegFile/regArr_reg[11][2]/D (DFFRQX2M)               0.00       1.45 r
  data arrival time                                                  1.45

  clock CLKB_DOMAIN (rise edge)                          20.00      20.00
  clock network delay (ideal)                             0.00      20.00
  clock uncertainty                                      -0.20      19.80
  U0_RegFile/regArr_reg[11][2]/CK (DFFRQX2M)              0.00      19.80 r
  library setup time                                     -0.31      19.49
  data required time                                                19.49
  --------------------------------------------------------------------------
  data required time                                                19.49
  data arrival time                                                 -1.45
  --------------------------------------------------------------------------
  slack (MET)                                                       18.04


  Startpoint: U0_DATA_SYNC/enable_pulse_d_reg
              (rising edge-triggered flip-flop clocked by CLKB_DOMAIN)
  Endpoint: U0_RegFile/regArr_reg[11][1]
            (rising edge-triggered flip-flop clocked by CLKB_DOMAIN)
  Path Group: CLKB_DOMAIN
  Path Type: max

  Point                                                   Incr       Path
  --------------------------------------------------------------------------
  clock CLKB_DOMAIN (rise edge)                           0.00       0.00
  clock network delay (ideal)                             0.00       0.00
  U0_DATA_SYNC/enable_pulse_d_reg/CK (DFFRQX2M)           0.00       0.00 r
  U0_DATA_SYNC/enable_pulse_d_reg/Q (DFFRQX2M)            0.38       0.38 r
  U0_DATA_SYNC/enable_pulse_d (DATA_SYNC)                 0.00       0.38 r
  U0_RegFile/WrEn (RegFile)                               0.00       0.38 r
  U0_RegFile/U205/Y (INVX2M)                              0.05       0.43 f
  U0_RegFile/U56/Y (NOR2X2M)                              0.15       0.58 r
  U0_RegFile/U55/Y (NOR2BX2M)                             0.25       0.83 r
  U0_RegFile/U191/Y (NAND2X2M)                            0.10       0.94 f
  U0_RegFile/U44/Y (INVX2M)                               0.13       1.07 r
  U0_RegFile/U24/Y (NAND2X2M)                             0.20       1.27 f
  U0_RegFile/U176/Y (OAI2BB2X1M)                          0.18       1.45 r
  U0_RegFile/regArr_reg[11][1]/D (DFFRQX2M)               0.00       1.45 r
  data arrival time                                                  1.45

  clock CLKB_DOMAIN (rise edge)                          20.00      20.00
  clock network delay (ideal)                             0.00      20.00
  clock uncertainty                                      -0.20      19.80
  U0_RegFile/regArr_reg[11][1]/CK (DFFRQX2M)              0.00      19.80 r
  library setup time                                     -0.31      19.49
  data required time                                                19.49
  --------------------------------------------------------------------------
  data required time                                                19.49
  data arrival time                                                 -1.45
  --------------------------------------------------------------------------
  slack (MET)                                                       18.04


  Startpoint: U0_DATA_SYNC/enable_pulse_d_reg
              (rising edge-triggered flip-flop clocked by CLKB_DOMAIN)
  Endpoint: U0_RegFile/regArr_reg[11][0]
            (rising edge-triggered flip-flop clocked by CLKB_DOMAIN)
  Path Group: CLKB_DOMAIN
  Path Type: max

  Point                                                   Incr       Path
  --------------------------------------------------------------------------
  clock CLKB_DOMAIN (rise edge)                           0.00       0.00
  clock network delay (ideal)                             0.00       0.00
  U0_DATA_SYNC/enable_pulse_d_reg/CK (DFFRQX2M)           0.00       0.00 r
  U0_DATA_SYNC/enable_pulse_d_reg/Q (DFFRQX2M)            0.38       0.38 r
  U0_DATA_SYNC/enable_pulse_d (DATA_SYNC)                 0.00       0.38 r
  U0_RegFile/WrEn (RegFile)                               0.00       0.38 r
  U0_RegFile/U205/Y (INVX2M)                              0.05       0.43 f
  U0_RegFile/U56/Y (NOR2X2M)                              0.15       0.58 r
  U0_RegFile/U55/Y (NOR2BX2M)                             0.25       0.83 r
  U0_RegFile/U191/Y (NAND2X2M)                            0.10       0.94 f
  U0_RegFile/U44/Y (INVX2M)                               0.13       1.07 r
  U0_RegFile/U24/Y (NAND2X2M)                             0.20       1.27 f
  U0_RegFile/U175/Y (OAI2BB2X1M)                          0.18       1.45 r
  U0_RegFile/regArr_reg[11][0]/D (DFFRQX2M)               0.00       1.45 r
  data arrival time                                                  1.45

  clock CLKB_DOMAIN (rise edge)                          20.00      20.00
  clock network delay (ideal)                             0.00      20.00
  clock uncertainty                                      -0.20      19.80
  U0_RegFile/regArr_reg[11][0]/CK (DFFRQX2M)              0.00      19.80 r
  library setup time                                     -0.31      19.49
  data required time                                                19.49
  --------------------------------------------------------------------------
  data required time                                                19.49
  data arrival time                                                 -1.45
  --------------------------------------------------------------------------
  slack (MET)                                                       18.04


  Startpoint: U0_DATA_SYNC/enable_pulse_d_reg
              (rising edge-triggered flip-flop clocked by CLKB_DOMAIN)
  Endpoint: U0_RegFile/regArr_reg[13][7]
            (rising edge-triggered flip-flop clocked by CLKB_DOMAIN)
  Path Group: CLKB_DOMAIN
  Path Type: max

  Point                                                   Incr       Path
  --------------------------------------------------------------------------
  clock CLKB_DOMAIN (rise edge)                           0.00       0.00
  clock network delay (ideal)                             0.00       0.00
  U0_DATA_SYNC/enable_pulse_d_reg/CK (DFFRQX2M)           0.00       0.00 r
  U0_DATA_SYNC/enable_pulse_d_reg/Q (DFFRQX2M)            0.38       0.38 r
  U0_DATA_SYNC/enable_pulse_d (DATA_SYNC)                 0.00       0.38 r
  U0_RegFile/WrEn (RegFile)                               0.00       0.38 r
  U0_RegFile/U205/Y (INVX2M)                              0.05       0.43 f
  U0_RegFile/U56/Y (NOR2X2M)                              0.15       0.58 r
  U0_RegFile/U55/Y (NOR2BX2M)                             0.25       0.83 r
  U0_RegFile/U46/Y (NAND2X2M)                             0.11       0.95 f
  U0_RegFile/U28/Y (INVX2M)                               0.12       1.07 r
  U0_RegFile/U23/Y (NAND2X2M)                             0.20       1.26 f
  U0_RegFile/U126/Y (OAI2BB2X1M)                          0.18       1.44 r
  U0_RegFile/regArr_reg[13][7]/D (DFFRQX2M)               0.00       1.44 r
  data arrival time                                                  1.44

  clock CLKB_DOMAIN (rise edge)                          20.00      20.00
  clock network delay (ideal)                             0.00      20.00
  clock uncertainty                                      -0.20      19.80
  U0_RegFile/regArr_reg[13][7]/CK (DFFRQX2M)              0.00      19.80 r
  library setup time                                     -0.31      19.49
  data required time                                                19.49
  --------------------------------------------------------------------------
  data required time                                                19.49
  data arrival time                                                 -1.44
  --------------------------------------------------------------------------
  slack (MET)                                                       18.05


  Startpoint: U0_DATA_SYNC/enable_pulse_d_reg
              (rising edge-triggered flip-flop clocked by CLKB_DOMAIN)
  Endpoint: U0_RegFile/regArr_reg[13][6]
            (rising edge-triggered flip-flop clocked by CLKB_DOMAIN)
  Path Group: CLKB_DOMAIN
  Path Type: max

  Point                                                   Incr       Path
  --------------------------------------------------------------------------
  clock CLKB_DOMAIN (rise edge)                           0.00       0.00
  clock network delay (ideal)                             0.00       0.00
  U0_DATA_SYNC/enable_pulse_d_reg/CK (DFFRQX2M)           0.00       0.00 r
  U0_DATA_SYNC/enable_pulse_d_reg/Q (DFFRQX2M)            0.38       0.38 r
  U0_DATA_SYNC/enable_pulse_d (DATA_SYNC)                 0.00       0.38 r
  U0_RegFile/WrEn (RegFile)                               0.00       0.38 r
  U0_RegFile/U205/Y (INVX2M)                              0.05       0.43 f
  U0_RegFile/U56/Y (NOR2X2M)                              0.15       0.58 r
  U0_RegFile/U55/Y (NOR2BX2M)                             0.25       0.83 r
  U0_RegFile/U46/Y (NAND2X2M)                             0.11       0.95 f
  U0_RegFile/U28/Y (INVX2M)                               0.12       1.07 r
  U0_RegFile/U23/Y (NAND2X2M)                             0.20       1.26 f
  U0_RegFile/U125/Y (OAI2BB2X1M)                          0.18       1.44 r
  U0_RegFile/regArr_reg[13][6]/D (DFFRQX2M)               0.00       1.44 r
  data arrival time                                                  1.44

  clock CLKB_DOMAIN (rise edge)                          20.00      20.00
  clock network delay (ideal)                             0.00      20.00
  clock uncertainty                                      -0.20      19.80
  U0_RegFile/regArr_reg[13][6]/CK (DFFRQX2M)              0.00      19.80 r
  library setup time                                     -0.31      19.49
  data required time                                                19.49
  --------------------------------------------------------------------------
  data required time                                                19.49
  data arrival time                                                 -1.44
  --------------------------------------------------------------------------
  slack (MET)                                                       18.05


  Startpoint: U0_DATA_SYNC/enable_pulse_d_reg
              (rising edge-triggered flip-flop clocked by CLKB_DOMAIN)
  Endpoint: U0_RegFile/regArr_reg[13][5]
            (rising edge-triggered flip-flop clocked by CLKB_DOMAIN)
  Path Group: CLKB_DOMAIN
  Path Type: max

  Point                                                   Incr       Path
  --------------------------------------------------------------------------
  clock CLKB_DOMAIN (rise edge)                           0.00       0.00
  clock network delay (ideal)                             0.00       0.00
  U0_DATA_SYNC/enable_pulse_d_reg/CK (DFFRQX2M)           0.00       0.00 r
  U0_DATA_SYNC/enable_pulse_d_reg/Q (DFFRQX2M)            0.38       0.38 r
  U0_DATA_SYNC/enable_pulse_d (DATA_SYNC)                 0.00       0.38 r
  U0_RegFile/WrEn (RegFile)                               0.00       0.38 r
  U0_RegFile/U205/Y (INVX2M)                              0.05       0.43 f
  U0_RegFile/U56/Y (NOR2X2M)                              0.15       0.58 r
  U0_RegFile/U55/Y (NOR2BX2M)                             0.25       0.83 r
  U0_RegFile/U46/Y (NAND2X2M)                             0.11       0.95 f
  U0_RegFile/U28/Y (INVX2M)                               0.12       1.07 r
  U0_RegFile/U23/Y (NAND2X2M)                             0.20       1.26 f
  U0_RegFile/U124/Y (OAI2BB2X1M)                          0.18       1.44 r
  U0_RegFile/regArr_reg[13][5]/D (DFFRQX2M)               0.00       1.44 r
  data arrival time                                                  1.44

  clock CLKB_DOMAIN (rise edge)                          20.00      20.00
  clock network delay (ideal)                             0.00      20.00
  clock uncertainty                                      -0.20      19.80
  U0_RegFile/regArr_reg[13][5]/CK (DFFRQX2M)              0.00      19.80 r
  library setup time                                     -0.31      19.49
  data required time                                                19.49
  --------------------------------------------------------------------------
  data required time                                                19.49
  data arrival time                                                 -1.44
  --------------------------------------------------------------------------
  slack (MET)                                                       18.05


  Startpoint: U0_DATA_SYNC/enable_pulse_d_reg
              (rising edge-triggered flip-flop clocked by CLKB_DOMAIN)
  Endpoint: U0_RegFile/regArr_reg[13][4]
            (rising edge-triggered flip-flop clocked by CLKB_DOMAIN)
  Path Group: CLKB_DOMAIN
  Path Type: max

  Point                                                   Incr       Path
  --------------------------------------------------------------------------
  clock CLKB_DOMAIN (rise edge)                           0.00       0.00
  clock network delay (ideal)                             0.00       0.00
  U0_DATA_SYNC/enable_pulse_d_reg/CK (DFFRQX2M)           0.00       0.00 r
  U0_DATA_SYNC/enable_pulse_d_reg/Q (DFFRQX2M)            0.38       0.38 r
  U0_DATA_SYNC/enable_pulse_d (DATA_SYNC)                 0.00       0.38 r
  U0_RegFile/WrEn (RegFile)                               0.00       0.38 r
  U0_RegFile/U205/Y (INVX2M)                              0.05       0.43 f
  U0_RegFile/U56/Y (NOR2X2M)                              0.15       0.58 r
  U0_RegFile/U55/Y (NOR2BX2M)                             0.25       0.83 r
  U0_RegFile/U46/Y (NAND2X2M)                             0.11       0.95 f
  U0_RegFile/U28/Y (INVX2M)                               0.12       1.07 r
  U0_RegFile/U23/Y (NAND2X2M)                             0.20       1.26 f
  U0_RegFile/U123/Y (OAI2BB2X1M)                          0.18       1.44 r
  U0_RegFile/regArr_reg[13][4]/D (DFFRQX2M)               0.00       1.44 r
  data arrival time                                                  1.44

  clock CLKB_DOMAIN (rise edge)                          20.00      20.00
  clock network delay (ideal)                             0.00      20.00
  clock uncertainty                                      -0.20      19.80
  U0_RegFile/regArr_reg[13][4]/CK (DFFRQX2M)              0.00      19.80 r
  library setup time                                     -0.31      19.49
  data required time                                                19.49
  --------------------------------------------------------------------------
  data required time                                                19.49
  data arrival time                                                 -1.44
  --------------------------------------------------------------------------
  slack (MET)                                                       18.05


  Startpoint: U0_DATA_SYNC/enable_pulse_d_reg
              (rising edge-triggered flip-flop clocked by CLKB_DOMAIN)
  Endpoint: U0_RegFile/regArr_reg[13][3]
            (rising edge-triggered flip-flop clocked by CLKB_DOMAIN)
  Path Group: CLKB_DOMAIN
  Path Type: max

  Point                                                   Incr       Path
  --------------------------------------------------------------------------
  clock CLKB_DOMAIN (rise edge)                           0.00       0.00
  clock network delay (ideal)                             0.00       0.00
  U0_DATA_SYNC/enable_pulse_d_reg/CK (DFFRQX2M)           0.00       0.00 r
  U0_DATA_SYNC/enable_pulse_d_reg/Q (DFFRQX2M)            0.38       0.38 r
  U0_DATA_SYNC/enable_pulse_d (DATA_SYNC)                 0.00       0.38 r
  U0_RegFile/WrEn (RegFile)                               0.00       0.38 r
  U0_RegFile/U205/Y (INVX2M)                              0.05       0.43 f
  U0_RegFile/U56/Y (NOR2X2M)                              0.15       0.58 r
  U0_RegFile/U55/Y (NOR2BX2M)                             0.25       0.83 r
  U0_RegFile/U46/Y (NAND2X2M)                             0.11       0.95 f
  U0_RegFile/U28/Y (INVX2M)                               0.12       1.07 r
  U0_RegFile/U23/Y (NAND2X2M)                             0.20       1.26 f
  U0_RegFile/U122/Y (OAI2BB2X1M)                          0.18       1.44 r
  U0_RegFile/regArr_reg[13][3]/D (DFFRQX2M)               0.00       1.44 r
  data arrival time                                                  1.44

  clock CLKB_DOMAIN (rise edge)                          20.00      20.00
  clock network delay (ideal)                             0.00      20.00
  clock uncertainty                                      -0.20      19.80
  U0_RegFile/regArr_reg[13][3]/CK (DFFRQX2M)              0.00      19.80 r
  library setup time                                     -0.31      19.49
  data required time                                                19.49
  --------------------------------------------------------------------------
  data required time                                                19.49
  data arrival time                                                 -1.44
  --------------------------------------------------------------------------
  slack (MET)                                                       18.05


  Startpoint: U0_DATA_SYNC/enable_pulse_d_reg
              (rising edge-triggered flip-flop clocked by CLKB_DOMAIN)
  Endpoint: U0_RegFile/regArr_reg[13][2]
            (rising edge-triggered flip-flop clocked by CLKB_DOMAIN)
  Path Group: CLKB_DOMAIN
  Path Type: max

  Point                                                   Incr       Path
  --------------------------------------------------------------------------
  clock CLKB_DOMAIN (rise edge)                           0.00       0.00
  clock network delay (ideal)                             0.00       0.00
  U0_DATA_SYNC/enable_pulse_d_reg/CK (DFFRQX2M)           0.00       0.00 r
  U0_DATA_SYNC/enable_pulse_d_reg/Q (DFFRQX2M)            0.38       0.38 r
  U0_DATA_SYNC/enable_pulse_d (DATA_SYNC)                 0.00       0.38 r
  U0_RegFile/WrEn (RegFile)                               0.00       0.38 r
  U0_RegFile/U205/Y (INVX2M)                              0.05       0.43 f
  U0_RegFile/U56/Y (NOR2X2M)                              0.15       0.58 r
  U0_RegFile/U55/Y (NOR2BX2M)                             0.25       0.83 r
  U0_RegFile/U46/Y (NAND2X2M)                             0.11       0.95 f
  U0_RegFile/U28/Y (INVX2M)                               0.12       1.07 r
  U0_RegFile/U23/Y (NAND2X2M)                             0.20       1.26 f
  U0_RegFile/U121/Y (OAI2BB2X1M)                          0.18       1.44 r
  U0_RegFile/regArr_reg[13][2]/D (DFFRQX2M)               0.00       1.44 r
  data arrival time                                                  1.44

  clock CLKB_DOMAIN (rise edge)                          20.00      20.00
  clock network delay (ideal)                             0.00      20.00
  clock uncertainty                                      -0.20      19.80
  U0_RegFile/regArr_reg[13][2]/CK (DFFRQX2M)              0.00      19.80 r
  library setup time                                     -0.31      19.49
  data required time                                                19.49
  --------------------------------------------------------------------------
  data required time                                                19.49
  data arrival time                                                 -1.44
  --------------------------------------------------------------------------
  slack (MET)                                                       18.05


  Startpoint: U0_DATA_SYNC/enable_pulse_d_reg
              (rising edge-triggered flip-flop clocked by CLKB_DOMAIN)
  Endpoint: U0_RegFile/regArr_reg[13][1]
            (rising edge-triggered flip-flop clocked by CLKB_DOMAIN)
  Path Group: CLKB_DOMAIN
  Path Type: max

  Point                                                   Incr       Path
  --------------------------------------------------------------------------
  clock CLKB_DOMAIN (rise edge)                           0.00       0.00
  clock network delay (ideal)                             0.00       0.00
  U0_DATA_SYNC/enable_pulse_d_reg/CK (DFFRQX2M)           0.00       0.00 r
  U0_DATA_SYNC/enable_pulse_d_reg/Q (DFFRQX2M)            0.38       0.38 r
  U0_DATA_SYNC/enable_pulse_d (DATA_SYNC)                 0.00       0.38 r
  U0_RegFile/WrEn (RegFile)                               0.00       0.38 r
  U0_RegFile/U205/Y (INVX2M)                              0.05       0.43 f
  U0_RegFile/U56/Y (NOR2X2M)                              0.15       0.58 r
  U0_RegFile/U55/Y (NOR2BX2M)                             0.25       0.83 r
  U0_RegFile/U46/Y (NAND2X2M)                             0.11       0.95 f
  U0_RegFile/U28/Y (INVX2M)                               0.12       1.07 r
  U0_RegFile/U23/Y (NAND2X2M)                             0.20       1.26 f
  U0_RegFile/U120/Y (OAI2BB2X1M)                          0.18       1.44 r
  U0_RegFile/regArr_reg[13][1]/D (DFFRQX2M)               0.00       1.44 r
  data arrival time                                                  1.44

  clock CLKB_DOMAIN (rise edge)                          20.00      20.00
  clock network delay (ideal)                             0.00      20.00
  clock uncertainty                                      -0.20      19.80
  U0_RegFile/regArr_reg[13][1]/CK (DFFRQX2M)              0.00      19.80 r
  library setup time                                     -0.31      19.49
  data required time                                                19.49
  --------------------------------------------------------------------------
  data required time                                                19.49
  data arrival time                                                 -1.44
  --------------------------------------------------------------------------
  slack (MET)                                                       18.05


  Startpoint: U0_DATA_SYNC/enable_pulse_d_reg
              (rising edge-triggered flip-flop clocked by CLKB_DOMAIN)
  Endpoint: U0_RegFile/regArr_reg[13][0]
            (rising edge-triggered flip-flop clocked by CLKB_DOMAIN)
  Path Group: CLKB_DOMAIN
  Path Type: max

  Point                                                   Incr       Path
  --------------------------------------------------------------------------
  clock CLKB_DOMAIN (rise edge)                           0.00       0.00
  clock network delay (ideal)                             0.00       0.00
  U0_DATA_SYNC/enable_pulse_d_reg/CK (DFFRQX2M)           0.00       0.00 r
  U0_DATA_SYNC/enable_pulse_d_reg/Q (DFFRQX2M)            0.38       0.38 r
  U0_DATA_SYNC/enable_pulse_d (DATA_SYNC)                 0.00       0.38 r
  U0_RegFile/WrEn (RegFile)                               0.00       0.38 r
  U0_RegFile/U205/Y (INVX2M)                              0.05       0.43 f
  U0_RegFile/U56/Y (NOR2X2M)                              0.15       0.58 r
  U0_RegFile/U55/Y (NOR2BX2M)                             0.25       0.83 r
  U0_RegFile/U46/Y (NAND2X2M)                             0.11       0.95 f
  U0_RegFile/U28/Y (INVX2M)                               0.12       1.07 r
  U0_RegFile/U23/Y (NAND2X2M)                             0.20       1.26 f
  U0_RegFile/U119/Y (OAI2BB2X1M)                          0.18       1.44 r
  U0_RegFile/regArr_reg[13][0]/D (DFFRQX2M)               0.00       1.44 r
  data arrival time                                                  1.44

  clock CLKB_DOMAIN (rise edge)                          20.00      20.00
  clock network delay (ideal)                             0.00      20.00
  clock uncertainty                                      -0.20      19.80
  U0_RegFile/regArr_reg[13][0]/CK (DFFRQX2M)              0.00      19.80 r
  library setup time                                     -0.31      19.49
  data required time                                                19.49
  --------------------------------------------------------------------------
  data required time                                                19.49
  data arrival time                                                 -1.44
  --------------------------------------------------------------------------
  slack (MET)                                                       18.05


  Startpoint: U0_DATA_SYNC/enable_pulse_d_reg
              (rising edge-triggered flip-flop clocked by CLKB_DOMAIN)
  Endpoint: U0_RegFile/regArr_reg[5][7]
            (rising edge-triggered flip-flop clocked by CLKB_DOMAIN)
  Path Group: CLKB_DOMAIN
  Path Type: max

  Point                                                   Incr       Path
  --------------------------------------------------------------------------
  clock CLKB_DOMAIN (rise edge)                           0.00       0.00
  clock network delay (ideal)                             0.00       0.00
  U0_DATA_SYNC/enable_pulse_d_reg/CK (DFFRQX2M)           0.00       0.00 r
  U0_DATA_SYNC/enable_pulse_d_reg/Q (DFFRQX2M)            0.38       0.38 r
  U0_DATA_SYNC/enable_pulse_d (DATA_SYNC)                 0.00       0.38 r
  U0_RegFile/WrEn (RegFile)                               0.00       0.38 r
  U0_RegFile/U205/Y (INVX2M)                              0.05       0.43 f
  U0_RegFile/U56/Y (NOR2X2M)                              0.15       0.58 r
  U0_RegFile/U55/Y (NOR2BX2M)                             0.25       0.83 r
  U0_RegFile/U46/Y (NAND2X2M)                             0.11       0.95 f
  U0_RegFile/U28/Y (INVX2M)                               0.12       1.07 r
  U0_RegFile/U36/Y (NAND2X2M)                             0.20       1.26 f
  U0_RegFile/U102/Y (OAI2BB2X1M)                          0.18       1.44 r
  U0_RegFile/regArr_reg[5][7]/D (DFFRQX2M)                0.00       1.44 r
  data arrival time                                                  1.44

  clock CLKB_DOMAIN (rise edge)                          20.00      20.00
  clock network delay (ideal)                             0.00      20.00
  clock uncertainty                                      -0.20      19.80
  U0_RegFile/regArr_reg[5][7]/CK (DFFRQX2M)               0.00      19.80 r
  library setup time                                     -0.31      19.49
  data required time                                                19.49
  --------------------------------------------------------------------------
  data required time                                                19.49
  data arrival time                                                 -1.44
  --------------------------------------------------------------------------
  slack (MET)                                                       18.05


  Startpoint: U0_DATA_SYNC/enable_pulse_d_reg
              (rising edge-triggered flip-flop clocked by CLKB_DOMAIN)
  Endpoint: U0_RegFile/regArr_reg[5][6]
            (rising edge-triggered flip-flop clocked by CLKB_DOMAIN)
  Path Group: CLKB_DOMAIN
  Path Type: max

  Point                                                   Incr       Path
  --------------------------------------------------------------------------
  clock CLKB_DOMAIN (rise edge)                           0.00       0.00
  clock network delay (ideal)                             0.00       0.00
  U0_DATA_SYNC/enable_pulse_d_reg/CK (DFFRQX2M)           0.00       0.00 r
  U0_DATA_SYNC/enable_pulse_d_reg/Q (DFFRQX2M)            0.38       0.38 r
  U0_DATA_SYNC/enable_pulse_d (DATA_SYNC)                 0.00       0.38 r
  U0_RegFile/WrEn (RegFile)                               0.00       0.38 r
  U0_RegFile/U205/Y (INVX2M)                              0.05       0.43 f
  U0_RegFile/U56/Y (NOR2X2M)                              0.15       0.58 r
  U0_RegFile/U55/Y (NOR2BX2M)                             0.25       0.83 r
  U0_RegFile/U46/Y (NAND2X2M)                             0.11       0.95 f
  U0_RegFile/U28/Y (INVX2M)                               0.12       1.07 r
  U0_RegFile/U36/Y (NAND2X2M)                             0.20       1.26 f
  U0_RegFile/U101/Y (OAI2BB2X1M)                          0.18       1.44 r
  U0_RegFile/regArr_reg[5][6]/D (DFFRQX2M)                0.00       1.44 r
  data arrival time                                                  1.44

  clock CLKB_DOMAIN (rise edge)                          20.00      20.00
  clock network delay (ideal)                             0.00      20.00
  clock uncertainty                                      -0.20      19.80
  U0_RegFile/regArr_reg[5][6]/CK (DFFRQX2M)               0.00      19.80 r
  library setup time                                     -0.31      19.49
  data required time                                                19.49
  --------------------------------------------------------------------------
  data required time                                                19.49
  data arrival time                                                 -1.44
  --------------------------------------------------------------------------
  slack (MET)                                                       18.05


  Startpoint: U0_DATA_SYNC/enable_pulse_d_reg
              (rising edge-triggered flip-flop clocked by CLKB_DOMAIN)
  Endpoint: U0_RegFile/regArr_reg[5][5]
            (rising edge-triggered flip-flop clocked by CLKB_DOMAIN)
  Path Group: CLKB_DOMAIN
  Path Type: max

  Point                                                   Incr       Path
  --------------------------------------------------------------------------
  clock CLKB_DOMAIN (rise edge)                           0.00       0.00
  clock network delay (ideal)                             0.00       0.00
  U0_DATA_SYNC/enable_pulse_d_reg/CK (DFFRQX2M)           0.00       0.00 r
  U0_DATA_SYNC/enable_pulse_d_reg/Q (DFFRQX2M)            0.38       0.38 r
  U0_DATA_SYNC/enable_pulse_d (DATA_SYNC)                 0.00       0.38 r
  U0_RegFile/WrEn (RegFile)                               0.00       0.38 r
  U0_RegFile/U205/Y (INVX2M)                              0.05       0.43 f
  U0_RegFile/U56/Y (NOR2X2M)                              0.15       0.58 r
  U0_RegFile/U55/Y (NOR2BX2M)                             0.25       0.83 r
  U0_RegFile/U46/Y (NAND2X2M)                             0.11       0.95 f
  U0_RegFile/U28/Y (INVX2M)                               0.12       1.07 r
  U0_RegFile/U36/Y (NAND2X2M)                             0.20       1.26 f
  U0_RegFile/U100/Y (OAI2BB2X1M)                          0.18       1.44 r
  U0_RegFile/regArr_reg[5][5]/D (DFFRQX2M)                0.00       1.44 r
  data arrival time                                                  1.44

  clock CLKB_DOMAIN (rise edge)                          20.00      20.00
  clock network delay (ideal)                             0.00      20.00
  clock uncertainty                                      -0.20      19.80
  U0_RegFile/regArr_reg[5][5]/CK (DFFRQX2M)               0.00      19.80 r
  library setup time                                     -0.31      19.49
  data required time                                                19.49
  --------------------------------------------------------------------------
  data required time                                                19.49
  data arrival time                                                 -1.44
  --------------------------------------------------------------------------
  slack (MET)                                                       18.05


  Startpoint: U0_DATA_SYNC/enable_pulse_d_reg
              (rising edge-triggered flip-flop clocked by CLKB_DOMAIN)
  Endpoint: U0_RegFile/regArr_reg[5][4]
            (rising edge-triggered flip-flop clocked by CLKB_DOMAIN)
  Path Group: CLKB_DOMAIN
  Path Type: max

  Point                                                   Incr       Path
  --------------------------------------------------------------------------
  clock CLKB_DOMAIN (rise edge)                           0.00       0.00
  clock network delay (ideal)                             0.00       0.00
  U0_DATA_SYNC/enable_pulse_d_reg/CK (DFFRQX2M)           0.00       0.00 r
  U0_DATA_SYNC/enable_pulse_d_reg/Q (DFFRQX2M)            0.38       0.38 r
  U0_DATA_SYNC/enable_pulse_d (DATA_SYNC)                 0.00       0.38 r
  U0_RegFile/WrEn (RegFile)                               0.00       0.38 r
  U0_RegFile/U205/Y (INVX2M)                              0.05       0.43 f
  U0_RegFile/U56/Y (NOR2X2M)                              0.15       0.58 r
  U0_RegFile/U55/Y (NOR2BX2M)                             0.25       0.83 r
  U0_RegFile/U46/Y (NAND2X2M)                             0.11       0.95 f
  U0_RegFile/U28/Y (INVX2M)                               0.12       1.07 r
  U0_RegFile/U36/Y (NAND2X2M)                             0.20       1.26 f
  U0_RegFile/U99/Y (OAI2BB2X1M)                           0.18       1.44 r
  U0_RegFile/regArr_reg[5][4]/D (DFFRQX2M)                0.00       1.44 r
  data arrival time                                                  1.44

  clock CLKB_DOMAIN (rise edge)                          20.00      20.00
  clock network delay (ideal)                             0.00      20.00
  clock uncertainty                                      -0.20      19.80
  U0_RegFile/regArr_reg[5][4]/CK (DFFRQX2M)               0.00      19.80 r
  library setup time                                     -0.31      19.49
  data required time                                                19.49
  --------------------------------------------------------------------------
  data required time                                                19.49
  data arrival time                                                 -1.44
  --------------------------------------------------------------------------
  slack (MET)                                                       18.05


  Startpoint: U0_DATA_SYNC/enable_pulse_d_reg
              (rising edge-triggered flip-flop clocked by CLKB_DOMAIN)
  Endpoint: U0_RegFile/regArr_reg[5][3]
            (rising edge-triggered flip-flop clocked by CLKB_DOMAIN)
  Path Group: CLKB_DOMAIN
  Path Type: max

  Point                                                   Incr       Path
  --------------------------------------------------------------------------
  clock CLKB_DOMAIN (rise edge)                           0.00       0.00
  clock network delay (ideal)                             0.00       0.00
  U0_DATA_SYNC/enable_pulse_d_reg/CK (DFFRQX2M)           0.00       0.00 r
  U0_DATA_SYNC/enable_pulse_d_reg/Q (DFFRQX2M)            0.38       0.38 r
  U0_DATA_SYNC/enable_pulse_d (DATA_SYNC)                 0.00       0.38 r
  U0_RegFile/WrEn (RegFile)                               0.00       0.38 r
  U0_RegFile/U205/Y (INVX2M)                              0.05       0.43 f
  U0_RegFile/U56/Y (NOR2X2M)                              0.15       0.58 r
  U0_RegFile/U55/Y (NOR2BX2M)                             0.25       0.83 r
  U0_RegFile/U46/Y (NAND2X2M)                             0.11       0.95 f
  U0_RegFile/U28/Y (INVX2M)                               0.12       1.07 r
  U0_RegFile/U36/Y (NAND2X2M)                             0.20       1.26 f
  U0_RegFile/U98/Y (OAI2BB2X1M)                           0.18       1.44 r
  U0_RegFile/regArr_reg[5][3]/D (DFFRQX2M)                0.00       1.44 r
  data arrival time                                                  1.44

  clock CLKB_DOMAIN (rise edge)                          20.00      20.00
  clock network delay (ideal)                             0.00      20.00
  clock uncertainty                                      -0.20      19.80
  U0_RegFile/regArr_reg[5][3]/CK (DFFRQX2M)               0.00      19.80 r
  library setup time                                     -0.31      19.49
  data required time                                                19.49
  --------------------------------------------------------------------------
  data required time                                                19.49
  data arrival time                                                 -1.44
  --------------------------------------------------------------------------
  slack (MET)                                                       18.05


  Startpoint: U0_DATA_SYNC/enable_pulse_d_reg
              (rising edge-triggered flip-flop clocked by CLKB_DOMAIN)
  Endpoint: U0_RegFile/regArr_reg[5][2]
            (rising edge-triggered flip-flop clocked by CLKB_DOMAIN)
  Path Group: CLKB_DOMAIN
  Path Type: max

  Point                                                   Incr       Path
  --------------------------------------------------------------------------
  clock CLKB_DOMAIN (rise edge)                           0.00       0.00
  clock network delay (ideal)                             0.00       0.00
  U0_DATA_SYNC/enable_pulse_d_reg/CK (DFFRQX2M)           0.00       0.00 r
  U0_DATA_SYNC/enable_pulse_d_reg/Q (DFFRQX2M)            0.38       0.38 r
  U0_DATA_SYNC/enable_pulse_d (DATA_SYNC)                 0.00       0.38 r
  U0_RegFile/WrEn (RegFile)                               0.00       0.38 r
  U0_RegFile/U205/Y (INVX2M)                              0.05       0.43 f
  U0_RegFile/U56/Y (NOR2X2M)                              0.15       0.58 r
  U0_RegFile/U55/Y (NOR2BX2M)                             0.25       0.83 r
  U0_RegFile/U46/Y (NAND2X2M)                             0.11       0.95 f
  U0_RegFile/U28/Y (INVX2M)                               0.12       1.07 r
  U0_RegFile/U36/Y (NAND2X2M)                             0.20       1.26 f
  U0_RegFile/U97/Y (OAI2BB2X1M)                           0.18       1.44 r
  U0_RegFile/regArr_reg[5][2]/D (DFFRQX2M)                0.00       1.44 r
  data arrival time                                                  1.44

  clock CLKB_DOMAIN (rise edge)                          20.00      20.00
  clock network delay (ideal)                             0.00      20.00
  clock uncertainty                                      -0.20      19.80
  U0_RegFile/regArr_reg[5][2]/CK (DFFRQX2M)               0.00      19.80 r
  library setup time                                     -0.31      19.49
  data required time                                                19.49
  --------------------------------------------------------------------------
  data required time                                                19.49
  data arrival time                                                 -1.44
  --------------------------------------------------------------------------
  slack (MET)                                                       18.05


  Startpoint: U0_DATA_SYNC/enable_pulse_d_reg
              (rising edge-triggered flip-flop clocked by CLKB_DOMAIN)
  Endpoint: U0_RegFile/regArr_reg[5][1]
            (rising edge-triggered flip-flop clocked by CLKB_DOMAIN)
  Path Group: CLKB_DOMAIN
  Path Type: max

  Point                                                   Incr       Path
  --------------------------------------------------------------------------
  clock CLKB_DOMAIN (rise edge)                           0.00       0.00
  clock network delay (ideal)                             0.00       0.00
  U0_DATA_SYNC/enable_pulse_d_reg/CK (DFFRQX2M)           0.00       0.00 r
  U0_DATA_SYNC/enable_pulse_d_reg/Q (DFFRQX2M)            0.38       0.38 r
  U0_DATA_SYNC/enable_pulse_d (DATA_SYNC)                 0.00       0.38 r
  U0_RegFile/WrEn (RegFile)                               0.00       0.38 r
  U0_RegFile/U205/Y (INVX2M)                              0.05       0.43 f
  U0_RegFile/U56/Y (NOR2X2M)                              0.15       0.58 r
  U0_RegFile/U55/Y (NOR2BX2M)                             0.25       0.83 r
  U0_RegFile/U46/Y (NAND2X2M)                             0.11       0.95 f
  U0_RegFile/U28/Y (INVX2M)                               0.12       1.07 r
  U0_RegFile/U36/Y (NAND2X2M)                             0.20       1.26 f
  U0_RegFile/U96/Y (OAI2BB2X1M)                           0.18       1.44 r
  U0_RegFile/regArr_reg[5][1]/D (DFFRQX2M)                0.00       1.44 r
  data arrival time                                                  1.44

  clock CLKB_DOMAIN (rise edge)                          20.00      20.00
  clock network delay (ideal)                             0.00      20.00
  clock uncertainty                                      -0.20      19.80
  U0_RegFile/regArr_reg[5][1]/CK (DFFRQX2M)               0.00      19.80 r
  library setup time                                     -0.31      19.49
  data required time                                                19.49
  --------------------------------------------------------------------------
  data required time                                                19.49
  data arrival time                                                 -1.44
  --------------------------------------------------------------------------
  slack (MET)                                                       18.05


  Startpoint: U0_DATA_SYNC/enable_pulse_d_reg
              (rising edge-triggered flip-flop clocked by CLKB_DOMAIN)
  Endpoint: U0_RegFile/regArr_reg[5][0]
            (rising edge-triggered flip-flop clocked by CLKB_DOMAIN)
  Path Group: CLKB_DOMAIN
  Path Type: max

  Point                                                   Incr       Path
  --------------------------------------------------------------------------
  clock CLKB_DOMAIN (rise edge)                           0.00       0.00
  clock network delay (ideal)                             0.00       0.00
  U0_DATA_SYNC/enable_pulse_d_reg/CK (DFFRQX2M)           0.00       0.00 r
  U0_DATA_SYNC/enable_pulse_d_reg/Q (DFFRQX2M)            0.38       0.38 r
  U0_DATA_SYNC/enable_pulse_d (DATA_SYNC)                 0.00       0.38 r
  U0_RegFile/WrEn (RegFile)                               0.00       0.38 r
  U0_RegFile/U205/Y (INVX2M)                              0.05       0.43 f
  U0_RegFile/U56/Y (NOR2X2M)                              0.15       0.58 r
  U0_RegFile/U55/Y (NOR2BX2M)                             0.25       0.83 r
  U0_RegFile/U46/Y (NAND2X2M)                             0.11       0.95 f
  U0_RegFile/U28/Y (INVX2M)                               0.12       1.07 r
  U0_RegFile/U36/Y (NAND2X2M)                             0.20       1.26 f
  U0_RegFile/U95/Y (OAI2BB2X1M)                           0.18       1.44 r
  U0_RegFile/regArr_reg[5][0]/D (DFFRQX2M)                0.00       1.44 r
  data arrival time                                                  1.44

  clock CLKB_DOMAIN (rise edge)                          20.00      20.00
  clock network delay (ideal)                             0.00      20.00
  clock uncertainty                                      -0.20      19.80
  U0_RegFile/regArr_reg[5][0]/CK (DFFRQX2M)               0.00      19.80 r
  library setup time                                     -0.31      19.49
  data required time                                                19.49
  --------------------------------------------------------------------------
  data required time                                                19.49
  data arrival time                                                 -1.44
  --------------------------------------------------------------------------
  slack (MET)                                                       18.05


  Startpoint: U0_DATA_SYNC/enable_pulse_d_reg
              (rising edge-triggered flip-flop clocked by CLKB_DOMAIN)
  Endpoint: U0_RegFile/regArr_reg[1][7]
            (rising edge-triggered flip-flop clocked by CLKB_DOMAIN)
  Path Group: CLKB_DOMAIN
  Path Type: max

  Point                                                   Incr       Path
  --------------------------------------------------------------------------
  clock CLKB_DOMAIN (rise edge)                           0.00       0.00
  clock network delay (ideal)                             0.00       0.00
  U0_DATA_SYNC/enable_pulse_d_reg/CK (DFFRQX2M)           0.00       0.00 r
  U0_DATA_SYNC/enable_pulse_d_reg/Q (DFFRQX2M)            0.38       0.38 r
  U0_DATA_SYNC/enable_pulse_d (DATA_SYNC)                 0.00       0.38 r
  U0_RegFile/WrEn (RegFile)                               0.00       0.38 r
  U0_RegFile/U205/Y (INVX2M)                              0.05       0.43 f
  U0_RegFile/U56/Y (NOR2X2M)                              0.15       0.58 r
  U0_RegFile/U55/Y (NOR2BX2M)                             0.25       0.83 r
  U0_RegFile/U46/Y (NAND2X2M)                             0.11       0.95 f
  U0_RegFile/U28/Y (INVX2M)                               0.12       1.07 r
  U0_RegFile/U33/Y (NAND2X2M)                             0.20       1.26 f
  U0_RegFile/U158/Y (OAI2BB2X1M)                          0.18       1.44 r
  U0_RegFile/regArr_reg[1][7]/D (DFFRQX2M)                0.00       1.44 r
  data arrival time                                                  1.44

  clock CLKB_DOMAIN (rise edge)                          20.00      20.00
  clock network delay (ideal)                             0.00      20.00
  clock uncertainty                                      -0.20      19.80
  U0_RegFile/regArr_reg[1][7]/CK (DFFRQX2M)               0.00      19.80 r
  library setup time                                     -0.31      19.49
  data required time                                                19.49
  --------------------------------------------------------------------------
  data required time                                                19.49
  data arrival time                                                 -1.44
  --------------------------------------------------------------------------
  slack (MET)                                                       18.05


  Startpoint: U0_DATA_SYNC/enable_pulse_d_reg
              (rising edge-triggered flip-flop clocked by CLKB_DOMAIN)
  Endpoint: U0_RegFile/regArr_reg[1][6]
            (rising edge-triggered flip-flop clocked by CLKB_DOMAIN)
  Path Group: CLKB_DOMAIN
  Path Type: max

  Point                                                   Incr       Path
  --------------------------------------------------------------------------
  clock CLKB_DOMAIN (rise edge)                           0.00       0.00
  clock network delay (ideal)                             0.00       0.00
  U0_DATA_SYNC/enable_pulse_d_reg/CK (DFFRQX2M)           0.00       0.00 r
  U0_DATA_SYNC/enable_pulse_d_reg/Q (DFFRQX2M)            0.38       0.38 r
  U0_DATA_SYNC/enable_pulse_d (DATA_SYNC)                 0.00       0.38 r
  U0_RegFile/WrEn (RegFile)                               0.00       0.38 r
  U0_RegFile/U205/Y (INVX2M)                              0.05       0.43 f
  U0_RegFile/U56/Y (NOR2X2M)                              0.15       0.58 r
  U0_RegFile/U55/Y (NOR2BX2M)                             0.25       0.83 r
  U0_RegFile/U46/Y (NAND2X2M)                             0.11       0.95 f
  U0_RegFile/U28/Y (INVX2M)                               0.12       1.07 r
  U0_RegFile/U33/Y (NAND2X2M)                             0.20       1.26 f
  U0_RegFile/U157/Y (OAI2BB2X1M)                          0.18       1.44 r
  U0_RegFile/regArr_reg[1][6]/D (DFFRQX2M)                0.00       1.44 r
  data arrival time                                                  1.44

  clock CLKB_DOMAIN (rise edge)                          20.00      20.00
  clock network delay (ideal)                             0.00      20.00
  clock uncertainty                                      -0.20      19.80
  U0_RegFile/regArr_reg[1][6]/CK (DFFRQX2M)               0.00      19.80 r
  library setup time                                     -0.31      19.49
  data required time                                                19.49
  --------------------------------------------------------------------------
  data required time                                                19.49
  data arrival time                                                 -1.44
  --------------------------------------------------------------------------
  slack (MET)                                                       18.05


  Startpoint: U0_DATA_SYNC/enable_pulse_d_reg
              (rising edge-triggered flip-flop clocked by CLKB_DOMAIN)
  Endpoint: U0_RegFile/regArr_reg[1][5]
            (rising edge-triggered flip-flop clocked by CLKB_DOMAIN)
  Path Group: CLKB_DOMAIN
  Path Type: max

  Point                                                   Incr       Path
  --------------------------------------------------------------------------
  clock CLKB_DOMAIN (rise edge)                           0.00       0.00
  clock network delay (ideal)                             0.00       0.00
  U0_DATA_SYNC/enable_pulse_d_reg/CK (DFFRQX2M)           0.00       0.00 r
  U0_DATA_SYNC/enable_pulse_d_reg/Q (DFFRQX2M)            0.38       0.38 r
  U0_DATA_SYNC/enable_pulse_d (DATA_SYNC)                 0.00       0.38 r
  U0_RegFile/WrEn (RegFile)                               0.00       0.38 r
  U0_RegFile/U205/Y (INVX2M)                              0.05       0.43 f
  U0_RegFile/U56/Y (NOR2X2M)                              0.15       0.58 r
  U0_RegFile/U55/Y (NOR2BX2M)                             0.25       0.83 r
  U0_RegFile/U46/Y (NAND2X2M)                             0.11       0.95 f
  U0_RegFile/U28/Y (INVX2M)                               0.12       1.07 r
  U0_RegFile/U33/Y (NAND2X2M)                             0.20       1.26 f
  U0_RegFile/U156/Y (OAI2BB2X1M)                          0.18       1.44 r
  U0_RegFile/regArr_reg[1][5]/D (DFFRQX2M)                0.00       1.44 r
  data arrival time                                                  1.44

  clock CLKB_DOMAIN (rise edge)                          20.00      20.00
  clock network delay (ideal)                             0.00      20.00
  clock uncertainty                                      -0.20      19.80
  U0_RegFile/regArr_reg[1][5]/CK (DFFRQX2M)               0.00      19.80 r
  library setup time                                     -0.31      19.49
  data required time                                                19.49
  --------------------------------------------------------------------------
  data required time                                                19.49
  data arrival time                                                 -1.44
  --------------------------------------------------------------------------
  slack (MET)                                                       18.05


  Startpoint: U0_DATA_SYNC/enable_pulse_d_reg
              (rising edge-triggered flip-flop clocked by CLKB_DOMAIN)
  Endpoint: U0_RegFile/regArr_reg[1][4]
            (rising edge-triggered flip-flop clocked by CLKB_DOMAIN)
  Path Group: CLKB_DOMAIN
  Path Type: max

  Point                                                   Incr       Path
  --------------------------------------------------------------------------
  clock CLKB_DOMAIN (rise edge)                           0.00       0.00
  clock network delay (ideal)                             0.00       0.00
  U0_DATA_SYNC/enable_pulse_d_reg/CK (DFFRQX2M)           0.00       0.00 r
  U0_DATA_SYNC/enable_pulse_d_reg/Q (DFFRQX2M)            0.38       0.38 r
  U0_DATA_SYNC/enable_pulse_d (DATA_SYNC)                 0.00       0.38 r
  U0_RegFile/WrEn (RegFile)                               0.00       0.38 r
  U0_RegFile/U205/Y (INVX2M)                              0.05       0.43 f
  U0_RegFile/U56/Y (NOR2X2M)                              0.15       0.58 r
  U0_RegFile/U55/Y (NOR2BX2M)                             0.25       0.83 r
  U0_RegFile/U46/Y (NAND2X2M)                             0.11       0.95 f
  U0_RegFile/U28/Y (INVX2M)                               0.12       1.07 r
  U0_RegFile/U33/Y (NAND2X2M)                             0.20       1.26 f
  U0_RegFile/U155/Y (OAI2BB2X1M)                          0.18       1.44 r
  U0_RegFile/regArr_reg[1][4]/D (DFFRQX2M)                0.00       1.44 r
  data arrival time                                                  1.44

  clock CLKB_DOMAIN (rise edge)                          20.00      20.00
  clock network delay (ideal)                             0.00      20.00
  clock uncertainty                                      -0.20      19.80
  U0_RegFile/regArr_reg[1][4]/CK (DFFRQX2M)               0.00      19.80 r
  library setup time                                     -0.31      19.49
  data required time                                                19.49
  --------------------------------------------------------------------------
  data required time                                                19.49
  data arrival time                                                 -1.44
  --------------------------------------------------------------------------
  slack (MET)                                                       18.05


  Startpoint: U0_DATA_SYNC/enable_pulse_d_reg
              (rising edge-triggered flip-flop clocked by CLKB_DOMAIN)
  Endpoint: U0_RegFile/regArr_reg[1][3]
            (rising edge-triggered flip-flop clocked by CLKB_DOMAIN)
  Path Group: CLKB_DOMAIN
  Path Type: max

  Point                                                   Incr       Path
  --------------------------------------------------------------------------
  clock CLKB_DOMAIN (rise edge)                           0.00       0.00
  clock network delay (ideal)                             0.00       0.00
  U0_DATA_SYNC/enable_pulse_d_reg/CK (DFFRQX2M)           0.00       0.00 r
  U0_DATA_SYNC/enable_pulse_d_reg/Q (DFFRQX2M)            0.38       0.38 r
  U0_DATA_SYNC/enable_pulse_d (DATA_SYNC)                 0.00       0.38 r
  U0_RegFile/WrEn (RegFile)                               0.00       0.38 r
  U0_RegFile/U205/Y (INVX2M)                              0.05       0.43 f
  U0_RegFile/U56/Y (NOR2X2M)                              0.15       0.58 r
  U0_RegFile/U55/Y (NOR2BX2M)                             0.25       0.83 r
  U0_RegFile/U46/Y (NAND2X2M)                             0.11       0.95 f
  U0_RegFile/U28/Y (INVX2M)                               0.12       1.07 r
  U0_RegFile/U33/Y (NAND2X2M)                             0.20       1.26 f
  U0_RegFile/U154/Y (OAI2BB2X1M)                          0.18       1.44 r
  U0_RegFile/regArr_reg[1][3]/D (DFFRQX2M)                0.00       1.44 r
  data arrival time                                                  1.44

  clock CLKB_DOMAIN (rise edge)                          20.00      20.00
  clock network delay (ideal)                             0.00      20.00
  clock uncertainty                                      -0.20      19.80
  U0_RegFile/regArr_reg[1][3]/CK (DFFRQX2M)               0.00      19.80 r
  library setup time                                     -0.31      19.49
  data required time                                                19.49
  --------------------------------------------------------------------------
  data required time                                                19.49
  data arrival time                                                 -1.44
  --------------------------------------------------------------------------
  slack (MET)                                                       18.05


  Startpoint: U0_DATA_SYNC/enable_pulse_d_reg
              (rising edge-triggered flip-flop clocked by CLKB_DOMAIN)
  Endpoint: U0_RegFile/regArr_reg[1][2]
            (rising edge-triggered flip-flop clocked by CLKB_DOMAIN)
  Path Group: CLKB_DOMAIN
  Path Type: max

  Point                                                   Incr       Path
  --------------------------------------------------------------------------
  clock CLKB_DOMAIN (rise edge)                           0.00       0.00
  clock network delay (ideal)                             0.00       0.00
  U0_DATA_SYNC/enable_pulse_d_reg/CK (DFFRQX2M)           0.00       0.00 r
  U0_DATA_SYNC/enable_pulse_d_reg/Q (DFFRQX2M)            0.38       0.38 r
  U0_DATA_SYNC/enable_pulse_d (DATA_SYNC)                 0.00       0.38 r
  U0_RegFile/WrEn (RegFile)                               0.00       0.38 r
  U0_RegFile/U205/Y (INVX2M)                              0.05       0.43 f
  U0_RegFile/U56/Y (NOR2X2M)                              0.15       0.58 r
  U0_RegFile/U55/Y (NOR2BX2M)                             0.25       0.83 r
  U0_RegFile/U46/Y (NAND2X2M)                             0.11       0.95 f
  U0_RegFile/U28/Y (INVX2M)                               0.12       1.07 r
  U0_RegFile/U33/Y (NAND2X2M)                             0.20       1.26 f
  U0_RegFile/U153/Y (OAI2BB2X1M)                          0.18       1.44 r
  U0_RegFile/regArr_reg[1][2]/D (DFFRQX2M)                0.00       1.44 r
  data arrival time                                                  1.44

  clock CLKB_DOMAIN (rise edge)                          20.00      20.00
  clock network delay (ideal)                             0.00      20.00
  clock uncertainty                                      -0.20      19.80
  U0_RegFile/regArr_reg[1][2]/CK (DFFRQX2M)               0.00      19.80 r
  library setup time                                     -0.31      19.49
  data required time                                                19.49
  --------------------------------------------------------------------------
  data required time                                                19.49
  data arrival time                                                 -1.44
  --------------------------------------------------------------------------
  slack (MET)                                                       18.05


  Startpoint: U0_DATA_SYNC/enable_pulse_d_reg
              (rising edge-triggered flip-flop clocked by CLKB_DOMAIN)
  Endpoint: U0_RegFile/regArr_reg[1][1]
            (rising edge-triggered flip-flop clocked by CLKB_DOMAIN)
  Path Group: CLKB_DOMAIN
  Path Type: max

  Point                                                   Incr       Path
  --------------------------------------------------------------------------
  clock CLKB_DOMAIN (rise edge)                           0.00       0.00
  clock network delay (ideal)                             0.00       0.00
  U0_DATA_SYNC/enable_pulse_d_reg/CK (DFFRQX2M)           0.00       0.00 r
  U0_DATA_SYNC/enable_pulse_d_reg/Q (DFFRQX2M)            0.38       0.38 r
  U0_DATA_SYNC/enable_pulse_d (DATA_SYNC)                 0.00       0.38 r
  U0_RegFile/WrEn (RegFile)                               0.00       0.38 r
  U0_RegFile/U205/Y (INVX2M)                              0.05       0.43 f
  U0_RegFile/U56/Y (NOR2X2M)                              0.15       0.58 r
  U0_RegFile/U55/Y (NOR2BX2M)                             0.25       0.83 r
  U0_RegFile/U46/Y (NAND2X2M)                             0.11       0.95 f
  U0_RegFile/U28/Y (INVX2M)                               0.12       1.07 r
  U0_RegFile/U33/Y (NAND2X2M)                             0.20       1.26 f
  U0_RegFile/U152/Y (OAI2BB2X1M)                          0.18       1.44 r
  U0_RegFile/regArr_reg[1][1]/D (DFFRQX2M)                0.00       1.44 r
  data arrival time                                                  1.44

  clock CLKB_DOMAIN (rise edge)                          20.00      20.00
  clock network delay (ideal)                             0.00      20.00
  clock uncertainty                                      -0.20      19.80
  U0_RegFile/regArr_reg[1][1]/CK (DFFRQX2M)               0.00      19.80 r
  library setup time                                     -0.31      19.49
  data required time                                                19.49
  --------------------------------------------------------------------------
  data required time                                                19.49
  data arrival time                                                 -1.44
  --------------------------------------------------------------------------
  slack (MET)                                                       18.05


  Startpoint: U0_DATA_SYNC/enable_pulse_d_reg
              (rising edge-triggered flip-flop clocked by CLKB_DOMAIN)
  Endpoint: U0_RegFile/regArr_reg[1][0]
            (rising edge-triggered flip-flop clocked by CLKB_DOMAIN)
  Path Group: CLKB_DOMAIN
  Path Type: max

  Point                                                   Incr       Path
  --------------------------------------------------------------------------
  clock CLKB_DOMAIN (rise edge)                           0.00       0.00
  clock network delay (ideal)                             0.00       0.00
  U0_DATA_SYNC/enable_pulse_d_reg/CK (DFFRQX2M)           0.00       0.00 r
  U0_DATA_SYNC/enable_pulse_d_reg/Q (DFFRQX2M)            0.38       0.38 r
  U0_DATA_SYNC/enable_pulse_d (DATA_SYNC)                 0.00       0.38 r
  U0_RegFile/WrEn (RegFile)                               0.00       0.38 r
  U0_RegFile/U205/Y (INVX2M)                              0.05       0.43 f
  U0_RegFile/U56/Y (NOR2X2M)                              0.15       0.58 r
  U0_RegFile/U55/Y (NOR2BX2M)                             0.25       0.83 r
  U0_RegFile/U46/Y (NAND2X2M)                             0.11       0.95 f
  U0_RegFile/U28/Y (INVX2M)                               0.12       1.07 r
  U0_RegFile/U33/Y (NAND2X2M)                             0.20       1.26 f
  U0_RegFile/U151/Y (OAI2BB2X1M)                          0.18       1.44 r
  U0_RegFile/regArr_reg[1][0]/D (DFFRQX2M)                0.00       1.44 r
  data arrival time                                                  1.44

  clock CLKB_DOMAIN (rise edge)                          20.00      20.00
  clock network delay (ideal)                             0.00      20.00
  clock uncertainty                                      -0.20      19.80
  U0_RegFile/regArr_reg[1][0]/CK (DFFRQX2M)               0.00      19.80 r
  library setup time                                     -0.31      19.49
  data required time                                                19.49
  --------------------------------------------------------------------------
  data required time                                                19.49
  data arrival time                                                 -1.44
  --------------------------------------------------------------------------
  slack (MET)                                                       18.05


  Startpoint: U0_DATA_SYNC/enable_pulse_d_reg
              (rising edge-triggered flip-flop clocked by CLKB_DOMAIN)
  Endpoint: U0_RegFile/regArr_reg[9][7]
            (rising edge-triggered flip-flop clocked by CLKB_DOMAIN)
  Path Group: CLKB_DOMAIN
  Path Type: max

  Point                                                   Incr       Path
  --------------------------------------------------------------------------
  clock CLKB_DOMAIN (rise edge)                           0.00       0.00
  clock network delay (ideal)                             0.00       0.00
  U0_DATA_SYNC/enable_pulse_d_reg/CK (DFFRQX2M)           0.00       0.00 r
  U0_DATA_SYNC/enable_pulse_d_reg/Q (DFFRQX2M)            0.38       0.38 r
  U0_DATA_SYNC/enable_pulse_d (DATA_SYNC)                 0.00       0.38 r
  U0_RegFile/WrEn (RegFile)                               0.00       0.38 r
  U0_RegFile/U205/Y (INVX2M)                              0.05       0.43 f
  U0_RegFile/U56/Y (NOR2X2M)                              0.15       0.58 r
  U0_RegFile/U55/Y (NOR2BX2M)                             0.25       0.83 r
  U0_RegFile/U46/Y (NAND2X2M)                             0.11       0.95 f
  U0_RegFile/U28/Y (INVX2M)                               0.12       1.07 r
  U0_RegFile/U22/Y (NAND2X2M)                             0.20       1.26 f
  U0_RegFile/U190/Y (OAI2BB2X1M)                          0.18       1.44 r
  U0_RegFile/regArr_reg[9][7]/D (DFFRQX2M)                0.00       1.44 r
  data arrival time                                                  1.44

  clock CLKB_DOMAIN (rise edge)                          20.00      20.00
  clock network delay (ideal)                             0.00      20.00
  clock uncertainty                                      -0.20      19.80
  U0_RegFile/regArr_reg[9][7]/CK (DFFRQX2M)               0.00      19.80 r
  library setup time                                     -0.31      19.49
  data required time                                                19.49
  --------------------------------------------------------------------------
  data required time                                                19.49
  data arrival time                                                 -1.44
  --------------------------------------------------------------------------
  slack (MET)                                                       18.05


  Startpoint: U0_DATA_SYNC/enable_pulse_d_reg
              (rising edge-triggered flip-flop clocked by CLKB_DOMAIN)
  Endpoint: U0_RegFile/regArr_reg[9][6]
            (rising edge-triggered flip-flop clocked by CLKB_DOMAIN)
  Path Group: CLKB_DOMAIN
  Path Type: max

  Point                                                   Incr       Path
  --------------------------------------------------------------------------
  clock CLKB_DOMAIN (rise edge)                           0.00       0.00
  clock network delay (ideal)                             0.00       0.00
  U0_DATA_SYNC/enable_pulse_d_reg/CK (DFFRQX2M)           0.00       0.00 r
  U0_DATA_SYNC/enable_pulse_d_reg/Q (DFFRQX2M)            0.38       0.38 r
  U0_DATA_SYNC/enable_pulse_d (DATA_SYNC)                 0.00       0.38 r
  U0_RegFile/WrEn (RegFile)                               0.00       0.38 r
  U0_RegFile/U205/Y (INVX2M)                              0.05       0.43 f
  U0_RegFile/U56/Y (NOR2X2M)                              0.15       0.58 r
  U0_RegFile/U55/Y (NOR2BX2M)                             0.25       0.83 r
  U0_RegFile/U46/Y (NAND2X2M)                             0.11       0.95 f
  U0_RegFile/U28/Y (INVX2M)                               0.12       1.07 r
  U0_RegFile/U22/Y (NAND2X2M)                             0.20       1.26 f
  U0_RegFile/U189/Y (OAI2BB2X1M)                          0.18       1.44 r
  U0_RegFile/regArr_reg[9][6]/D (DFFRQX2M)                0.00       1.44 r
  data arrival time                                                  1.44

  clock CLKB_DOMAIN (rise edge)                          20.00      20.00
  clock network delay (ideal)                             0.00      20.00
  clock uncertainty                                      -0.20      19.80
  U0_RegFile/regArr_reg[9][6]/CK (DFFRQX2M)               0.00      19.80 r
  library setup time                                     -0.31      19.49
  data required time                                                19.49
  --------------------------------------------------------------------------
  data required time                                                19.49
  data arrival time                                                 -1.44
  --------------------------------------------------------------------------
  slack (MET)                                                       18.05


  Startpoint: U0_DATA_SYNC/enable_pulse_d_reg
              (rising edge-triggered flip-flop clocked by CLKB_DOMAIN)
  Endpoint: U0_RegFile/regArr_reg[9][5]
            (rising edge-triggered flip-flop clocked by CLKB_DOMAIN)
  Path Group: CLKB_DOMAIN
  Path Type: max

  Point                                                   Incr       Path
  --------------------------------------------------------------------------
  clock CLKB_DOMAIN (rise edge)                           0.00       0.00
  clock network delay (ideal)                             0.00       0.00
  U0_DATA_SYNC/enable_pulse_d_reg/CK (DFFRQX2M)           0.00       0.00 r
  U0_DATA_SYNC/enable_pulse_d_reg/Q (DFFRQX2M)            0.38       0.38 r
  U0_DATA_SYNC/enable_pulse_d (DATA_SYNC)                 0.00       0.38 r
  U0_RegFile/WrEn (RegFile)                               0.00       0.38 r
  U0_RegFile/U205/Y (INVX2M)                              0.05       0.43 f
  U0_RegFile/U56/Y (NOR2X2M)                              0.15       0.58 r
  U0_RegFile/U55/Y (NOR2BX2M)                             0.25       0.83 r
  U0_RegFile/U46/Y (NAND2X2M)                             0.11       0.95 f
  U0_RegFile/U28/Y (INVX2M)                               0.12       1.07 r
  U0_RegFile/U22/Y (NAND2X2M)                             0.20       1.26 f
  U0_RegFile/U188/Y (OAI2BB2X1M)                          0.18       1.44 r
  U0_RegFile/regArr_reg[9][5]/D (DFFRQX2M)                0.00       1.44 r
  data arrival time                                                  1.44

  clock CLKB_DOMAIN (rise edge)                          20.00      20.00
  clock network delay (ideal)                             0.00      20.00
  clock uncertainty                                      -0.20      19.80
  U0_RegFile/regArr_reg[9][5]/CK (DFFRQX2M)               0.00      19.80 r
  library setup time                                     -0.31      19.49
  data required time                                                19.49
  --------------------------------------------------------------------------
  data required time                                                19.49
  data arrival time                                                 -1.44
  --------------------------------------------------------------------------
  slack (MET)                                                       18.05


  Startpoint: U0_DATA_SYNC/enable_pulse_d_reg
              (rising edge-triggered flip-flop clocked by CLKB_DOMAIN)
  Endpoint: U0_RegFile/regArr_reg[9][4]
            (rising edge-triggered flip-flop clocked by CLKB_DOMAIN)
  Path Group: CLKB_DOMAIN
  Path Type: max

  Point                                                   Incr       Path
  --------------------------------------------------------------------------
  clock CLKB_DOMAIN (rise edge)                           0.00       0.00
  clock network delay (ideal)                             0.00       0.00
  U0_DATA_SYNC/enable_pulse_d_reg/CK (DFFRQX2M)           0.00       0.00 r
  U0_DATA_SYNC/enable_pulse_d_reg/Q (DFFRQX2M)            0.38       0.38 r
  U0_DATA_SYNC/enable_pulse_d (DATA_SYNC)                 0.00       0.38 r
  U0_RegFile/WrEn (RegFile)                               0.00       0.38 r
  U0_RegFile/U205/Y (INVX2M)                              0.05       0.43 f
  U0_RegFile/U56/Y (NOR2X2M)                              0.15       0.58 r
  U0_RegFile/U55/Y (NOR2BX2M)                             0.25       0.83 r
  U0_RegFile/U46/Y (NAND2X2M)                             0.11       0.95 f
  U0_RegFile/U28/Y (INVX2M)                               0.12       1.07 r
  U0_RegFile/U22/Y (NAND2X2M)                             0.20       1.26 f
  U0_RegFile/U187/Y (OAI2BB2X1M)                          0.18       1.44 r
  U0_RegFile/regArr_reg[9][4]/D (DFFRQX2M)                0.00       1.44 r
  data arrival time                                                  1.44

  clock CLKB_DOMAIN (rise edge)                          20.00      20.00
  clock network delay (ideal)                             0.00      20.00
  clock uncertainty                                      -0.20      19.80
  U0_RegFile/regArr_reg[9][4]/CK (DFFRQX2M)               0.00      19.80 r
  library setup time                                     -0.31      19.49
  data required time                                                19.49
  --------------------------------------------------------------------------
  data required time                                                19.49
  data arrival time                                                 -1.44
  --------------------------------------------------------------------------
  slack (MET)                                                       18.05


  Startpoint: U0_DATA_SYNC/enable_pulse_d_reg
              (rising edge-triggered flip-flop clocked by CLKB_DOMAIN)
  Endpoint: U0_RegFile/regArr_reg[9][3]
            (rising edge-triggered flip-flop clocked by CLKB_DOMAIN)
  Path Group: CLKB_DOMAIN
  Path Type: max

  Point                                                   Incr       Path
  --------------------------------------------------------------------------
  clock CLKB_DOMAIN (rise edge)                           0.00       0.00
  clock network delay (ideal)                             0.00       0.00
  U0_DATA_SYNC/enable_pulse_d_reg/CK (DFFRQX2M)           0.00       0.00 r
  U0_DATA_SYNC/enable_pulse_d_reg/Q (DFFRQX2M)            0.38       0.38 r
  U0_DATA_SYNC/enable_pulse_d (DATA_SYNC)                 0.00       0.38 r
  U0_RegFile/WrEn (RegFile)                               0.00       0.38 r
  U0_RegFile/U205/Y (INVX2M)                              0.05       0.43 f
  U0_RegFile/U56/Y (NOR2X2M)                              0.15       0.58 r
  U0_RegFile/U55/Y (NOR2BX2M)                             0.25       0.83 r
  U0_RegFile/U46/Y (NAND2X2M)                             0.11       0.95 f
  U0_RegFile/U28/Y (INVX2M)                               0.12       1.07 r
  U0_RegFile/U22/Y (NAND2X2M)                             0.20       1.26 f
  U0_RegFile/U186/Y (OAI2BB2X1M)                          0.18       1.44 r
  U0_RegFile/regArr_reg[9][3]/D (DFFRQX2M)                0.00       1.44 r
  data arrival time                                                  1.44

  clock CLKB_DOMAIN (rise edge)                          20.00      20.00
  clock network delay (ideal)                             0.00      20.00
  clock uncertainty                                      -0.20      19.80
  U0_RegFile/regArr_reg[9][3]/CK (DFFRQX2M)               0.00      19.80 r
  library setup time                                     -0.31      19.49
  data required time                                                19.49
  --------------------------------------------------------------------------
  data required time                                                19.49
  data arrival time                                                 -1.44
  --------------------------------------------------------------------------
  slack (MET)                                                       18.05


  Startpoint: U0_DATA_SYNC/enable_pulse_d_reg
              (rising edge-triggered flip-flop clocked by CLKB_DOMAIN)
  Endpoint: U0_RegFile/regArr_reg[9][2]
            (rising edge-triggered flip-flop clocked by CLKB_DOMAIN)
  Path Group: CLKB_DOMAIN
  Path Type: max

  Point                                                   Incr       Path
  --------------------------------------------------------------------------
  clock CLKB_DOMAIN (rise edge)                           0.00       0.00
  clock network delay (ideal)                             0.00       0.00
  U0_DATA_SYNC/enable_pulse_d_reg/CK (DFFRQX2M)           0.00       0.00 r
  U0_DATA_SYNC/enable_pulse_d_reg/Q (DFFRQX2M)            0.38       0.38 r
  U0_DATA_SYNC/enable_pulse_d (DATA_SYNC)                 0.00       0.38 r
  U0_RegFile/WrEn (RegFile)                               0.00       0.38 r
  U0_RegFile/U205/Y (INVX2M)                              0.05       0.43 f
  U0_RegFile/U56/Y (NOR2X2M)                              0.15       0.58 r
  U0_RegFile/U55/Y (NOR2BX2M)                             0.25       0.83 r
  U0_RegFile/U46/Y (NAND2X2M)                             0.11       0.95 f
  U0_RegFile/U28/Y (INVX2M)                               0.12       1.07 r
  U0_RegFile/U22/Y (NAND2X2M)                             0.20       1.26 f
  U0_RegFile/U185/Y (OAI2BB2X1M)                          0.18       1.44 r
  U0_RegFile/regArr_reg[9][2]/D (DFFRQX2M)                0.00       1.44 r
  data arrival time                                                  1.44

  clock CLKB_DOMAIN (rise edge)                          20.00      20.00
  clock network delay (ideal)                             0.00      20.00
  clock uncertainty                                      -0.20      19.80
  U0_RegFile/regArr_reg[9][2]/CK (DFFRQX2M)               0.00      19.80 r
  library setup time                                     -0.31      19.49
  data required time                                                19.49
  --------------------------------------------------------------------------
  data required time                                                19.49
  data arrival time                                                 -1.44
  --------------------------------------------------------------------------
  slack (MET)                                                       18.05


  Startpoint: U0_DATA_SYNC/enable_pulse_d_reg
              (rising edge-triggered flip-flop clocked by CLKB_DOMAIN)
  Endpoint: U0_RegFile/regArr_reg[9][1]
            (rising edge-triggered flip-flop clocked by CLKB_DOMAIN)
  Path Group: CLKB_DOMAIN
  Path Type: max

  Point                                                   Incr       Path
  --------------------------------------------------------------------------
  clock CLKB_DOMAIN (rise edge)                           0.00       0.00
  clock network delay (ideal)                             0.00       0.00
  U0_DATA_SYNC/enable_pulse_d_reg/CK (DFFRQX2M)           0.00       0.00 r
  U0_DATA_SYNC/enable_pulse_d_reg/Q (DFFRQX2M)            0.38       0.38 r
  U0_DATA_SYNC/enable_pulse_d (DATA_SYNC)                 0.00       0.38 r
  U0_RegFile/WrEn (RegFile)                               0.00       0.38 r
  U0_RegFile/U205/Y (INVX2M)                              0.05       0.43 f
  U0_RegFile/U56/Y (NOR2X2M)                              0.15       0.58 r
  U0_RegFile/U55/Y (NOR2BX2M)                             0.25       0.83 r
  U0_RegFile/U46/Y (NAND2X2M)                             0.11       0.95 f
  U0_RegFile/U28/Y (INVX2M)                               0.12       1.07 r
  U0_RegFile/U22/Y (NAND2X2M)                             0.20       1.26 f
  U0_RegFile/U184/Y (OAI2BB2X1M)                          0.18       1.44 r
  U0_RegFile/regArr_reg[9][1]/D (DFFRQX2M)                0.00       1.44 r
  data arrival time                                                  1.44

  clock CLKB_DOMAIN (rise edge)                          20.00      20.00
  clock network delay (ideal)                             0.00      20.00
  clock uncertainty                                      -0.20      19.80
  U0_RegFile/regArr_reg[9][1]/CK (DFFRQX2M)               0.00      19.80 r
  library setup time                                     -0.31      19.49
  data required time                                                19.49
  --------------------------------------------------------------------------
  data required time                                                19.49
  data arrival time                                                 -1.44
  --------------------------------------------------------------------------
  slack (MET)                                                       18.05


  Startpoint: U0_DATA_SYNC/enable_pulse_d_reg
              (rising edge-triggered flip-flop clocked by CLKB_DOMAIN)
  Endpoint: U0_RegFile/regArr_reg[9][0]
            (rising edge-triggered flip-flop clocked by CLKB_DOMAIN)
  Path Group: CLKB_DOMAIN
  Path Type: max

  Point                                                   Incr       Path
  --------------------------------------------------------------------------
  clock CLKB_DOMAIN (rise edge)                           0.00       0.00
  clock network delay (ideal)                             0.00       0.00
  U0_DATA_SYNC/enable_pulse_d_reg/CK (DFFRQX2M)           0.00       0.00 r
  U0_DATA_SYNC/enable_pulse_d_reg/Q (DFFRQX2M)            0.38       0.38 r
  U0_DATA_SYNC/enable_pulse_d (DATA_SYNC)                 0.00       0.38 r
  U0_RegFile/WrEn (RegFile)                               0.00       0.38 r
  U0_RegFile/U205/Y (INVX2M)                              0.05       0.43 f
  U0_RegFile/U56/Y (NOR2X2M)                              0.15       0.58 r
  U0_RegFile/U55/Y (NOR2BX2M)                             0.25       0.83 r
  U0_RegFile/U46/Y (NAND2X2M)                             0.11       0.95 f
  U0_RegFile/U28/Y (INVX2M)                               0.12       1.07 r
  U0_RegFile/U22/Y (NAND2X2M)                             0.20       1.26 f
  U0_RegFile/U183/Y (OAI2BB2X1M)                          0.18       1.44 r
  U0_RegFile/regArr_reg[9][0]/D (DFFRQX2M)                0.00       1.44 r
  data arrival time                                                  1.44

  clock CLKB_DOMAIN (rise edge)                          20.00      20.00
  clock network delay (ideal)                             0.00      20.00
  clock uncertainty                                      -0.20      19.80
  U0_RegFile/regArr_reg[9][0]/CK (DFFRQX2M)               0.00      19.80 r
  library setup time                                     -0.31      19.49
  data required time                                                19.49
  --------------------------------------------------------------------------
  data required time                                                19.49
  data arrival time                                                 -1.44
  --------------------------------------------------------------------------
  slack (MET)                                                       18.05


  Startpoint: U0_DATA_SYNC/enable_pulse_d_reg
              (rising edge-triggered flip-flop clocked by CLKB_DOMAIN)
  Endpoint: U0_RegFile/WR_ADDR_reg[3]
            (rising edge-triggered flip-flop clocked by CLKB_DOMAIN)
  Path Group: CLKB_DOMAIN
  Path Type: max

  Point                                                   Incr       Path
  --------------------------------------------------------------------------
  clock CLKB_DOMAIN (rise edge)                           0.00       0.00
  clock network delay (ideal)                             0.00       0.00
  U0_DATA_SYNC/enable_pulse_d_reg/CK (DFFRQX2M)           0.00       0.00 r
  U0_DATA_SYNC/enable_pulse_d_reg/Q (DFFRQX2M)            0.38       0.38 r
  U0_DATA_SYNC/enable_pulse_d (DATA_SYNC)                 0.00       0.38 r
  U0_RegFile/WrEn (RegFile)                               0.00       0.38 r
  U0_RegFile/U205/Y (INVX2M)                              0.05       0.43 f
  U0_RegFile/U56/Y (NOR2X2M)                              0.15       0.58 r
  U0_RegFile/U55/Y (NOR2BX2M)                             0.25       0.83 r
  U0_RegFile/U191/Y (NAND2X2M)                            0.10       0.94 f
  U0_RegFile/U44/Y (INVX2M)                               0.13       1.07 r
  U0_RegFile/U32/Y (NAND2X2M)                             0.22       1.29 f
  U0_RegFile/U42/Y (OAI211X2M)                            0.13       1.42 r
  U0_RegFile/WR_ADDR_reg[3]/D (DFFRQX2M)                  0.00       1.42 r
  data arrival time                                                  1.42

  clock CLKB_DOMAIN (rise edge)                          20.00      20.00
  clock network delay (ideal)                             0.00      20.00
  clock uncertainty                                      -0.20      19.80
  U0_RegFile/WR_ADDR_reg[3]/CK (DFFRQX2M)                 0.00      19.80 r
  library setup time                                     -0.31      19.49
  data required time                                                19.49
  --------------------------------------------------------------------------
  data required time                                                19.49
  data arrival time                                                 -1.42
  --------------------------------------------------------------------------
  slack (MET)                                                       18.07


  Startpoint: U0_DATA_SYNC/enable_pulse_d_reg
              (rising edge-triggered flip-flop clocked by CLKB_DOMAIN)
  Endpoint: U0_RegFile/regArr_reg[2][7]
            (rising edge-triggered flip-flop clocked by CLKB_DOMAIN)
  Path Group: CLKB_DOMAIN
  Path Type: max

  Point                                                   Incr       Path
  --------------------------------------------------------------------------
  clock CLKB_DOMAIN (rise edge)                           0.00       0.00
  clock network delay (ideal)                             0.00       0.00
  U0_DATA_SYNC/enable_pulse_d_reg/CK (DFFRQX2M)           0.00       0.00 r
  U0_DATA_SYNC/enable_pulse_d_reg/Q (DFFRQX2M)            0.38       0.38 r
  U0_DATA_SYNC/enable_pulse_d (DATA_SYNC)                 0.00       0.38 r
  U0_RegFile/WrEn (RegFile)                               0.00       0.38 r
  U0_RegFile/U205/Y (INVX2M)                              0.05       0.43 f
  U0_RegFile/U56/Y (NOR2X2M)                              0.15       0.58 r
  U0_RegFile/U62/Y (NAND2X2M)                             0.13       0.71 f
  U0_RegFile/U31/Y (NOR2X2M)                              0.23       0.94 r
  U0_RegFile/U34/Y (NAND2X2M)                             0.24       1.18 f
  U0_RegFile/U86/Y (OAI2BB2X1M)                           0.18       1.36 r
  U0_RegFile/regArr_reg[2][7]/D (DFFRQX2M)                0.00       1.36 r
  data arrival time                                                  1.36

  clock CLKB_DOMAIN (rise edge)                          20.00      20.00
  clock network delay (ideal)                             0.00      20.00
  clock uncertainty                                      -0.20      19.80
  U0_RegFile/regArr_reg[2][7]/CK (DFFRQX2M)               0.00      19.80 r
  library setup time                                     -0.31      19.49
  data required time                                                19.49
  --------------------------------------------------------------------------
  data required time                                                19.49
  data arrival time                                                 -1.36
  --------------------------------------------------------------------------
  slack (MET)                                                       18.13


  Startpoint: U0_DATA_SYNC/enable_pulse_d_reg
              (rising edge-triggered flip-flop clocked by CLKB_DOMAIN)
  Endpoint: U0_RegFile/regArr_reg[2][6]
            (rising edge-triggered flip-flop clocked by CLKB_DOMAIN)
  Path Group: CLKB_DOMAIN
  Path Type: max

  Point                                                   Incr       Path
  --------------------------------------------------------------------------
  clock CLKB_DOMAIN (rise edge)                           0.00       0.00
  clock network delay (ideal)                             0.00       0.00
  U0_DATA_SYNC/enable_pulse_d_reg/CK (DFFRQX2M)           0.00       0.00 r
  U0_DATA_SYNC/enable_pulse_d_reg/Q (DFFRQX2M)            0.38       0.38 r
  U0_DATA_SYNC/enable_pulse_d (DATA_SYNC)                 0.00       0.38 r
  U0_RegFile/WrEn (RegFile)                               0.00       0.38 r
  U0_RegFile/U205/Y (INVX2M)                              0.05       0.43 f
  U0_RegFile/U56/Y (NOR2X2M)                              0.15       0.58 r
  U0_RegFile/U62/Y (NAND2X2M)                             0.13       0.71 f
  U0_RegFile/U31/Y (NOR2X2M)                              0.23       0.94 r
  U0_RegFile/U34/Y (NAND2X2M)                             0.24       1.18 f
  U0_RegFile/U85/Y (OAI2BB2X1M)                           0.18       1.36 r
  U0_RegFile/regArr_reg[2][6]/D (DFFRQX2M)                0.00       1.36 r
  data arrival time                                                  1.36

  clock CLKB_DOMAIN (rise edge)                          20.00      20.00
  clock network delay (ideal)                             0.00      20.00
  clock uncertainty                                      -0.20      19.80
  U0_RegFile/regArr_reg[2][6]/CK (DFFRQX2M)               0.00      19.80 r
  library setup time                                     -0.31      19.49
  data required time                                                19.49
  --------------------------------------------------------------------------
  data required time                                                19.49
  data arrival time                                                 -1.36
  --------------------------------------------------------------------------
  slack (MET)                                                       18.13


  Startpoint: U0_DATA_SYNC/enable_pulse_d_reg
              (rising edge-triggered flip-flop clocked by CLKB_DOMAIN)
  Endpoint: U0_RegFile/regArr_reg[2][5]
            (rising edge-triggered flip-flop clocked by CLKB_DOMAIN)
  Path Group: CLKB_DOMAIN
  Path Type: max

  Point                                                   Incr       Path
  --------------------------------------------------------------------------
  clock CLKB_DOMAIN (rise edge)                           0.00       0.00
  clock network delay (ideal)                             0.00       0.00
  U0_DATA_SYNC/enable_pulse_d_reg/CK (DFFRQX2M)           0.00       0.00 r
  U0_DATA_SYNC/enable_pulse_d_reg/Q (DFFRQX2M)            0.38       0.38 r
  U0_DATA_SYNC/enable_pulse_d (DATA_SYNC)                 0.00       0.38 r
  U0_RegFile/WrEn (RegFile)                               0.00       0.38 r
  U0_RegFile/U205/Y (INVX2M)                              0.05       0.43 f
  U0_RegFile/U56/Y (NOR2X2M)                              0.15       0.58 r
  U0_RegFile/U62/Y (NAND2X2M)                             0.13       0.71 f
  U0_RegFile/U31/Y (NOR2X2M)                              0.23       0.94 r
  U0_RegFile/U34/Y (NAND2X2M)                             0.24       1.18 f
  U0_RegFile/U84/Y (OAI2BB2X1M)                           0.18       1.36 r
  U0_RegFile/regArr_reg[2][5]/D (DFFRQX2M)                0.00       1.36 r
  data arrival time                                                  1.36

  clock CLKB_DOMAIN (rise edge)                          20.00      20.00
  clock network delay (ideal)                             0.00      20.00
  clock uncertainty                                      -0.20      19.80
  U0_RegFile/regArr_reg[2][5]/CK (DFFRQX2M)               0.00      19.80 r
  library setup time                                     -0.31      19.49
  data required time                                                19.49
  --------------------------------------------------------------------------
  data required time                                                19.49
  data arrival time                                                 -1.36
  --------------------------------------------------------------------------
  slack (MET)                                                       18.13


  Startpoint: U0_DATA_SYNC/enable_pulse_d_reg
              (rising edge-triggered flip-flop clocked by CLKB_DOMAIN)
  Endpoint: U0_RegFile/regArr_reg[2][4]
            (rising edge-triggered flip-flop clocked by CLKB_DOMAIN)
  Path Group: CLKB_DOMAIN
  Path Type: max

  Point                                                   Incr       Path
  --------------------------------------------------------------------------
  clock CLKB_DOMAIN (rise edge)                           0.00       0.00
  clock network delay (ideal)                             0.00       0.00
  U0_DATA_SYNC/enable_pulse_d_reg/CK (DFFRQX2M)           0.00       0.00 r
  U0_DATA_SYNC/enable_pulse_d_reg/Q (DFFRQX2M)            0.38       0.38 r
  U0_DATA_SYNC/enable_pulse_d (DATA_SYNC)                 0.00       0.38 r
  U0_RegFile/WrEn (RegFile)                               0.00       0.38 r
  U0_RegFile/U205/Y (INVX2M)                              0.05       0.43 f
  U0_RegFile/U56/Y (NOR2X2M)                              0.15       0.58 r
  U0_RegFile/U62/Y (NAND2X2M)                             0.13       0.71 f
  U0_RegFile/U31/Y (NOR2X2M)                              0.23       0.94 r
  U0_RegFile/U34/Y (NAND2X2M)                             0.24       1.18 f
  U0_RegFile/U83/Y (OAI2BB2X1M)                           0.18       1.36 r
  U0_RegFile/regArr_reg[2][4]/D (DFFRQX2M)                0.00       1.36 r
  data arrival time                                                  1.36

  clock CLKB_DOMAIN (rise edge)                          20.00      20.00
  clock network delay (ideal)                             0.00      20.00
  clock uncertainty                                      -0.20      19.80
  U0_RegFile/regArr_reg[2][4]/CK (DFFRQX2M)               0.00      19.80 r
  library setup time                                     -0.31      19.49
  data required time                                                19.49
  --------------------------------------------------------------------------
  data required time                                                19.49
  data arrival time                                                 -1.36
  --------------------------------------------------------------------------
  slack (MET)                                                       18.13


  Startpoint: U0_DATA_SYNC/enable_pulse_d_reg
              (rising edge-triggered flip-flop clocked by CLKB_DOMAIN)
  Endpoint: U0_RegFile/regArr_reg[2][3]
            (rising edge-triggered flip-flop clocked by CLKB_DOMAIN)
  Path Group: CLKB_DOMAIN
  Path Type: max

  Point                                                   Incr       Path
  --------------------------------------------------------------------------
  clock CLKB_DOMAIN (rise edge)                           0.00       0.00
  clock network delay (ideal)                             0.00       0.00
  U0_DATA_SYNC/enable_pulse_d_reg/CK (DFFRQX2M)           0.00       0.00 r
  U0_DATA_SYNC/enable_pulse_d_reg/Q (DFFRQX2M)            0.38       0.38 r
  U0_DATA_SYNC/enable_pulse_d (DATA_SYNC)                 0.00       0.38 r
  U0_RegFile/WrEn (RegFile)                               0.00       0.38 r
  U0_RegFile/U205/Y (INVX2M)                              0.05       0.43 f
  U0_RegFile/U56/Y (NOR2X2M)                              0.15       0.58 r
  U0_RegFile/U62/Y (NAND2X2M)                             0.13       0.71 f
  U0_RegFile/U31/Y (NOR2X2M)                              0.23       0.94 r
  U0_RegFile/U34/Y (NAND2X2M)                             0.24       1.18 f
  U0_RegFile/U82/Y (OAI2BB2X1M)                           0.18       1.36 r
  U0_RegFile/regArr_reg[2][3]/D (DFFRQX2M)                0.00       1.36 r
  data arrival time                                                  1.36

  clock CLKB_DOMAIN (rise edge)                          20.00      20.00
  clock network delay (ideal)                             0.00      20.00
  clock uncertainty                                      -0.20      19.80
  U0_RegFile/regArr_reg[2][3]/CK (DFFRQX2M)               0.00      19.80 r
  library setup time                                     -0.31      19.49
  data required time                                                19.49
  --------------------------------------------------------------------------
  data required time                                                19.49
  data arrival time                                                 -1.36
  --------------------------------------------------------------------------
  slack (MET)                                                       18.13


  Startpoint: U0_DATA_SYNC/enable_pulse_d_reg
              (rising edge-triggered flip-flop clocked by CLKB_DOMAIN)
  Endpoint: U0_RegFile/regArr_reg[2][2]
            (rising edge-triggered flip-flop clocked by CLKB_DOMAIN)
  Path Group: CLKB_DOMAIN
  Path Type: max

  Point                                                   Incr       Path
  --------------------------------------------------------------------------
  clock CLKB_DOMAIN (rise edge)                           0.00       0.00
  clock network delay (ideal)                             0.00       0.00
  U0_DATA_SYNC/enable_pulse_d_reg/CK (DFFRQX2M)           0.00       0.00 r
  U0_DATA_SYNC/enable_pulse_d_reg/Q (DFFRQX2M)            0.38       0.38 r
  U0_DATA_SYNC/enable_pulse_d (DATA_SYNC)                 0.00       0.38 r
  U0_RegFile/WrEn (RegFile)                               0.00       0.38 r
  U0_RegFile/U205/Y (INVX2M)                              0.05       0.43 f
  U0_RegFile/U56/Y (NOR2X2M)                              0.15       0.58 r
  U0_RegFile/U62/Y (NAND2X2M)                             0.13       0.71 f
  U0_RegFile/U31/Y (NOR2X2M)                              0.23       0.94 r
  U0_RegFile/U34/Y (NAND2X2M)                             0.24       1.18 f
  U0_RegFile/U81/Y (OAI2BB2X1M)                           0.18       1.36 r
  U0_RegFile/regArr_reg[2][2]/D (DFFRQX2M)                0.00       1.36 r
  data arrival time                                                  1.36

  clock CLKB_DOMAIN (rise edge)                          20.00      20.00
  clock network delay (ideal)                             0.00      20.00
  clock uncertainty                                      -0.20      19.80
  U0_RegFile/regArr_reg[2][2]/CK (DFFRQX2M)               0.00      19.80 r
  library setup time                                     -0.31      19.49
  data required time                                                19.49
  --------------------------------------------------------------------------
  data required time                                                19.49
  data arrival time                                                 -1.36
  --------------------------------------------------------------------------
  slack (MET)                                                       18.13


  Startpoint: U0_DATA_SYNC/enable_pulse_d_reg
              (rising edge-triggered flip-flop clocked by CLKB_DOMAIN)
  Endpoint: U0_RegFile/regArr_reg[2][1]
            (rising edge-triggered flip-flop clocked by CLKB_DOMAIN)
  Path Group: CLKB_DOMAIN
  Path Type: max

  Point                                                   Incr       Path
  --------------------------------------------------------------------------
  clock CLKB_DOMAIN (rise edge)                           0.00       0.00
  clock network delay (ideal)                             0.00       0.00
  U0_DATA_SYNC/enable_pulse_d_reg/CK (DFFRQX2M)           0.00       0.00 r
  U0_DATA_SYNC/enable_pulse_d_reg/Q (DFFRQX2M)            0.38       0.38 r
  U0_DATA_SYNC/enable_pulse_d (DATA_SYNC)                 0.00       0.38 r
  U0_RegFile/WrEn (RegFile)                               0.00       0.38 r
  U0_RegFile/U205/Y (INVX2M)                              0.05       0.43 f
  U0_RegFile/U56/Y (NOR2X2M)                              0.15       0.58 r
  U0_RegFile/U62/Y (NAND2X2M)                             0.13       0.71 f
  U0_RegFile/U31/Y (NOR2X2M)                              0.23       0.94 r
  U0_RegFile/U34/Y (NAND2X2M)                             0.24       1.18 f
  U0_RegFile/U80/Y (OAI2BB2X1M)                           0.18       1.36 r
  U0_RegFile/regArr_reg[2][1]/D (DFFRQX2M)                0.00       1.36 r
  data arrival time                                                  1.36

  clock CLKB_DOMAIN (rise edge)                          20.00      20.00
  clock network delay (ideal)                             0.00      20.00
  clock uncertainty                                      -0.20      19.80
  U0_RegFile/regArr_reg[2][1]/CK (DFFRQX2M)               0.00      19.80 r
  library setup time                                     -0.31      19.49
  data required time                                                19.49
  --------------------------------------------------------------------------
  data required time                                                19.49
  data arrival time                                                 -1.36
  --------------------------------------------------------------------------
  slack (MET)                                                       18.13


  Startpoint: U0_DATA_SYNC/enable_pulse_d_reg
              (rising edge-triggered flip-flop clocked by CLKB_DOMAIN)
  Endpoint: U0_RegFile/regArr_reg[2][0]
            (rising edge-triggered flip-flop clocked by CLKB_DOMAIN)
  Path Group: CLKB_DOMAIN
  Path Type: max

  Point                                                   Incr       Path
  --------------------------------------------------------------------------
  clock CLKB_DOMAIN (rise edge)                           0.00       0.00
  clock network delay (ideal)                             0.00       0.00
  U0_DATA_SYNC/enable_pulse_d_reg/CK (DFFRQX2M)           0.00       0.00 r
  U0_DATA_SYNC/enable_pulse_d_reg/Q (DFFRQX2M)            0.38       0.38 r
  U0_DATA_SYNC/enable_pulse_d (DATA_SYNC)                 0.00       0.38 r
  U0_RegFile/WrEn (RegFile)                               0.00       0.38 r
  U0_RegFile/U205/Y (INVX2M)                              0.05       0.43 f
  U0_RegFile/U56/Y (NOR2X2M)                              0.15       0.58 r
  U0_RegFile/U62/Y (NAND2X2M)                             0.13       0.71 f
  U0_RegFile/U31/Y (NOR2X2M)                              0.23       0.94 r
  U0_RegFile/U34/Y (NAND2X2M)                             0.24       1.18 f
  U0_RegFile/U79/Y (OAI2BB2X1M)                           0.18       1.36 r
  U0_RegFile/regArr_reg[2][0]/D (DFFRQX2M)                0.00       1.36 r
  data arrival time                                                  1.36

  clock CLKB_DOMAIN (rise edge)                          20.00      20.00
  clock network delay (ideal)                             0.00      20.00
  clock uncertainty                                      -0.20      19.80
  U0_RegFile/regArr_reg[2][0]/CK (DFFRQX2M)               0.00      19.80 r
  library setup time                                     -0.31      19.49
  data required time                                                19.49
  --------------------------------------------------------------------------
  data required time                                                19.49
  data arrival time                                                 -1.36
  --------------------------------------------------------------------------
  slack (MET)                                                       18.13


  Startpoint: U0_DATA_SYNC/enable_pulse_d_reg
              (rising edge-triggered flip-flop clocked by CLKB_DOMAIN)
  Endpoint: U0_RegFile/regArr_reg[14][7]
            (rising edge-triggered flip-flop clocked by CLKB_DOMAIN)
  Path Group: CLKB_DOMAIN
  Path Type: max

  Point                                                   Incr       Path
  --------------------------------------------------------------------------
  clock CLKB_DOMAIN (rise edge)                           0.00       0.00
  clock network delay (ideal)                             0.00       0.00
  U0_DATA_SYNC/enable_pulse_d_reg/CK (DFFRQX2M)           0.00       0.00 r
  U0_DATA_SYNC/enable_pulse_d_reg/Q (DFFRQX2M)            0.38       0.38 r
  U0_DATA_SYNC/enable_pulse_d (DATA_SYNC)                 0.00       0.38 r
  U0_RegFile/WrEn (RegFile)                               0.00       0.38 r
  U0_RegFile/U205/Y (INVX2M)                              0.05       0.43 f
  U0_RegFile/U56/Y (NOR2X2M)                              0.15       0.58 r
  U0_RegFile/U62/Y (NAND2X2M)                             0.13       0.71 f
  U0_RegFile/U31/Y (NOR2X2M)                              0.23       0.94 r
  U0_RegFile/U27/Y (NAND2X2M)                             0.23       1.17 f
  U0_RegFile/U134/Y (OAI2BB2X1M)                          0.18       1.35 r
  U0_RegFile/regArr_reg[14][7]/D (DFFRQX2M)               0.00       1.35 r
  data arrival time                                                  1.35

  clock CLKB_DOMAIN (rise edge)                          20.00      20.00
  clock network delay (ideal)                             0.00      20.00
  clock uncertainty                                      -0.20      19.80
  U0_RegFile/regArr_reg[14][7]/CK (DFFRQX2M)              0.00      19.80 r
  library setup time                                     -0.31      19.49
  data required time                                                19.49
  --------------------------------------------------------------------------
  data required time                                                19.49
  data arrival time                                                 -1.35
  --------------------------------------------------------------------------
  slack (MET)                                                       18.14


  Startpoint: U0_DATA_SYNC/enable_pulse_d_reg
              (rising edge-triggered flip-flop clocked by CLKB_DOMAIN)
  Endpoint: U0_RegFile/regArr_reg[14][6]
            (rising edge-triggered flip-flop clocked by CLKB_DOMAIN)
  Path Group: CLKB_DOMAIN
  Path Type: max

  Point                                                   Incr       Path
  --------------------------------------------------------------------------
  clock CLKB_DOMAIN (rise edge)                           0.00       0.00
  clock network delay (ideal)                             0.00       0.00
  U0_DATA_SYNC/enable_pulse_d_reg/CK (DFFRQX2M)           0.00       0.00 r
  U0_DATA_SYNC/enable_pulse_d_reg/Q (DFFRQX2M)            0.38       0.38 r
  U0_DATA_SYNC/enable_pulse_d (DATA_SYNC)                 0.00       0.38 r
  U0_RegFile/WrEn (RegFile)                               0.00       0.38 r
  U0_RegFile/U205/Y (INVX2M)                              0.05       0.43 f
  U0_RegFile/U56/Y (NOR2X2M)                              0.15       0.58 r
  U0_RegFile/U62/Y (NAND2X2M)                             0.13       0.71 f
  U0_RegFile/U31/Y (NOR2X2M)                              0.23       0.94 r
  U0_RegFile/U27/Y (NAND2X2M)                             0.23       1.17 f
  U0_RegFile/U133/Y (OAI2BB2X1M)                          0.18       1.35 r
  U0_RegFile/regArr_reg[14][6]/D (DFFRQX2M)               0.00       1.35 r
  data arrival time                                                  1.35

  clock CLKB_DOMAIN (rise edge)                          20.00      20.00
  clock network delay (ideal)                             0.00      20.00
  clock uncertainty                                      -0.20      19.80
  U0_RegFile/regArr_reg[14][6]/CK (DFFRQX2M)              0.00      19.80 r
  library setup time                                     -0.31      19.49
  data required time                                                19.49
  --------------------------------------------------------------------------
  data required time                                                19.49
  data arrival time                                                 -1.35
  --------------------------------------------------------------------------
  slack (MET)                                                       18.14


  Startpoint: U0_DATA_SYNC/enable_pulse_d_reg
              (rising edge-triggered flip-flop clocked by CLKB_DOMAIN)
  Endpoint: U0_RegFile/regArr_reg[14][5]
            (rising edge-triggered flip-flop clocked by CLKB_DOMAIN)
  Path Group: CLKB_DOMAIN
  Path Type: max

  Point                                                   Incr       Path
  --------------------------------------------------------------------------
  clock CLKB_DOMAIN (rise edge)                           0.00       0.00
  clock network delay (ideal)                             0.00       0.00
  U0_DATA_SYNC/enable_pulse_d_reg/CK (DFFRQX2M)           0.00       0.00 r
  U0_DATA_SYNC/enable_pulse_d_reg/Q (DFFRQX2M)            0.38       0.38 r
  U0_DATA_SYNC/enable_pulse_d (DATA_SYNC)                 0.00       0.38 r
  U0_RegFile/WrEn (RegFile)                               0.00       0.38 r
  U0_RegFile/U205/Y (INVX2M)                              0.05       0.43 f
  U0_RegFile/U56/Y (NOR2X2M)                              0.15       0.58 r
  U0_RegFile/U62/Y (NAND2X2M)                             0.13       0.71 f
  U0_RegFile/U31/Y (NOR2X2M)                              0.23       0.94 r
  U0_RegFile/U27/Y (NAND2X2M)                             0.23       1.17 f
  U0_RegFile/U132/Y (OAI2BB2X1M)                          0.18       1.35 r
  U0_RegFile/regArr_reg[14][5]/D (DFFRQX2M)               0.00       1.35 r
  data arrival time                                                  1.35

  clock CLKB_DOMAIN (rise edge)                          20.00      20.00
  clock network delay (ideal)                             0.00      20.00
  clock uncertainty                                      -0.20      19.80
  U0_RegFile/regArr_reg[14][5]/CK (DFFRQX2M)              0.00      19.80 r
  library setup time                                     -0.31      19.49
  data required time                                                19.49
  --------------------------------------------------------------------------
  data required time                                                19.49
  data arrival time                                                 -1.35
  --------------------------------------------------------------------------
  slack (MET)                                                       18.14


  Startpoint: U0_DATA_SYNC/enable_pulse_d_reg
              (rising edge-triggered flip-flop clocked by CLKB_DOMAIN)
  Endpoint: U0_RegFile/regArr_reg[14][4]
            (rising edge-triggered flip-flop clocked by CLKB_DOMAIN)
  Path Group: CLKB_DOMAIN
  Path Type: max

  Point                                                   Incr       Path
  --------------------------------------------------------------------------
  clock CLKB_DOMAIN (rise edge)                           0.00       0.00
  clock network delay (ideal)                             0.00       0.00
  U0_DATA_SYNC/enable_pulse_d_reg/CK (DFFRQX2M)           0.00       0.00 r
  U0_DATA_SYNC/enable_pulse_d_reg/Q (DFFRQX2M)            0.38       0.38 r
  U0_DATA_SYNC/enable_pulse_d (DATA_SYNC)                 0.00       0.38 r
  U0_RegFile/WrEn (RegFile)                               0.00       0.38 r
  U0_RegFile/U205/Y (INVX2M)                              0.05       0.43 f
  U0_RegFile/U56/Y (NOR2X2M)                              0.15       0.58 r
  U0_RegFile/U62/Y (NAND2X2M)                             0.13       0.71 f
  U0_RegFile/U31/Y (NOR2X2M)                              0.23       0.94 r
  U0_RegFile/U27/Y (NAND2X2M)                             0.23       1.17 f
  U0_RegFile/U131/Y (OAI2BB2X1M)                          0.18       1.35 r
  U0_RegFile/regArr_reg[14][4]/D (DFFRQX2M)               0.00       1.35 r
  data arrival time                                                  1.35

  clock CLKB_DOMAIN (rise edge)                          20.00      20.00
  clock network delay (ideal)                             0.00      20.00
  clock uncertainty                                      -0.20      19.80
  U0_RegFile/regArr_reg[14][4]/CK (DFFRQX2M)              0.00      19.80 r
  library setup time                                     -0.31      19.49
  data required time                                                19.49
  --------------------------------------------------------------------------
  data required time                                                19.49
  data arrival time                                                 -1.35
  --------------------------------------------------------------------------
  slack (MET)                                                       18.14


  Startpoint: U0_DATA_SYNC/enable_pulse_d_reg
              (rising edge-triggered flip-flop clocked by CLKB_DOMAIN)
  Endpoint: U0_RegFile/regArr_reg[14][3]
            (rising edge-triggered flip-flop clocked by CLKB_DOMAIN)
  Path Group: CLKB_DOMAIN
  Path Type: max

  Point                                                   Incr       Path
  --------------------------------------------------------------------------
  clock CLKB_DOMAIN (rise edge)                           0.00       0.00
  clock network delay (ideal)                             0.00       0.00
  U0_DATA_SYNC/enable_pulse_d_reg/CK (DFFRQX2M)           0.00       0.00 r
  U0_DATA_SYNC/enable_pulse_d_reg/Q (DFFRQX2M)            0.38       0.38 r
  U0_DATA_SYNC/enable_pulse_d (DATA_SYNC)                 0.00       0.38 r
  U0_RegFile/WrEn (RegFile)                               0.00       0.38 r
  U0_RegFile/U205/Y (INVX2M)                              0.05       0.43 f
  U0_RegFile/U56/Y (NOR2X2M)                              0.15       0.58 r
  U0_RegFile/U62/Y (NAND2X2M)                             0.13       0.71 f
  U0_RegFile/U31/Y (NOR2X2M)                              0.23       0.94 r
  U0_RegFile/U27/Y (NAND2X2M)                             0.23       1.17 f
  U0_RegFile/U130/Y (OAI2BB2X1M)                          0.18       1.35 r
  U0_RegFile/regArr_reg[14][3]/D (DFFRQX2M)               0.00       1.35 r
  data arrival time                                                  1.35

  clock CLKB_DOMAIN (rise edge)                          20.00      20.00
  clock network delay (ideal)                             0.00      20.00
  clock uncertainty                                      -0.20      19.80
  U0_RegFile/regArr_reg[14][3]/CK (DFFRQX2M)              0.00      19.80 r
  library setup time                                     -0.31      19.49
  data required time                                                19.49
  --------------------------------------------------------------------------
  data required time                                                19.49
  data arrival time                                                 -1.35
  --------------------------------------------------------------------------
  slack (MET)                                                       18.14


  Startpoint: U0_DATA_SYNC/enable_pulse_d_reg
              (rising edge-triggered flip-flop clocked by CLKB_DOMAIN)
  Endpoint: U0_RegFile/regArr_reg[14][2]
            (rising edge-triggered flip-flop clocked by CLKB_DOMAIN)
  Path Group: CLKB_DOMAIN
  Path Type: max

  Point                                                   Incr       Path
  --------------------------------------------------------------------------
  clock CLKB_DOMAIN (rise edge)                           0.00       0.00
  clock network delay (ideal)                             0.00       0.00
  U0_DATA_SYNC/enable_pulse_d_reg/CK (DFFRQX2M)           0.00       0.00 r
  U0_DATA_SYNC/enable_pulse_d_reg/Q (DFFRQX2M)            0.38       0.38 r
  U0_DATA_SYNC/enable_pulse_d (DATA_SYNC)                 0.00       0.38 r
  U0_RegFile/WrEn (RegFile)                               0.00       0.38 r
  U0_RegFile/U205/Y (INVX2M)                              0.05       0.43 f
  U0_RegFile/U56/Y (NOR2X2M)                              0.15       0.58 r
  U0_RegFile/U62/Y (NAND2X2M)                             0.13       0.71 f
  U0_RegFile/U31/Y (NOR2X2M)                              0.23       0.94 r
  U0_RegFile/U27/Y (NAND2X2M)                             0.23       1.17 f
  U0_RegFile/U129/Y (OAI2BB2X1M)                          0.18       1.35 r
  U0_RegFile/regArr_reg[14][2]/D (DFFRQX2M)               0.00       1.35 r
  data arrival time                                                  1.35

  clock CLKB_DOMAIN (rise edge)                          20.00      20.00
  clock network delay (ideal)                             0.00      20.00
  clock uncertainty                                      -0.20      19.80
  U0_RegFile/regArr_reg[14][2]/CK (DFFRQX2M)              0.00      19.80 r
  library setup time                                     -0.31      19.49
  data required time                                                19.49
  --------------------------------------------------------------------------
  data required time                                                19.49
  data arrival time                                                 -1.35
  --------------------------------------------------------------------------
  slack (MET)                                                       18.14


  Startpoint: U0_DATA_SYNC/enable_pulse_d_reg
              (rising edge-triggered flip-flop clocked by CLKB_DOMAIN)
  Endpoint: U0_RegFile/regArr_reg[14][1]
            (rising edge-triggered flip-flop clocked by CLKB_DOMAIN)
  Path Group: CLKB_DOMAIN
  Path Type: max

  Point                                                   Incr       Path
  --------------------------------------------------------------------------
  clock CLKB_DOMAIN (rise edge)                           0.00       0.00
  clock network delay (ideal)                             0.00       0.00
  U0_DATA_SYNC/enable_pulse_d_reg/CK (DFFRQX2M)           0.00       0.00 r
  U0_DATA_SYNC/enable_pulse_d_reg/Q (DFFRQX2M)            0.38       0.38 r
  U0_DATA_SYNC/enable_pulse_d (DATA_SYNC)                 0.00       0.38 r
  U0_RegFile/WrEn (RegFile)                               0.00       0.38 r
  U0_RegFile/U205/Y (INVX2M)                              0.05       0.43 f
  U0_RegFile/U56/Y (NOR2X2M)                              0.15       0.58 r
  U0_RegFile/U62/Y (NAND2X2M)                             0.13       0.71 f
  U0_RegFile/U31/Y (NOR2X2M)                              0.23       0.94 r
  U0_RegFile/U27/Y (NAND2X2M)                             0.23       1.17 f
  U0_RegFile/U128/Y (OAI2BB2X1M)                          0.18       1.35 r
  U0_RegFile/regArr_reg[14][1]/D (DFFRQX2M)               0.00       1.35 r
  data arrival time                                                  1.35

  clock CLKB_DOMAIN (rise edge)                          20.00      20.00
  clock network delay (ideal)                             0.00      20.00
  clock uncertainty                                      -0.20      19.80
  U0_RegFile/regArr_reg[14][1]/CK (DFFRQX2M)              0.00      19.80 r
  library setup time                                     -0.31      19.49
  data required time                                                19.49
  --------------------------------------------------------------------------
  data required time                                                19.49
  data arrival time                                                 -1.35
  --------------------------------------------------------------------------
  slack (MET)                                                       18.14


  Startpoint: U0_DATA_SYNC/enable_pulse_d_reg
              (rising edge-triggered flip-flop clocked by CLKB_DOMAIN)
  Endpoint: U0_RegFile/regArr_reg[14][0]
            (rising edge-triggered flip-flop clocked by CLKB_DOMAIN)
  Path Group: CLKB_DOMAIN
  Path Type: max

  Point                                                   Incr       Path
  --------------------------------------------------------------------------
  clock CLKB_DOMAIN (rise edge)                           0.00       0.00
  clock network delay (ideal)                             0.00       0.00
  U0_DATA_SYNC/enable_pulse_d_reg/CK (DFFRQX2M)           0.00       0.00 r
  U0_DATA_SYNC/enable_pulse_d_reg/Q (DFFRQX2M)            0.38       0.38 r
  U0_DATA_SYNC/enable_pulse_d (DATA_SYNC)                 0.00       0.38 r
  U0_RegFile/WrEn (RegFile)                               0.00       0.38 r
  U0_RegFile/U205/Y (INVX2M)                              0.05       0.43 f
  U0_RegFile/U56/Y (NOR2X2M)                              0.15       0.58 r
  U0_RegFile/U62/Y (NAND2X2M)                             0.13       0.71 f
  U0_RegFile/U31/Y (NOR2X2M)                              0.23       0.94 r
  U0_RegFile/U27/Y (NAND2X2M)                             0.23       1.17 f
  U0_RegFile/U127/Y (OAI2BB2X1M)                          0.18       1.35 r
  U0_RegFile/regArr_reg[14][0]/D (DFFRQX2M)               0.00       1.35 r
  data arrival time                                                  1.35

  clock CLKB_DOMAIN (rise edge)                          20.00      20.00
  clock network delay (ideal)                             0.00      20.00
  clock uncertainty                                      -0.20      19.80
  U0_RegFile/regArr_reg[14][0]/CK (DFFRQX2M)              0.00      19.80 r
  library setup time                                     -0.31      19.49
  data required time                                                19.49
  --------------------------------------------------------------------------
  data required time                                                19.49
  data arrival time                                                 -1.35
  --------------------------------------------------------------------------
  slack (MET)                                                       18.14


  Startpoint: U0_DATA_SYNC/enable_pulse_d_reg
              (rising edge-triggered flip-flop clocked by CLKB_DOMAIN)
  Endpoint: U0_RegFile/regArr_reg[6][7]
            (rising edge-triggered flip-flop clocked by CLKB_DOMAIN)
  Path Group: CLKB_DOMAIN
  Path Type: max

  Point                                                   Incr       Path
  --------------------------------------------------------------------------
  clock CLKB_DOMAIN (rise edge)                           0.00       0.00
  clock network delay (ideal)                             0.00       0.00
  U0_DATA_SYNC/enable_pulse_d_reg/CK (DFFRQX2M)           0.00       0.00 r
  U0_DATA_SYNC/enable_pulse_d_reg/Q (DFFRQX2M)            0.38       0.38 r
  U0_DATA_SYNC/enable_pulse_d (DATA_SYNC)                 0.00       0.38 r
  U0_RegFile/WrEn (RegFile)                               0.00       0.38 r
  U0_RegFile/U205/Y (INVX2M)                              0.05       0.43 f
  U0_RegFile/U56/Y (NOR2X2M)                              0.15       0.58 r
  U0_RegFile/U62/Y (NAND2X2M)                             0.13       0.71 f
  U0_RegFile/U31/Y (NOR2X2M)                              0.23       0.94 r
  U0_RegFile/U40/Y (NAND2X2M)                             0.23       1.17 f
  U0_RegFile/U110/Y (OAI2BB2X1M)                          0.18       1.35 r
  U0_RegFile/regArr_reg[6][7]/D (DFFRQX2M)                0.00       1.35 r
  data arrival time                                                  1.35

  clock CLKB_DOMAIN (rise edge)                          20.00      20.00
  clock network delay (ideal)                             0.00      20.00
  clock uncertainty                                      -0.20      19.80
  U0_RegFile/regArr_reg[6][7]/CK (DFFRQX2M)               0.00      19.80 r
  library setup time                                     -0.31      19.49
  data required time                                                19.49
  --------------------------------------------------------------------------
  data required time                                                19.49
  data arrival time                                                 -1.35
  --------------------------------------------------------------------------
  slack (MET)                                                       18.14


  Startpoint: U0_DATA_SYNC/enable_pulse_d_reg
              (rising edge-triggered flip-flop clocked by CLKB_DOMAIN)
  Endpoint: U0_RegFile/regArr_reg[6][6]
            (rising edge-triggered flip-flop clocked by CLKB_DOMAIN)
  Path Group: CLKB_DOMAIN
  Path Type: max

  Point                                                   Incr       Path
  --------------------------------------------------------------------------
  clock CLKB_DOMAIN (rise edge)                           0.00       0.00
  clock network delay (ideal)                             0.00       0.00
  U0_DATA_SYNC/enable_pulse_d_reg/CK (DFFRQX2M)           0.00       0.00 r
  U0_DATA_SYNC/enable_pulse_d_reg/Q (DFFRQX2M)            0.38       0.38 r
  U0_DATA_SYNC/enable_pulse_d (DATA_SYNC)                 0.00       0.38 r
  U0_RegFile/WrEn (RegFile)                               0.00       0.38 r
  U0_RegFile/U205/Y (INVX2M)                              0.05       0.43 f
  U0_RegFile/U56/Y (NOR2X2M)                              0.15       0.58 r
  U0_RegFile/U62/Y (NAND2X2M)                             0.13       0.71 f
  U0_RegFile/U31/Y (NOR2X2M)                              0.23       0.94 r
  U0_RegFile/U40/Y (NAND2X2M)                             0.23       1.17 f
  U0_RegFile/U109/Y (OAI2BB2X1M)                          0.18       1.35 r
  U0_RegFile/regArr_reg[6][6]/D (DFFRQX2M)                0.00       1.35 r
  data arrival time                                                  1.35

  clock CLKB_DOMAIN (rise edge)                          20.00      20.00
  clock network delay (ideal)                             0.00      20.00
  clock uncertainty                                      -0.20      19.80
  U0_RegFile/regArr_reg[6][6]/CK (DFFRQX2M)               0.00      19.80 r
  library setup time                                     -0.31      19.49
  data required time                                                19.49
  --------------------------------------------------------------------------
  data required time                                                19.49
  data arrival time                                                 -1.35
  --------------------------------------------------------------------------
  slack (MET)                                                       18.14


  Startpoint: U0_DATA_SYNC/enable_pulse_d_reg
              (rising edge-triggered flip-flop clocked by CLKB_DOMAIN)
  Endpoint: U0_RegFile/regArr_reg[6][5]
            (rising edge-triggered flip-flop clocked by CLKB_DOMAIN)
  Path Group: CLKB_DOMAIN
  Path Type: max

  Point                                                   Incr       Path
  --------------------------------------------------------------------------
  clock CLKB_DOMAIN (rise edge)                           0.00       0.00
  clock network delay (ideal)                             0.00       0.00
  U0_DATA_SYNC/enable_pulse_d_reg/CK (DFFRQX2M)           0.00       0.00 r
  U0_DATA_SYNC/enable_pulse_d_reg/Q (DFFRQX2M)            0.38       0.38 r
  U0_DATA_SYNC/enable_pulse_d (DATA_SYNC)                 0.00       0.38 r
  U0_RegFile/WrEn (RegFile)                               0.00       0.38 r
  U0_RegFile/U205/Y (INVX2M)                              0.05       0.43 f
  U0_RegFile/U56/Y (NOR2X2M)                              0.15       0.58 r
  U0_RegFile/U62/Y (NAND2X2M)                             0.13       0.71 f
  U0_RegFile/U31/Y (NOR2X2M)                              0.23       0.94 r
  U0_RegFile/U40/Y (NAND2X2M)                             0.23       1.17 f
  U0_RegFile/U108/Y (OAI2BB2X1M)                          0.18       1.35 r
  U0_RegFile/regArr_reg[6][5]/D (DFFRQX2M)                0.00       1.35 r
  data arrival time                                                  1.35

  clock CLKB_DOMAIN (rise edge)                          20.00      20.00
  clock network delay (ideal)                             0.00      20.00
  clock uncertainty                                      -0.20      19.80
  U0_RegFile/regArr_reg[6][5]/CK (DFFRQX2M)               0.00      19.80 r
  library setup time                                     -0.31      19.49
  data required time                                                19.49
  --------------------------------------------------------------------------
  data required time                                                19.49
  data arrival time                                                 -1.35
  --------------------------------------------------------------------------
  slack (MET)                                                       18.14


  Startpoint: U0_DATA_SYNC/enable_pulse_d_reg
              (rising edge-triggered flip-flop clocked by CLKB_DOMAIN)
  Endpoint: U0_RegFile/regArr_reg[6][4]
            (rising edge-triggered flip-flop clocked by CLKB_DOMAIN)
  Path Group: CLKB_DOMAIN
  Path Type: max

  Point                                                   Incr       Path
  --------------------------------------------------------------------------
  clock CLKB_DOMAIN (rise edge)                           0.00       0.00
  clock network delay (ideal)                             0.00       0.00
  U0_DATA_SYNC/enable_pulse_d_reg/CK (DFFRQX2M)           0.00       0.00 r
  U0_DATA_SYNC/enable_pulse_d_reg/Q (DFFRQX2M)            0.38       0.38 r
  U0_DATA_SYNC/enable_pulse_d (DATA_SYNC)                 0.00       0.38 r
  U0_RegFile/WrEn (RegFile)                               0.00       0.38 r
  U0_RegFile/U205/Y (INVX2M)                              0.05       0.43 f
  U0_RegFile/U56/Y (NOR2X2M)                              0.15       0.58 r
  U0_RegFile/U62/Y (NAND2X2M)                             0.13       0.71 f
  U0_RegFile/U31/Y (NOR2X2M)                              0.23       0.94 r
  U0_RegFile/U40/Y (NAND2X2M)                             0.23       1.17 f
  U0_RegFile/U107/Y (OAI2BB2X1M)                          0.18       1.35 r
  U0_RegFile/regArr_reg[6][4]/D (DFFRQX2M)                0.00       1.35 r
  data arrival time                                                  1.35

  clock CLKB_DOMAIN (rise edge)                          20.00      20.00
  clock network delay (ideal)                             0.00      20.00
  clock uncertainty                                      -0.20      19.80
  U0_RegFile/regArr_reg[6][4]/CK (DFFRQX2M)               0.00      19.80 r
  library setup time                                     -0.31      19.49
  data required time                                                19.49
  --------------------------------------------------------------------------
  data required time                                                19.49
  data arrival time                                                 -1.35
  --------------------------------------------------------------------------
  slack (MET)                                                       18.14


  Startpoint: U0_DATA_SYNC/enable_pulse_d_reg
              (rising edge-triggered flip-flop clocked by CLKB_DOMAIN)
  Endpoint: U0_RegFile/regArr_reg[6][3]
            (rising edge-triggered flip-flop clocked by CLKB_DOMAIN)
  Path Group: CLKB_DOMAIN
  Path Type: max

  Point                                                   Incr       Path
  --------------------------------------------------------------------------
  clock CLKB_DOMAIN (rise edge)                           0.00       0.00
  clock network delay (ideal)                             0.00       0.00
  U0_DATA_SYNC/enable_pulse_d_reg/CK (DFFRQX2M)           0.00       0.00 r
  U0_DATA_SYNC/enable_pulse_d_reg/Q (DFFRQX2M)            0.38       0.38 r
  U0_DATA_SYNC/enable_pulse_d (DATA_SYNC)                 0.00       0.38 r
  U0_RegFile/WrEn (RegFile)                               0.00       0.38 r
  U0_RegFile/U205/Y (INVX2M)                              0.05       0.43 f
  U0_RegFile/U56/Y (NOR2X2M)                              0.15       0.58 r
  U0_RegFile/U62/Y (NAND2X2M)                             0.13       0.71 f
  U0_RegFile/U31/Y (NOR2X2M)                              0.23       0.94 r
  U0_RegFile/U40/Y (NAND2X2M)                             0.23       1.17 f
  U0_RegFile/U106/Y (OAI2BB2X1M)                          0.18       1.35 r
  U0_RegFile/regArr_reg[6][3]/D (DFFRQX2M)                0.00       1.35 r
  data arrival time                                                  1.35

  clock CLKB_DOMAIN (rise edge)                          20.00      20.00
  clock network delay (ideal)                             0.00      20.00
  clock uncertainty                                      -0.20      19.80
  U0_RegFile/regArr_reg[6][3]/CK (DFFRQX2M)               0.00      19.80 r
  library setup time                                     -0.31      19.49
  data required time                                                19.49
  --------------------------------------------------------------------------
  data required time                                                19.49
  data arrival time                                                 -1.35
  --------------------------------------------------------------------------
  slack (MET)                                                       18.14


  Startpoint: U0_DATA_SYNC/enable_pulse_d_reg
              (rising edge-triggered flip-flop clocked by CLKB_DOMAIN)
  Endpoint: U0_RegFile/regArr_reg[6][2]
            (rising edge-triggered flip-flop clocked by CLKB_DOMAIN)
  Path Group: CLKB_DOMAIN
  Path Type: max

  Point                                                   Incr       Path
  --------------------------------------------------------------------------
  clock CLKB_DOMAIN (rise edge)                           0.00       0.00
  clock network delay (ideal)                             0.00       0.00
  U0_DATA_SYNC/enable_pulse_d_reg/CK (DFFRQX2M)           0.00       0.00 r
  U0_DATA_SYNC/enable_pulse_d_reg/Q (DFFRQX2M)            0.38       0.38 r
  U0_DATA_SYNC/enable_pulse_d (DATA_SYNC)                 0.00       0.38 r
  U0_RegFile/WrEn (RegFile)                               0.00       0.38 r
  U0_RegFile/U205/Y (INVX2M)                              0.05       0.43 f
  U0_RegFile/U56/Y (NOR2X2M)                              0.15       0.58 r
  U0_RegFile/U62/Y (NAND2X2M)                             0.13       0.71 f
  U0_RegFile/U31/Y (NOR2X2M)                              0.23       0.94 r
  U0_RegFile/U40/Y (NAND2X2M)                             0.23       1.17 f
  U0_RegFile/U105/Y (OAI2BB2X1M)                          0.18       1.35 r
  U0_RegFile/regArr_reg[6][2]/D (DFFRQX2M)                0.00       1.35 r
  data arrival time                                                  1.35

  clock CLKB_DOMAIN (rise edge)                          20.00      20.00
  clock network delay (ideal)                             0.00      20.00
  clock uncertainty                                      -0.20      19.80
  U0_RegFile/regArr_reg[6][2]/CK (DFFRQX2M)               0.00      19.80 r
  library setup time                                     -0.31      19.49
  data required time                                                19.49
  --------------------------------------------------------------------------
  data required time                                                19.49
  data arrival time                                                 -1.35
  --------------------------------------------------------------------------
  slack (MET)                                                       18.14


  Startpoint: U0_DATA_SYNC/enable_pulse_d_reg
              (rising edge-triggered flip-flop clocked by CLKB_DOMAIN)
  Endpoint: U0_RegFile/regArr_reg[6][1]
            (rising edge-triggered flip-flop clocked by CLKB_DOMAIN)
  Path Group: CLKB_DOMAIN
  Path Type: max

  Point                                                   Incr       Path
  --------------------------------------------------------------------------
  clock CLKB_DOMAIN (rise edge)                           0.00       0.00
  clock network delay (ideal)                             0.00       0.00
  U0_DATA_SYNC/enable_pulse_d_reg/CK (DFFRQX2M)           0.00       0.00 r
  U0_DATA_SYNC/enable_pulse_d_reg/Q (DFFRQX2M)            0.38       0.38 r
  U0_DATA_SYNC/enable_pulse_d (DATA_SYNC)                 0.00       0.38 r
  U0_RegFile/WrEn (RegFile)                               0.00       0.38 r
  U0_RegFile/U205/Y (INVX2M)                              0.05       0.43 f
  U0_RegFile/U56/Y (NOR2X2M)                              0.15       0.58 r
  U0_RegFile/U62/Y (NAND2X2M)                             0.13       0.71 f
  U0_RegFile/U31/Y (NOR2X2M)                              0.23       0.94 r
  U0_RegFile/U40/Y (NAND2X2M)                             0.23       1.17 f
  U0_RegFile/U104/Y (OAI2BB2X1M)                          0.18       1.35 r
  U0_RegFile/regArr_reg[6][1]/D (DFFRQX2M)                0.00       1.35 r
  data arrival time                                                  1.35

  clock CLKB_DOMAIN (rise edge)                          20.00      20.00
  clock network delay (ideal)                             0.00      20.00
  clock uncertainty                                      -0.20      19.80
  U0_RegFile/regArr_reg[6][1]/CK (DFFRQX2M)               0.00      19.80 r
  library setup time                                     -0.31      19.49
  data required time                                                19.49
  --------------------------------------------------------------------------
  data required time                                                19.49
  data arrival time                                                 -1.35
  --------------------------------------------------------------------------
  slack (MET)                                                       18.14


  Startpoint: U0_DATA_SYNC/enable_pulse_d_reg
              (rising edge-triggered flip-flop clocked by CLKB_DOMAIN)
  Endpoint: U0_RegFile/regArr_reg[6][0]
            (rising edge-triggered flip-flop clocked by CLKB_DOMAIN)
  Path Group: CLKB_DOMAIN
  Path Type: max

  Point                                                   Incr       Path
  --------------------------------------------------------------------------
  clock CLKB_DOMAIN (rise edge)                           0.00       0.00
  clock network delay (ideal)                             0.00       0.00
  U0_DATA_SYNC/enable_pulse_d_reg/CK (DFFRQX2M)           0.00       0.00 r
  U0_DATA_SYNC/enable_pulse_d_reg/Q (DFFRQX2M)            0.38       0.38 r
  U0_DATA_SYNC/enable_pulse_d (DATA_SYNC)                 0.00       0.38 r
  U0_RegFile/WrEn (RegFile)                               0.00       0.38 r
  U0_RegFile/U205/Y (INVX2M)                              0.05       0.43 f
  U0_RegFile/U56/Y (NOR2X2M)                              0.15       0.58 r
  U0_RegFile/U62/Y (NAND2X2M)                             0.13       0.71 f
  U0_RegFile/U31/Y (NOR2X2M)                              0.23       0.94 r
  U0_RegFile/U40/Y (NAND2X2M)                             0.23       1.17 f
  U0_RegFile/U103/Y (OAI2BB2X1M)                          0.18       1.35 r
  U0_RegFile/regArr_reg[6][0]/D (DFFRQX2M)                0.00       1.35 r
  data arrival time                                                  1.35

  clock CLKB_DOMAIN (rise edge)                          20.00      20.00
  clock network delay (ideal)                             0.00      20.00
  clock uncertainty                                      -0.20      19.80
  U0_RegFile/regArr_reg[6][0]/CK (DFFRQX2M)               0.00      19.80 r
  library setup time                                     -0.31      19.49
  data required time                                                19.49
  --------------------------------------------------------------------------
  data required time                                                19.49
  data arrival time                                                 -1.35
  --------------------------------------------------------------------------
  slack (MET)                                                       18.14


  Startpoint: U0_DATA_SYNC/enable_pulse_d_reg
              (rising edge-triggered flip-flop clocked by CLKB_DOMAIN)
  Endpoint: U0_RegFile/regArr_reg[10][7]
            (rising edge-triggered flip-flop clocked by CLKB_DOMAIN)
  Path Group: CLKB_DOMAIN
  Path Type: max

  Point                                                   Incr       Path
  --------------------------------------------------------------------------
  clock CLKB_DOMAIN (rise edge)                           0.00       0.00
  clock network delay (ideal)                             0.00       0.00
  U0_DATA_SYNC/enable_pulse_d_reg/CK (DFFRQX2M)           0.00       0.00 r
  U0_DATA_SYNC/enable_pulse_d_reg/Q (DFFRQX2M)            0.38       0.38 r
  U0_DATA_SYNC/enable_pulse_d (DATA_SYNC)                 0.00       0.38 r
  U0_RegFile/WrEn (RegFile)                               0.00       0.38 r
  U0_RegFile/U205/Y (INVX2M)                              0.05       0.43 f
  U0_RegFile/U56/Y (NOR2X2M)                              0.15       0.58 r
  U0_RegFile/U62/Y (NAND2X2M)                             0.13       0.71 f
  U0_RegFile/U31/Y (NOR2X2M)                              0.23       0.94 r
  U0_RegFile/U26/Y (NAND2X2M)                             0.23       1.17 f
  U0_RegFile/U174/Y (OAI2BB2X1M)                          0.18       1.35 r
  U0_RegFile/regArr_reg[10][7]/D (DFFRQX2M)               0.00       1.35 r
  data arrival time                                                  1.35

  clock CLKB_DOMAIN (rise edge)                          20.00      20.00
  clock network delay (ideal)                             0.00      20.00
  clock uncertainty                                      -0.20      19.80
  U0_RegFile/regArr_reg[10][7]/CK (DFFRQX2M)              0.00      19.80 r
  library setup time                                     -0.31      19.49
  data required time                                                19.49
  --------------------------------------------------------------------------
  data required time                                                19.49
  data arrival time                                                 -1.35
  --------------------------------------------------------------------------
  slack (MET)                                                       18.14


  Startpoint: U0_DATA_SYNC/enable_pulse_d_reg
              (rising edge-triggered flip-flop clocked by CLKB_DOMAIN)
  Endpoint: U0_RegFile/regArr_reg[10][6]
            (rising edge-triggered flip-flop clocked by CLKB_DOMAIN)
  Path Group: CLKB_DOMAIN
  Path Type: max

  Point                                                   Incr       Path
  --------------------------------------------------------------------------
  clock CLKB_DOMAIN (rise edge)                           0.00       0.00
  clock network delay (ideal)                             0.00       0.00
  U0_DATA_SYNC/enable_pulse_d_reg/CK (DFFRQX2M)           0.00       0.00 r
  U0_DATA_SYNC/enable_pulse_d_reg/Q (DFFRQX2M)            0.38       0.38 r
  U0_DATA_SYNC/enable_pulse_d (DATA_SYNC)                 0.00       0.38 r
  U0_RegFile/WrEn (RegFile)                               0.00       0.38 r
  U0_RegFile/U205/Y (INVX2M)                              0.05       0.43 f
  U0_RegFile/U56/Y (NOR2X2M)                              0.15       0.58 r
  U0_RegFile/U62/Y (NAND2X2M)                             0.13       0.71 f
  U0_RegFile/U31/Y (NOR2X2M)                              0.23       0.94 r
  U0_RegFile/U26/Y (NAND2X2M)                             0.23       1.17 f
  U0_RegFile/U173/Y (OAI2BB2X1M)                          0.18       1.35 r
  U0_RegFile/regArr_reg[10][6]/D (DFFRQX2M)               0.00       1.35 r
  data arrival time                                                  1.35

  clock CLKB_DOMAIN (rise edge)                          20.00      20.00
  clock network delay (ideal)                             0.00      20.00
  clock uncertainty                                      -0.20      19.80
  U0_RegFile/regArr_reg[10][6]/CK (DFFRQX2M)              0.00      19.80 r
  library setup time                                     -0.31      19.49
  data required time                                                19.49
  --------------------------------------------------------------------------
  data required time                                                19.49
  data arrival time                                                 -1.35
  --------------------------------------------------------------------------
  slack (MET)                                                       18.14


  Startpoint: U0_DATA_SYNC/enable_pulse_d_reg
              (rising edge-triggered flip-flop clocked by CLKB_DOMAIN)
  Endpoint: U0_RegFile/regArr_reg[10][5]
            (rising edge-triggered flip-flop clocked by CLKB_DOMAIN)
  Path Group: CLKB_DOMAIN
  Path Type: max

  Point                                                   Incr       Path
  --------------------------------------------------------------------------
  clock CLKB_DOMAIN (rise edge)                           0.00       0.00
  clock network delay (ideal)                             0.00       0.00
  U0_DATA_SYNC/enable_pulse_d_reg/CK (DFFRQX2M)           0.00       0.00 r
  U0_DATA_SYNC/enable_pulse_d_reg/Q (DFFRQX2M)            0.38       0.38 r
  U0_DATA_SYNC/enable_pulse_d (DATA_SYNC)                 0.00       0.38 r
  U0_RegFile/WrEn (RegFile)                               0.00       0.38 r
  U0_RegFile/U205/Y (INVX2M)                              0.05       0.43 f
  U0_RegFile/U56/Y (NOR2X2M)                              0.15       0.58 r
  U0_RegFile/U62/Y (NAND2X2M)                             0.13       0.71 f
  U0_RegFile/U31/Y (NOR2X2M)                              0.23       0.94 r
  U0_RegFile/U26/Y (NAND2X2M)                             0.23       1.17 f
  U0_RegFile/U172/Y (OAI2BB2X1M)                          0.18       1.35 r
  U0_RegFile/regArr_reg[10][5]/D (DFFRQX2M)               0.00       1.35 r
  data arrival time                                                  1.35

  clock CLKB_DOMAIN (rise edge)                          20.00      20.00
  clock network delay (ideal)                             0.00      20.00
  clock uncertainty                                      -0.20      19.80
  U0_RegFile/regArr_reg[10][5]/CK (DFFRQX2M)              0.00      19.80 r
  library setup time                                     -0.31      19.49
  data required time                                                19.49
  --------------------------------------------------------------------------
  data required time                                                19.49
  data arrival time                                                 -1.35
  --------------------------------------------------------------------------
  slack (MET)                                                       18.14


  Startpoint: U0_DATA_SYNC/enable_pulse_d_reg
              (rising edge-triggered flip-flop clocked by CLKB_DOMAIN)
  Endpoint: U0_RegFile/regArr_reg[10][4]
            (rising edge-triggered flip-flop clocked by CLKB_DOMAIN)
  Path Group: CLKB_DOMAIN
  Path Type: max

  Point                                                   Incr       Path
  --------------------------------------------------------------------------
  clock CLKB_DOMAIN (rise edge)                           0.00       0.00
  clock network delay (ideal)                             0.00       0.00
  U0_DATA_SYNC/enable_pulse_d_reg/CK (DFFRQX2M)           0.00       0.00 r
  U0_DATA_SYNC/enable_pulse_d_reg/Q (DFFRQX2M)            0.38       0.38 r
  U0_DATA_SYNC/enable_pulse_d (DATA_SYNC)                 0.00       0.38 r
  U0_RegFile/WrEn (RegFile)                               0.00       0.38 r
  U0_RegFile/U205/Y (INVX2M)                              0.05       0.43 f
  U0_RegFile/U56/Y (NOR2X2M)                              0.15       0.58 r
  U0_RegFile/U62/Y (NAND2X2M)                             0.13       0.71 f
  U0_RegFile/U31/Y (NOR2X2M)                              0.23       0.94 r
  U0_RegFile/U26/Y (NAND2X2M)                             0.23       1.17 f
  U0_RegFile/U171/Y (OAI2BB2X1M)                          0.18       1.35 r
  U0_RegFile/regArr_reg[10][4]/D (DFFRQX2M)               0.00       1.35 r
  data arrival time                                                  1.35

  clock CLKB_DOMAIN (rise edge)                          20.00      20.00
  clock network delay (ideal)                             0.00      20.00
  clock uncertainty                                      -0.20      19.80
  U0_RegFile/regArr_reg[10][4]/CK (DFFRQX2M)              0.00      19.80 r
  library setup time                                     -0.31      19.49
  data required time                                                19.49
  --------------------------------------------------------------------------
  data required time                                                19.49
  data arrival time                                                 -1.35
  --------------------------------------------------------------------------
  slack (MET)                                                       18.14


  Startpoint: U0_DATA_SYNC/enable_pulse_d_reg
              (rising edge-triggered flip-flop clocked by CLKB_DOMAIN)
  Endpoint: U0_RegFile/regArr_reg[10][3]
            (rising edge-triggered flip-flop clocked by CLKB_DOMAIN)
  Path Group: CLKB_DOMAIN
  Path Type: max

  Point                                                   Incr       Path
  --------------------------------------------------------------------------
  clock CLKB_DOMAIN (rise edge)                           0.00       0.00
  clock network delay (ideal)                             0.00       0.00
  U0_DATA_SYNC/enable_pulse_d_reg/CK (DFFRQX2M)           0.00       0.00 r
  U0_DATA_SYNC/enable_pulse_d_reg/Q (DFFRQX2M)            0.38       0.38 r
  U0_DATA_SYNC/enable_pulse_d (DATA_SYNC)                 0.00       0.38 r
  U0_RegFile/WrEn (RegFile)                               0.00       0.38 r
  U0_RegFile/U205/Y (INVX2M)                              0.05       0.43 f
  U0_RegFile/U56/Y (NOR2X2M)                              0.15       0.58 r
  U0_RegFile/U62/Y (NAND2X2M)                             0.13       0.71 f
  U0_RegFile/U31/Y (NOR2X2M)                              0.23       0.94 r
  U0_RegFile/U26/Y (NAND2X2M)                             0.23       1.17 f
  U0_RegFile/U170/Y (OAI2BB2X1M)                          0.18       1.35 r
  U0_RegFile/regArr_reg[10][3]/D (DFFRQX2M)               0.00       1.35 r
  data arrival time                                                  1.35

  clock CLKB_DOMAIN (rise edge)                          20.00      20.00
  clock network delay (ideal)                             0.00      20.00
  clock uncertainty                                      -0.20      19.80
  U0_RegFile/regArr_reg[10][3]/CK (DFFRQX2M)              0.00      19.80 r
  library setup time                                     -0.31      19.49
  data required time                                                19.49
  --------------------------------------------------------------------------
  data required time                                                19.49
  data arrival time                                                 -1.35
  --------------------------------------------------------------------------
  slack (MET)                                                       18.14


  Startpoint: U0_DATA_SYNC/enable_pulse_d_reg
              (rising edge-triggered flip-flop clocked by CLKB_DOMAIN)
  Endpoint: U0_RegFile/regArr_reg[10][2]
            (rising edge-triggered flip-flop clocked by CLKB_DOMAIN)
  Path Group: CLKB_DOMAIN
  Path Type: max

  Point                                                   Incr       Path
  --------------------------------------------------------------------------
  clock CLKB_DOMAIN (rise edge)                           0.00       0.00
  clock network delay (ideal)                             0.00       0.00
  U0_DATA_SYNC/enable_pulse_d_reg/CK (DFFRQX2M)           0.00       0.00 r
  U0_DATA_SYNC/enable_pulse_d_reg/Q (DFFRQX2M)            0.38       0.38 r
  U0_DATA_SYNC/enable_pulse_d (DATA_SYNC)                 0.00       0.38 r
  U0_RegFile/WrEn (RegFile)                               0.00       0.38 r
  U0_RegFile/U205/Y (INVX2M)                              0.05       0.43 f
  U0_RegFile/U56/Y (NOR2X2M)                              0.15       0.58 r
  U0_RegFile/U62/Y (NAND2X2M)                             0.13       0.71 f
  U0_RegFile/U31/Y (NOR2X2M)                              0.23       0.94 r
  U0_RegFile/U26/Y (NAND2X2M)                             0.23       1.17 f
  U0_RegFile/U169/Y (OAI2BB2X1M)                          0.18       1.35 r
  U0_RegFile/regArr_reg[10][2]/D (DFFRQX2M)               0.00       1.35 r
  data arrival time                                                  1.35

  clock CLKB_DOMAIN (rise edge)                          20.00      20.00
  clock network delay (ideal)                             0.00      20.00
  clock uncertainty                                      -0.20      19.80
  U0_RegFile/regArr_reg[10][2]/CK (DFFRQX2M)              0.00      19.80 r
  library setup time                                     -0.31      19.49
  data required time                                                19.49
  --------------------------------------------------------------------------
  data required time                                                19.49
  data arrival time                                                 -1.35
  --------------------------------------------------------------------------
  slack (MET)                                                       18.14


  Startpoint: U0_DATA_SYNC/enable_pulse_d_reg
              (rising edge-triggered flip-flop clocked by CLKB_DOMAIN)
  Endpoint: U0_RegFile/regArr_reg[10][1]
            (rising edge-triggered flip-flop clocked by CLKB_DOMAIN)
  Path Group: CLKB_DOMAIN
  Path Type: max

  Point                                                   Incr       Path
  --------------------------------------------------------------------------
  clock CLKB_DOMAIN (rise edge)                           0.00       0.00
  clock network delay (ideal)                             0.00       0.00
  U0_DATA_SYNC/enable_pulse_d_reg/CK (DFFRQX2M)           0.00       0.00 r
  U0_DATA_SYNC/enable_pulse_d_reg/Q (DFFRQX2M)            0.38       0.38 r
  U0_DATA_SYNC/enable_pulse_d (DATA_SYNC)                 0.00       0.38 r
  U0_RegFile/WrEn (RegFile)                               0.00       0.38 r
  U0_RegFile/U205/Y (INVX2M)                              0.05       0.43 f
  U0_RegFile/U56/Y (NOR2X2M)                              0.15       0.58 r
  U0_RegFile/U62/Y (NAND2X2M)                             0.13       0.71 f
  U0_RegFile/U31/Y (NOR2X2M)                              0.23       0.94 r
  U0_RegFile/U26/Y (NAND2X2M)                             0.23       1.17 f
  U0_RegFile/U168/Y (OAI2BB2X1M)                          0.18       1.35 r
  U0_RegFile/regArr_reg[10][1]/D (DFFRQX2M)               0.00       1.35 r
  data arrival time                                                  1.35

  clock CLKB_DOMAIN (rise edge)                          20.00      20.00
  clock network delay (ideal)                             0.00      20.00
  clock uncertainty                                      -0.20      19.80
  U0_RegFile/regArr_reg[10][1]/CK (DFFRQX2M)              0.00      19.80 r
  library setup time                                     -0.31      19.49
  data required time                                                19.49
  --------------------------------------------------------------------------
  data required time                                                19.49
  data arrival time                                                 -1.35
  --------------------------------------------------------------------------
  slack (MET)                                                       18.14


  Startpoint: U0_DATA_SYNC/enable_pulse_d_reg
              (rising edge-triggered flip-flop clocked by CLKB_DOMAIN)
  Endpoint: U0_RegFile/regArr_reg[10][0]
            (rising edge-triggered flip-flop clocked by CLKB_DOMAIN)
  Path Group: CLKB_DOMAIN
  Path Type: max

  Point                                                   Incr       Path
  --------------------------------------------------------------------------
  clock CLKB_DOMAIN (rise edge)                           0.00       0.00
  clock network delay (ideal)                             0.00       0.00
  U0_DATA_SYNC/enable_pulse_d_reg/CK (DFFRQX2M)           0.00       0.00 r
  U0_DATA_SYNC/enable_pulse_d_reg/Q (DFFRQX2M)            0.38       0.38 r
  U0_DATA_SYNC/enable_pulse_d (DATA_SYNC)                 0.00       0.38 r
  U0_RegFile/WrEn (RegFile)                               0.00       0.38 r
  U0_RegFile/U205/Y (INVX2M)                              0.05       0.43 f
  U0_RegFile/U56/Y (NOR2X2M)                              0.15       0.58 r
  U0_RegFile/U62/Y (NAND2X2M)                             0.13       0.71 f
  U0_RegFile/U31/Y (NOR2X2M)                              0.23       0.94 r
  U0_RegFile/U26/Y (NAND2X2M)                             0.23       1.17 f
  U0_RegFile/U167/Y (OAI2BB2X1M)                          0.18       1.35 r
  U0_RegFile/regArr_reg[10][0]/D (DFFRQX2M)               0.00       1.35 r
  data arrival time                                                  1.35

  clock CLKB_DOMAIN (rise edge)                          20.00      20.00
  clock network delay (ideal)                             0.00      20.00
  clock uncertainty                                      -0.20      19.80
  U0_RegFile/regArr_reg[10][0]/CK (DFFRQX2M)              0.00      19.80 r
  library setup time                                     -0.31      19.49
  data required time                                                19.49
  --------------------------------------------------------------------------
  data required time                                                19.49
  data arrival time                                                 -1.35
  --------------------------------------------------------------------------
  slack (MET)                                                       18.14


  Startpoint: U0_DATA_SYNC/enable_pulse_d_reg
              (rising edge-triggered flip-flop clocked by CLKB_DOMAIN)
  Endpoint: U0_RegFile/regArr_reg[0][7]
            (rising edge-triggered flip-flop clocked by CLKB_DOMAIN)
  Path Group: CLKB_DOMAIN
  Path Type: max

  Point                                                   Incr       Path
  --------------------------------------------------------------------------
  clock CLKB_DOMAIN (rise edge)                           0.00       0.00
  clock network delay (ideal)                             0.00       0.00
  U0_DATA_SYNC/enable_pulse_d_reg/CK (DFFRQX2M)           0.00       0.00 r
  U0_DATA_SYNC/enable_pulse_d_reg/Q (DFFRQX2M)            0.38       0.38 r
  U0_DATA_SYNC/enable_pulse_d (DATA_SYNC)                 0.00       0.38 r
  U0_RegFile/WrEn (RegFile)                               0.00       0.38 r
  U0_RegFile/U205/Y (INVX2M)                              0.05       0.43 f
  U0_RegFile/U56/Y (NOR2X2M)                              0.15       0.58 r
  U0_RegFile/U62/Y (NAND2X2M)                             0.13       0.71 f
  U0_RegFile/U4/Y (NOR2X2M)                               0.22       0.93 r
  U0_RegFile/U41/Y (NAND2X2M)                             0.24       1.16 f
  U0_RegFile/U78/Y (OAI2BB2X1M)                           0.18       1.34 r
  U0_RegFile/regArr_reg[0][7]/D (DFFRQX2M)                0.00       1.34 r
  data arrival time                                                  1.34

  clock CLKB_DOMAIN (rise edge)                          20.00      20.00
  clock network delay (ideal)                             0.00      20.00
  clock uncertainty                                      -0.20      19.80
  U0_RegFile/regArr_reg[0][7]/CK (DFFRQX2M)               0.00      19.80 r
  library setup time                                     -0.31      19.49
  data required time                                                19.49
  --------------------------------------------------------------------------
  data required time                                                19.49
  data arrival time                                                 -1.34
  --------------------------------------------------------------------------
  slack (MET)                                                       18.15


  Startpoint: U0_DATA_SYNC/enable_pulse_d_reg
              (rising edge-triggered flip-flop clocked by CLKB_DOMAIN)
  Endpoint: U0_RegFile/regArr_reg[0][6]
            (rising edge-triggered flip-flop clocked by CLKB_DOMAIN)
  Path Group: CLKB_DOMAIN
  Path Type: max

  Point                                                   Incr       Path
  --------------------------------------------------------------------------
  clock CLKB_DOMAIN (rise edge)                           0.00       0.00
  clock network delay (ideal)                             0.00       0.00
  U0_DATA_SYNC/enable_pulse_d_reg/CK (DFFRQX2M)           0.00       0.00 r
  U0_DATA_SYNC/enable_pulse_d_reg/Q (DFFRQX2M)            0.38       0.38 r
  U0_DATA_SYNC/enable_pulse_d (DATA_SYNC)                 0.00       0.38 r
  U0_RegFile/WrEn (RegFile)                               0.00       0.38 r
  U0_RegFile/U205/Y (INVX2M)                              0.05       0.43 f
  U0_RegFile/U56/Y (NOR2X2M)                              0.15       0.58 r
  U0_RegFile/U62/Y (NAND2X2M)                             0.13       0.71 f
  U0_RegFile/U4/Y (NOR2X2M)                               0.22       0.93 r
  U0_RegFile/U41/Y (NAND2X2M)                             0.24       1.16 f
  U0_RegFile/U77/Y (OAI2BB2X1M)                           0.18       1.34 r
  U0_RegFile/regArr_reg[0][6]/D (DFFRQX2M)                0.00       1.34 r
  data arrival time                                                  1.34

  clock CLKB_DOMAIN (rise edge)                          20.00      20.00
  clock network delay (ideal)                             0.00      20.00
  clock uncertainty                                      -0.20      19.80
  U0_RegFile/regArr_reg[0][6]/CK (DFFRQX2M)               0.00      19.80 r
  library setup time                                     -0.31      19.49
  data required time                                                19.49
  --------------------------------------------------------------------------
  data required time                                                19.49
  data arrival time                                                 -1.34
  --------------------------------------------------------------------------
  slack (MET)                                                       18.15


  Startpoint: U0_DATA_SYNC/enable_pulse_d_reg
              (rising edge-triggered flip-flop clocked by CLKB_DOMAIN)
  Endpoint: U0_RegFile/regArr_reg[0][5]
            (rising edge-triggered flip-flop clocked by CLKB_DOMAIN)
  Path Group: CLKB_DOMAIN
  Path Type: max

  Point                                                   Incr       Path
  --------------------------------------------------------------------------
  clock CLKB_DOMAIN (rise edge)                           0.00       0.00
  clock network delay (ideal)                             0.00       0.00
  U0_DATA_SYNC/enable_pulse_d_reg/CK (DFFRQX2M)           0.00       0.00 r
  U0_DATA_SYNC/enable_pulse_d_reg/Q (DFFRQX2M)            0.38       0.38 r
  U0_DATA_SYNC/enable_pulse_d (DATA_SYNC)                 0.00       0.38 r
  U0_RegFile/WrEn (RegFile)                               0.00       0.38 r
  U0_RegFile/U205/Y (INVX2M)                              0.05       0.43 f
  U0_RegFile/U56/Y (NOR2X2M)                              0.15       0.58 r
  U0_RegFile/U62/Y (NAND2X2M)                             0.13       0.71 f
  U0_RegFile/U4/Y (NOR2X2M)                               0.22       0.93 r
  U0_RegFile/U41/Y (NAND2X2M)                             0.24       1.16 f
  U0_RegFile/U76/Y (OAI2BB2X1M)                           0.18       1.34 r
  U0_RegFile/regArr_reg[0][5]/D (DFFRQX2M)                0.00       1.34 r
  data arrival time                                                  1.34

  clock CLKB_DOMAIN (rise edge)                          20.00      20.00
  clock network delay (ideal)                             0.00      20.00
  clock uncertainty                                      -0.20      19.80
  U0_RegFile/regArr_reg[0][5]/CK (DFFRQX2M)               0.00      19.80 r
  library setup time                                     -0.31      19.49
  data required time                                                19.49
  --------------------------------------------------------------------------
  data required time                                                19.49
  data arrival time                                                 -1.34
  --------------------------------------------------------------------------
  slack (MET)                                                       18.15


  Startpoint: U0_DATA_SYNC/enable_pulse_d_reg
              (rising edge-triggered flip-flop clocked by CLKB_DOMAIN)
  Endpoint: U0_RegFile/regArr_reg[0][4]
            (rising edge-triggered flip-flop clocked by CLKB_DOMAIN)
  Path Group: CLKB_DOMAIN
  Path Type: max

  Point                                                   Incr       Path
  --------------------------------------------------------------------------
  clock CLKB_DOMAIN (rise edge)                           0.00       0.00
  clock network delay (ideal)                             0.00       0.00
  U0_DATA_SYNC/enable_pulse_d_reg/CK (DFFRQX2M)           0.00       0.00 r
  U0_DATA_SYNC/enable_pulse_d_reg/Q (DFFRQX2M)            0.38       0.38 r
  U0_DATA_SYNC/enable_pulse_d (DATA_SYNC)                 0.00       0.38 r
  U0_RegFile/WrEn (RegFile)                               0.00       0.38 r
  U0_RegFile/U205/Y (INVX2M)                              0.05       0.43 f
  U0_RegFile/U56/Y (NOR2X2M)                              0.15       0.58 r
  U0_RegFile/U62/Y (NAND2X2M)                             0.13       0.71 f
  U0_RegFile/U4/Y (NOR2X2M)                               0.22       0.93 r
  U0_RegFile/U41/Y (NAND2X2M)                             0.24       1.16 f
  U0_RegFile/U75/Y (OAI2BB2X1M)                           0.18       1.34 r
  U0_RegFile/regArr_reg[0][4]/D (DFFRQX2M)                0.00       1.34 r
  data arrival time                                                  1.34

  clock CLKB_DOMAIN (rise edge)                          20.00      20.00
  clock network delay (ideal)                             0.00      20.00
  clock uncertainty                                      -0.20      19.80
  U0_RegFile/regArr_reg[0][4]/CK (DFFRQX2M)               0.00      19.80 r
  library setup time                                     -0.31      19.49
  data required time                                                19.49
  --------------------------------------------------------------------------
  data required time                                                19.49
  data arrival time                                                 -1.34
  --------------------------------------------------------------------------
  slack (MET)                                                       18.15


  Startpoint: U0_DATA_SYNC/enable_pulse_d_reg
              (rising edge-triggered flip-flop clocked by CLKB_DOMAIN)
  Endpoint: U0_RegFile/regArr_reg[0][3]
            (rising edge-triggered flip-flop clocked by CLKB_DOMAIN)
  Path Group: CLKB_DOMAIN
  Path Type: max

  Point                                                   Incr       Path
  --------------------------------------------------------------------------
  clock CLKB_DOMAIN (rise edge)                           0.00       0.00
  clock network delay (ideal)                             0.00       0.00
  U0_DATA_SYNC/enable_pulse_d_reg/CK (DFFRQX2M)           0.00       0.00 r
  U0_DATA_SYNC/enable_pulse_d_reg/Q (DFFRQX2M)            0.38       0.38 r
  U0_DATA_SYNC/enable_pulse_d (DATA_SYNC)                 0.00       0.38 r
  U0_RegFile/WrEn (RegFile)                               0.00       0.38 r
  U0_RegFile/U205/Y (INVX2M)                              0.05       0.43 f
  U0_RegFile/U56/Y (NOR2X2M)                              0.15       0.58 r
  U0_RegFile/U62/Y (NAND2X2M)                             0.13       0.71 f
  U0_RegFile/U4/Y (NOR2X2M)                               0.22       0.93 r
  U0_RegFile/U41/Y (NAND2X2M)                             0.24       1.16 f
  U0_RegFile/U74/Y (OAI2BB2X1M)                           0.18       1.34 r
  U0_RegFile/regArr_reg[0][3]/D (DFFRQX2M)                0.00       1.34 r
  data arrival time                                                  1.34

  clock CLKB_DOMAIN (rise edge)                          20.00      20.00
  clock network delay (ideal)                             0.00      20.00
  clock uncertainty                                      -0.20      19.80
  U0_RegFile/regArr_reg[0][3]/CK (DFFRQX2M)               0.00      19.80 r
  library setup time                                     -0.31      19.49
  data required time                                                19.49
  --------------------------------------------------------------------------
  data required time                                                19.49
  data arrival time                                                 -1.34
  --------------------------------------------------------------------------
  slack (MET)                                                       18.15


  Startpoint: U0_DATA_SYNC/enable_pulse_d_reg
              (rising edge-triggered flip-flop clocked by CLKB_DOMAIN)
  Endpoint: U0_RegFile/regArr_reg[0][2]
            (rising edge-triggered flip-flop clocked by CLKB_DOMAIN)
  Path Group: CLKB_DOMAIN
  Path Type: max

  Point                                                   Incr       Path
  --------------------------------------------------------------------------
  clock CLKB_DOMAIN (rise edge)                           0.00       0.00
  clock network delay (ideal)                             0.00       0.00
  U0_DATA_SYNC/enable_pulse_d_reg/CK (DFFRQX2M)           0.00       0.00 r
  U0_DATA_SYNC/enable_pulse_d_reg/Q (DFFRQX2M)            0.38       0.38 r
  U0_DATA_SYNC/enable_pulse_d (DATA_SYNC)                 0.00       0.38 r
  U0_RegFile/WrEn (RegFile)                               0.00       0.38 r
  U0_RegFile/U205/Y (INVX2M)                              0.05       0.43 f
  U0_RegFile/U56/Y (NOR2X2M)                              0.15       0.58 r
  U0_RegFile/U62/Y (NAND2X2M)                             0.13       0.71 f
  U0_RegFile/U4/Y (NOR2X2M)                               0.22       0.93 r
  U0_RegFile/U41/Y (NAND2X2M)                             0.24       1.16 f
  U0_RegFile/U73/Y (OAI2BB2X1M)                           0.18       1.34 r
  U0_RegFile/regArr_reg[0][2]/D (DFFRQX2M)                0.00       1.34 r
  data arrival time                                                  1.34

  clock CLKB_DOMAIN (rise edge)                          20.00      20.00
  clock network delay (ideal)                             0.00      20.00
  clock uncertainty                                      -0.20      19.80
  U0_RegFile/regArr_reg[0][2]/CK (DFFRQX2M)               0.00      19.80 r
  library setup time                                     -0.31      19.49
  data required time                                                19.49
  --------------------------------------------------------------------------
  data required time                                                19.49
  data arrival time                                                 -1.34
  --------------------------------------------------------------------------
  slack (MET)                                                       18.15


  Startpoint: U0_DATA_SYNC/enable_pulse_d_reg
              (rising edge-triggered flip-flop clocked by CLKB_DOMAIN)
  Endpoint: U0_RegFile/regArr_reg[0][1]
            (rising edge-triggered flip-flop clocked by CLKB_DOMAIN)
  Path Group: CLKB_DOMAIN
  Path Type: max

  Point                                                   Incr       Path
  --------------------------------------------------------------------------
  clock CLKB_DOMAIN (rise edge)                           0.00       0.00
  clock network delay (ideal)                             0.00       0.00
  U0_DATA_SYNC/enable_pulse_d_reg/CK (DFFRQX2M)           0.00       0.00 r
  U0_DATA_SYNC/enable_pulse_d_reg/Q (DFFRQX2M)            0.38       0.38 r
  U0_DATA_SYNC/enable_pulse_d (DATA_SYNC)                 0.00       0.38 r
  U0_RegFile/WrEn (RegFile)                               0.00       0.38 r
  U0_RegFile/U205/Y (INVX2M)                              0.05       0.43 f
  U0_RegFile/U56/Y (NOR2X2M)                              0.15       0.58 r
  U0_RegFile/U62/Y (NAND2X2M)                             0.13       0.71 f
  U0_RegFile/U4/Y (NOR2X2M)                               0.22       0.93 r
  U0_RegFile/U41/Y (NAND2X2M)                             0.24       1.16 f
  U0_RegFile/U72/Y (OAI2BB2X1M)                           0.18       1.34 r
  U0_RegFile/regArr_reg[0][1]/D (DFFRQX2M)                0.00       1.34 r
  data arrival time                                                  1.34

  clock CLKB_DOMAIN (rise edge)                          20.00      20.00
  clock network delay (ideal)                             0.00      20.00
  clock uncertainty                                      -0.20      19.80
  U0_RegFile/regArr_reg[0][1]/CK (DFFRQX2M)               0.00      19.80 r
  library setup time                                     -0.31      19.49
  data required time                                                19.49
  --------------------------------------------------------------------------
  data required time                                                19.49
  data arrival time                                                 -1.34
  --------------------------------------------------------------------------
  slack (MET)                                                       18.15


  Startpoint: U0_DATA_SYNC/enable_pulse_d_reg
              (rising edge-triggered flip-flop clocked by CLKB_DOMAIN)
  Endpoint: U0_RegFile/regArr_reg[0][0]
            (rising edge-triggered flip-flop clocked by CLKB_DOMAIN)
  Path Group: CLKB_DOMAIN
  Path Type: max

  Point                                                   Incr       Path
  --------------------------------------------------------------------------
  clock CLKB_DOMAIN (rise edge)                           0.00       0.00
  clock network delay (ideal)                             0.00       0.00
  U0_DATA_SYNC/enable_pulse_d_reg/CK (DFFRQX2M)           0.00       0.00 r
  U0_DATA_SYNC/enable_pulse_d_reg/Q (DFFRQX2M)            0.38       0.38 r
  U0_DATA_SYNC/enable_pulse_d (DATA_SYNC)                 0.00       0.38 r
  U0_RegFile/WrEn (RegFile)                               0.00       0.38 r
  U0_RegFile/U205/Y (INVX2M)                              0.05       0.43 f
  U0_RegFile/U56/Y (NOR2X2M)                              0.15       0.58 r
  U0_RegFile/U62/Y (NAND2X2M)                             0.13       0.71 f
  U0_RegFile/U4/Y (NOR2X2M)                               0.22       0.93 r
  U0_RegFile/U41/Y (NAND2X2M)                             0.24       1.16 f
  U0_RegFile/U71/Y (OAI2BB2X1M)                           0.18       1.34 r
  U0_RegFile/regArr_reg[0][0]/D (DFFRQX2M)                0.00       1.34 r
  data arrival time                                                  1.34

  clock CLKB_DOMAIN (rise edge)                          20.00      20.00
  clock network delay (ideal)                             0.00      20.00
  clock uncertainty                                      -0.20      19.80
  U0_RegFile/regArr_reg[0][0]/CK (DFFRQX2M)               0.00      19.80 r
  library setup time                                     -0.31      19.49
  data required time                                                19.49
  --------------------------------------------------------------------------
  data required time                                                19.49
  data arrival time                                                 -1.34
  --------------------------------------------------------------------------
  slack (MET)                                                       18.15


  Startpoint: U0_DATA_SYNC/enable_pulse_d_reg
              (rising edge-triggered flip-flop clocked by CLKB_DOMAIN)
  Endpoint: U0_RegFile/regArr_reg[12][7]
            (rising edge-triggered flip-flop clocked by CLKB_DOMAIN)
  Path Group: CLKB_DOMAIN
  Path Type: max

  Point                                                   Incr       Path
  --------------------------------------------------------------------------
  clock CLKB_DOMAIN (rise edge)                           0.00       0.00
  clock network delay (ideal)                             0.00       0.00
  U0_DATA_SYNC/enable_pulse_d_reg/CK (DFFRQX2M)           0.00       0.00 r
  U0_DATA_SYNC/enable_pulse_d_reg/Q (DFFRQX2M)            0.38       0.38 r
  U0_DATA_SYNC/enable_pulse_d (DATA_SYNC)                 0.00       0.38 r
  U0_RegFile/WrEn (RegFile)                               0.00       0.38 r
  U0_RegFile/U205/Y (INVX2M)                              0.05       0.43 f
  U0_RegFile/U56/Y (NOR2X2M)                              0.15       0.58 r
  U0_RegFile/U62/Y (NAND2X2M)                             0.13       0.71 f
  U0_RegFile/U4/Y (NOR2X2M)                               0.22       0.93 r
  U0_RegFile/U39/Y (NAND2X2M)                             0.23       1.16 f
  U0_RegFile/U118/Y (OAI2BB2X1M)                          0.18       1.34 r
  U0_RegFile/regArr_reg[12][7]/D (DFFRQX2M)               0.00       1.34 r
  data arrival time                                                  1.34

  clock CLKB_DOMAIN (rise edge)                          20.00      20.00
  clock network delay (ideal)                             0.00      20.00
  clock uncertainty                                      -0.20      19.80
  U0_RegFile/regArr_reg[12][7]/CK (DFFRQX2M)              0.00      19.80 r
  library setup time                                     -0.31      19.49
  data required time                                                19.49
  --------------------------------------------------------------------------
  data required time                                                19.49
  data arrival time                                                 -1.34
  --------------------------------------------------------------------------
  slack (MET)                                                       18.16


  Startpoint: U0_DATA_SYNC/enable_pulse_d_reg
              (rising edge-triggered flip-flop clocked by CLKB_DOMAIN)
  Endpoint: U0_RegFile/regArr_reg[12][6]
            (rising edge-triggered flip-flop clocked by CLKB_DOMAIN)
  Path Group: CLKB_DOMAIN
  Path Type: max

  Point                                                   Incr       Path
  --------------------------------------------------------------------------
  clock CLKB_DOMAIN (rise edge)                           0.00       0.00
  clock network delay (ideal)                             0.00       0.00
  U0_DATA_SYNC/enable_pulse_d_reg/CK (DFFRQX2M)           0.00       0.00 r
  U0_DATA_SYNC/enable_pulse_d_reg/Q (DFFRQX2M)            0.38       0.38 r
  U0_DATA_SYNC/enable_pulse_d (DATA_SYNC)                 0.00       0.38 r
  U0_RegFile/WrEn (RegFile)                               0.00       0.38 r
  U0_RegFile/U205/Y (INVX2M)                              0.05       0.43 f
  U0_RegFile/U56/Y (NOR2X2M)                              0.15       0.58 r
  U0_RegFile/U62/Y (NAND2X2M)                             0.13       0.71 f
  U0_RegFile/U4/Y (NOR2X2M)                               0.22       0.93 r
  U0_RegFile/U39/Y (NAND2X2M)                             0.23       1.16 f
  U0_RegFile/U117/Y (OAI2BB2X1M)                          0.18       1.34 r
  U0_RegFile/regArr_reg[12][6]/D (DFFRQX2M)               0.00       1.34 r
  data arrival time                                                  1.34

  clock CLKB_DOMAIN (rise edge)                          20.00      20.00
  clock network delay (ideal)                             0.00      20.00
  clock uncertainty                                      -0.20      19.80
  U0_RegFile/regArr_reg[12][6]/CK (DFFRQX2M)              0.00      19.80 r
  library setup time                                     -0.31      19.49
  data required time                                                19.49
  --------------------------------------------------------------------------
  data required time                                                19.49
  data arrival time                                                 -1.34
  --------------------------------------------------------------------------
  slack (MET)                                                       18.16


  Startpoint: U0_DATA_SYNC/enable_pulse_d_reg
              (rising edge-triggered flip-flop clocked by CLKB_DOMAIN)
  Endpoint: U0_RegFile/regArr_reg[12][5]
            (rising edge-triggered flip-flop clocked by CLKB_DOMAIN)
  Path Group: CLKB_DOMAIN
  Path Type: max

  Point                                                   Incr       Path
  --------------------------------------------------------------------------
  clock CLKB_DOMAIN (rise edge)                           0.00       0.00
  clock network delay (ideal)                             0.00       0.00
  U0_DATA_SYNC/enable_pulse_d_reg/CK (DFFRQX2M)           0.00       0.00 r
  U0_DATA_SYNC/enable_pulse_d_reg/Q (DFFRQX2M)            0.38       0.38 r
  U0_DATA_SYNC/enable_pulse_d (DATA_SYNC)                 0.00       0.38 r
  U0_RegFile/WrEn (RegFile)                               0.00       0.38 r
  U0_RegFile/U205/Y (INVX2M)                              0.05       0.43 f
  U0_RegFile/U56/Y (NOR2X2M)                              0.15       0.58 r
  U0_RegFile/U62/Y (NAND2X2M)                             0.13       0.71 f
  U0_RegFile/U4/Y (NOR2X2M)                               0.22       0.93 r
  U0_RegFile/U39/Y (NAND2X2M)                             0.23       1.16 f
  U0_RegFile/U116/Y (OAI2BB2X1M)                          0.18       1.34 r
  U0_RegFile/regArr_reg[12][5]/D (DFFRQX2M)               0.00       1.34 r
  data arrival time                                                  1.34

  clock CLKB_DOMAIN (rise edge)                          20.00      20.00
  clock network delay (ideal)                             0.00      20.00
  clock uncertainty                                      -0.20      19.80
  U0_RegFile/regArr_reg[12][5]/CK (DFFRQX2M)              0.00      19.80 r
  library setup time                                     -0.31      19.49
  data required time                                                19.49
  --------------------------------------------------------------------------
  data required time                                                19.49
  data arrival time                                                 -1.34
  --------------------------------------------------------------------------
  slack (MET)                                                       18.16


  Startpoint: U0_DATA_SYNC/enable_pulse_d_reg
              (rising edge-triggered flip-flop clocked by CLKB_DOMAIN)
  Endpoint: U0_RegFile/regArr_reg[12][4]
            (rising edge-triggered flip-flop clocked by CLKB_DOMAIN)
  Path Group: CLKB_DOMAIN
  Path Type: max

  Point                                                   Incr       Path
  --------------------------------------------------------------------------
  clock CLKB_DOMAIN (rise edge)                           0.00       0.00
  clock network delay (ideal)                             0.00       0.00
  U0_DATA_SYNC/enable_pulse_d_reg/CK (DFFRQX2M)           0.00       0.00 r
  U0_DATA_SYNC/enable_pulse_d_reg/Q (DFFRQX2M)            0.38       0.38 r
  U0_DATA_SYNC/enable_pulse_d (DATA_SYNC)                 0.00       0.38 r
  U0_RegFile/WrEn (RegFile)                               0.00       0.38 r
  U0_RegFile/U205/Y (INVX2M)                              0.05       0.43 f
  U0_RegFile/U56/Y (NOR2X2M)                              0.15       0.58 r
  U0_RegFile/U62/Y (NAND2X2M)                             0.13       0.71 f
  U0_RegFile/U4/Y (NOR2X2M)                               0.22       0.93 r
  U0_RegFile/U39/Y (NAND2X2M)                             0.23       1.16 f
  U0_RegFile/U115/Y (OAI2BB2X1M)                          0.18       1.34 r
  U0_RegFile/regArr_reg[12][4]/D (DFFRQX2M)               0.00       1.34 r
  data arrival time                                                  1.34

  clock CLKB_DOMAIN (rise edge)                          20.00      20.00
  clock network delay (ideal)                             0.00      20.00
  clock uncertainty                                      -0.20      19.80
  U0_RegFile/regArr_reg[12][4]/CK (DFFRQX2M)              0.00      19.80 r
  library setup time                                     -0.31      19.49
  data required time                                                19.49
  --------------------------------------------------------------------------
  data required time                                                19.49
  data arrival time                                                 -1.34
  --------------------------------------------------------------------------
  slack (MET)                                                       18.16


  Startpoint: U0_DATA_SYNC/enable_pulse_d_reg
              (rising edge-triggered flip-flop clocked by CLKB_DOMAIN)
  Endpoint: U0_RegFile/regArr_reg[12][3]
            (rising edge-triggered flip-flop clocked by CLKB_DOMAIN)
  Path Group: CLKB_DOMAIN
  Path Type: max

  Point                                                   Incr       Path
  --------------------------------------------------------------------------
  clock CLKB_DOMAIN (rise edge)                           0.00       0.00
  clock network delay (ideal)                             0.00       0.00
  U0_DATA_SYNC/enable_pulse_d_reg/CK (DFFRQX2M)           0.00       0.00 r
  U0_DATA_SYNC/enable_pulse_d_reg/Q (DFFRQX2M)            0.38       0.38 r
  U0_DATA_SYNC/enable_pulse_d (DATA_SYNC)                 0.00       0.38 r
  U0_RegFile/WrEn (RegFile)                               0.00       0.38 r
  U0_RegFile/U205/Y (INVX2M)                              0.05       0.43 f
  U0_RegFile/U56/Y (NOR2X2M)                              0.15       0.58 r
  U0_RegFile/U62/Y (NAND2X2M)                             0.13       0.71 f
  U0_RegFile/U4/Y (NOR2X2M)                               0.22       0.93 r
  U0_RegFile/U39/Y (NAND2X2M)                             0.23       1.16 f
  U0_RegFile/U114/Y (OAI2BB2X1M)                          0.18       1.34 r
  U0_RegFile/regArr_reg[12][3]/D (DFFRQX2M)               0.00       1.34 r
  data arrival time                                                  1.34

  clock CLKB_DOMAIN (rise edge)                          20.00      20.00
  clock network delay (ideal)                             0.00      20.00
  clock uncertainty                                      -0.20      19.80
  U0_RegFile/regArr_reg[12][3]/CK (DFFRQX2M)              0.00      19.80 r
  library setup time                                     -0.31      19.49
  data required time                                                19.49
  --------------------------------------------------------------------------
  data required time                                                19.49
  data arrival time                                                 -1.34
  --------------------------------------------------------------------------
  slack (MET)                                                       18.16


  Startpoint: U0_DATA_SYNC/enable_pulse_d_reg
              (rising edge-triggered flip-flop clocked by CLKB_DOMAIN)
  Endpoint: U0_RegFile/regArr_reg[12][2]
            (rising edge-triggered flip-flop clocked by CLKB_DOMAIN)
  Path Group: CLKB_DOMAIN
  Path Type: max

  Point                                                   Incr       Path
  --------------------------------------------------------------------------
  clock CLKB_DOMAIN (rise edge)                           0.00       0.00
  clock network delay (ideal)                             0.00       0.00
  U0_DATA_SYNC/enable_pulse_d_reg/CK (DFFRQX2M)           0.00       0.00 r
  U0_DATA_SYNC/enable_pulse_d_reg/Q (DFFRQX2M)            0.38       0.38 r
  U0_DATA_SYNC/enable_pulse_d (DATA_SYNC)                 0.00       0.38 r
  U0_RegFile/WrEn (RegFile)                               0.00       0.38 r
  U0_RegFile/U205/Y (INVX2M)                              0.05       0.43 f
  U0_RegFile/U56/Y (NOR2X2M)                              0.15       0.58 r
  U0_RegFile/U62/Y (NAND2X2M)                             0.13       0.71 f
  U0_RegFile/U4/Y (NOR2X2M)                               0.22       0.93 r
  U0_RegFile/U39/Y (NAND2X2M)                             0.23       1.16 f
  U0_RegFile/U113/Y (OAI2BB2X1M)                          0.18       1.34 r
  U0_RegFile/regArr_reg[12][2]/D (DFFRQX2M)               0.00       1.34 r
  data arrival time                                                  1.34

  clock CLKB_DOMAIN (rise edge)                          20.00      20.00
  clock network delay (ideal)                             0.00      20.00
  clock uncertainty                                      -0.20      19.80
  U0_RegFile/regArr_reg[12][2]/CK (DFFRQX2M)              0.00      19.80 r
  library setup time                                     -0.31      19.49
  data required time                                                19.49
  --------------------------------------------------------------------------
  data required time                                                19.49
  data arrival time                                                 -1.34
  --------------------------------------------------------------------------
  slack (MET)                                                       18.16


  Startpoint: U0_DATA_SYNC/enable_pulse_d_reg
              (rising edge-triggered flip-flop clocked by CLKB_DOMAIN)
  Endpoint: U0_RegFile/regArr_reg[12][1]
            (rising edge-triggered flip-flop clocked by CLKB_DOMAIN)
  Path Group: CLKB_DOMAIN
  Path Type: max

  Point                                                   Incr       Path
  --------------------------------------------------------------------------
  clock CLKB_DOMAIN (rise edge)                           0.00       0.00
  clock network delay (ideal)                             0.00       0.00
  U0_DATA_SYNC/enable_pulse_d_reg/CK (DFFRQX2M)           0.00       0.00 r
  U0_DATA_SYNC/enable_pulse_d_reg/Q (DFFRQX2M)            0.38       0.38 r
  U0_DATA_SYNC/enable_pulse_d (DATA_SYNC)                 0.00       0.38 r
  U0_RegFile/WrEn (RegFile)                               0.00       0.38 r
  U0_RegFile/U205/Y (INVX2M)                              0.05       0.43 f
  U0_RegFile/U56/Y (NOR2X2M)                              0.15       0.58 r
  U0_RegFile/U62/Y (NAND2X2M)                             0.13       0.71 f
  U0_RegFile/U4/Y (NOR2X2M)                               0.22       0.93 r
  U0_RegFile/U39/Y (NAND2X2M)                             0.23       1.16 f
  U0_RegFile/U112/Y (OAI2BB2X1M)                          0.18       1.34 r
  U0_RegFile/regArr_reg[12][1]/D (DFFRQX2M)               0.00       1.34 r
  data arrival time                                                  1.34

  clock CLKB_DOMAIN (rise edge)                          20.00      20.00
  clock network delay (ideal)                             0.00      20.00
  clock uncertainty                                      -0.20      19.80
  U0_RegFile/regArr_reg[12][1]/CK (DFFRQX2M)              0.00      19.80 r
  library setup time                                     -0.31      19.49
  data required time                                                19.49
  --------------------------------------------------------------------------
  data required time                                                19.49
  data arrival time                                                 -1.34
  --------------------------------------------------------------------------
  slack (MET)                                                       18.16


  Startpoint: U0_DATA_SYNC/enable_pulse_d_reg
              (rising edge-triggered flip-flop clocked by CLKB_DOMAIN)
  Endpoint: U0_RegFile/regArr_reg[12][0]
            (rising edge-triggered flip-flop clocked by CLKB_DOMAIN)
  Path Group: CLKB_DOMAIN
  Path Type: max

  Point                                                   Incr       Path
  --------------------------------------------------------------------------
  clock CLKB_DOMAIN (rise edge)                           0.00       0.00
  clock network delay (ideal)                             0.00       0.00
  U0_DATA_SYNC/enable_pulse_d_reg/CK (DFFRQX2M)           0.00       0.00 r
  U0_DATA_SYNC/enable_pulse_d_reg/Q (DFFRQX2M)            0.38       0.38 r
  U0_DATA_SYNC/enable_pulse_d (DATA_SYNC)                 0.00       0.38 r
  U0_RegFile/WrEn (RegFile)                               0.00       0.38 r
  U0_RegFile/U205/Y (INVX2M)                              0.05       0.43 f
  U0_RegFile/U56/Y (NOR2X2M)                              0.15       0.58 r
  U0_RegFile/U62/Y (NAND2X2M)                             0.13       0.71 f
  U0_RegFile/U4/Y (NOR2X2M)                               0.22       0.93 r
  U0_RegFile/U39/Y (NAND2X2M)                             0.23       1.16 f
  U0_RegFile/U111/Y (OAI2BB2X1M)                          0.18       1.34 r
  U0_RegFile/regArr_reg[12][0]/D (DFFRQX2M)               0.00       1.34 r
  data arrival time                                                  1.34

  clock CLKB_DOMAIN (rise edge)                          20.00      20.00
  clock network delay (ideal)                             0.00      20.00
  clock uncertainty                                      -0.20      19.80
  U0_RegFile/regArr_reg[12][0]/CK (DFFRQX2M)              0.00      19.80 r
  library setup time                                     -0.31      19.49
  data required time                                                19.49
  --------------------------------------------------------------------------
  data required time                                                19.49
  data arrival time                                                 -1.34
  --------------------------------------------------------------------------
  slack (MET)                                                       18.16


  Startpoint: U0_DATA_SYNC/enable_pulse_d_reg
              (rising edge-triggered flip-flop clocked by CLKB_DOMAIN)
  Endpoint: U0_RegFile/regArr_reg[4][7]
            (rising edge-triggered flip-flop clocked by CLKB_DOMAIN)
  Path Group: CLKB_DOMAIN
  Path Type: max

  Point                                                   Incr       Path
  --------------------------------------------------------------------------
  clock CLKB_DOMAIN (rise edge)                           0.00       0.00
  clock network delay (ideal)                             0.00       0.00
  U0_DATA_SYNC/enable_pulse_d_reg/CK (DFFRQX2M)           0.00       0.00 r
  U0_DATA_SYNC/enable_pulse_d_reg/Q (DFFRQX2M)            0.38       0.38 r
  U0_DATA_SYNC/enable_pulse_d (DATA_SYNC)                 0.00       0.38 r
  U0_RegFile/WrEn (RegFile)                               0.00       0.38 r
  U0_RegFile/U205/Y (INVX2M)                              0.05       0.43 f
  U0_RegFile/U56/Y (NOR2X2M)                              0.15       0.58 r
  U0_RegFile/U62/Y (NAND2X2M)                             0.13       0.71 f
  U0_RegFile/U4/Y (NOR2X2M)                               0.22       0.93 r
  U0_RegFile/U37/Y (NAND2X2M)                             0.23       1.16 f
  U0_RegFile/U94/Y (OAI2BB2X1M)                           0.18       1.34 r
  U0_RegFile/regArr_reg[4][7]/D (DFFRQX2M)                0.00       1.34 r
  data arrival time                                                  1.34

  clock CLKB_DOMAIN (rise edge)                          20.00      20.00
  clock network delay (ideal)                             0.00      20.00
  clock uncertainty                                      -0.20      19.80
  U0_RegFile/regArr_reg[4][7]/CK (DFFRQX2M)               0.00      19.80 r
  library setup time                                     -0.31      19.49
  data required time                                                19.49
  --------------------------------------------------------------------------
  data required time                                                19.49
  data arrival time                                                 -1.34
  --------------------------------------------------------------------------
  slack (MET)                                                       18.16


  Startpoint: U0_DATA_SYNC/enable_pulse_d_reg
              (rising edge-triggered flip-flop clocked by CLKB_DOMAIN)
  Endpoint: U0_RegFile/regArr_reg[4][6]
            (rising edge-triggered flip-flop clocked by CLKB_DOMAIN)
  Path Group: CLKB_DOMAIN
  Path Type: max

  Point                                                   Incr       Path
  --------------------------------------------------------------------------
  clock CLKB_DOMAIN (rise edge)                           0.00       0.00
  clock network delay (ideal)                             0.00       0.00
  U0_DATA_SYNC/enable_pulse_d_reg/CK (DFFRQX2M)           0.00       0.00 r
  U0_DATA_SYNC/enable_pulse_d_reg/Q (DFFRQX2M)            0.38       0.38 r
  U0_DATA_SYNC/enable_pulse_d (DATA_SYNC)                 0.00       0.38 r
  U0_RegFile/WrEn (RegFile)                               0.00       0.38 r
  U0_RegFile/U205/Y (INVX2M)                              0.05       0.43 f
  U0_RegFile/U56/Y (NOR2X2M)                              0.15       0.58 r
  U0_RegFile/U62/Y (NAND2X2M)                             0.13       0.71 f
  U0_RegFile/U4/Y (NOR2X2M)                               0.22       0.93 r
  U0_RegFile/U37/Y (NAND2X2M)                             0.23       1.16 f
  U0_RegFile/U93/Y (OAI2BB2X1M)                           0.18       1.34 r
  U0_RegFile/regArr_reg[4][6]/D (DFFRQX2M)                0.00       1.34 r
  data arrival time                                                  1.34

  clock CLKB_DOMAIN (rise edge)                          20.00      20.00
  clock network delay (ideal)                             0.00      20.00
  clock uncertainty                                      -0.20      19.80
  U0_RegFile/regArr_reg[4][6]/CK (DFFRQX2M)               0.00      19.80 r
  library setup time                                     -0.31      19.49
  data required time                                                19.49
  --------------------------------------------------------------------------
  data required time                                                19.49
  data arrival time                                                 -1.34
  --------------------------------------------------------------------------
  slack (MET)                                                       18.16


  Startpoint: U0_DATA_SYNC/enable_pulse_d_reg
              (rising edge-triggered flip-flop clocked by CLKB_DOMAIN)
  Endpoint: U0_RegFile/regArr_reg[4][5]
            (rising edge-triggered flip-flop clocked by CLKB_DOMAIN)
  Path Group: CLKB_DOMAIN
  Path Type: max

  Point                                                   Incr       Path
  --------------------------------------------------------------------------
  clock CLKB_DOMAIN (rise edge)                           0.00       0.00
  clock network delay (ideal)                             0.00       0.00
  U0_DATA_SYNC/enable_pulse_d_reg/CK (DFFRQX2M)           0.00       0.00 r
  U0_DATA_SYNC/enable_pulse_d_reg/Q (DFFRQX2M)            0.38       0.38 r
  U0_DATA_SYNC/enable_pulse_d (DATA_SYNC)                 0.00       0.38 r
  U0_RegFile/WrEn (RegFile)                               0.00       0.38 r
  U0_RegFile/U205/Y (INVX2M)                              0.05       0.43 f
  U0_RegFile/U56/Y (NOR2X2M)                              0.15       0.58 r
  U0_RegFile/U62/Y (NAND2X2M)                             0.13       0.71 f
  U0_RegFile/U4/Y (NOR2X2M)                               0.22       0.93 r
  U0_RegFile/U37/Y (NAND2X2M)                             0.23       1.16 f
  U0_RegFile/U92/Y (OAI2BB2X1M)                           0.18       1.34 r
  U0_RegFile/regArr_reg[4][5]/D (DFFRQX2M)                0.00       1.34 r
  data arrival time                                                  1.34

  clock CLKB_DOMAIN (rise edge)                          20.00      20.00
  clock network delay (ideal)                             0.00      20.00
  clock uncertainty                                      -0.20      19.80
  U0_RegFile/regArr_reg[4][5]/CK (DFFRQX2M)               0.00      19.80 r
  library setup time                                     -0.31      19.49
  data required time                                                19.49
  --------------------------------------------------------------------------
  data required time                                                19.49
  data arrival time                                                 -1.34
  --------------------------------------------------------------------------
  slack (MET)                                                       18.16


  Startpoint: U0_DATA_SYNC/enable_pulse_d_reg
              (rising edge-triggered flip-flop clocked by CLKB_DOMAIN)
  Endpoint: U0_RegFile/regArr_reg[4][4]
            (rising edge-triggered flip-flop clocked by CLKB_DOMAIN)
  Path Group: CLKB_DOMAIN
  Path Type: max

  Point                                                   Incr       Path
  --------------------------------------------------------------------------
  clock CLKB_DOMAIN (rise edge)                           0.00       0.00
  clock network delay (ideal)                             0.00       0.00
  U0_DATA_SYNC/enable_pulse_d_reg/CK (DFFRQX2M)           0.00       0.00 r
  U0_DATA_SYNC/enable_pulse_d_reg/Q (DFFRQX2M)            0.38       0.38 r
  U0_DATA_SYNC/enable_pulse_d (DATA_SYNC)                 0.00       0.38 r
  U0_RegFile/WrEn (RegFile)                               0.00       0.38 r
  U0_RegFile/U205/Y (INVX2M)                              0.05       0.43 f
  U0_RegFile/U56/Y (NOR2X2M)                              0.15       0.58 r
  U0_RegFile/U62/Y (NAND2X2M)                             0.13       0.71 f
  U0_RegFile/U4/Y (NOR2X2M)                               0.22       0.93 r
  U0_RegFile/U37/Y (NAND2X2M)                             0.23       1.16 f
  U0_RegFile/U91/Y (OAI2BB2X1M)                           0.18       1.34 r
  U0_RegFile/regArr_reg[4][4]/D (DFFRQX2M)                0.00       1.34 r
  data arrival time                                                  1.34

  clock CLKB_DOMAIN (rise edge)                          20.00      20.00
  clock network delay (ideal)                             0.00      20.00
  clock uncertainty                                      -0.20      19.80
  U0_RegFile/regArr_reg[4][4]/CK (DFFRQX2M)               0.00      19.80 r
  library setup time                                     -0.31      19.49
  data required time                                                19.49
  --------------------------------------------------------------------------
  data required time                                                19.49
  data arrival time                                                 -1.34
  --------------------------------------------------------------------------
  slack (MET)                                                       18.16


  Startpoint: U0_DATA_SYNC/enable_pulse_d_reg
              (rising edge-triggered flip-flop clocked by CLKB_DOMAIN)
  Endpoint: U0_RegFile/regArr_reg[4][3]
            (rising edge-triggered flip-flop clocked by CLKB_DOMAIN)
  Path Group: CLKB_DOMAIN
  Path Type: max

  Point                                                   Incr       Path
  --------------------------------------------------------------------------
  clock CLKB_DOMAIN (rise edge)                           0.00       0.00
  clock network delay (ideal)                             0.00       0.00
  U0_DATA_SYNC/enable_pulse_d_reg/CK (DFFRQX2M)           0.00       0.00 r
  U0_DATA_SYNC/enable_pulse_d_reg/Q (DFFRQX2M)            0.38       0.38 r
  U0_DATA_SYNC/enable_pulse_d (DATA_SYNC)                 0.00       0.38 r
  U0_RegFile/WrEn (RegFile)                               0.00       0.38 r
  U0_RegFile/U205/Y (INVX2M)                              0.05       0.43 f
  U0_RegFile/U56/Y (NOR2X2M)                              0.15       0.58 r
  U0_RegFile/U62/Y (NAND2X2M)                             0.13       0.71 f
  U0_RegFile/U4/Y (NOR2X2M)                               0.22       0.93 r
  U0_RegFile/U37/Y (NAND2X2M)                             0.23       1.16 f
  U0_RegFile/U90/Y (OAI2BB2X1M)                           0.18       1.34 r
  U0_RegFile/regArr_reg[4][3]/D (DFFRQX2M)                0.00       1.34 r
  data arrival time                                                  1.34

  clock CLKB_DOMAIN (rise edge)                          20.00      20.00
  clock network delay (ideal)                             0.00      20.00
  clock uncertainty                                      -0.20      19.80
  U0_RegFile/regArr_reg[4][3]/CK (DFFRQX2M)               0.00      19.80 r
  library setup time                                     -0.31      19.49
  data required time                                                19.49
  --------------------------------------------------------------------------
  data required time                                                19.49
  data arrival time                                                 -1.34
  --------------------------------------------------------------------------
  slack (MET)                                                       18.16


  Startpoint: U0_DATA_SYNC/enable_pulse_d_reg
              (rising edge-triggered flip-flop clocked by CLKB_DOMAIN)
  Endpoint: U0_RegFile/regArr_reg[4][2]
            (rising edge-triggered flip-flop clocked by CLKB_DOMAIN)
  Path Group: CLKB_DOMAIN
  Path Type: max

  Point                                                   Incr       Path
  --------------------------------------------------------------------------
  clock CLKB_DOMAIN (rise edge)                           0.00       0.00
  clock network delay (ideal)                             0.00       0.00
  U0_DATA_SYNC/enable_pulse_d_reg/CK (DFFRQX2M)           0.00       0.00 r
  U0_DATA_SYNC/enable_pulse_d_reg/Q (DFFRQX2M)            0.38       0.38 r
  U0_DATA_SYNC/enable_pulse_d (DATA_SYNC)                 0.00       0.38 r
  U0_RegFile/WrEn (RegFile)                               0.00       0.38 r
  U0_RegFile/U205/Y (INVX2M)                              0.05       0.43 f
  U0_RegFile/U56/Y (NOR2X2M)                              0.15       0.58 r
  U0_RegFile/U62/Y (NAND2X2M)                             0.13       0.71 f
  U0_RegFile/U4/Y (NOR2X2M)                               0.22       0.93 r
  U0_RegFile/U37/Y (NAND2X2M)                             0.23       1.16 f
  U0_RegFile/U89/Y (OAI2BB2X1M)                           0.18       1.34 r
  U0_RegFile/regArr_reg[4][2]/D (DFFRQX2M)                0.00       1.34 r
  data arrival time                                                  1.34

  clock CLKB_DOMAIN (rise edge)                          20.00      20.00
  clock network delay (ideal)                             0.00      20.00
  clock uncertainty                                      -0.20      19.80
  U0_RegFile/regArr_reg[4][2]/CK (DFFRQX2M)               0.00      19.80 r
  library setup time                                     -0.31      19.49
  data required time                                                19.49
  --------------------------------------------------------------------------
  data required time                                                19.49
  data arrival time                                                 -1.34
  --------------------------------------------------------------------------
  slack (MET)                                                       18.16


  Startpoint: U0_DATA_SYNC/enable_pulse_d_reg
              (rising edge-triggered flip-flop clocked by CLKB_DOMAIN)
  Endpoint: U0_RegFile/regArr_reg[4][1]
            (rising edge-triggered flip-flop clocked by CLKB_DOMAIN)
  Path Group: CLKB_DOMAIN
  Path Type: max

  Point                                                   Incr       Path
  --------------------------------------------------------------------------
  clock CLKB_DOMAIN (rise edge)                           0.00       0.00
  clock network delay (ideal)                             0.00       0.00
  U0_DATA_SYNC/enable_pulse_d_reg/CK (DFFRQX2M)           0.00       0.00 r
  U0_DATA_SYNC/enable_pulse_d_reg/Q (DFFRQX2M)            0.38       0.38 r
  U0_DATA_SYNC/enable_pulse_d (DATA_SYNC)                 0.00       0.38 r
  U0_RegFile/WrEn (RegFile)                               0.00       0.38 r
  U0_RegFile/U205/Y (INVX2M)                              0.05       0.43 f
  U0_RegFile/U56/Y (NOR2X2M)                              0.15       0.58 r
  U0_RegFile/U62/Y (NAND2X2M)                             0.13       0.71 f
  U0_RegFile/U4/Y (NOR2X2M)                               0.22       0.93 r
  U0_RegFile/U37/Y (NAND2X2M)                             0.23       1.16 f
  U0_RegFile/U88/Y (OAI2BB2X1M)                           0.18       1.34 r
  U0_RegFile/regArr_reg[4][1]/D (DFFRQX2M)                0.00       1.34 r
  data arrival time                                                  1.34

  clock CLKB_DOMAIN (rise edge)                          20.00      20.00
  clock network delay (ideal)                             0.00      20.00
  clock uncertainty                                      -0.20      19.80
  U0_RegFile/regArr_reg[4][1]/CK (DFFRQX2M)               0.00      19.80 r
  library setup time                                     -0.31      19.49
  data required time                                                19.49
  --------------------------------------------------------------------------
  data required time                                                19.49
  data arrival time                                                 -1.34
  --------------------------------------------------------------------------
  slack (MET)                                                       18.16


  Startpoint: U0_DATA_SYNC/enable_pulse_d_reg
              (rising edge-triggered flip-flop clocked by CLKB_DOMAIN)
  Endpoint: U0_RegFile/regArr_reg[4][0]
            (rising edge-triggered flip-flop clocked by CLKB_DOMAIN)
  Path Group: CLKB_DOMAIN
  Path Type: max

  Point                                                   Incr       Path
  --------------------------------------------------------------------------
  clock CLKB_DOMAIN (rise edge)                           0.00       0.00
  clock network delay (ideal)                             0.00       0.00
  U0_DATA_SYNC/enable_pulse_d_reg/CK (DFFRQX2M)           0.00       0.00 r
  U0_DATA_SYNC/enable_pulse_d_reg/Q (DFFRQX2M)            0.38       0.38 r
  U0_DATA_SYNC/enable_pulse_d (DATA_SYNC)                 0.00       0.38 r
  U0_RegFile/WrEn (RegFile)                               0.00       0.38 r
  U0_RegFile/U205/Y (INVX2M)                              0.05       0.43 f
  U0_RegFile/U56/Y (NOR2X2M)                              0.15       0.58 r
  U0_RegFile/U62/Y (NAND2X2M)                             0.13       0.71 f
  U0_RegFile/U4/Y (NOR2X2M)                               0.22       0.93 r
  U0_RegFile/U37/Y (NAND2X2M)                             0.23       1.16 f
  U0_RegFile/U87/Y (OAI2BB2X1M)                           0.18       1.34 r
  U0_RegFile/regArr_reg[4][0]/D (DFFRQX2M)                0.00       1.34 r
  data arrival time                                                  1.34

  clock CLKB_DOMAIN (rise edge)                          20.00      20.00
  clock network delay (ideal)                             0.00      20.00
  clock uncertainty                                      -0.20      19.80
  U0_RegFile/regArr_reg[4][0]/CK (DFFRQX2M)               0.00      19.80 r
  library setup time                                     -0.31      19.49
  data required time                                                19.49
  --------------------------------------------------------------------------
  data required time                                                19.49
  data arrival time                                                 -1.34
  --------------------------------------------------------------------------
  slack (MET)                                                       18.16


  Startpoint: U0_DATA_SYNC/enable_pulse_d_reg
              (rising edge-triggered flip-flop clocked by CLKB_DOMAIN)
  Endpoint: U0_RegFile/regArr_reg[8][7]
            (rising edge-triggered flip-flop clocked by CLKB_DOMAIN)
  Path Group: CLKB_DOMAIN
  Path Type: max

  Point                                                   Incr       Path
  --------------------------------------------------------------------------
  clock CLKB_DOMAIN (rise edge)                           0.00       0.00
  clock network delay (ideal)                             0.00       0.00
  U0_DATA_SYNC/enable_pulse_d_reg/CK (DFFRQX2M)           0.00       0.00 r
  U0_DATA_SYNC/enable_pulse_d_reg/Q (DFFRQX2M)            0.38       0.38 r
  U0_DATA_SYNC/enable_pulse_d (DATA_SYNC)                 0.00       0.38 r
  U0_RegFile/WrEn (RegFile)                               0.00       0.38 r
  U0_RegFile/U205/Y (INVX2M)                              0.05       0.43 f
  U0_RegFile/U56/Y (NOR2X2M)                              0.15       0.58 r
  U0_RegFile/U62/Y (NAND2X2M)                             0.13       0.71 f
  U0_RegFile/U4/Y (NOR2X2M)                               0.22       0.93 r
  U0_RegFile/U38/Y (NAND2X2M)                             0.23       1.16 f
  U0_RegFile/U150/Y (OAI2BB2X1M)                          0.18       1.34 r
  U0_RegFile/regArr_reg[8][7]/D (DFFRQX2M)                0.00       1.34 r
  data arrival time                                                  1.34

  clock CLKB_DOMAIN (rise edge)                          20.00      20.00
  clock network delay (ideal)                             0.00      20.00
  clock uncertainty                                      -0.20      19.80
  U0_RegFile/regArr_reg[8][7]/CK (DFFRQX2M)               0.00      19.80 r
  library setup time                                     -0.31      19.49
  data required time                                                19.49
  --------------------------------------------------------------------------
  data required time                                                19.49
  data arrival time                                                 -1.34
  --------------------------------------------------------------------------
  slack (MET)                                                       18.16


  Startpoint: U0_DATA_SYNC/enable_pulse_d_reg
              (rising edge-triggered flip-flop clocked by CLKB_DOMAIN)
  Endpoint: U0_RegFile/regArr_reg[8][6]
            (rising edge-triggered flip-flop clocked by CLKB_DOMAIN)
  Path Group: CLKB_DOMAIN
  Path Type: max

  Point                                                   Incr       Path
  --------------------------------------------------------------------------
  clock CLKB_DOMAIN (rise edge)                           0.00       0.00
  clock network delay (ideal)                             0.00       0.00
  U0_DATA_SYNC/enable_pulse_d_reg/CK (DFFRQX2M)           0.00       0.00 r
  U0_DATA_SYNC/enable_pulse_d_reg/Q (DFFRQX2M)            0.38       0.38 r
  U0_DATA_SYNC/enable_pulse_d (DATA_SYNC)                 0.00       0.38 r
  U0_RegFile/WrEn (RegFile)                               0.00       0.38 r
  U0_RegFile/U205/Y (INVX2M)                              0.05       0.43 f
  U0_RegFile/U56/Y (NOR2X2M)                              0.15       0.58 r
  U0_RegFile/U62/Y (NAND2X2M)                             0.13       0.71 f
  U0_RegFile/U4/Y (NOR2X2M)                               0.22       0.93 r
  U0_RegFile/U38/Y (NAND2X2M)                             0.23       1.16 f
  U0_RegFile/U149/Y (OAI2BB2X1M)                          0.18       1.34 r
  U0_RegFile/regArr_reg[8][6]/D (DFFRQX2M)                0.00       1.34 r
  data arrival time                                                  1.34

  clock CLKB_DOMAIN (rise edge)                          20.00      20.00
  clock network delay (ideal)                             0.00      20.00
  clock uncertainty                                      -0.20      19.80
  U0_RegFile/regArr_reg[8][6]/CK (DFFRQX2M)               0.00      19.80 r
  library setup time                                     -0.31      19.49
  data required time                                                19.49
  --------------------------------------------------------------------------
  data required time                                                19.49
  data arrival time                                                 -1.34
  --------------------------------------------------------------------------
  slack (MET)                                                       18.16


  Startpoint: U0_DATA_SYNC/enable_pulse_d_reg
              (rising edge-triggered flip-flop clocked by CLKB_DOMAIN)
  Endpoint: U0_RegFile/regArr_reg[8][5]
            (rising edge-triggered flip-flop clocked by CLKB_DOMAIN)
  Path Group: CLKB_DOMAIN
  Path Type: max

  Point                                                   Incr       Path
  --------------------------------------------------------------------------
  clock CLKB_DOMAIN (rise edge)                           0.00       0.00
  clock network delay (ideal)                             0.00       0.00
  U0_DATA_SYNC/enable_pulse_d_reg/CK (DFFRQX2M)           0.00       0.00 r
  U0_DATA_SYNC/enable_pulse_d_reg/Q (DFFRQX2M)            0.38       0.38 r
  U0_DATA_SYNC/enable_pulse_d (DATA_SYNC)                 0.00       0.38 r
  U0_RegFile/WrEn (RegFile)                               0.00       0.38 r
  U0_RegFile/U205/Y (INVX2M)                              0.05       0.43 f
  U0_RegFile/U56/Y (NOR2X2M)                              0.15       0.58 r
  U0_RegFile/U62/Y (NAND2X2M)                             0.13       0.71 f
  U0_RegFile/U4/Y (NOR2X2M)                               0.22       0.93 r
  U0_RegFile/U38/Y (NAND2X2M)                             0.23       1.16 f
  U0_RegFile/U148/Y (OAI2BB2X1M)                          0.18       1.34 r
  U0_RegFile/regArr_reg[8][5]/D (DFFRQX2M)                0.00       1.34 r
  data arrival time                                                  1.34

  clock CLKB_DOMAIN (rise edge)                          20.00      20.00
  clock network delay (ideal)                             0.00      20.00
  clock uncertainty                                      -0.20      19.80
  U0_RegFile/regArr_reg[8][5]/CK (DFFRQX2M)               0.00      19.80 r
  library setup time                                     -0.31      19.49
  data required time                                                19.49
  --------------------------------------------------------------------------
  data required time                                                19.49
  data arrival time                                                 -1.34
  --------------------------------------------------------------------------
  slack (MET)                                                       18.16


  Startpoint: U0_DATA_SYNC/enable_pulse_d_reg
              (rising edge-triggered flip-flop clocked by CLKB_DOMAIN)
  Endpoint: U0_RegFile/regArr_reg[8][4]
            (rising edge-triggered flip-flop clocked by CLKB_DOMAIN)
  Path Group: CLKB_DOMAIN
  Path Type: max

  Point                                                   Incr       Path
  --------------------------------------------------------------------------
  clock CLKB_DOMAIN (rise edge)                           0.00       0.00
  clock network delay (ideal)                             0.00       0.00
  U0_DATA_SYNC/enable_pulse_d_reg/CK (DFFRQX2M)           0.00       0.00 r
  U0_DATA_SYNC/enable_pulse_d_reg/Q (DFFRQX2M)            0.38       0.38 r
  U0_DATA_SYNC/enable_pulse_d (DATA_SYNC)                 0.00       0.38 r
  U0_RegFile/WrEn (RegFile)                               0.00       0.38 r
  U0_RegFile/U205/Y (INVX2M)                              0.05       0.43 f
  U0_RegFile/U56/Y (NOR2X2M)                              0.15       0.58 r
  U0_RegFile/U62/Y (NAND2X2M)                             0.13       0.71 f
  U0_RegFile/U4/Y (NOR2X2M)                               0.22       0.93 r
  U0_RegFile/U38/Y (NAND2X2M)                             0.23       1.16 f
  U0_RegFile/U147/Y (OAI2BB2X1M)                          0.18       1.34 r
  U0_RegFile/regArr_reg[8][4]/D (DFFRQX2M)                0.00       1.34 r
  data arrival time                                                  1.34

  clock CLKB_DOMAIN (rise edge)                          20.00      20.00
  clock network delay (ideal)                             0.00      20.00
  clock uncertainty                                      -0.20      19.80
  U0_RegFile/regArr_reg[8][4]/CK (DFFRQX2M)               0.00      19.80 r
  library setup time                                     -0.31      19.49
  data required time                                                19.49
  --------------------------------------------------------------------------
  data required time                                                19.49
  data arrival time                                                 -1.34
  --------------------------------------------------------------------------
  slack (MET)                                                       18.16


  Startpoint: U0_DATA_SYNC/enable_pulse_d_reg
              (rising edge-triggered flip-flop clocked by CLKB_DOMAIN)
  Endpoint: U0_RegFile/regArr_reg[8][3]
            (rising edge-triggered flip-flop clocked by CLKB_DOMAIN)
  Path Group: CLKB_DOMAIN
  Path Type: max

  Point                                                   Incr       Path
  --------------------------------------------------------------------------
  clock CLKB_DOMAIN (rise edge)                           0.00       0.00
  clock network delay (ideal)                             0.00       0.00
  U0_DATA_SYNC/enable_pulse_d_reg/CK (DFFRQX2M)           0.00       0.00 r
  U0_DATA_SYNC/enable_pulse_d_reg/Q (DFFRQX2M)            0.38       0.38 r
  U0_DATA_SYNC/enable_pulse_d (DATA_SYNC)                 0.00       0.38 r
  U0_RegFile/WrEn (RegFile)                               0.00       0.38 r
  U0_RegFile/U205/Y (INVX2M)                              0.05       0.43 f
  U0_RegFile/U56/Y (NOR2X2M)                              0.15       0.58 r
  U0_RegFile/U62/Y (NAND2X2M)                             0.13       0.71 f
  U0_RegFile/U4/Y (NOR2X2M)                               0.22       0.93 r
  U0_RegFile/U38/Y (NAND2X2M)                             0.23       1.16 f
  U0_RegFile/U146/Y (OAI2BB2X1M)                          0.18       1.34 r
  U0_RegFile/regArr_reg[8][3]/D (DFFRQX2M)                0.00       1.34 r
  data arrival time                                                  1.34

  clock CLKB_DOMAIN (rise edge)                          20.00      20.00
  clock network delay (ideal)                             0.00      20.00
  clock uncertainty                                      -0.20      19.80
  U0_RegFile/regArr_reg[8][3]/CK (DFFRQX2M)               0.00      19.80 r
  library setup time                                     -0.31      19.49
  data required time                                                19.49
  --------------------------------------------------------------------------
  data required time                                                19.49
  data arrival time                                                 -1.34
  --------------------------------------------------------------------------
  slack (MET)                                                       18.16


  Startpoint: U0_DATA_SYNC/enable_pulse_d_reg
              (rising edge-triggered flip-flop clocked by CLKB_DOMAIN)
  Endpoint: U0_RegFile/regArr_reg[8][2]
            (rising edge-triggered flip-flop clocked by CLKB_DOMAIN)
  Path Group: CLKB_DOMAIN
  Path Type: max

  Point                                                   Incr       Path
  --------------------------------------------------------------------------
  clock CLKB_DOMAIN (rise edge)                           0.00       0.00
  clock network delay (ideal)                             0.00       0.00
  U0_DATA_SYNC/enable_pulse_d_reg/CK (DFFRQX2M)           0.00       0.00 r
  U0_DATA_SYNC/enable_pulse_d_reg/Q (DFFRQX2M)            0.38       0.38 r
  U0_DATA_SYNC/enable_pulse_d (DATA_SYNC)                 0.00       0.38 r
  U0_RegFile/WrEn (RegFile)                               0.00       0.38 r
  U0_RegFile/U205/Y (INVX2M)                              0.05       0.43 f
  U0_RegFile/U56/Y (NOR2X2M)                              0.15       0.58 r
  U0_RegFile/U62/Y (NAND2X2M)                             0.13       0.71 f
  U0_RegFile/U4/Y (NOR2X2M)                               0.22       0.93 r
  U0_RegFile/U38/Y (NAND2X2M)                             0.23       1.16 f
  U0_RegFile/U145/Y (OAI2BB2X1M)                          0.18       1.34 r
  U0_RegFile/regArr_reg[8][2]/D (DFFRQX2M)                0.00       1.34 r
  data arrival time                                                  1.34

  clock CLKB_DOMAIN (rise edge)                          20.00      20.00
  clock network delay (ideal)                             0.00      20.00
  clock uncertainty                                      -0.20      19.80
  U0_RegFile/regArr_reg[8][2]/CK (DFFRQX2M)               0.00      19.80 r
  library setup time                                     -0.31      19.49
  data required time                                                19.49
  --------------------------------------------------------------------------
  data required time                                                19.49
  data arrival time                                                 -1.34
  --------------------------------------------------------------------------
  slack (MET)                                                       18.16


  Startpoint: U0_DATA_SYNC/enable_pulse_d_reg
              (rising edge-triggered flip-flop clocked by CLKB_DOMAIN)
  Endpoint: U0_RegFile/regArr_reg[8][1]
            (rising edge-triggered flip-flop clocked by CLKB_DOMAIN)
  Path Group: CLKB_DOMAIN
  Path Type: max

  Point                                                   Incr       Path
  --------------------------------------------------------------------------
  clock CLKB_DOMAIN (rise edge)                           0.00       0.00
  clock network delay (ideal)                             0.00       0.00
  U0_DATA_SYNC/enable_pulse_d_reg/CK (DFFRQX2M)           0.00       0.00 r
  U0_DATA_SYNC/enable_pulse_d_reg/Q (DFFRQX2M)            0.38       0.38 r
  U0_DATA_SYNC/enable_pulse_d (DATA_SYNC)                 0.00       0.38 r
  U0_RegFile/WrEn (RegFile)                               0.00       0.38 r
  U0_RegFile/U205/Y (INVX2M)                              0.05       0.43 f
  U0_RegFile/U56/Y (NOR2X2M)                              0.15       0.58 r
  U0_RegFile/U62/Y (NAND2X2M)                             0.13       0.71 f
  U0_RegFile/U4/Y (NOR2X2M)                               0.22       0.93 r
  U0_RegFile/U38/Y (NAND2X2M)                             0.23       1.16 f
  U0_RegFile/U144/Y (OAI2BB2X1M)                          0.18       1.34 r
  U0_RegFile/regArr_reg[8][1]/D (DFFRQX2M)                0.00       1.34 r
  data arrival time                                                  1.34

  clock CLKB_DOMAIN (rise edge)                          20.00      20.00
  clock network delay (ideal)                             0.00      20.00
  clock uncertainty                                      -0.20      19.80
  U0_RegFile/regArr_reg[8][1]/CK (DFFRQX2M)               0.00      19.80 r
  library setup time                                     -0.31      19.49
  data required time                                                19.49
  --------------------------------------------------------------------------
  data required time                                                19.49
  data arrival time                                                 -1.34
  --------------------------------------------------------------------------
  slack (MET)                                                       18.16


  Startpoint: U0_DATA_SYNC/enable_pulse_d_reg
              (rising edge-triggered flip-flop clocked by CLKB_DOMAIN)
  Endpoint: U0_RegFile/regArr_reg[8][0]
            (rising edge-triggered flip-flop clocked by CLKB_DOMAIN)
  Path Group: CLKB_DOMAIN
  Path Type: max

  Point                                                   Incr       Path
  --------------------------------------------------------------------------
  clock CLKB_DOMAIN (rise edge)                           0.00       0.00
  clock network delay (ideal)                             0.00       0.00
  U0_DATA_SYNC/enable_pulse_d_reg/CK (DFFRQX2M)           0.00       0.00 r
  U0_DATA_SYNC/enable_pulse_d_reg/Q (DFFRQX2M)            0.38       0.38 r
  U0_DATA_SYNC/enable_pulse_d (DATA_SYNC)                 0.00       0.38 r
  U0_RegFile/WrEn (RegFile)                               0.00       0.38 r
  U0_RegFile/U205/Y (INVX2M)                              0.05       0.43 f
  U0_RegFile/U56/Y (NOR2X2M)                              0.15       0.58 r
  U0_RegFile/U62/Y (NAND2X2M)                             0.13       0.71 f
  U0_RegFile/U4/Y (NOR2X2M)                               0.22       0.93 r
  U0_RegFile/U38/Y (NAND2X2M)                             0.23       1.16 f
  U0_RegFile/U143/Y (OAI2BB2X1M)                          0.18       1.34 r
  U0_RegFile/regArr_reg[8][0]/D (DFFRQX2M)                0.00       1.34 r
  data arrival time                                                  1.34

  clock CLKB_DOMAIN (rise edge)                          20.00      20.00
  clock network delay (ideal)                             0.00      20.00
  clock uncertainty                                      -0.20      19.80
  U0_RegFile/regArr_reg[8][0]/CK (DFFRQX2M)               0.00      19.80 r
  library setup time                                     -0.31      19.49
  data required time                                                19.49
  --------------------------------------------------------------------------
  data required time                                                19.49
  data arrival time                                                 -1.34
  --------------------------------------------------------------------------
  slack (MET)                                                       18.16


  Startpoint: U0_DATA_SYNC/enable_pulse_d_reg
              (rising edge-triggered flip-flop clocked by CLKB_DOMAIN)
  Endpoint: U0_RegFile/RD_ADDR_reg[2]
            (rising edge-triggered flip-flop clocked by CLKB_DOMAIN)
  Path Group: CLKB_DOMAIN
  Path Type: max

  Point                                                   Incr       Path
  --------------------------------------------------------------------------
  clock CLKB_DOMAIN (rise edge)                           0.00       0.00
  clock network delay (ideal)                             0.00       0.00
  U0_DATA_SYNC/enable_pulse_d_reg/CK (DFFRQX2M)           0.00       0.00 r
  U0_DATA_SYNC/enable_pulse_d_reg/Q (DFFRQX2M)            0.47       0.47 f
  U0_DATA_SYNC/enable_pulse_d (DATA_SYNC)                 0.00       0.47 f
  U0_RegFile/WrEn (RegFile)                               0.00       0.47 f
  U0_RegFile/U205/Y (INVX2M)                              0.08       0.55 r
  U0_RegFile/U61/Y (NAND2X2M)                             0.09       0.63 f
  U0_RegFile/U192/Y (NAND2BX2M)                           0.18       0.82 f
  U0_RegFile/U57/Y (NOR2BX2M)                             0.15       0.97 r
  U0_RegFile/U193/Y (CLKXOR2X2M)                          0.23       1.20 r
  U0_RegFile/RD_ADDR_reg[2]/D (DFFRQX2M)                  0.00       1.20 r
  data arrival time                                                  1.20

  clock CLKB_DOMAIN (rise edge)                          20.00      20.00
  clock network delay (ideal)                             0.00      20.00
  clock uncertainty                                      -0.20      19.80
  U0_RegFile/RD_ADDR_reg[2]/CK (DFFRQX2M)                 0.00      19.80 r
  library setup time                                     -0.29      19.51
  data required time                                                19.51
  --------------------------------------------------------------------------
  data required time                                                19.51
  data arrival time                                                 -1.20
  --------------------------------------------------------------------------
  slack (MET)                                                       18.31


  Startpoint: U0_DATA_SYNC/enable_pulse_d_reg
              (rising edge-triggered flip-flop clocked by CLKB_DOMAIN)
  Endpoint: U0_RegFile/WR_ADDR_reg[2]
            (rising edge-triggered flip-flop clocked by CLKB_DOMAIN)
  Path Group: CLKB_DOMAIN
  Path Type: max

  Point                                                   Incr       Path
  --------------------------------------------------------------------------
  clock CLKB_DOMAIN (rise edge)                           0.00       0.00
  clock network delay (ideal)                             0.00       0.00
  U0_DATA_SYNC/enable_pulse_d_reg/CK (DFFRQX2M)           0.00       0.00 r
  U0_DATA_SYNC/enable_pulse_d_reg/Q (DFFRQX2M)            0.38       0.38 r
  U0_DATA_SYNC/enable_pulse_d (DATA_SYNC)                 0.00       0.38 r
  U0_RegFile/WrEn (RegFile)                               0.00       0.38 r
  U0_RegFile/U205/Y (INVX2M)                              0.05       0.43 f
  U0_RegFile/U56/Y (NOR2X2M)                              0.15       0.58 r
  U0_RegFile/U55/Y (NOR2BX2M)                             0.25       0.83 r
  U0_RegFile/U191/Y (NAND2X2M)                            0.10       0.94 f
  U0_RegFile/U47/Y (CLKXOR2X2M)                           0.26       1.20 r
  U0_RegFile/WR_ADDR_reg[2]/D (DFFRQX2M)                  0.00       1.20 r
  data arrival time                                                  1.20

  clock CLKB_DOMAIN (rise edge)                          20.00      20.00
  clock network delay (ideal)                             0.00      20.00
  clock uncertainty                                      -0.20      19.80
  U0_RegFile/WR_ADDR_reg[2]/CK (DFFRQX2M)                 0.00      19.80 r
  library setup time                                     -0.29      19.51
  data required time                                                19.51
  --------------------------------------------------------------------------
  data required time                                                19.51
  data arrival time                                                 -1.20
  --------------------------------------------------------------------------
  slack (MET)                                                       18.31


  Startpoint: U0_DATA_SYNC/enable_pulse_d_reg
              (rising edge-triggered flip-flop clocked by CLKB_DOMAIN)
  Endpoint: U0_RegFile/RD_ADDR_reg[3]
            (rising edge-triggered flip-flop clocked by CLKB_DOMAIN)
  Path Group: CLKB_DOMAIN
  Path Type: max

  Point                                                   Incr       Path
  --------------------------------------------------------------------------
  clock CLKB_DOMAIN (rise edge)                           0.00       0.00
  clock network delay (ideal)                             0.00       0.00
  U0_DATA_SYNC/enable_pulse_d_reg/CK (DFFRQX2M)           0.00       0.00 r
  U0_DATA_SYNC/enable_pulse_d_reg/Q (DFFRQX2M)            0.47       0.47 f
  U0_DATA_SYNC/enable_pulse_d (DATA_SYNC)                 0.00       0.47 f
  U0_RegFile/WrEn (RegFile)                               0.00       0.47 f
  U0_RegFile/U205/Y (INVX2M)                              0.08       0.55 r
  U0_RegFile/U61/Y (NAND2X2M)                             0.09       0.63 f
  U0_RegFile/U192/Y (NAND2BX2M)                           0.18       0.82 f
  U0_RegFile/U57/Y (NOR2BX2M)                             0.15       0.97 r
  U0_RegFile/U60/Y (NAND2X2M)                             0.08       1.05 f
  U0_RegFile/U59/Y (XNOR2X2M)                             0.12       1.17 r
  U0_RegFile/RD_ADDR_reg[3]/D (DFFRQX2M)                  0.00       1.17 r
  data arrival time                                                  1.17

  clock CLKB_DOMAIN (rise edge)                          20.00      20.00
  clock network delay (ideal)                             0.00      20.00
  clock uncertainty                                      -0.20      19.80
  U0_RegFile/RD_ADDR_reg[3]/CK (DFFRQX2M)                 0.00      19.80 r
  library setup time                                     -0.31      19.49
  data required time                                                19.49
  --------------------------------------------------------------------------
  data required time                                                19.49
  data arrival time                                                 -1.17
  --------------------------------------------------------------------------
  slack (MET)                                                       18.32


  Startpoint: U0_DATA_SYNC/enable_pulse_d_reg
              (rising edge-triggered flip-flop clocked by CLKB_DOMAIN)
  Endpoint: U0_RegFile/WR_ADDR_reg[1]
            (rising edge-triggered flip-flop clocked by CLKB_DOMAIN)
  Path Group: CLKB_DOMAIN
  Path Type: max

  Point                                                   Incr       Path
  --------------------------------------------------------------------------
  clock CLKB_DOMAIN (rise edge)                           0.00       0.00
  clock network delay (ideal)                             0.00       0.00
  U0_DATA_SYNC/enable_pulse_d_reg/CK (DFFRQX2M)           0.00       0.00 r
  U0_DATA_SYNC/enable_pulse_d_reg/Q (DFFRQX2M)            0.38       0.38 r
  U0_DATA_SYNC/enable_pulse_d (DATA_SYNC)                 0.00       0.38 r
  U0_RegFile/WrEn (RegFile)                               0.00       0.38 r
  U0_RegFile/U205/Y (INVX2M)                              0.05       0.43 f
  U0_RegFile/U56/Y (NOR2X2M)                              0.15       0.58 r
  U0_RegFile/U55/Y (NOR2BX2M)                             0.25       0.83 r
  U0_RegFile/U46/Y (NAND2X2M)                             0.11       0.95 f
  U0_RegFile/U45/Y (OAI21X2M)                             0.07       1.01 r
  U0_RegFile/WR_ADDR_reg[1]/D (DFFRQX2M)                  0.00       1.01 r
  data arrival time                                                  1.01

  clock CLKB_DOMAIN (rise edge)                          20.00      20.00
  clock network delay (ideal)                             0.00      20.00
  clock uncertainty                                      -0.20      19.80
  U0_RegFile/WR_ADDR_reg[1]/CK (DFFRQX2M)                 0.00      19.80 r
  library setup time                                     -0.30      19.50
  data required time                                                19.50
  --------------------------------------------------------------------------
  data required time                                                19.50
  data arrival time                                                 -1.01
  --------------------------------------------------------------------------
  slack (MET)                                                       18.48


  Startpoint: U0_DATA_SYNC/enable_flop_reg
              (rising edge-triggered flip-flop clocked by CLKB_DOMAIN)
  Endpoint: U0_DATA_SYNC/sync_bus_reg[7]
            (rising edge-triggered flip-flop clocked by CLKB_DOMAIN)
  Path Group: CLKB_DOMAIN
  Path Type: max

  Point                                                   Incr       Path
  --------------------------------------------------------------------------
  clock CLKB_DOMAIN (rise edge)                           0.00       0.00
  clock network delay (ideal)                             0.00       0.00
  U0_DATA_SYNC/enable_flop_reg/CK (DFFRQX2M)              0.00       0.00 r
  U0_DATA_SYNC/enable_flop_reg/Q (DFFRQX2M)               0.46       0.46 f
  U0_DATA_SYNC/U4/Y (NAND2BX2M)                           0.21       0.67 f
  U0_DATA_SYNC/U3/Y (INVX2M)                              0.13       0.81 r
  U0_DATA_SYNC/U12/Y (AO22X1M)                            0.16       0.97 r
  U0_DATA_SYNC/sync_bus_reg[7]/D (DFFRQX2M)               0.00       0.97 r
  data arrival time                                                  0.97

  clock CLKB_DOMAIN (rise edge)                          20.00      20.00
  clock network delay (ideal)                             0.00      20.00
  clock uncertainty                                      -0.20      19.80
  U0_DATA_SYNC/sync_bus_reg[7]/CK (DFFRQX2M)              0.00      19.80 r
  library setup time                                     -0.29      19.51
  data required time                                                19.51
  --------------------------------------------------------------------------
  data required time                                                19.51
  data arrival time                                                 -0.97
  --------------------------------------------------------------------------
  slack (MET)                                                       18.54


  Startpoint: U0_DATA_SYNC/enable_flop_reg
              (rising edge-triggered flip-flop clocked by CLKB_DOMAIN)
  Endpoint: U0_DATA_SYNC/sync_bus_reg[6]
            (rising edge-triggered flip-flop clocked by CLKB_DOMAIN)
  Path Group: CLKB_DOMAIN
  Path Type: max

  Point                                                   Incr       Path
  --------------------------------------------------------------------------
  clock CLKB_DOMAIN (rise edge)                           0.00       0.00
  clock network delay (ideal)                             0.00       0.00
  U0_DATA_SYNC/enable_flop_reg/CK (DFFRQX2M)              0.00       0.00 r
  U0_DATA_SYNC/enable_flop_reg/Q (DFFRQX2M)               0.46       0.46 f
  U0_DATA_SYNC/U4/Y (NAND2BX2M)                           0.21       0.67 f
  U0_DATA_SYNC/U3/Y (INVX2M)                              0.13       0.81 r
  U0_DATA_SYNC/U11/Y (AO22X1M)                            0.16       0.97 r
  U0_DATA_SYNC/sync_bus_reg[6]/D (DFFRQX2M)               0.00       0.97 r
  data arrival time                                                  0.97

  clock CLKB_DOMAIN (rise edge)                          20.00      20.00
  clock network delay (ideal)                             0.00      20.00
  clock uncertainty                                      -0.20      19.80
  U0_DATA_SYNC/sync_bus_reg[6]/CK (DFFRQX2M)              0.00      19.80 r
  library setup time                                     -0.29      19.51
  data required time                                                19.51
  --------------------------------------------------------------------------
  data required time                                                19.51
  data arrival time                                                 -0.97
  --------------------------------------------------------------------------
  slack (MET)                                                       18.54


  Startpoint: U0_DATA_SYNC/enable_flop_reg
              (rising edge-triggered flip-flop clocked by CLKB_DOMAIN)
  Endpoint: U0_DATA_SYNC/sync_bus_reg[5]
            (rising edge-triggered flip-flop clocked by CLKB_DOMAIN)
  Path Group: CLKB_DOMAIN
  Path Type: max

  Point                                                   Incr       Path
  --------------------------------------------------------------------------
  clock CLKB_DOMAIN (rise edge)                           0.00       0.00
  clock network delay (ideal)                             0.00       0.00
  U0_DATA_SYNC/enable_flop_reg/CK (DFFRQX2M)              0.00       0.00 r
  U0_DATA_SYNC/enable_flop_reg/Q (DFFRQX2M)               0.46       0.46 f
  U0_DATA_SYNC/U4/Y (NAND2BX2M)                           0.21       0.67 f
  U0_DATA_SYNC/U3/Y (INVX2M)                              0.13       0.81 r
  U0_DATA_SYNC/U10/Y (AO22X1M)                            0.16       0.97 r
  U0_DATA_SYNC/sync_bus_reg[5]/D (DFFRQX2M)               0.00       0.97 r
  data arrival time                                                  0.97

  clock CLKB_DOMAIN (rise edge)                          20.00      20.00
  clock network delay (ideal)                             0.00      20.00
  clock uncertainty                                      -0.20      19.80
  U0_DATA_SYNC/sync_bus_reg[5]/CK (DFFRQX2M)              0.00      19.80 r
  library setup time                                     -0.29      19.51
  data required time                                                19.51
  --------------------------------------------------------------------------
  data required time                                                19.51
  data arrival time                                                 -0.97
  --------------------------------------------------------------------------
  slack (MET)                                                       18.54


  Startpoint: U0_DATA_SYNC/enable_flop_reg
              (rising edge-triggered flip-flop clocked by CLKB_DOMAIN)
  Endpoint: U0_DATA_SYNC/sync_bus_reg[4]
            (rising edge-triggered flip-flop clocked by CLKB_DOMAIN)
  Path Group: CLKB_DOMAIN
  Path Type: max

  Point                                                   Incr       Path
  --------------------------------------------------------------------------
  clock CLKB_DOMAIN (rise edge)                           0.00       0.00
  clock network delay (ideal)                             0.00       0.00
  U0_DATA_SYNC/enable_flop_reg/CK (DFFRQX2M)              0.00       0.00 r
  U0_DATA_SYNC/enable_flop_reg/Q (DFFRQX2M)               0.46       0.46 f
  U0_DATA_SYNC/U4/Y (NAND2BX2M)                           0.21       0.67 f
  U0_DATA_SYNC/U3/Y (INVX2M)                              0.13       0.81 r
  U0_DATA_SYNC/U9/Y (AO22X1M)                             0.16       0.97 r
  U0_DATA_SYNC/sync_bus_reg[4]/D (DFFRQX2M)               0.00       0.97 r
  data arrival time                                                  0.97

  clock CLKB_DOMAIN (rise edge)                          20.00      20.00
  clock network delay (ideal)                             0.00      20.00
  clock uncertainty                                      -0.20      19.80
  U0_DATA_SYNC/sync_bus_reg[4]/CK (DFFRQX2M)              0.00      19.80 r
  library setup time                                     -0.29      19.51
  data required time                                                19.51
  --------------------------------------------------------------------------
  data required time                                                19.51
  data arrival time                                                 -0.97
  --------------------------------------------------------------------------
  slack (MET)                                                       18.54


  Startpoint: U0_DATA_SYNC/enable_flop_reg
              (rising edge-triggered flip-flop clocked by CLKB_DOMAIN)
  Endpoint: U0_DATA_SYNC/sync_bus_reg[3]
            (rising edge-triggered flip-flop clocked by CLKB_DOMAIN)
  Path Group: CLKB_DOMAIN
  Path Type: max

  Point                                                   Incr       Path
  --------------------------------------------------------------------------
  clock CLKB_DOMAIN (rise edge)                           0.00       0.00
  clock network delay (ideal)                             0.00       0.00
  U0_DATA_SYNC/enable_flop_reg/CK (DFFRQX2M)              0.00       0.00 r
  U0_DATA_SYNC/enable_flop_reg/Q (DFFRQX2M)               0.46       0.46 f
  U0_DATA_SYNC/U4/Y (NAND2BX2M)                           0.21       0.67 f
  U0_DATA_SYNC/U3/Y (INVX2M)                              0.13       0.81 r
  U0_DATA_SYNC/U8/Y (AO22X1M)                             0.16       0.97 r
  U0_DATA_SYNC/sync_bus_reg[3]/D (DFFRQX2M)               0.00       0.97 r
  data arrival time                                                  0.97

  clock CLKB_DOMAIN (rise edge)                          20.00      20.00
  clock network delay (ideal)                             0.00      20.00
  clock uncertainty                                      -0.20      19.80
  U0_DATA_SYNC/sync_bus_reg[3]/CK (DFFRQX2M)              0.00      19.80 r
  library setup time                                     -0.29      19.51
  data required time                                                19.51
  --------------------------------------------------------------------------
  data required time                                                19.51
  data arrival time                                                 -0.97
  --------------------------------------------------------------------------
  slack (MET)                                                       18.54


  Startpoint: U0_DATA_SYNC/enable_flop_reg
              (rising edge-triggered flip-flop clocked by CLKB_DOMAIN)
  Endpoint: U0_DATA_SYNC/sync_bus_reg[2]
            (rising edge-triggered flip-flop clocked by CLKB_DOMAIN)
  Path Group: CLKB_DOMAIN
  Path Type: max

  Point                                                   Incr       Path
  --------------------------------------------------------------------------
  clock CLKB_DOMAIN (rise edge)                           0.00       0.00
  clock network delay (ideal)                             0.00       0.00
  U0_DATA_SYNC/enable_flop_reg/CK (DFFRQX2M)              0.00       0.00 r
  U0_DATA_SYNC/enable_flop_reg/Q (DFFRQX2M)               0.46       0.46 f
  U0_DATA_SYNC/U4/Y (NAND2BX2M)                           0.21       0.67 f
  U0_DATA_SYNC/U3/Y (INVX2M)                              0.13       0.81 r
  U0_DATA_SYNC/U7/Y (AO22X1M)                             0.16       0.97 r
  U0_DATA_SYNC/sync_bus_reg[2]/D (DFFRQX2M)               0.00       0.97 r
  data arrival time                                                  0.97

  clock CLKB_DOMAIN (rise edge)                          20.00      20.00
  clock network delay (ideal)                             0.00      20.00
  clock uncertainty                                      -0.20      19.80
  U0_DATA_SYNC/sync_bus_reg[2]/CK (DFFRQX2M)              0.00      19.80 r
  library setup time                                     -0.29      19.51
  data required time                                                19.51
  --------------------------------------------------------------------------
  data required time                                                19.51
  data arrival time                                                 -0.97
  --------------------------------------------------------------------------
  slack (MET)                                                       18.54


  Startpoint: U0_DATA_SYNC/enable_flop_reg
              (rising edge-triggered flip-flop clocked by CLKB_DOMAIN)
  Endpoint: U0_DATA_SYNC/sync_bus_reg[1]
            (rising edge-triggered flip-flop clocked by CLKB_DOMAIN)
  Path Group: CLKB_DOMAIN
  Path Type: max

  Point                                                   Incr       Path
  --------------------------------------------------------------------------
  clock CLKB_DOMAIN (rise edge)                           0.00       0.00
  clock network delay (ideal)                             0.00       0.00
  U0_DATA_SYNC/enable_flop_reg/CK (DFFRQX2M)              0.00       0.00 r
  U0_DATA_SYNC/enable_flop_reg/Q (DFFRQX2M)               0.46       0.46 f
  U0_DATA_SYNC/U4/Y (NAND2BX2M)                           0.21       0.67 f
  U0_DATA_SYNC/U3/Y (INVX2M)                              0.13       0.81 r
  U0_DATA_SYNC/U6/Y (AO22X1M)                             0.16       0.97 r
  U0_DATA_SYNC/sync_bus_reg[1]/D (DFFRQX2M)               0.00       0.97 r
  data arrival time                                                  0.97

  clock CLKB_DOMAIN (rise edge)                          20.00      20.00
  clock network delay (ideal)                             0.00      20.00
  clock uncertainty                                      -0.20      19.80
  U0_DATA_SYNC/sync_bus_reg[1]/CK (DFFRQX2M)              0.00      19.80 r
  library setup time                                     -0.29      19.51
  data required time                                                19.51
  --------------------------------------------------------------------------
  data required time                                                19.51
  data arrival time                                                 -0.97
  --------------------------------------------------------------------------
  slack (MET)                                                       18.54


  Startpoint: U0_DATA_SYNC/enable_flop_reg
              (rising edge-triggered flip-flop clocked by CLKB_DOMAIN)
  Endpoint: U0_DATA_SYNC/sync_bus_reg[0]
            (rising edge-triggered flip-flop clocked by CLKB_DOMAIN)
  Path Group: CLKB_DOMAIN
  Path Type: max

  Point                                                   Incr       Path
  --------------------------------------------------------------------------
  clock CLKB_DOMAIN (rise edge)                           0.00       0.00
  clock network delay (ideal)                             0.00       0.00
  U0_DATA_SYNC/enable_flop_reg/CK (DFFRQX2M)              0.00       0.00 r
  U0_DATA_SYNC/enable_flop_reg/Q (DFFRQX2M)               0.46       0.46 f
  U0_DATA_SYNC/U4/Y (NAND2BX2M)                           0.21       0.67 f
  U0_DATA_SYNC/U3/Y (INVX2M)                              0.13       0.81 r
  U0_DATA_SYNC/U5/Y (AO22X1M)                             0.16       0.97 r
  U0_DATA_SYNC/sync_bus_reg[0]/D (DFFRQX2M)               0.00       0.97 r
  data arrival time                                                  0.97

  clock CLKB_DOMAIN (rise edge)                          20.00      20.00
  clock network delay (ideal)                             0.00      20.00
  clock uncertainty                                      -0.20      19.80
  U0_DATA_SYNC/sync_bus_reg[0]/CK (DFFRQX2M)              0.00      19.80 r
  library setup time                                     -0.29      19.51
  data required time                                                19.51
  --------------------------------------------------------------------------
  data required time                                                19.51
  data arrival time                                                 -0.97
  --------------------------------------------------------------------------
  slack (MET)                                                       18.54


  Startpoint: U0_DATA_SYNC/enable_pulse_d_reg
              (rising edge-triggered flip-flop clocked by CLKB_DOMAIN)
  Endpoint: U0_RegFile/RD_ADDR_reg[1]
            (rising edge-triggered flip-flop clocked by CLKB_DOMAIN)
  Path Group: CLKB_DOMAIN
  Path Type: max

  Point                                                   Incr       Path
  --------------------------------------------------------------------------
  clock CLKB_DOMAIN (rise edge)                           0.00       0.00
  clock network delay (ideal)                             0.00       0.00
  U0_DATA_SYNC/enable_pulse_d_reg/CK (DFFRQX2M)           0.00       0.00 r
  U0_DATA_SYNC/enable_pulse_d_reg/Q (DFFRQX2M)            0.47       0.47 f
  U0_DATA_SYNC/enable_pulse_d (DATA_SYNC)                 0.00       0.47 f
  U0_RegFile/WrEn (RegFile)                               0.00       0.47 f
  U0_RegFile/U205/Y (INVX2M)                              0.08       0.55 r
  U0_RegFile/U61/Y (NAND2X2M)                             0.09       0.63 f
  U0_RegFile/U192/Y (NAND2BX2M)                           0.18       0.82 f
  U0_RegFile/U58/Y (XNOR2X2M)                             0.13       0.95 r
  U0_RegFile/RD_ADDR_reg[1]/D (DFFRQX2M)                  0.00       0.95 r
  data arrival time                                                  0.95

  clock CLKB_DOMAIN (rise edge)                          20.00      20.00
  clock network delay (ideal)                             0.00      20.00
  clock uncertainty                                      -0.20      19.80
  U0_RegFile/RD_ADDR_reg[1]/CK (DFFRQX2M)                 0.00      19.80 r
  library setup time                                     -0.31      19.49
  data required time                                                19.49
  --------------------------------------------------------------------------
  data required time                                                19.49
  data arrival time                                                 -0.95
  --------------------------------------------------------------------------
  slack (MET)                                                       18.54


  Startpoint: U0_DATA_SYNC/enable_flop_reg
              (rising edge-triggered flip-flop clocked by CLKB_DOMAIN)
  Endpoint: U0_DATA_SYNC/enable_pulse_d_reg
            (rising edge-triggered flip-flop clocked by CLKB_DOMAIN)
  Path Group: CLKB_DOMAIN
  Path Type: max

  Point                                                   Incr       Path
  --------------------------------------------------------------------------
  clock CLKB_DOMAIN (rise edge)                           0.00       0.00
  clock network delay (ideal)                             0.00       0.00
  U0_DATA_SYNC/enable_flop_reg/CK (DFFRQX2M)              0.00       0.00 r
  U0_DATA_SYNC/enable_flop_reg/Q (DFFRQX2M)               0.46       0.46 f
  U0_DATA_SYNC/U4/Y (NAND2BX2M)                           0.21       0.67 f
  U0_DATA_SYNC/U3/Y (INVX2M)                              0.13       0.81 r
  U0_DATA_SYNC/enable_pulse_d_reg/D (DFFRQX2M)            0.00       0.81 r
  data arrival time                                                  0.81

  clock CLKB_DOMAIN (rise edge)                          20.00      20.00
  clock network delay (ideal)                             0.00      20.00
  clock uncertainty                                      -0.20      19.80
  U0_DATA_SYNC/enable_pulse_d_reg/CK (DFFRQX2M)           0.00      19.80 r
  library setup time                                     -0.30      19.50
  data required time                                                19.50
  --------------------------------------------------------------------------
  data required time                                                19.50
  data arrival time                                                 -0.81
  --------------------------------------------------------------------------
  slack (MET)                                                       18.69


  Startpoint: U0_DATA_SYNC/enable_pulse_d_reg
              (rising edge-triggered flip-flop clocked by CLKB_DOMAIN)
  Endpoint: U0_RegFile/RD_ADDR_reg[0]
            (rising edge-triggered flip-flop clocked by CLKB_DOMAIN)
  Path Group: CLKB_DOMAIN
  Path Type: max

  Point                                                   Incr       Path
  --------------------------------------------------------------------------
  clock CLKB_DOMAIN (rise edge)                           0.00       0.00
  clock network delay (ideal)                             0.00       0.00
  U0_DATA_SYNC/enable_pulse_d_reg/CK (DFFRQX2M)           0.00       0.00 r
  U0_DATA_SYNC/enable_pulse_d_reg/Q (DFFRQX2M)            0.47       0.47 f
  U0_DATA_SYNC/enable_pulse_d (DATA_SYNC)                 0.00       0.47 f
  U0_RegFile/WrEn (RegFile)                               0.00       0.47 f
  U0_RegFile/U205/Y (INVX2M)                              0.08       0.55 r
  U0_RegFile/U61/Y (NAND2X2M)                             0.09       0.63 f
  U0_RegFile/U194/Y (XNOR2X2M)                            0.13       0.76 r
  U0_RegFile/RD_ADDR_reg[0]/D (DFFRQX2M)                  0.00       0.76 r
  data arrival time                                                  0.76

  clock CLKB_DOMAIN (rise edge)                          20.00      20.00
  clock network delay (ideal)                             0.00      20.00
  clock uncertainty                                      -0.20      19.80
  U0_RegFile/RD_ADDR_reg[0]/CK (DFFRQX2M)                 0.00      19.80 r
  library setup time                                     -0.31      19.49
  data required time                                                19.49
  --------------------------------------------------------------------------
  data required time                                                19.49
  data arrival time                                                 -0.76
  --------------------------------------------------------------------------
  slack (MET)                                                       18.73


  Startpoint: U0_DATA_SYNC/enable_pulse_d_reg
              (rising edge-triggered flip-flop clocked by CLKB_DOMAIN)
  Endpoint: U0_RegFile/WR_ADDR_reg[0]
            (rising edge-triggered flip-flop clocked by CLKB_DOMAIN)
  Path Group: CLKB_DOMAIN
  Path Type: max

  Point                                                   Incr       Path
  --------------------------------------------------------------------------
  clock CLKB_DOMAIN (rise edge)                           0.00       0.00
  clock network delay (ideal)                             0.00       0.00
  U0_DATA_SYNC/enable_pulse_d_reg/CK (DFFRQX2M)           0.00       0.00 r
  U0_DATA_SYNC/enable_pulse_d_reg/Q (DFFRQX2M)            0.38       0.38 r
  U0_DATA_SYNC/enable_pulse_d (DATA_SYNC)                 0.00       0.38 r
  U0_RegFile/WrEn (RegFile)                               0.00       0.38 r
  U0_RegFile/U205/Y (INVX2M)                              0.05       0.43 f
  U0_RegFile/U56/Y (NOR2X2M)                              0.15       0.58 r
  U0_RegFile/U62/Y (NAND2X2M)                             0.13       0.71 f
  U0_RegFile/U195/Y (OAI21X2M)                            0.07       0.78 r
  U0_RegFile/WR_ADDR_reg[0]/D (DFFRX1M)                   0.00       0.78 r
  data arrival time                                                  0.78

  clock CLKB_DOMAIN (rise edge)                          20.00      20.00
  clock network delay (ideal)                             0.00      20.00
  clock uncertainty                                      -0.20      19.80
  U0_RegFile/WR_ADDR_reg[0]/CK (DFFRX1M)                  0.00      19.80 r
  library setup time                                     -0.25      19.55
  data required time                                                19.55
  --------------------------------------------------------------------------
  data required time                                                19.55
  data arrival time                                                 -0.78
  --------------------------------------------------------------------------
  slack (MET)                                                       18.78


  Startpoint: U0_DATA_SYNC/sync_reg_reg[1]
              (rising edge-triggered flip-flop clocked by CLKB_DOMAIN)
  Endpoint: U0_DATA_SYNC/enable_flop_reg
            (rising edge-triggered flip-flop clocked by CLKB_DOMAIN)
  Path Group: CLKB_DOMAIN
  Path Type: max

  Point                                                   Incr       Path
  --------------------------------------------------------------------------
  clock CLKB_DOMAIN (rise edge)                           0.00       0.00
  clock network delay (ideal)                             0.00       0.00
  U0_DATA_SYNC/sync_reg_reg[1]/CK (DFFRQX2M)              0.00       0.00 r
  U0_DATA_SYNC/sync_reg_reg[1]/Q (DFFRQX2M)               0.38       0.38 r
  U0_DATA_SYNC/enable_flop_reg/D (DFFRQX2M)               0.00       0.38 r
  data arrival time                                                  0.38

  clock CLKB_DOMAIN (rise edge)                          20.00      20.00
  clock network delay (ideal)                             0.00      20.00
  clock uncertainty                                      -0.20      19.80
  U0_DATA_SYNC/enable_flop_reg/CK (DFFRQX2M)              0.00      19.80 r
  library setup time                                     -0.29      19.51
  data required time                                                19.51
  --------------------------------------------------------------------------
  data required time                                                19.51
  data arrival time                                                 -0.38
  --------------------------------------------------------------------------
  slack (MET)                                                       19.12


  Startpoint: U1_RST_SYNC/sync_reg_reg[0]/CK
              (internal path startpoint clocked by CLKB_DOMAIN)
  Endpoint: U1_RST_SYNC/sync_reg_reg[1]
            (rising edge-triggered flip-flop clocked by CLKB_DOMAIN)
  Path Group: CLKB_DOMAIN
  Path Type: max

  Point                                                   Incr       Path
  --------------------------------------------------------------------------
  clock CLKB_DOMAIN (rise edge)                           0.00       0.00
  clock network delay (ideal)                             0.00       0.00
  input external delay                                    0.00       0.00 r
  U1_RST_SYNC/sync_reg_reg[0]/CK (DFFRQX2M)               0.00       0.00 r
  U1_RST_SYNC/sync_reg_reg[0]/Q (DFFRQX2M)                0.36       0.36 r
  U1_RST_SYNC/sync_reg_reg[1]/D (DFFRQX2M)                0.00       0.36 r
  data arrival time                                                  0.36

  clock CLKB_DOMAIN (rise edge)                          20.00      20.00
  clock network delay (ideal)                             0.00      20.00
  clock uncertainty                                      -0.20      19.80
  U1_RST_SYNC/sync_reg_reg[1]/CK (DFFRQX2M)               0.00      19.80 r
  library setup time                                     -0.29      19.51
  data required time                                                19.51
  --------------------------------------------------------------------------
  data required time                                                19.51
  data arrival time                                                 -0.36
  --------------------------------------------------------------------------
  slack (MET)                                                       19.15


  Startpoint: U0_DATA_SYNC/sync_reg_reg[0]
              (rising edge-triggered flip-flop clocked by CLKB_DOMAIN)
  Endpoint: U0_DATA_SYNC/sync_reg_reg[1]
            (rising edge-triggered flip-flop clocked by CLKB_DOMAIN)
  Path Group: CLKB_DOMAIN
  Path Type: max

  Point                                                   Incr       Path
  --------------------------------------------------------------------------
  clock CLKB_DOMAIN (rise edge)                           0.00       0.00
  clock network delay (ideal)                             0.00       0.00
  U0_DATA_SYNC/sync_reg_reg[0]/CK (DFFRQX2M)              0.00       0.00 r
  U0_DATA_SYNC/sync_reg_reg[0]/Q (DFFRQX2M)               0.36       0.36 r
  U0_DATA_SYNC/sync_reg_reg[1]/D (DFFRQX2M)               0.00       0.36 r
  data arrival time                                                  0.36

  clock CLKB_DOMAIN (rise edge)                          20.00      20.00
  clock network delay (ideal)                             0.00      20.00
  clock uncertainty                                      -0.20      19.80
  U0_DATA_SYNC/sync_reg_reg[1]/CK (DFFRQX2M)              0.00      19.80 r
  library setup time                                     -0.29      19.51
  data required time                                                19.51
  --------------------------------------------------------------------------
  data required time                                                19.51
  data arrival time                                                 -0.36
  --------------------------------------------------------------------------
  slack (MET)                                                       19.15


  Startpoint: RdEn (input port clocked by CLKB_DOMAIN)
  Endpoint: U0_RegFile/regArr_reg[7][7]
            (rising edge-triggered flip-flop clocked by CLKB_DOMAIN)
  Path Group: INREG
  Path Type: max

  Point                                                   Incr       Path
  --------------------------------------------------------------------------
  clock CLKB_DOMAIN (rise edge)                           0.00       0.00
  clock network delay (ideal)                             0.00       0.00
  input external delay                                    4.00       4.00 f
  RdEn (in)                                               0.03       4.03 f
  U0_RegFile/RdEn (RegFile)                               0.00       4.03 f
  U0_RegFile/U56/Y (NOR2X2M)                              0.17       4.20 r
  U0_RegFile/U55/Y (NOR2BX2M)                             0.25       4.45 r
  U0_RegFile/U191/Y (NAND2X2M)                            0.10       4.56 f
  U0_RegFile/U44/Y (INVX2M)                               0.13       4.69 r
  U0_RegFile/U32/Y (NAND2X2M)                             0.22       4.91 f
  U0_RegFile/U70/Y (OAI2BB2X1M)                           0.18       5.09 r
  U0_RegFile/regArr_reg[7][7]/D (DFFRQX2M)                0.00       5.09 r
  data arrival time                                                  5.09

  clock CLKB_DOMAIN (rise edge)                          20.00      20.00
  clock network delay (ideal)                             0.00      20.00
  clock uncertainty                                      -0.20      19.80
  U0_RegFile/regArr_reg[7][7]/CK (DFFRQX2M)               0.00      19.80 r
  library setup time                                     -0.31      19.49
  data required time                                                19.49
  --------------------------------------------------------------------------
  data required time                                                19.49
  data arrival time                                                 -5.09
  --------------------------------------------------------------------------
  slack (MET)                                                       14.40


  Startpoint: RdEn (input port clocked by CLKB_DOMAIN)
  Endpoint: U0_RegFile/regArr_reg[7][6]
            (rising edge-triggered flip-flop clocked by CLKB_DOMAIN)
  Path Group: INREG
  Path Type: max

  Point                                                   Incr       Path
  --------------------------------------------------------------------------
  clock CLKB_DOMAIN (rise edge)                           0.00       0.00
  clock network delay (ideal)                             0.00       0.00
  input external delay                                    4.00       4.00 f
  RdEn (in)                                               0.03       4.03 f
  U0_RegFile/RdEn (RegFile)                               0.00       4.03 f
  U0_RegFile/U56/Y (NOR2X2M)                              0.17       4.20 r
  U0_RegFile/U55/Y (NOR2BX2M)                             0.25       4.45 r
  U0_RegFile/U191/Y (NAND2X2M)                            0.10       4.56 f
  U0_RegFile/U44/Y (INVX2M)                               0.13       4.69 r
  U0_RegFile/U32/Y (NAND2X2M)                             0.22       4.91 f
  U0_RegFile/U69/Y (OAI2BB2X1M)                           0.18       5.09 r
  U0_RegFile/regArr_reg[7][6]/D (DFFRQX2M)                0.00       5.09 r
  data arrival time                                                  5.09

  clock CLKB_DOMAIN (rise edge)                          20.00      20.00
  clock network delay (ideal)                             0.00      20.00
  clock uncertainty                                      -0.20      19.80
  U0_RegFile/regArr_reg[7][6]/CK (DFFRQX2M)               0.00      19.80 r
  library setup time                                     -0.31      19.49
  data required time                                                19.49
  --------------------------------------------------------------------------
  data required time                                                19.49
  data arrival time                                                 -5.09
  --------------------------------------------------------------------------
  slack (MET)                                                       14.40


  Startpoint: RdEn (input port clocked by CLKB_DOMAIN)
  Endpoint: U0_RegFile/regArr_reg[7][5]
            (rising edge-triggered flip-flop clocked by CLKB_DOMAIN)
  Path Group: INREG
  Path Type: max

  Point                                                   Incr       Path
  --------------------------------------------------------------------------
  clock CLKB_DOMAIN (rise edge)                           0.00       0.00
  clock network delay (ideal)                             0.00       0.00
  input external delay                                    4.00       4.00 f
  RdEn (in)                                               0.03       4.03 f
  U0_RegFile/RdEn (RegFile)                               0.00       4.03 f
  U0_RegFile/U56/Y (NOR2X2M)                              0.17       4.20 r
  U0_RegFile/U55/Y (NOR2BX2M)                             0.25       4.45 r
  U0_RegFile/U191/Y (NAND2X2M)                            0.10       4.56 f
  U0_RegFile/U44/Y (INVX2M)                               0.13       4.69 r
  U0_RegFile/U32/Y (NAND2X2M)                             0.22       4.91 f
  U0_RegFile/U68/Y (OAI2BB2X1M)                           0.18       5.09 r
  U0_RegFile/regArr_reg[7][5]/D (DFFRQX2M)                0.00       5.09 r
  data arrival time                                                  5.09

  clock CLKB_DOMAIN (rise edge)                          20.00      20.00
  clock network delay (ideal)                             0.00      20.00
  clock uncertainty                                      -0.20      19.80
  U0_RegFile/regArr_reg[7][5]/CK (DFFRQX2M)               0.00      19.80 r
  library setup time                                     -0.31      19.49
  data required time                                                19.49
  --------------------------------------------------------------------------
  data required time                                                19.49
  data arrival time                                                 -5.09
  --------------------------------------------------------------------------
  slack (MET)                                                       14.40


  Startpoint: RdEn (input port clocked by CLKB_DOMAIN)
  Endpoint: U0_RegFile/regArr_reg[7][4]
            (rising edge-triggered flip-flop clocked by CLKB_DOMAIN)
  Path Group: INREG
  Path Type: max

  Point                                                   Incr       Path
  --------------------------------------------------------------------------
  clock CLKB_DOMAIN (rise edge)                           0.00       0.00
  clock network delay (ideal)                             0.00       0.00
  input external delay                                    4.00       4.00 f
  RdEn (in)                                               0.03       4.03 f
  U0_RegFile/RdEn (RegFile)                               0.00       4.03 f
  U0_RegFile/U56/Y (NOR2X2M)                              0.17       4.20 r
  U0_RegFile/U55/Y (NOR2BX2M)                             0.25       4.45 r
  U0_RegFile/U191/Y (NAND2X2M)                            0.10       4.56 f
  U0_RegFile/U44/Y (INVX2M)                               0.13       4.69 r
  U0_RegFile/U32/Y (NAND2X2M)                             0.22       4.91 f
  U0_RegFile/U67/Y (OAI2BB2X1M)                           0.18       5.09 r
  U0_RegFile/regArr_reg[7][4]/D (DFFRQX2M)                0.00       5.09 r
  data arrival time                                                  5.09

  clock CLKB_DOMAIN (rise edge)                          20.00      20.00
  clock network delay (ideal)                             0.00      20.00
  clock uncertainty                                      -0.20      19.80
  U0_RegFile/regArr_reg[7][4]/CK (DFFRQX2M)               0.00      19.80 r
  library setup time                                     -0.31      19.49
  data required time                                                19.49
  --------------------------------------------------------------------------
  data required time                                                19.49
  data arrival time                                                 -5.09
  --------------------------------------------------------------------------
  slack (MET)                                                       14.40


  Startpoint: RdEn (input port clocked by CLKB_DOMAIN)
  Endpoint: U0_RegFile/regArr_reg[7][3]
            (rising edge-triggered flip-flop clocked by CLKB_DOMAIN)
  Path Group: INREG
  Path Type: max

  Point                                                   Incr       Path
  --------------------------------------------------------------------------
  clock CLKB_DOMAIN (rise edge)                           0.00       0.00
  clock network delay (ideal)                             0.00       0.00
  input external delay                                    4.00       4.00 f
  RdEn (in)                                               0.03       4.03 f
  U0_RegFile/RdEn (RegFile)                               0.00       4.03 f
  U0_RegFile/U56/Y (NOR2X2M)                              0.17       4.20 r
  U0_RegFile/U55/Y (NOR2BX2M)                             0.25       4.45 r
  U0_RegFile/U191/Y (NAND2X2M)                            0.10       4.56 f
  U0_RegFile/U44/Y (INVX2M)                               0.13       4.69 r
  U0_RegFile/U32/Y (NAND2X2M)                             0.22       4.91 f
  U0_RegFile/U66/Y (OAI2BB2X1M)                           0.18       5.09 r
  U0_RegFile/regArr_reg[7][3]/D (DFFRQX2M)                0.00       5.09 r
  data arrival time                                                  5.09

  clock CLKB_DOMAIN (rise edge)                          20.00      20.00
  clock network delay (ideal)                             0.00      20.00
  clock uncertainty                                      -0.20      19.80
  U0_RegFile/regArr_reg[7][3]/CK (DFFRQX2M)               0.00      19.80 r
  library setup time                                     -0.31      19.49
  data required time                                                19.49
  --------------------------------------------------------------------------
  data required time                                                19.49
  data arrival time                                                 -5.09
  --------------------------------------------------------------------------
  slack (MET)                                                       14.40


  Startpoint: RdEn (input port clocked by CLKB_DOMAIN)
  Endpoint: U0_RegFile/regArr_reg[7][2]
            (rising edge-triggered flip-flop clocked by CLKB_DOMAIN)
  Path Group: INREG
  Path Type: max

  Point                                                   Incr       Path
  --------------------------------------------------------------------------
  clock CLKB_DOMAIN (rise edge)                           0.00       0.00
  clock network delay (ideal)                             0.00       0.00
  input external delay                                    4.00       4.00 f
  RdEn (in)                                               0.03       4.03 f
  U0_RegFile/RdEn (RegFile)                               0.00       4.03 f
  U0_RegFile/U56/Y (NOR2X2M)                              0.17       4.20 r
  U0_RegFile/U55/Y (NOR2BX2M)                             0.25       4.45 r
  U0_RegFile/U191/Y (NAND2X2M)                            0.10       4.56 f
  U0_RegFile/U44/Y (INVX2M)                               0.13       4.69 r
  U0_RegFile/U32/Y (NAND2X2M)                             0.22       4.91 f
  U0_RegFile/U65/Y (OAI2BB2X1M)                           0.18       5.09 r
  U0_RegFile/regArr_reg[7][2]/D (DFFRQX2M)                0.00       5.09 r
  data arrival time                                                  5.09

  clock CLKB_DOMAIN (rise edge)                          20.00      20.00
  clock network delay (ideal)                             0.00      20.00
  clock uncertainty                                      -0.20      19.80
  U0_RegFile/regArr_reg[7][2]/CK (DFFRQX2M)               0.00      19.80 r
  library setup time                                     -0.31      19.49
  data required time                                                19.49
  --------------------------------------------------------------------------
  data required time                                                19.49
  data arrival time                                                 -5.09
  --------------------------------------------------------------------------
  slack (MET)                                                       14.40


  Startpoint: RdEn (input port clocked by CLKB_DOMAIN)
  Endpoint: U0_RegFile/regArr_reg[7][1]
            (rising edge-triggered flip-flop clocked by CLKB_DOMAIN)
  Path Group: INREG
  Path Type: max

  Point                                                   Incr       Path
  --------------------------------------------------------------------------
  clock CLKB_DOMAIN (rise edge)                           0.00       0.00
  clock network delay (ideal)                             0.00       0.00
  input external delay                                    4.00       4.00 f
  RdEn (in)                                               0.03       4.03 f
  U0_RegFile/RdEn (RegFile)                               0.00       4.03 f
  U0_RegFile/U56/Y (NOR2X2M)                              0.17       4.20 r
  U0_RegFile/U55/Y (NOR2BX2M)                             0.25       4.45 r
  U0_RegFile/U191/Y (NAND2X2M)                            0.10       4.56 f
  U0_RegFile/U44/Y (INVX2M)                               0.13       4.69 r
  U0_RegFile/U32/Y (NAND2X2M)                             0.22       4.91 f
  U0_RegFile/U64/Y (OAI2BB2X1M)                           0.18       5.09 r
  U0_RegFile/regArr_reg[7][1]/D (DFFRQX2M)                0.00       5.09 r
  data arrival time                                                  5.09

  clock CLKB_DOMAIN (rise edge)                          20.00      20.00
  clock network delay (ideal)                             0.00      20.00
  clock uncertainty                                      -0.20      19.80
  U0_RegFile/regArr_reg[7][1]/CK (DFFRQX2M)               0.00      19.80 r
  library setup time                                     -0.31      19.49
  data required time                                                19.49
  --------------------------------------------------------------------------
  data required time                                                19.49
  data arrival time                                                 -5.09
  --------------------------------------------------------------------------
  slack (MET)                                                       14.40


  Startpoint: RdEn (input port clocked by CLKB_DOMAIN)
  Endpoint: U0_RegFile/regArr_reg[7][0]
            (rising edge-triggered flip-flop clocked by CLKB_DOMAIN)
  Path Group: INREG
  Path Type: max

  Point                                                   Incr       Path
  --------------------------------------------------------------------------
  clock CLKB_DOMAIN (rise edge)                           0.00       0.00
  clock network delay (ideal)                             0.00       0.00
  input external delay                                    4.00       4.00 f
  RdEn (in)                                               0.03       4.03 f
  U0_RegFile/RdEn (RegFile)                               0.00       4.03 f
  U0_RegFile/U56/Y (NOR2X2M)                              0.17       4.20 r
  U0_RegFile/U55/Y (NOR2BX2M)                             0.25       4.45 r
  U0_RegFile/U191/Y (NAND2X2M)                            0.10       4.56 f
  U0_RegFile/U44/Y (INVX2M)                               0.13       4.69 r
  U0_RegFile/U32/Y (NAND2X2M)                             0.22       4.91 f
  U0_RegFile/U63/Y (OAI2BB2X1M)                           0.18       5.09 r
  U0_RegFile/regArr_reg[7][0]/D (DFFRQX2M)                0.00       5.09 r
  data arrival time                                                  5.09

  clock CLKB_DOMAIN (rise edge)                          20.00      20.00
  clock network delay (ideal)                             0.00      20.00
  clock uncertainty                                      -0.20      19.80
  U0_RegFile/regArr_reg[7][0]/CK (DFFRQX2M)               0.00      19.80 r
  library setup time                                     -0.31      19.49
  data required time                                                19.49
  --------------------------------------------------------------------------
  data required time                                                19.49
  data arrival time                                                 -5.09
  --------------------------------------------------------------------------
  slack (MET)                                                       14.40


  Startpoint: RdEn (input port clocked by CLKB_DOMAIN)
  Endpoint: U0_RegFile/regArr_reg[3][7]
            (rising edge-triggered flip-flop clocked by CLKB_DOMAIN)
  Path Group: INREG
  Path Type: max

  Point                                                   Incr       Path
  --------------------------------------------------------------------------
  clock CLKB_DOMAIN (rise edge)                           0.00       0.00
  clock network delay (ideal)                             0.00       0.00
  input external delay                                    4.00       4.00 f
  RdEn (in)                                               0.03       4.03 f
  U0_RegFile/RdEn (RegFile)                               0.00       4.03 f
  U0_RegFile/U56/Y (NOR2X2M)                              0.17       4.20 r
  U0_RegFile/U55/Y (NOR2BX2M)                             0.25       4.45 r
  U0_RegFile/U191/Y (NAND2X2M)                            0.10       4.56 f
  U0_RegFile/U44/Y (INVX2M)                               0.13       4.69 r
  U0_RegFile/U35/Y (NAND2X2M)                             0.20       4.89 f
  U0_RegFile/U166/Y (OAI2BB2X1M)                          0.18       5.07 r
  U0_RegFile/regArr_reg[3][7]/D (DFFRQX2M)                0.00       5.07 r
  data arrival time                                                  5.07

  clock CLKB_DOMAIN (rise edge)                          20.00      20.00
  clock network delay (ideal)                             0.00      20.00
  clock uncertainty                                      -0.20      19.80
  U0_RegFile/regArr_reg[3][7]/CK (DFFRQX2M)               0.00      19.80 r
  library setup time                                     -0.31      19.49
  data required time                                                19.49
  --------------------------------------------------------------------------
  data required time                                                19.49
  data arrival time                                                 -5.07
  --------------------------------------------------------------------------
  slack (MET)                                                       14.42


  Startpoint: RdEn (input port clocked by CLKB_DOMAIN)
  Endpoint: U0_RegFile/regArr_reg[3][6]
            (rising edge-triggered flip-flop clocked by CLKB_DOMAIN)
  Path Group: INREG
  Path Type: max

  Point                                                   Incr       Path
  --------------------------------------------------------------------------
  clock CLKB_DOMAIN (rise edge)                           0.00       0.00
  clock network delay (ideal)                             0.00       0.00
  input external delay                                    4.00       4.00 f
  RdEn (in)                                               0.03       4.03 f
  U0_RegFile/RdEn (RegFile)                               0.00       4.03 f
  U0_RegFile/U56/Y (NOR2X2M)                              0.17       4.20 r
  U0_RegFile/U55/Y (NOR2BX2M)                             0.25       4.45 r
  U0_RegFile/U191/Y (NAND2X2M)                            0.10       4.56 f
  U0_RegFile/U44/Y (INVX2M)                               0.13       4.69 r
  U0_RegFile/U35/Y (NAND2X2M)                             0.20       4.89 f
  U0_RegFile/U165/Y (OAI2BB2X1M)                          0.18       5.07 r
  U0_RegFile/regArr_reg[3][6]/D (DFFRQX2M)                0.00       5.07 r
  data arrival time                                                  5.07

  clock CLKB_DOMAIN (rise edge)                          20.00      20.00
  clock network delay (ideal)                             0.00      20.00
  clock uncertainty                                      -0.20      19.80
  U0_RegFile/regArr_reg[3][6]/CK (DFFRQX2M)               0.00      19.80 r
  library setup time                                     -0.31      19.49
  data required time                                                19.49
  --------------------------------------------------------------------------
  data required time                                                19.49
  data arrival time                                                 -5.07
  --------------------------------------------------------------------------
  slack (MET)                                                       14.42


  Startpoint: RdEn (input port clocked by CLKB_DOMAIN)
  Endpoint: U0_RegFile/regArr_reg[3][5]
            (rising edge-triggered flip-flop clocked by CLKB_DOMAIN)
  Path Group: INREG
  Path Type: max

  Point                                                   Incr       Path
  --------------------------------------------------------------------------
  clock CLKB_DOMAIN (rise edge)                           0.00       0.00
  clock network delay (ideal)                             0.00       0.00
  input external delay                                    4.00       4.00 f
  RdEn (in)                                               0.03       4.03 f
  U0_RegFile/RdEn (RegFile)                               0.00       4.03 f
  U0_RegFile/U56/Y (NOR2X2M)                              0.17       4.20 r
  U0_RegFile/U55/Y (NOR2BX2M)                             0.25       4.45 r
  U0_RegFile/U191/Y (NAND2X2M)                            0.10       4.56 f
  U0_RegFile/U44/Y (INVX2M)                               0.13       4.69 r
  U0_RegFile/U35/Y (NAND2X2M)                             0.20       4.89 f
  U0_RegFile/U164/Y (OAI2BB2X1M)                          0.18       5.07 r
  U0_RegFile/regArr_reg[3][5]/D (DFFRQX2M)                0.00       5.07 r
  data arrival time                                                  5.07

  clock CLKB_DOMAIN (rise edge)                          20.00      20.00
  clock network delay (ideal)                             0.00      20.00
  clock uncertainty                                      -0.20      19.80
  U0_RegFile/regArr_reg[3][5]/CK (DFFRQX2M)               0.00      19.80 r
  library setup time                                     -0.31      19.49
  data required time                                                19.49
  --------------------------------------------------------------------------
  data required time                                                19.49
  data arrival time                                                 -5.07
  --------------------------------------------------------------------------
  slack (MET)                                                       14.42


  Startpoint: RdEn (input port clocked by CLKB_DOMAIN)
  Endpoint: U0_RegFile/regArr_reg[3][4]
            (rising edge-triggered flip-flop clocked by CLKB_DOMAIN)
  Path Group: INREG
  Path Type: max

  Point                                                   Incr       Path
  --------------------------------------------------------------------------
  clock CLKB_DOMAIN (rise edge)                           0.00       0.00
  clock network delay (ideal)                             0.00       0.00
  input external delay                                    4.00       4.00 f
  RdEn (in)                                               0.03       4.03 f
  U0_RegFile/RdEn (RegFile)                               0.00       4.03 f
  U0_RegFile/U56/Y (NOR2X2M)                              0.17       4.20 r
  U0_RegFile/U55/Y (NOR2BX2M)                             0.25       4.45 r
  U0_RegFile/U191/Y (NAND2X2M)                            0.10       4.56 f
  U0_RegFile/U44/Y (INVX2M)                               0.13       4.69 r
  U0_RegFile/U35/Y (NAND2X2M)                             0.20       4.89 f
  U0_RegFile/U163/Y (OAI2BB2X1M)                          0.18       5.07 r
  U0_RegFile/regArr_reg[3][4]/D (DFFRQX2M)                0.00       5.07 r
  data arrival time                                                  5.07

  clock CLKB_DOMAIN (rise edge)                          20.00      20.00
  clock network delay (ideal)                             0.00      20.00
  clock uncertainty                                      -0.20      19.80
  U0_RegFile/regArr_reg[3][4]/CK (DFFRQX2M)               0.00      19.80 r
  library setup time                                     -0.31      19.49
  data required time                                                19.49
  --------------------------------------------------------------------------
  data required time                                                19.49
  data arrival time                                                 -5.07
  --------------------------------------------------------------------------
  slack (MET)                                                       14.42


  Startpoint: RdEn (input port clocked by CLKB_DOMAIN)
  Endpoint: U0_RegFile/regArr_reg[3][3]
            (rising edge-triggered flip-flop clocked by CLKB_DOMAIN)
  Path Group: INREG
  Path Type: max

  Point                                                   Incr       Path
  --------------------------------------------------------------------------
  clock CLKB_DOMAIN (rise edge)                           0.00       0.00
  clock network delay (ideal)                             0.00       0.00
  input external delay                                    4.00       4.00 f
  RdEn (in)                                               0.03       4.03 f
  U0_RegFile/RdEn (RegFile)                               0.00       4.03 f
  U0_RegFile/U56/Y (NOR2X2M)                              0.17       4.20 r
  U0_RegFile/U55/Y (NOR2BX2M)                             0.25       4.45 r
  U0_RegFile/U191/Y (NAND2X2M)                            0.10       4.56 f
  U0_RegFile/U44/Y (INVX2M)                               0.13       4.69 r
  U0_RegFile/U35/Y (NAND2X2M)                             0.20       4.89 f
  U0_RegFile/U162/Y (OAI2BB2X1M)                          0.18       5.07 r
  U0_RegFile/regArr_reg[3][3]/D (DFFRQX2M)                0.00       5.07 r
  data arrival time                                                  5.07

  clock CLKB_DOMAIN (rise edge)                          20.00      20.00
  clock network delay (ideal)                             0.00      20.00
  clock uncertainty                                      -0.20      19.80
  U0_RegFile/regArr_reg[3][3]/CK (DFFRQX2M)               0.00      19.80 r
  library setup time                                     -0.31      19.49
  data required time                                                19.49
  --------------------------------------------------------------------------
  data required time                                                19.49
  data arrival time                                                 -5.07
  --------------------------------------------------------------------------
  slack (MET)                                                       14.42


  Startpoint: RdEn (input port clocked by CLKB_DOMAIN)
  Endpoint: U0_RegFile/regArr_reg[3][2]
            (rising edge-triggered flip-flop clocked by CLKB_DOMAIN)
  Path Group: INREG
  Path Type: max

  Point                                                   Incr       Path
  --------------------------------------------------------------------------
  clock CLKB_DOMAIN (rise edge)                           0.00       0.00
  clock network delay (ideal)                             0.00       0.00
  input external delay                                    4.00       4.00 f
  RdEn (in)                                               0.03       4.03 f
  U0_RegFile/RdEn (RegFile)                               0.00       4.03 f
  U0_RegFile/U56/Y (NOR2X2M)                              0.17       4.20 r
  U0_RegFile/U55/Y (NOR2BX2M)                             0.25       4.45 r
  U0_RegFile/U191/Y (NAND2X2M)                            0.10       4.56 f
  U0_RegFile/U44/Y (INVX2M)                               0.13       4.69 r
  U0_RegFile/U35/Y (NAND2X2M)                             0.20       4.89 f
  U0_RegFile/U161/Y (OAI2BB2X1M)                          0.18       5.07 r
  U0_RegFile/regArr_reg[3][2]/D (DFFRQX2M)                0.00       5.07 r
  data arrival time                                                  5.07

  clock CLKB_DOMAIN (rise edge)                          20.00      20.00
  clock network delay (ideal)                             0.00      20.00
  clock uncertainty                                      -0.20      19.80
  U0_RegFile/regArr_reg[3][2]/CK (DFFRQX2M)               0.00      19.80 r
  library setup time                                     -0.31      19.49
  data required time                                                19.49
  --------------------------------------------------------------------------
  data required time                                                19.49
  data arrival time                                                 -5.07
  --------------------------------------------------------------------------
  slack (MET)                                                       14.42


  Startpoint: RdEn (input port clocked by CLKB_DOMAIN)
  Endpoint: U0_RegFile/regArr_reg[3][1]
            (rising edge-triggered flip-flop clocked by CLKB_DOMAIN)
  Path Group: INREG
  Path Type: max

  Point                                                   Incr       Path
  --------------------------------------------------------------------------
  clock CLKB_DOMAIN (rise edge)                           0.00       0.00
  clock network delay (ideal)                             0.00       0.00
  input external delay                                    4.00       4.00 f
  RdEn (in)                                               0.03       4.03 f
  U0_RegFile/RdEn (RegFile)                               0.00       4.03 f
  U0_RegFile/U56/Y (NOR2X2M)                              0.17       4.20 r
  U0_RegFile/U55/Y (NOR2BX2M)                             0.25       4.45 r
  U0_RegFile/U191/Y (NAND2X2M)                            0.10       4.56 f
  U0_RegFile/U44/Y (INVX2M)                               0.13       4.69 r
  U0_RegFile/U35/Y (NAND2X2M)                             0.20       4.89 f
  U0_RegFile/U160/Y (OAI2BB2X1M)                          0.18       5.07 r
  U0_RegFile/regArr_reg[3][1]/D (DFFRQX2M)                0.00       5.07 r
  data arrival time                                                  5.07

  clock CLKB_DOMAIN (rise edge)                          20.00      20.00
  clock network delay (ideal)                             0.00      20.00
  clock uncertainty                                      -0.20      19.80
  U0_RegFile/regArr_reg[3][1]/CK (DFFRQX2M)               0.00      19.80 r
  library setup time                                     -0.31      19.49
  data required time                                                19.49
  --------------------------------------------------------------------------
  data required time                                                19.49
  data arrival time                                                 -5.07
  --------------------------------------------------------------------------
  slack (MET)                                                       14.42


  Startpoint: RdEn (input port clocked by CLKB_DOMAIN)
  Endpoint: U0_RegFile/regArr_reg[3][0]
            (rising edge-triggered flip-flop clocked by CLKB_DOMAIN)
  Path Group: INREG
  Path Type: max

  Point                                                   Incr       Path
  --------------------------------------------------------------------------
  clock CLKB_DOMAIN (rise edge)                           0.00       0.00
  clock network delay (ideal)                             0.00       0.00
  input external delay                                    4.00       4.00 f
  RdEn (in)                                               0.03       4.03 f
  U0_RegFile/RdEn (RegFile)                               0.00       4.03 f
  U0_RegFile/U56/Y (NOR2X2M)                              0.17       4.20 r
  U0_RegFile/U55/Y (NOR2BX2M)                             0.25       4.45 r
  U0_RegFile/U191/Y (NAND2X2M)                            0.10       4.56 f
  U0_RegFile/U44/Y (INVX2M)                               0.13       4.69 r
  U0_RegFile/U35/Y (NAND2X2M)                             0.20       4.89 f
  U0_RegFile/U159/Y (OAI2BB2X1M)                          0.18       5.07 r
  U0_RegFile/regArr_reg[3][0]/D (DFFRQX2M)                0.00       5.07 r
  data arrival time                                                  5.07

  clock CLKB_DOMAIN (rise edge)                          20.00      20.00
  clock network delay (ideal)                             0.00      20.00
  clock uncertainty                                      -0.20      19.80
  U0_RegFile/regArr_reg[3][0]/CK (DFFRQX2M)               0.00      19.80 r
  library setup time                                     -0.31      19.49
  data required time                                                19.49
  --------------------------------------------------------------------------
  data required time                                                19.49
  data arrival time                                                 -5.07
  --------------------------------------------------------------------------
  slack (MET)                                                       14.42


  Startpoint: RdEn (input port clocked by CLKB_DOMAIN)
  Endpoint: U0_RegFile/regArr_reg[15][7]
            (rising edge-triggered flip-flop clocked by CLKB_DOMAIN)
  Path Group: INREG
  Path Type: max

  Point                                                   Incr       Path
  --------------------------------------------------------------------------
  clock CLKB_DOMAIN (rise edge)                           0.00       0.00
  clock network delay (ideal)                             0.00       0.00
  input external delay                                    4.00       4.00 f
  RdEn (in)                                               0.03       4.03 f
  U0_RegFile/RdEn (RegFile)                               0.00       4.03 f
  U0_RegFile/U56/Y (NOR2X2M)                              0.17       4.20 r
  U0_RegFile/U55/Y (NOR2BX2M)                             0.25       4.45 r
  U0_RegFile/U191/Y (NAND2X2M)                            0.10       4.56 f
  U0_RegFile/U44/Y (INVX2M)                               0.13       4.69 r
  U0_RegFile/U25/Y (NAND2X2M)                             0.20       4.89 f
  U0_RegFile/U142/Y (OAI2BB2X1M)                          0.18       5.07 r
  U0_RegFile/regArr_reg[15][7]/D (DFFRQX2M)               0.00       5.07 r
  data arrival time                                                  5.07

  clock CLKB_DOMAIN (rise edge)                          20.00      20.00
  clock network delay (ideal)                             0.00      20.00
  clock uncertainty                                      -0.20      19.80
  U0_RegFile/regArr_reg[15][7]/CK (DFFRQX2M)              0.00      19.80 r
  library setup time                                     -0.31      19.49
  data required time                                                19.49
  --------------------------------------------------------------------------
  data required time                                                19.49
  data arrival time                                                 -5.07
  --------------------------------------------------------------------------
  slack (MET)                                                       14.42


  Startpoint: RdEn (input port clocked by CLKB_DOMAIN)
  Endpoint: U0_RegFile/regArr_reg[15][6]
            (rising edge-triggered flip-flop clocked by CLKB_DOMAIN)
  Path Group: INREG
  Path Type: max

  Point                                                   Incr       Path
  --------------------------------------------------------------------------
  clock CLKB_DOMAIN (rise edge)                           0.00       0.00
  clock network delay (ideal)                             0.00       0.00
  input external delay                                    4.00       4.00 f
  RdEn (in)                                               0.03       4.03 f
  U0_RegFile/RdEn (RegFile)                               0.00       4.03 f
  U0_RegFile/U56/Y (NOR2X2M)                              0.17       4.20 r
  U0_RegFile/U55/Y (NOR2BX2M)                             0.25       4.45 r
  U0_RegFile/U191/Y (NAND2X2M)                            0.10       4.56 f
  U0_RegFile/U44/Y (INVX2M)                               0.13       4.69 r
  U0_RegFile/U25/Y (NAND2X2M)                             0.20       4.89 f
  U0_RegFile/U141/Y (OAI2BB2X1M)                          0.18       5.07 r
  U0_RegFile/regArr_reg[15][6]/D (DFFRQX2M)               0.00       5.07 r
  data arrival time                                                  5.07

  clock CLKB_DOMAIN (rise edge)                          20.00      20.00
  clock network delay (ideal)                             0.00      20.00
  clock uncertainty                                      -0.20      19.80
  U0_RegFile/regArr_reg[15][6]/CK (DFFRQX2M)              0.00      19.80 r
  library setup time                                     -0.31      19.49
  data required time                                                19.49
  --------------------------------------------------------------------------
  data required time                                                19.49
  data arrival time                                                 -5.07
  --------------------------------------------------------------------------
  slack (MET)                                                       14.42


  Startpoint: RdEn (input port clocked by CLKB_DOMAIN)
  Endpoint: U0_RegFile/regArr_reg[15][5]
            (rising edge-triggered flip-flop clocked by CLKB_DOMAIN)
  Path Group: INREG
  Path Type: max

  Point                                                   Incr       Path
  --------------------------------------------------------------------------
  clock CLKB_DOMAIN (rise edge)                           0.00       0.00
  clock network delay (ideal)                             0.00       0.00
  input external delay                                    4.00       4.00 f
  RdEn (in)                                               0.03       4.03 f
  U0_RegFile/RdEn (RegFile)                               0.00       4.03 f
  U0_RegFile/U56/Y (NOR2X2M)                              0.17       4.20 r
  U0_RegFile/U55/Y (NOR2BX2M)                             0.25       4.45 r
  U0_RegFile/U191/Y (NAND2X2M)                            0.10       4.56 f
  U0_RegFile/U44/Y (INVX2M)                               0.13       4.69 r
  U0_RegFile/U25/Y (NAND2X2M)                             0.20       4.89 f
  U0_RegFile/U140/Y (OAI2BB2X1M)                          0.18       5.07 r
  U0_RegFile/regArr_reg[15][5]/D (DFFRQX2M)               0.00       5.07 r
  data arrival time                                                  5.07

  clock CLKB_DOMAIN (rise edge)                          20.00      20.00
  clock network delay (ideal)                             0.00      20.00
  clock uncertainty                                      -0.20      19.80
  U0_RegFile/regArr_reg[15][5]/CK (DFFRQX2M)              0.00      19.80 r
  library setup time                                     -0.31      19.49
  data required time                                                19.49
  --------------------------------------------------------------------------
  data required time                                                19.49
  data arrival time                                                 -5.07
  --------------------------------------------------------------------------
  slack (MET)                                                       14.42


  Startpoint: RdEn (input port clocked by CLKB_DOMAIN)
  Endpoint: U0_RegFile/regArr_reg[15][4]
            (rising edge-triggered flip-flop clocked by CLKB_DOMAIN)
  Path Group: INREG
  Path Type: max

  Point                                                   Incr       Path
  --------------------------------------------------------------------------
  clock CLKB_DOMAIN (rise edge)                           0.00       0.00
  clock network delay (ideal)                             0.00       0.00
  input external delay                                    4.00       4.00 f
  RdEn (in)                                               0.03       4.03 f
  U0_RegFile/RdEn (RegFile)                               0.00       4.03 f
  U0_RegFile/U56/Y (NOR2X2M)                              0.17       4.20 r
  U0_RegFile/U55/Y (NOR2BX2M)                             0.25       4.45 r
  U0_RegFile/U191/Y (NAND2X2M)                            0.10       4.56 f
  U0_RegFile/U44/Y (INVX2M)                               0.13       4.69 r
  U0_RegFile/U25/Y (NAND2X2M)                             0.20       4.89 f
  U0_RegFile/U139/Y (OAI2BB2X1M)                          0.18       5.07 r
  U0_RegFile/regArr_reg[15][4]/D (DFFRQX2M)               0.00       5.07 r
  data arrival time                                                  5.07

  clock CLKB_DOMAIN (rise edge)                          20.00      20.00
  clock network delay (ideal)                             0.00      20.00
  clock uncertainty                                      -0.20      19.80
  U0_RegFile/regArr_reg[15][4]/CK (DFFRQX2M)              0.00      19.80 r
  library setup time                                     -0.31      19.49
  data required time                                                19.49
  --------------------------------------------------------------------------
  data required time                                                19.49
  data arrival time                                                 -5.07
  --------------------------------------------------------------------------
  slack (MET)                                                       14.42


  Startpoint: RdEn (input port clocked by CLKB_DOMAIN)
  Endpoint: U0_RegFile/regArr_reg[15][3]
            (rising edge-triggered flip-flop clocked by CLKB_DOMAIN)
  Path Group: INREG
  Path Type: max

  Point                                                   Incr       Path
  --------------------------------------------------------------------------
  clock CLKB_DOMAIN (rise edge)                           0.00       0.00
  clock network delay (ideal)                             0.00       0.00
  input external delay                                    4.00       4.00 f
  RdEn (in)                                               0.03       4.03 f
  U0_RegFile/RdEn (RegFile)                               0.00       4.03 f
  U0_RegFile/U56/Y (NOR2X2M)                              0.17       4.20 r
  U0_RegFile/U55/Y (NOR2BX2M)                             0.25       4.45 r
  U0_RegFile/U191/Y (NAND2X2M)                            0.10       4.56 f
  U0_RegFile/U44/Y (INVX2M)                               0.13       4.69 r
  U0_RegFile/U25/Y (NAND2X2M)                             0.20       4.89 f
  U0_RegFile/U138/Y (OAI2BB2X1M)                          0.18       5.07 r
  U0_RegFile/regArr_reg[15][3]/D (DFFRQX2M)               0.00       5.07 r
  data arrival time                                                  5.07

  clock CLKB_DOMAIN (rise edge)                          20.00      20.00
  clock network delay (ideal)                             0.00      20.00
  clock uncertainty                                      -0.20      19.80
  U0_RegFile/regArr_reg[15][3]/CK (DFFRQX2M)              0.00      19.80 r
  library setup time                                     -0.31      19.49
  data required time                                                19.49
  --------------------------------------------------------------------------
  data required time                                                19.49
  data arrival time                                                 -5.07
  --------------------------------------------------------------------------
  slack (MET)                                                       14.42


  Startpoint: RdEn (input port clocked by CLKB_DOMAIN)
  Endpoint: U0_RegFile/regArr_reg[15][2]
            (rising edge-triggered flip-flop clocked by CLKB_DOMAIN)
  Path Group: INREG
  Path Type: max

  Point                                                   Incr       Path
  --------------------------------------------------------------------------
  clock CLKB_DOMAIN (rise edge)                           0.00       0.00
  clock network delay (ideal)                             0.00       0.00
  input external delay                                    4.00       4.00 f
  RdEn (in)                                               0.03       4.03 f
  U0_RegFile/RdEn (RegFile)                               0.00       4.03 f
  U0_RegFile/U56/Y (NOR2X2M)                              0.17       4.20 r
  U0_RegFile/U55/Y (NOR2BX2M)                             0.25       4.45 r
  U0_RegFile/U191/Y (NAND2X2M)                            0.10       4.56 f
  U0_RegFile/U44/Y (INVX2M)                               0.13       4.69 r
  U0_RegFile/U25/Y (NAND2X2M)                             0.20       4.89 f
  U0_RegFile/U137/Y (OAI2BB2X1M)                          0.18       5.07 r
  U0_RegFile/regArr_reg[15][2]/D (DFFRQX2M)               0.00       5.07 r
  data arrival time                                                  5.07

  clock CLKB_DOMAIN (rise edge)                          20.00      20.00
  clock network delay (ideal)                             0.00      20.00
  clock uncertainty                                      -0.20      19.80
  U0_RegFile/regArr_reg[15][2]/CK (DFFRQX2M)              0.00      19.80 r
  library setup time                                     -0.31      19.49
  data required time                                                19.49
  --------------------------------------------------------------------------
  data required time                                                19.49
  data arrival time                                                 -5.07
  --------------------------------------------------------------------------
  slack (MET)                                                       14.42


  Startpoint: RdEn (input port clocked by CLKB_DOMAIN)
  Endpoint: U0_RegFile/regArr_reg[15][1]
            (rising edge-triggered flip-flop clocked by CLKB_DOMAIN)
  Path Group: INREG
  Path Type: max

  Point                                                   Incr       Path
  --------------------------------------------------------------------------
  clock CLKB_DOMAIN (rise edge)                           0.00       0.00
  clock network delay (ideal)                             0.00       0.00
  input external delay                                    4.00       4.00 f
  RdEn (in)                                               0.03       4.03 f
  U0_RegFile/RdEn (RegFile)                               0.00       4.03 f
  U0_RegFile/U56/Y (NOR2X2M)                              0.17       4.20 r
  U0_RegFile/U55/Y (NOR2BX2M)                             0.25       4.45 r
  U0_RegFile/U191/Y (NAND2X2M)                            0.10       4.56 f
  U0_RegFile/U44/Y (INVX2M)                               0.13       4.69 r
  U0_RegFile/U25/Y (NAND2X2M)                             0.20       4.89 f
  U0_RegFile/U136/Y (OAI2BB2X1M)                          0.18       5.07 r
  U0_RegFile/regArr_reg[15][1]/D (DFFRQX2M)               0.00       5.07 r
  data arrival time                                                  5.07

  clock CLKB_DOMAIN (rise edge)                          20.00      20.00
  clock network delay (ideal)                             0.00      20.00
  clock uncertainty                                      -0.20      19.80
  U0_RegFile/regArr_reg[15][1]/CK (DFFRQX2M)              0.00      19.80 r
  library setup time                                     -0.31      19.49
  data required time                                                19.49
  --------------------------------------------------------------------------
  data required time                                                19.49
  data arrival time                                                 -5.07
  --------------------------------------------------------------------------
  slack (MET)                                                       14.42


  Startpoint: RdEn (input port clocked by CLKB_DOMAIN)
  Endpoint: U0_RegFile/regArr_reg[15][0]
            (rising edge-triggered flip-flop clocked by CLKB_DOMAIN)
  Path Group: INREG
  Path Type: max

  Point                                                   Incr       Path
  --------------------------------------------------------------------------
  clock CLKB_DOMAIN (rise edge)                           0.00       0.00
  clock network delay (ideal)                             0.00       0.00
  input external delay                                    4.00       4.00 f
  RdEn (in)                                               0.03       4.03 f
  U0_RegFile/RdEn (RegFile)                               0.00       4.03 f
  U0_RegFile/U56/Y (NOR2X2M)                              0.17       4.20 r
  U0_RegFile/U55/Y (NOR2BX2M)                             0.25       4.45 r
  U0_RegFile/U191/Y (NAND2X2M)                            0.10       4.56 f
  U0_RegFile/U44/Y (INVX2M)                               0.13       4.69 r
  U0_RegFile/U25/Y (NAND2X2M)                             0.20       4.89 f
  U0_RegFile/U135/Y (OAI2BB2X1M)                          0.18       5.07 r
  U0_RegFile/regArr_reg[15][0]/D (DFFRQX2M)               0.00       5.07 r
  data arrival time                                                  5.07

  clock CLKB_DOMAIN (rise edge)                          20.00      20.00
  clock network delay (ideal)                             0.00      20.00
  clock uncertainty                                      -0.20      19.80
  U0_RegFile/regArr_reg[15][0]/CK (DFFRQX2M)              0.00      19.80 r
  library setup time                                     -0.31      19.49
  data required time                                                19.49
  --------------------------------------------------------------------------
  data required time                                                19.49
  data arrival time                                                 -5.07
  --------------------------------------------------------------------------
  slack (MET)                                                       14.42


  Startpoint: RdEn (input port clocked by CLKB_DOMAIN)
  Endpoint: U0_RegFile/regArr_reg[11][7]
            (rising edge-triggered flip-flop clocked by CLKB_DOMAIN)
  Path Group: INREG
  Path Type: max

  Point                                                   Incr       Path
  --------------------------------------------------------------------------
  clock CLKB_DOMAIN (rise edge)                           0.00       0.00
  clock network delay (ideal)                             0.00       0.00
  input external delay                                    4.00       4.00 f
  RdEn (in)                                               0.03       4.03 f
  U0_RegFile/RdEn (RegFile)                               0.00       4.03 f
  U0_RegFile/U56/Y (NOR2X2M)                              0.17       4.20 r
  U0_RegFile/U55/Y (NOR2BX2M)                             0.25       4.45 r
  U0_RegFile/U191/Y (NAND2X2M)                            0.10       4.56 f
  U0_RegFile/U44/Y (INVX2M)                               0.13       4.69 r
  U0_RegFile/U24/Y (NAND2X2M)                             0.20       4.89 f
  U0_RegFile/U182/Y (OAI2BB2X1M)                          0.18       5.07 r
  U0_RegFile/regArr_reg[11][7]/D (DFFRQX2M)               0.00       5.07 r
  data arrival time                                                  5.07

  clock CLKB_DOMAIN (rise edge)                          20.00      20.00
  clock network delay (ideal)                             0.00      20.00
  clock uncertainty                                      -0.20      19.80
  U0_RegFile/regArr_reg[11][7]/CK (DFFRQX2M)              0.00      19.80 r
  library setup time                                     -0.31      19.49
  data required time                                                19.49
  --------------------------------------------------------------------------
  data required time                                                19.49
  data arrival time                                                 -5.07
  --------------------------------------------------------------------------
  slack (MET)                                                       14.43


  Startpoint: RdEn (input port clocked by CLKB_DOMAIN)
  Endpoint: U0_RegFile/regArr_reg[11][6]
            (rising edge-triggered flip-flop clocked by CLKB_DOMAIN)
  Path Group: INREG
  Path Type: max

  Point                                                   Incr       Path
  --------------------------------------------------------------------------
  clock CLKB_DOMAIN (rise edge)                           0.00       0.00
  clock network delay (ideal)                             0.00       0.00
  input external delay                                    4.00       4.00 f
  RdEn (in)                                               0.03       4.03 f
  U0_RegFile/RdEn (RegFile)                               0.00       4.03 f
  U0_RegFile/U56/Y (NOR2X2M)                              0.17       4.20 r
  U0_RegFile/U55/Y (NOR2BX2M)                             0.25       4.45 r
  U0_RegFile/U191/Y (NAND2X2M)                            0.10       4.56 f
  U0_RegFile/U44/Y (INVX2M)                               0.13       4.69 r
  U0_RegFile/U24/Y (NAND2X2M)                             0.20       4.89 f
  U0_RegFile/U181/Y (OAI2BB2X1M)                          0.18       5.07 r
  U0_RegFile/regArr_reg[11][6]/D (DFFRQX2M)               0.00       5.07 r
  data arrival time                                                  5.07

  clock CLKB_DOMAIN (rise edge)                          20.00      20.00
  clock network delay (ideal)                             0.00      20.00
  clock uncertainty                                      -0.20      19.80
  U0_RegFile/regArr_reg[11][6]/CK (DFFRQX2M)              0.00      19.80 r
  library setup time                                     -0.31      19.49
  data required time                                                19.49
  --------------------------------------------------------------------------
  data required time                                                19.49
  data arrival time                                                 -5.07
  --------------------------------------------------------------------------
  slack (MET)                                                       14.43


  Startpoint: RdEn (input port clocked by CLKB_DOMAIN)
  Endpoint: U0_RegFile/regArr_reg[11][5]
            (rising edge-triggered flip-flop clocked by CLKB_DOMAIN)
  Path Group: INREG
  Path Type: max

  Point                                                   Incr       Path
  --------------------------------------------------------------------------
  clock CLKB_DOMAIN (rise edge)                           0.00       0.00
  clock network delay (ideal)                             0.00       0.00
  input external delay                                    4.00       4.00 f
  RdEn (in)                                               0.03       4.03 f
  U0_RegFile/RdEn (RegFile)                               0.00       4.03 f
  U0_RegFile/U56/Y (NOR2X2M)                              0.17       4.20 r
  U0_RegFile/U55/Y (NOR2BX2M)                             0.25       4.45 r
  U0_RegFile/U191/Y (NAND2X2M)                            0.10       4.56 f
  U0_RegFile/U44/Y (INVX2M)                               0.13       4.69 r
  U0_RegFile/U24/Y (NAND2X2M)                             0.20       4.89 f
  U0_RegFile/U180/Y (OAI2BB2X1M)                          0.18       5.07 r
  U0_RegFile/regArr_reg[11][5]/D (DFFRQX2M)               0.00       5.07 r
  data arrival time                                                  5.07

  clock CLKB_DOMAIN (rise edge)                          20.00      20.00
  clock network delay (ideal)                             0.00      20.00
  clock uncertainty                                      -0.20      19.80
  U0_RegFile/regArr_reg[11][5]/CK (DFFRQX2M)              0.00      19.80 r
  library setup time                                     -0.31      19.49
  data required time                                                19.49
  --------------------------------------------------------------------------
  data required time                                                19.49
  data arrival time                                                 -5.07
  --------------------------------------------------------------------------
  slack (MET)                                                       14.43


  Startpoint: RdEn (input port clocked by CLKB_DOMAIN)
  Endpoint: U0_RegFile/regArr_reg[11][4]
            (rising edge-triggered flip-flop clocked by CLKB_DOMAIN)
  Path Group: INREG
  Path Type: max

  Point                                                   Incr       Path
  --------------------------------------------------------------------------
  clock CLKB_DOMAIN (rise edge)                           0.00       0.00
  clock network delay (ideal)                             0.00       0.00
  input external delay                                    4.00       4.00 f
  RdEn (in)                                               0.03       4.03 f
  U0_RegFile/RdEn (RegFile)                               0.00       4.03 f
  U0_RegFile/U56/Y (NOR2X2M)                              0.17       4.20 r
  U0_RegFile/U55/Y (NOR2BX2M)                             0.25       4.45 r
  U0_RegFile/U191/Y (NAND2X2M)                            0.10       4.56 f
  U0_RegFile/U44/Y (INVX2M)                               0.13       4.69 r
  U0_RegFile/U24/Y (NAND2X2M)                             0.20       4.89 f
  U0_RegFile/U179/Y (OAI2BB2X1M)                          0.18       5.07 r
  U0_RegFile/regArr_reg[11][4]/D (DFFRQX2M)               0.00       5.07 r
  data arrival time                                                  5.07

  clock CLKB_DOMAIN (rise edge)                          20.00      20.00
  clock network delay (ideal)                             0.00      20.00
  clock uncertainty                                      -0.20      19.80
  U0_RegFile/regArr_reg[11][4]/CK (DFFRQX2M)              0.00      19.80 r
  library setup time                                     -0.31      19.49
  data required time                                                19.49
  --------------------------------------------------------------------------
  data required time                                                19.49
  data arrival time                                                 -5.07
  --------------------------------------------------------------------------
  slack (MET)                                                       14.43


  Startpoint: RdEn (input port clocked by CLKB_DOMAIN)
  Endpoint: U0_RegFile/regArr_reg[11][3]
            (rising edge-triggered flip-flop clocked by CLKB_DOMAIN)
  Path Group: INREG
  Path Type: max

  Point                                                   Incr       Path
  --------------------------------------------------------------------------
  clock CLKB_DOMAIN (rise edge)                           0.00       0.00
  clock network delay (ideal)                             0.00       0.00
  input external delay                                    4.00       4.00 f
  RdEn (in)                                               0.03       4.03 f
  U0_RegFile/RdEn (RegFile)                               0.00       4.03 f
  U0_RegFile/U56/Y (NOR2X2M)                              0.17       4.20 r
  U0_RegFile/U55/Y (NOR2BX2M)                             0.25       4.45 r
  U0_RegFile/U191/Y (NAND2X2M)                            0.10       4.56 f
  U0_RegFile/U44/Y (INVX2M)                               0.13       4.69 r
  U0_RegFile/U24/Y (NAND2X2M)                             0.20       4.89 f
  U0_RegFile/U178/Y (OAI2BB2X1M)                          0.18       5.07 r
  U0_RegFile/regArr_reg[11][3]/D (DFFRQX2M)               0.00       5.07 r
  data arrival time                                                  5.07

  clock CLKB_DOMAIN (rise edge)                          20.00      20.00
  clock network delay (ideal)                             0.00      20.00
  clock uncertainty                                      -0.20      19.80
  U0_RegFile/regArr_reg[11][3]/CK (DFFRQX2M)              0.00      19.80 r
  library setup time                                     -0.31      19.49
  data required time                                                19.49
  --------------------------------------------------------------------------
  data required time                                                19.49
  data arrival time                                                 -5.07
  --------------------------------------------------------------------------
  slack (MET)                                                       14.43


  Startpoint: RdEn (input port clocked by CLKB_DOMAIN)
  Endpoint: U0_RegFile/regArr_reg[11][2]
            (rising edge-triggered flip-flop clocked by CLKB_DOMAIN)
  Path Group: INREG
  Path Type: max

  Point                                                   Incr       Path
  --------------------------------------------------------------------------
  clock CLKB_DOMAIN (rise edge)                           0.00       0.00
  clock network delay (ideal)                             0.00       0.00
  input external delay                                    4.00       4.00 f
  RdEn (in)                                               0.03       4.03 f
  U0_RegFile/RdEn (RegFile)                               0.00       4.03 f
  U0_RegFile/U56/Y (NOR2X2M)                              0.17       4.20 r
  U0_RegFile/U55/Y (NOR2BX2M)                             0.25       4.45 r
  U0_RegFile/U191/Y (NAND2X2M)                            0.10       4.56 f
  U0_RegFile/U44/Y (INVX2M)                               0.13       4.69 r
  U0_RegFile/U24/Y (NAND2X2M)                             0.20       4.89 f
  U0_RegFile/U177/Y (OAI2BB2X1M)                          0.18       5.07 r
  U0_RegFile/regArr_reg[11][2]/D (DFFRQX2M)               0.00       5.07 r
  data arrival time                                                  5.07

  clock CLKB_DOMAIN (rise edge)                          20.00      20.00
  clock network delay (ideal)                             0.00      20.00
  clock uncertainty                                      -0.20      19.80
  U0_RegFile/regArr_reg[11][2]/CK (DFFRQX2M)              0.00      19.80 r
  library setup time                                     -0.31      19.49
  data required time                                                19.49
  --------------------------------------------------------------------------
  data required time                                                19.49
  data arrival time                                                 -5.07
  --------------------------------------------------------------------------
  slack (MET)                                                       14.43


  Startpoint: RdEn (input port clocked by CLKB_DOMAIN)
  Endpoint: U0_RegFile/regArr_reg[11][1]
            (rising edge-triggered flip-flop clocked by CLKB_DOMAIN)
  Path Group: INREG
  Path Type: max

  Point                                                   Incr       Path
  --------------------------------------------------------------------------
  clock CLKB_DOMAIN (rise edge)                           0.00       0.00
  clock network delay (ideal)                             0.00       0.00
  input external delay                                    4.00       4.00 f
  RdEn (in)                                               0.03       4.03 f
  U0_RegFile/RdEn (RegFile)                               0.00       4.03 f
  U0_RegFile/U56/Y (NOR2X2M)                              0.17       4.20 r
  U0_RegFile/U55/Y (NOR2BX2M)                             0.25       4.45 r
  U0_RegFile/U191/Y (NAND2X2M)                            0.10       4.56 f
  U0_RegFile/U44/Y (INVX2M)                               0.13       4.69 r
  U0_RegFile/U24/Y (NAND2X2M)                             0.20       4.89 f
  U0_RegFile/U176/Y (OAI2BB2X1M)                          0.18       5.07 r
  U0_RegFile/regArr_reg[11][1]/D (DFFRQX2M)               0.00       5.07 r
  data arrival time                                                  5.07

  clock CLKB_DOMAIN (rise edge)                          20.00      20.00
  clock network delay (ideal)                             0.00      20.00
  clock uncertainty                                      -0.20      19.80
  U0_RegFile/regArr_reg[11][1]/CK (DFFRQX2M)              0.00      19.80 r
  library setup time                                     -0.31      19.49
  data required time                                                19.49
  --------------------------------------------------------------------------
  data required time                                                19.49
  data arrival time                                                 -5.07
  --------------------------------------------------------------------------
  slack (MET)                                                       14.43


  Startpoint: RdEn (input port clocked by CLKB_DOMAIN)
  Endpoint: U0_RegFile/regArr_reg[11][0]
            (rising edge-triggered flip-flop clocked by CLKB_DOMAIN)
  Path Group: INREG
  Path Type: max

  Point                                                   Incr       Path
  --------------------------------------------------------------------------
  clock CLKB_DOMAIN (rise edge)                           0.00       0.00
  clock network delay (ideal)                             0.00       0.00
  input external delay                                    4.00       4.00 f
  RdEn (in)                                               0.03       4.03 f
  U0_RegFile/RdEn (RegFile)                               0.00       4.03 f
  U0_RegFile/U56/Y (NOR2X2M)                              0.17       4.20 r
  U0_RegFile/U55/Y (NOR2BX2M)                             0.25       4.45 r
  U0_RegFile/U191/Y (NAND2X2M)                            0.10       4.56 f
  U0_RegFile/U44/Y (INVX2M)                               0.13       4.69 r
  U0_RegFile/U24/Y (NAND2X2M)                             0.20       4.89 f
  U0_RegFile/U175/Y (OAI2BB2X1M)                          0.18       5.07 r
  U0_RegFile/regArr_reg[11][0]/D (DFFRQX2M)               0.00       5.07 r
  data arrival time                                                  5.07

  clock CLKB_DOMAIN (rise edge)                          20.00      20.00
  clock network delay (ideal)                             0.00      20.00
  clock uncertainty                                      -0.20      19.80
  U0_RegFile/regArr_reg[11][0]/CK (DFFRQX2M)              0.00      19.80 r
  library setup time                                     -0.31      19.49
  data required time                                                19.49
  --------------------------------------------------------------------------
  data required time                                                19.49
  data arrival time                                                 -5.07
  --------------------------------------------------------------------------
  slack (MET)                                                       14.43


  Startpoint: RdEn (input port clocked by CLKB_DOMAIN)
  Endpoint: U0_RegFile/regArr_reg[13][7]
            (rising edge-triggered flip-flop clocked by CLKB_DOMAIN)
  Path Group: INREG
  Path Type: max

  Point                                                   Incr       Path
  --------------------------------------------------------------------------
  clock CLKB_DOMAIN (rise edge)                           0.00       0.00
  clock network delay (ideal)                             0.00       0.00
  input external delay                                    4.00       4.00 f
  RdEn (in)                                               0.03       4.03 f
  U0_RegFile/RdEn (RegFile)                               0.00       4.03 f
  U0_RegFile/U56/Y (NOR2X2M)                              0.17       4.20 r
  U0_RegFile/U55/Y (NOR2BX2M)                             0.25       4.45 r
  U0_RegFile/U46/Y (NAND2X2M)                             0.11       4.57 f
  U0_RegFile/U28/Y (INVX2M)                               0.12       4.69 r
  U0_RegFile/U23/Y (NAND2X2M)                             0.20       4.88 f
  U0_RegFile/U126/Y (OAI2BB2X1M)                          0.18       5.06 r
  U0_RegFile/regArr_reg[13][7]/D (DFFRQX2M)               0.00       5.06 r
  data arrival time                                                  5.06

  clock CLKB_DOMAIN (rise edge)                          20.00      20.00
  clock network delay (ideal)                             0.00      20.00
  clock uncertainty                                      -0.20      19.80
  U0_RegFile/regArr_reg[13][7]/CK (DFFRQX2M)              0.00      19.80 r
  library setup time                                     -0.31      19.49
  data required time                                                19.49
  --------------------------------------------------------------------------
  data required time                                                19.49
  data arrival time                                                 -5.06
  --------------------------------------------------------------------------
  slack (MET)                                                       14.43


  Startpoint: RdEn (input port clocked by CLKB_DOMAIN)
  Endpoint: U0_RegFile/regArr_reg[13][6]
            (rising edge-triggered flip-flop clocked by CLKB_DOMAIN)
  Path Group: INREG
  Path Type: max

  Point                                                   Incr       Path
  --------------------------------------------------------------------------
  clock CLKB_DOMAIN (rise edge)                           0.00       0.00
  clock network delay (ideal)                             0.00       0.00
  input external delay                                    4.00       4.00 f
  RdEn (in)                                               0.03       4.03 f
  U0_RegFile/RdEn (RegFile)                               0.00       4.03 f
  U0_RegFile/U56/Y (NOR2X2M)                              0.17       4.20 r
  U0_RegFile/U55/Y (NOR2BX2M)                             0.25       4.45 r
  U0_RegFile/U46/Y (NAND2X2M)                             0.11       4.57 f
  U0_RegFile/U28/Y (INVX2M)                               0.12       4.69 r
  U0_RegFile/U23/Y (NAND2X2M)                             0.20       4.88 f
  U0_RegFile/U125/Y (OAI2BB2X1M)                          0.18       5.06 r
  U0_RegFile/regArr_reg[13][6]/D (DFFRQX2M)               0.00       5.06 r
  data arrival time                                                  5.06

  clock CLKB_DOMAIN (rise edge)                          20.00      20.00
  clock network delay (ideal)                             0.00      20.00
  clock uncertainty                                      -0.20      19.80
  U0_RegFile/regArr_reg[13][6]/CK (DFFRQX2M)              0.00      19.80 r
  library setup time                                     -0.31      19.49
  data required time                                                19.49
  --------------------------------------------------------------------------
  data required time                                                19.49
  data arrival time                                                 -5.06
  --------------------------------------------------------------------------
  slack (MET)                                                       14.43


  Startpoint: RdEn (input port clocked by CLKB_DOMAIN)
  Endpoint: U0_RegFile/regArr_reg[13][5]
            (rising edge-triggered flip-flop clocked by CLKB_DOMAIN)
  Path Group: INREG
  Path Type: max

  Point                                                   Incr       Path
  --------------------------------------------------------------------------
  clock CLKB_DOMAIN (rise edge)                           0.00       0.00
  clock network delay (ideal)                             0.00       0.00
  input external delay                                    4.00       4.00 f
  RdEn (in)                                               0.03       4.03 f
  U0_RegFile/RdEn (RegFile)                               0.00       4.03 f
  U0_RegFile/U56/Y (NOR2X2M)                              0.17       4.20 r
  U0_RegFile/U55/Y (NOR2BX2M)                             0.25       4.45 r
  U0_RegFile/U46/Y (NAND2X2M)                             0.11       4.57 f
  U0_RegFile/U28/Y (INVX2M)                               0.12       4.69 r
  U0_RegFile/U23/Y (NAND2X2M)                             0.20       4.88 f
  U0_RegFile/U124/Y (OAI2BB2X1M)                          0.18       5.06 r
  U0_RegFile/regArr_reg[13][5]/D (DFFRQX2M)               0.00       5.06 r
  data arrival time                                                  5.06

  clock CLKB_DOMAIN (rise edge)                          20.00      20.00
  clock network delay (ideal)                             0.00      20.00
  clock uncertainty                                      -0.20      19.80
  U0_RegFile/regArr_reg[13][5]/CK (DFFRQX2M)              0.00      19.80 r
  library setup time                                     -0.31      19.49
  data required time                                                19.49
  --------------------------------------------------------------------------
  data required time                                                19.49
  data arrival time                                                 -5.06
  --------------------------------------------------------------------------
  slack (MET)                                                       14.43


  Startpoint: RdEn (input port clocked by CLKB_DOMAIN)
  Endpoint: U0_RegFile/regArr_reg[13][4]
            (rising edge-triggered flip-flop clocked by CLKB_DOMAIN)
  Path Group: INREG
  Path Type: max

  Point                                                   Incr       Path
  --------------------------------------------------------------------------
  clock CLKB_DOMAIN (rise edge)                           0.00       0.00
  clock network delay (ideal)                             0.00       0.00
  input external delay                                    4.00       4.00 f
  RdEn (in)                                               0.03       4.03 f
  U0_RegFile/RdEn (RegFile)                               0.00       4.03 f
  U0_RegFile/U56/Y (NOR2X2M)                              0.17       4.20 r
  U0_RegFile/U55/Y (NOR2BX2M)                             0.25       4.45 r
  U0_RegFile/U46/Y (NAND2X2M)                             0.11       4.57 f
  U0_RegFile/U28/Y (INVX2M)                               0.12       4.69 r
  U0_RegFile/U23/Y (NAND2X2M)                             0.20       4.88 f
  U0_RegFile/U123/Y (OAI2BB2X1M)                          0.18       5.06 r
  U0_RegFile/regArr_reg[13][4]/D (DFFRQX2M)               0.00       5.06 r
  data arrival time                                                  5.06

  clock CLKB_DOMAIN (rise edge)                          20.00      20.00
  clock network delay (ideal)                             0.00      20.00
  clock uncertainty                                      -0.20      19.80
  U0_RegFile/regArr_reg[13][4]/CK (DFFRQX2M)              0.00      19.80 r
  library setup time                                     -0.31      19.49
  data required time                                                19.49
  --------------------------------------------------------------------------
  data required time                                                19.49
  data arrival time                                                 -5.06
  --------------------------------------------------------------------------
  slack (MET)                                                       14.43


  Startpoint: RdEn (input port clocked by CLKB_DOMAIN)
  Endpoint: U0_RegFile/regArr_reg[13][3]
            (rising edge-triggered flip-flop clocked by CLKB_DOMAIN)
  Path Group: INREG
  Path Type: max

  Point                                                   Incr       Path
  --------------------------------------------------------------------------
  clock CLKB_DOMAIN (rise edge)                           0.00       0.00
  clock network delay (ideal)                             0.00       0.00
  input external delay                                    4.00       4.00 f
  RdEn (in)                                               0.03       4.03 f
  U0_RegFile/RdEn (RegFile)                               0.00       4.03 f
  U0_RegFile/U56/Y (NOR2X2M)                              0.17       4.20 r
  U0_RegFile/U55/Y (NOR2BX2M)                             0.25       4.45 r
  U0_RegFile/U46/Y (NAND2X2M)                             0.11       4.57 f
  U0_RegFile/U28/Y (INVX2M)                               0.12       4.69 r
  U0_RegFile/U23/Y (NAND2X2M)                             0.20       4.88 f
  U0_RegFile/U122/Y (OAI2BB2X1M)                          0.18       5.06 r
  U0_RegFile/regArr_reg[13][3]/D (DFFRQX2M)               0.00       5.06 r
  data arrival time                                                  5.06

  clock CLKB_DOMAIN (rise edge)                          20.00      20.00
  clock network delay (ideal)                             0.00      20.00
  clock uncertainty                                      -0.20      19.80
  U0_RegFile/regArr_reg[13][3]/CK (DFFRQX2M)              0.00      19.80 r
  library setup time                                     -0.31      19.49
  data required time                                                19.49
  --------------------------------------------------------------------------
  data required time                                                19.49
  data arrival time                                                 -5.06
  --------------------------------------------------------------------------
  slack (MET)                                                       14.43


  Startpoint: RdEn (input port clocked by CLKB_DOMAIN)
  Endpoint: U0_RegFile/regArr_reg[13][2]
            (rising edge-triggered flip-flop clocked by CLKB_DOMAIN)
  Path Group: INREG
  Path Type: max

  Point                                                   Incr       Path
  --------------------------------------------------------------------------
  clock CLKB_DOMAIN (rise edge)                           0.00       0.00
  clock network delay (ideal)                             0.00       0.00
  input external delay                                    4.00       4.00 f
  RdEn (in)                                               0.03       4.03 f
  U0_RegFile/RdEn (RegFile)                               0.00       4.03 f
  U0_RegFile/U56/Y (NOR2X2M)                              0.17       4.20 r
  U0_RegFile/U55/Y (NOR2BX2M)                             0.25       4.45 r
  U0_RegFile/U46/Y (NAND2X2M)                             0.11       4.57 f
  U0_RegFile/U28/Y (INVX2M)                               0.12       4.69 r
  U0_RegFile/U23/Y (NAND2X2M)                             0.20       4.88 f
  U0_RegFile/U121/Y (OAI2BB2X1M)                          0.18       5.06 r
  U0_RegFile/regArr_reg[13][2]/D (DFFRQX2M)               0.00       5.06 r
  data arrival time                                                  5.06

  clock CLKB_DOMAIN (rise edge)                          20.00      20.00
  clock network delay (ideal)                             0.00      20.00
  clock uncertainty                                      -0.20      19.80
  U0_RegFile/regArr_reg[13][2]/CK (DFFRQX2M)              0.00      19.80 r
  library setup time                                     -0.31      19.49
  data required time                                                19.49
  --------------------------------------------------------------------------
  data required time                                                19.49
  data arrival time                                                 -5.06
  --------------------------------------------------------------------------
  slack (MET)                                                       14.43


  Startpoint: RdEn (input port clocked by CLKB_DOMAIN)
  Endpoint: U0_RegFile/regArr_reg[13][1]
            (rising edge-triggered flip-flop clocked by CLKB_DOMAIN)
  Path Group: INREG
  Path Type: max

  Point                                                   Incr       Path
  --------------------------------------------------------------------------
  clock CLKB_DOMAIN (rise edge)                           0.00       0.00
  clock network delay (ideal)                             0.00       0.00
  input external delay                                    4.00       4.00 f
  RdEn (in)                                               0.03       4.03 f
  U0_RegFile/RdEn (RegFile)                               0.00       4.03 f
  U0_RegFile/U56/Y (NOR2X2M)                              0.17       4.20 r
  U0_RegFile/U55/Y (NOR2BX2M)                             0.25       4.45 r
  U0_RegFile/U46/Y (NAND2X2M)                             0.11       4.57 f
  U0_RegFile/U28/Y (INVX2M)                               0.12       4.69 r
  U0_RegFile/U23/Y (NAND2X2M)                             0.20       4.88 f
  U0_RegFile/U120/Y (OAI2BB2X1M)                          0.18       5.06 r
  U0_RegFile/regArr_reg[13][1]/D (DFFRQX2M)               0.00       5.06 r
  data arrival time                                                  5.06

  clock CLKB_DOMAIN (rise edge)                          20.00      20.00
  clock network delay (ideal)                             0.00      20.00
  clock uncertainty                                      -0.20      19.80
  U0_RegFile/regArr_reg[13][1]/CK (DFFRQX2M)              0.00      19.80 r
  library setup time                                     -0.31      19.49
  data required time                                                19.49
  --------------------------------------------------------------------------
  data required time                                                19.49
  data arrival time                                                 -5.06
  --------------------------------------------------------------------------
  slack (MET)                                                       14.43


  Startpoint: RdEn (input port clocked by CLKB_DOMAIN)
  Endpoint: U0_RegFile/regArr_reg[13][0]
            (rising edge-triggered flip-flop clocked by CLKB_DOMAIN)
  Path Group: INREG
  Path Type: max

  Point                                                   Incr       Path
  --------------------------------------------------------------------------
  clock CLKB_DOMAIN (rise edge)                           0.00       0.00
  clock network delay (ideal)                             0.00       0.00
  input external delay                                    4.00       4.00 f
  RdEn (in)                                               0.03       4.03 f
  U0_RegFile/RdEn (RegFile)                               0.00       4.03 f
  U0_RegFile/U56/Y (NOR2X2M)                              0.17       4.20 r
  U0_RegFile/U55/Y (NOR2BX2M)                             0.25       4.45 r
  U0_RegFile/U46/Y (NAND2X2M)                             0.11       4.57 f
  U0_RegFile/U28/Y (INVX2M)                               0.12       4.69 r
  U0_RegFile/U23/Y (NAND2X2M)                             0.20       4.88 f
  U0_RegFile/U119/Y (OAI2BB2X1M)                          0.18       5.06 r
  U0_RegFile/regArr_reg[13][0]/D (DFFRQX2M)               0.00       5.06 r
  data arrival time                                                  5.06

  clock CLKB_DOMAIN (rise edge)                          20.00      20.00
  clock network delay (ideal)                             0.00      20.00
  clock uncertainty                                      -0.20      19.80
  U0_RegFile/regArr_reg[13][0]/CK (DFFRQX2M)              0.00      19.80 r
  library setup time                                     -0.31      19.49
  data required time                                                19.49
  --------------------------------------------------------------------------
  data required time                                                19.49
  data arrival time                                                 -5.06
  --------------------------------------------------------------------------
  slack (MET)                                                       14.43


  Startpoint: RdEn (input port clocked by CLKB_DOMAIN)
  Endpoint: U0_RegFile/regArr_reg[5][7]
            (rising edge-triggered flip-flop clocked by CLKB_DOMAIN)
  Path Group: INREG
  Path Type: max

  Point                                                   Incr       Path
  --------------------------------------------------------------------------
  clock CLKB_DOMAIN (rise edge)                           0.00       0.00
  clock network delay (ideal)                             0.00       0.00
  input external delay                                    4.00       4.00 f
  RdEn (in)                                               0.03       4.03 f
  U0_RegFile/RdEn (RegFile)                               0.00       4.03 f
  U0_RegFile/U56/Y (NOR2X2M)                              0.17       4.20 r
  U0_RegFile/U55/Y (NOR2BX2M)                             0.25       4.45 r
  U0_RegFile/U46/Y (NAND2X2M)                             0.11       4.57 f
  U0_RegFile/U28/Y (INVX2M)                               0.12       4.69 r
  U0_RegFile/U36/Y (NAND2X2M)                             0.20       4.88 f
  U0_RegFile/U102/Y (OAI2BB2X1M)                          0.18       5.06 r
  U0_RegFile/regArr_reg[5][7]/D (DFFRQX2M)                0.00       5.06 r
  data arrival time                                                  5.06

  clock CLKB_DOMAIN (rise edge)                          20.00      20.00
  clock network delay (ideal)                             0.00      20.00
  clock uncertainty                                      -0.20      19.80
  U0_RegFile/regArr_reg[5][7]/CK (DFFRQX2M)               0.00      19.80 r
  library setup time                                     -0.31      19.49
  data required time                                                19.49
  --------------------------------------------------------------------------
  data required time                                                19.49
  data arrival time                                                 -5.06
  --------------------------------------------------------------------------
  slack (MET)                                                       14.43


  Startpoint: RdEn (input port clocked by CLKB_DOMAIN)
  Endpoint: U0_RegFile/regArr_reg[5][6]
            (rising edge-triggered flip-flop clocked by CLKB_DOMAIN)
  Path Group: INREG
  Path Type: max

  Point                                                   Incr       Path
  --------------------------------------------------------------------------
  clock CLKB_DOMAIN (rise edge)                           0.00       0.00
  clock network delay (ideal)                             0.00       0.00
  input external delay                                    4.00       4.00 f
  RdEn (in)                                               0.03       4.03 f
  U0_RegFile/RdEn (RegFile)                               0.00       4.03 f
  U0_RegFile/U56/Y (NOR2X2M)                              0.17       4.20 r
  U0_RegFile/U55/Y (NOR2BX2M)                             0.25       4.45 r
  U0_RegFile/U46/Y (NAND2X2M)                             0.11       4.57 f
  U0_RegFile/U28/Y (INVX2M)                               0.12       4.69 r
  U0_RegFile/U36/Y (NAND2X2M)                             0.20       4.88 f
  U0_RegFile/U101/Y (OAI2BB2X1M)                          0.18       5.06 r
  U0_RegFile/regArr_reg[5][6]/D (DFFRQX2M)                0.00       5.06 r
  data arrival time                                                  5.06

  clock CLKB_DOMAIN (rise edge)                          20.00      20.00
  clock network delay (ideal)                             0.00      20.00
  clock uncertainty                                      -0.20      19.80
  U0_RegFile/regArr_reg[5][6]/CK (DFFRQX2M)               0.00      19.80 r
  library setup time                                     -0.31      19.49
  data required time                                                19.49
  --------------------------------------------------------------------------
  data required time                                                19.49
  data arrival time                                                 -5.06
  --------------------------------------------------------------------------
  slack (MET)                                                       14.43


  Startpoint: RdEn (input port clocked by CLKB_DOMAIN)
  Endpoint: U0_RegFile/regArr_reg[5][5]
            (rising edge-triggered flip-flop clocked by CLKB_DOMAIN)
  Path Group: INREG
  Path Type: max

  Point                                                   Incr       Path
  --------------------------------------------------------------------------
  clock CLKB_DOMAIN (rise edge)                           0.00       0.00
  clock network delay (ideal)                             0.00       0.00
  input external delay                                    4.00       4.00 f
  RdEn (in)                                               0.03       4.03 f
  U0_RegFile/RdEn (RegFile)                               0.00       4.03 f
  U0_RegFile/U56/Y (NOR2X2M)                              0.17       4.20 r
  U0_RegFile/U55/Y (NOR2BX2M)                             0.25       4.45 r
  U0_RegFile/U46/Y (NAND2X2M)                             0.11       4.57 f
  U0_RegFile/U28/Y (INVX2M)                               0.12       4.69 r
  U0_RegFile/U36/Y (NAND2X2M)                             0.20       4.88 f
  U0_RegFile/U100/Y (OAI2BB2X1M)                          0.18       5.06 r
  U0_RegFile/regArr_reg[5][5]/D (DFFRQX2M)                0.00       5.06 r
  data arrival time                                                  5.06

  clock CLKB_DOMAIN (rise edge)                          20.00      20.00
  clock network delay (ideal)                             0.00      20.00
  clock uncertainty                                      -0.20      19.80
  U0_RegFile/regArr_reg[5][5]/CK (DFFRQX2M)               0.00      19.80 r
  library setup time                                     -0.31      19.49
  data required time                                                19.49
  --------------------------------------------------------------------------
  data required time                                                19.49
  data arrival time                                                 -5.06
  --------------------------------------------------------------------------
  slack (MET)                                                       14.43


  Startpoint: RdEn (input port clocked by CLKB_DOMAIN)
  Endpoint: U0_RegFile/regArr_reg[5][4]
            (rising edge-triggered flip-flop clocked by CLKB_DOMAIN)
  Path Group: INREG
  Path Type: max

  Point                                                   Incr       Path
  --------------------------------------------------------------------------
  clock CLKB_DOMAIN (rise edge)                           0.00       0.00
  clock network delay (ideal)                             0.00       0.00
  input external delay                                    4.00       4.00 f
  RdEn (in)                                               0.03       4.03 f
  U0_RegFile/RdEn (RegFile)                               0.00       4.03 f
  U0_RegFile/U56/Y (NOR2X2M)                              0.17       4.20 r
  U0_RegFile/U55/Y (NOR2BX2M)                             0.25       4.45 r
  U0_RegFile/U46/Y (NAND2X2M)                             0.11       4.57 f
  U0_RegFile/U28/Y (INVX2M)                               0.12       4.69 r
  U0_RegFile/U36/Y (NAND2X2M)                             0.20       4.88 f
  U0_RegFile/U99/Y (OAI2BB2X1M)                           0.18       5.06 r
  U0_RegFile/regArr_reg[5][4]/D (DFFRQX2M)                0.00       5.06 r
  data arrival time                                                  5.06

  clock CLKB_DOMAIN (rise edge)                          20.00      20.00
  clock network delay (ideal)                             0.00      20.00
  clock uncertainty                                      -0.20      19.80
  U0_RegFile/regArr_reg[5][4]/CK (DFFRQX2M)               0.00      19.80 r
  library setup time                                     -0.31      19.49
  data required time                                                19.49
  --------------------------------------------------------------------------
  data required time                                                19.49
  data arrival time                                                 -5.06
  --------------------------------------------------------------------------
  slack (MET)                                                       14.43


  Startpoint: RdEn (input port clocked by CLKB_DOMAIN)
  Endpoint: U0_RegFile/regArr_reg[5][3]
            (rising edge-triggered flip-flop clocked by CLKB_DOMAIN)
  Path Group: INREG
  Path Type: max

  Point                                                   Incr       Path
  --------------------------------------------------------------------------
  clock CLKB_DOMAIN (rise edge)                           0.00       0.00
  clock network delay (ideal)                             0.00       0.00
  input external delay                                    4.00       4.00 f
  RdEn (in)                                               0.03       4.03 f
  U0_RegFile/RdEn (RegFile)                               0.00       4.03 f
  U0_RegFile/U56/Y (NOR2X2M)                              0.17       4.20 r
  U0_RegFile/U55/Y (NOR2BX2M)                             0.25       4.45 r
  U0_RegFile/U46/Y (NAND2X2M)                             0.11       4.57 f
  U0_RegFile/U28/Y (INVX2M)                               0.12       4.69 r
  U0_RegFile/U36/Y (NAND2X2M)                             0.20       4.88 f
  U0_RegFile/U98/Y (OAI2BB2X1M)                           0.18       5.06 r
  U0_RegFile/regArr_reg[5][3]/D (DFFRQX2M)                0.00       5.06 r
  data arrival time                                                  5.06

  clock CLKB_DOMAIN (rise edge)                          20.00      20.00
  clock network delay (ideal)                             0.00      20.00
  clock uncertainty                                      -0.20      19.80
  U0_RegFile/regArr_reg[5][3]/CK (DFFRQX2M)               0.00      19.80 r
  library setup time                                     -0.31      19.49
  data required time                                                19.49
  --------------------------------------------------------------------------
  data required time                                                19.49
  data arrival time                                                 -5.06
  --------------------------------------------------------------------------
  slack (MET)                                                       14.43


  Startpoint: RdEn (input port clocked by CLKB_DOMAIN)
  Endpoint: U0_RegFile/regArr_reg[5][2]
            (rising edge-triggered flip-flop clocked by CLKB_DOMAIN)
  Path Group: INREG
  Path Type: max

  Point                                                   Incr       Path
  --------------------------------------------------------------------------
  clock CLKB_DOMAIN (rise edge)                           0.00       0.00
  clock network delay (ideal)                             0.00       0.00
  input external delay                                    4.00       4.00 f
  RdEn (in)                                               0.03       4.03 f
  U0_RegFile/RdEn (RegFile)                               0.00       4.03 f
  U0_RegFile/U56/Y (NOR2X2M)                              0.17       4.20 r
  U0_RegFile/U55/Y (NOR2BX2M)                             0.25       4.45 r
  U0_RegFile/U46/Y (NAND2X2M)                             0.11       4.57 f
  U0_RegFile/U28/Y (INVX2M)                               0.12       4.69 r
  U0_RegFile/U36/Y (NAND2X2M)                             0.20       4.88 f
  U0_RegFile/U97/Y (OAI2BB2X1M)                           0.18       5.06 r
  U0_RegFile/regArr_reg[5][2]/D (DFFRQX2M)                0.00       5.06 r
  data arrival time                                                  5.06

  clock CLKB_DOMAIN (rise edge)                          20.00      20.00
  clock network delay (ideal)                             0.00      20.00
  clock uncertainty                                      -0.20      19.80
  U0_RegFile/regArr_reg[5][2]/CK (DFFRQX2M)               0.00      19.80 r
  library setup time                                     -0.31      19.49
  data required time                                                19.49
  --------------------------------------------------------------------------
  data required time                                                19.49
  data arrival time                                                 -5.06
  --------------------------------------------------------------------------
  slack (MET)                                                       14.43


  Startpoint: RdEn (input port clocked by CLKB_DOMAIN)
  Endpoint: U0_RegFile/regArr_reg[5][1]
            (rising edge-triggered flip-flop clocked by CLKB_DOMAIN)
  Path Group: INREG
  Path Type: max

  Point                                                   Incr       Path
  --------------------------------------------------------------------------
  clock CLKB_DOMAIN (rise edge)                           0.00       0.00
  clock network delay (ideal)                             0.00       0.00
  input external delay                                    4.00       4.00 f
  RdEn (in)                                               0.03       4.03 f
  U0_RegFile/RdEn (RegFile)                               0.00       4.03 f
  U0_RegFile/U56/Y (NOR2X2M)                              0.17       4.20 r
  U0_RegFile/U55/Y (NOR2BX2M)                             0.25       4.45 r
  U0_RegFile/U46/Y (NAND2X2M)                             0.11       4.57 f
  U0_RegFile/U28/Y (INVX2M)                               0.12       4.69 r
  U0_RegFile/U36/Y (NAND2X2M)                             0.20       4.88 f
  U0_RegFile/U96/Y (OAI2BB2X1M)                           0.18       5.06 r
  U0_RegFile/regArr_reg[5][1]/D (DFFRQX2M)                0.00       5.06 r
  data arrival time                                                  5.06

  clock CLKB_DOMAIN (rise edge)                          20.00      20.00
  clock network delay (ideal)                             0.00      20.00
  clock uncertainty                                      -0.20      19.80
  U0_RegFile/regArr_reg[5][1]/CK (DFFRQX2M)               0.00      19.80 r
  library setup time                                     -0.31      19.49
  data required time                                                19.49
  --------------------------------------------------------------------------
  data required time                                                19.49
  data arrival time                                                 -5.06
  --------------------------------------------------------------------------
  slack (MET)                                                       14.43


  Startpoint: RdEn (input port clocked by CLKB_DOMAIN)
  Endpoint: U0_RegFile/regArr_reg[5][0]
            (rising edge-triggered flip-flop clocked by CLKB_DOMAIN)
  Path Group: INREG
  Path Type: max

  Point                                                   Incr       Path
  --------------------------------------------------------------------------
  clock CLKB_DOMAIN (rise edge)                           0.00       0.00
  clock network delay (ideal)                             0.00       0.00
  input external delay                                    4.00       4.00 f
  RdEn (in)                                               0.03       4.03 f
  U0_RegFile/RdEn (RegFile)                               0.00       4.03 f
  U0_RegFile/U56/Y (NOR2X2M)                              0.17       4.20 r
  U0_RegFile/U55/Y (NOR2BX2M)                             0.25       4.45 r
  U0_RegFile/U46/Y (NAND2X2M)                             0.11       4.57 f
  U0_RegFile/U28/Y (INVX2M)                               0.12       4.69 r
  U0_RegFile/U36/Y (NAND2X2M)                             0.20       4.88 f
  U0_RegFile/U95/Y (OAI2BB2X1M)                           0.18       5.06 r
  U0_RegFile/regArr_reg[5][0]/D (DFFRQX2M)                0.00       5.06 r
  data arrival time                                                  5.06

  clock CLKB_DOMAIN (rise edge)                          20.00      20.00
  clock network delay (ideal)                             0.00      20.00
  clock uncertainty                                      -0.20      19.80
  U0_RegFile/regArr_reg[5][0]/CK (DFFRQX2M)               0.00      19.80 r
  library setup time                                     -0.31      19.49
  data required time                                                19.49
  --------------------------------------------------------------------------
  data required time                                                19.49
  data arrival time                                                 -5.06
  --------------------------------------------------------------------------
  slack (MET)                                                       14.43


  Startpoint: RdEn (input port clocked by CLKB_DOMAIN)
  Endpoint: U0_RegFile/regArr_reg[1][7]
            (rising edge-triggered flip-flop clocked by CLKB_DOMAIN)
  Path Group: INREG
  Path Type: max

  Point                                                   Incr       Path
  --------------------------------------------------------------------------
  clock CLKB_DOMAIN (rise edge)                           0.00       0.00
  clock network delay (ideal)                             0.00       0.00
  input external delay                                    4.00       4.00 f
  RdEn (in)                                               0.03       4.03 f
  U0_RegFile/RdEn (RegFile)                               0.00       4.03 f
  U0_RegFile/U56/Y (NOR2X2M)                              0.17       4.20 r
  U0_RegFile/U55/Y (NOR2BX2M)                             0.25       4.45 r
  U0_RegFile/U46/Y (NAND2X2M)                             0.11       4.57 f
  U0_RegFile/U28/Y (INVX2M)                               0.12       4.69 r
  U0_RegFile/U33/Y (NAND2X2M)                             0.20       4.88 f
  U0_RegFile/U158/Y (OAI2BB2X1M)                          0.18       5.06 r
  U0_RegFile/regArr_reg[1][7]/D (DFFRQX2M)                0.00       5.06 r
  data arrival time                                                  5.06

  clock CLKB_DOMAIN (rise edge)                          20.00      20.00
  clock network delay (ideal)                             0.00      20.00
  clock uncertainty                                      -0.20      19.80
  U0_RegFile/regArr_reg[1][7]/CK (DFFRQX2M)               0.00      19.80 r
  library setup time                                     -0.31      19.49
  data required time                                                19.49
  --------------------------------------------------------------------------
  data required time                                                19.49
  data arrival time                                                 -5.06
  --------------------------------------------------------------------------
  slack (MET)                                                       14.43


  Startpoint: RdEn (input port clocked by CLKB_DOMAIN)
  Endpoint: U0_RegFile/regArr_reg[1][6]
            (rising edge-triggered flip-flop clocked by CLKB_DOMAIN)
  Path Group: INREG
  Path Type: max

  Point                                                   Incr       Path
  --------------------------------------------------------------------------
  clock CLKB_DOMAIN (rise edge)                           0.00       0.00
  clock network delay (ideal)                             0.00       0.00
  input external delay                                    4.00       4.00 f
  RdEn (in)                                               0.03       4.03 f
  U0_RegFile/RdEn (RegFile)                               0.00       4.03 f
  U0_RegFile/U56/Y (NOR2X2M)                              0.17       4.20 r
  U0_RegFile/U55/Y (NOR2BX2M)                             0.25       4.45 r
  U0_RegFile/U46/Y (NAND2X2M)                             0.11       4.57 f
  U0_RegFile/U28/Y (INVX2M)                               0.12       4.69 r
  U0_RegFile/U33/Y (NAND2X2M)                             0.20       4.88 f
  U0_RegFile/U157/Y (OAI2BB2X1M)                          0.18       5.06 r
  U0_RegFile/regArr_reg[1][6]/D (DFFRQX2M)                0.00       5.06 r
  data arrival time                                                  5.06

  clock CLKB_DOMAIN (rise edge)                          20.00      20.00
  clock network delay (ideal)                             0.00      20.00
  clock uncertainty                                      -0.20      19.80
  U0_RegFile/regArr_reg[1][6]/CK (DFFRQX2M)               0.00      19.80 r
  library setup time                                     -0.31      19.49
  data required time                                                19.49
  --------------------------------------------------------------------------
  data required time                                                19.49
  data arrival time                                                 -5.06
  --------------------------------------------------------------------------
  slack (MET)                                                       14.43


  Startpoint: RdEn (input port clocked by CLKB_DOMAIN)
  Endpoint: U0_RegFile/regArr_reg[1][5]
            (rising edge-triggered flip-flop clocked by CLKB_DOMAIN)
  Path Group: INREG
  Path Type: max

  Point                                                   Incr       Path
  --------------------------------------------------------------------------
  clock CLKB_DOMAIN (rise edge)                           0.00       0.00
  clock network delay (ideal)                             0.00       0.00
  input external delay                                    4.00       4.00 f
  RdEn (in)                                               0.03       4.03 f
  U0_RegFile/RdEn (RegFile)                               0.00       4.03 f
  U0_RegFile/U56/Y (NOR2X2M)                              0.17       4.20 r
  U0_RegFile/U55/Y (NOR2BX2M)                             0.25       4.45 r
  U0_RegFile/U46/Y (NAND2X2M)                             0.11       4.57 f
  U0_RegFile/U28/Y (INVX2M)                               0.12       4.69 r
  U0_RegFile/U33/Y (NAND2X2M)                             0.20       4.88 f
  U0_RegFile/U156/Y (OAI2BB2X1M)                          0.18       5.06 r
  U0_RegFile/regArr_reg[1][5]/D (DFFRQX2M)                0.00       5.06 r
  data arrival time                                                  5.06

  clock CLKB_DOMAIN (rise edge)                          20.00      20.00
  clock network delay (ideal)                             0.00      20.00
  clock uncertainty                                      -0.20      19.80
  U0_RegFile/regArr_reg[1][5]/CK (DFFRQX2M)               0.00      19.80 r
  library setup time                                     -0.31      19.49
  data required time                                                19.49
  --------------------------------------------------------------------------
  data required time                                                19.49
  data arrival time                                                 -5.06
  --------------------------------------------------------------------------
  slack (MET)                                                       14.43


  Startpoint: RdEn (input port clocked by CLKB_DOMAIN)
  Endpoint: U0_RegFile/regArr_reg[1][4]
            (rising edge-triggered flip-flop clocked by CLKB_DOMAIN)
  Path Group: INREG
  Path Type: max

  Point                                                   Incr       Path
  --------------------------------------------------------------------------
  clock CLKB_DOMAIN (rise edge)                           0.00       0.00
  clock network delay (ideal)                             0.00       0.00
  input external delay                                    4.00       4.00 f
  RdEn (in)                                               0.03       4.03 f
  U0_RegFile/RdEn (RegFile)                               0.00       4.03 f
  U0_RegFile/U56/Y (NOR2X2M)                              0.17       4.20 r
  U0_RegFile/U55/Y (NOR2BX2M)                             0.25       4.45 r
  U0_RegFile/U46/Y (NAND2X2M)                             0.11       4.57 f
  U0_RegFile/U28/Y (INVX2M)                               0.12       4.69 r
  U0_RegFile/U33/Y (NAND2X2M)                             0.20       4.88 f
  U0_RegFile/U155/Y (OAI2BB2X1M)                          0.18       5.06 r
  U0_RegFile/regArr_reg[1][4]/D (DFFRQX2M)                0.00       5.06 r
  data arrival time                                                  5.06

  clock CLKB_DOMAIN (rise edge)                          20.00      20.00
  clock network delay (ideal)                             0.00      20.00
  clock uncertainty                                      -0.20      19.80
  U0_RegFile/regArr_reg[1][4]/CK (DFFRQX2M)               0.00      19.80 r
  library setup time                                     -0.31      19.49
  data required time                                                19.49
  --------------------------------------------------------------------------
  data required time                                                19.49
  data arrival time                                                 -5.06
  --------------------------------------------------------------------------
  slack (MET)                                                       14.43


  Startpoint: RdEn (input port clocked by CLKB_DOMAIN)
  Endpoint: U0_RegFile/regArr_reg[1][3]
            (rising edge-triggered flip-flop clocked by CLKB_DOMAIN)
  Path Group: INREG
  Path Type: max

  Point                                                   Incr       Path
  --------------------------------------------------------------------------
  clock CLKB_DOMAIN (rise edge)                           0.00       0.00
  clock network delay (ideal)                             0.00       0.00
  input external delay                                    4.00       4.00 f
  RdEn (in)                                               0.03       4.03 f
  U0_RegFile/RdEn (RegFile)                               0.00       4.03 f
  U0_RegFile/U56/Y (NOR2X2M)                              0.17       4.20 r
  U0_RegFile/U55/Y (NOR2BX2M)                             0.25       4.45 r
  U0_RegFile/U46/Y (NAND2X2M)                             0.11       4.57 f
  U0_RegFile/U28/Y (INVX2M)                               0.12       4.69 r
  U0_RegFile/U33/Y (NAND2X2M)                             0.20       4.88 f
  U0_RegFile/U154/Y (OAI2BB2X1M)                          0.18       5.06 r
  U0_RegFile/regArr_reg[1][3]/D (DFFRQX2M)                0.00       5.06 r
  data arrival time                                                  5.06

  clock CLKB_DOMAIN (rise edge)                          20.00      20.00
  clock network delay (ideal)                             0.00      20.00
  clock uncertainty                                      -0.20      19.80
  U0_RegFile/regArr_reg[1][3]/CK (DFFRQX2M)               0.00      19.80 r
  library setup time                                     -0.31      19.49
  data required time                                                19.49
  --------------------------------------------------------------------------
  data required time                                                19.49
  data arrival time                                                 -5.06
  --------------------------------------------------------------------------
  slack (MET)                                                       14.43


  Startpoint: RdEn (input port clocked by CLKB_DOMAIN)
  Endpoint: U0_RegFile/regArr_reg[1][2]
            (rising edge-triggered flip-flop clocked by CLKB_DOMAIN)
  Path Group: INREG
  Path Type: max

  Point                                                   Incr       Path
  --------------------------------------------------------------------------
  clock CLKB_DOMAIN (rise edge)                           0.00       0.00
  clock network delay (ideal)                             0.00       0.00
  input external delay                                    4.00       4.00 f
  RdEn (in)                                               0.03       4.03 f
  U0_RegFile/RdEn (RegFile)                               0.00       4.03 f
  U0_RegFile/U56/Y (NOR2X2M)                              0.17       4.20 r
  U0_RegFile/U55/Y (NOR2BX2M)                             0.25       4.45 r
  U0_RegFile/U46/Y (NAND2X2M)                             0.11       4.57 f
  U0_RegFile/U28/Y (INVX2M)                               0.12       4.69 r
  U0_RegFile/U33/Y (NAND2X2M)                             0.20       4.88 f
  U0_RegFile/U153/Y (OAI2BB2X1M)                          0.18       5.06 r
  U0_RegFile/regArr_reg[1][2]/D (DFFRQX2M)                0.00       5.06 r
  data arrival time                                                  5.06

  clock CLKB_DOMAIN (rise edge)                          20.00      20.00
  clock network delay (ideal)                             0.00      20.00
  clock uncertainty                                      -0.20      19.80
  U0_RegFile/regArr_reg[1][2]/CK (DFFRQX2M)               0.00      19.80 r
  library setup time                                     -0.31      19.49
  data required time                                                19.49
  --------------------------------------------------------------------------
  data required time                                                19.49
  data arrival time                                                 -5.06
  --------------------------------------------------------------------------
  slack (MET)                                                       14.43


  Startpoint: RdEn (input port clocked by CLKB_DOMAIN)
  Endpoint: U0_RegFile/regArr_reg[1][1]
            (rising edge-triggered flip-flop clocked by CLKB_DOMAIN)
  Path Group: INREG
  Path Type: max

  Point                                                   Incr       Path
  --------------------------------------------------------------------------
  clock CLKB_DOMAIN (rise edge)                           0.00       0.00
  clock network delay (ideal)                             0.00       0.00
  input external delay                                    4.00       4.00 f
  RdEn (in)                                               0.03       4.03 f
  U0_RegFile/RdEn (RegFile)                               0.00       4.03 f
  U0_RegFile/U56/Y (NOR2X2M)                              0.17       4.20 r
  U0_RegFile/U55/Y (NOR2BX2M)                             0.25       4.45 r
  U0_RegFile/U46/Y (NAND2X2M)                             0.11       4.57 f
  U0_RegFile/U28/Y (INVX2M)                               0.12       4.69 r
  U0_RegFile/U33/Y (NAND2X2M)                             0.20       4.88 f
  U0_RegFile/U152/Y (OAI2BB2X1M)                          0.18       5.06 r
  U0_RegFile/regArr_reg[1][1]/D (DFFRQX2M)                0.00       5.06 r
  data arrival time                                                  5.06

  clock CLKB_DOMAIN (rise edge)                          20.00      20.00
  clock network delay (ideal)                             0.00      20.00
  clock uncertainty                                      -0.20      19.80
  U0_RegFile/regArr_reg[1][1]/CK (DFFRQX2M)               0.00      19.80 r
  library setup time                                     -0.31      19.49
  data required time                                                19.49
  --------------------------------------------------------------------------
  data required time                                                19.49
  data arrival time                                                 -5.06
  --------------------------------------------------------------------------
  slack (MET)                                                       14.43


  Startpoint: RdEn (input port clocked by CLKB_DOMAIN)
  Endpoint: U0_RegFile/regArr_reg[1][0]
            (rising edge-triggered flip-flop clocked by CLKB_DOMAIN)
  Path Group: INREG
  Path Type: max

  Point                                                   Incr       Path
  --------------------------------------------------------------------------
  clock CLKB_DOMAIN (rise edge)                           0.00       0.00
  clock network delay (ideal)                             0.00       0.00
  input external delay                                    4.00       4.00 f
  RdEn (in)                                               0.03       4.03 f
  U0_RegFile/RdEn (RegFile)                               0.00       4.03 f
  U0_RegFile/U56/Y (NOR2X2M)                              0.17       4.20 r
  U0_RegFile/U55/Y (NOR2BX2M)                             0.25       4.45 r
  U0_RegFile/U46/Y (NAND2X2M)                             0.11       4.57 f
  U0_RegFile/U28/Y (INVX2M)                               0.12       4.69 r
  U0_RegFile/U33/Y (NAND2X2M)                             0.20       4.88 f
  U0_RegFile/U151/Y (OAI2BB2X1M)                          0.18       5.06 r
  U0_RegFile/regArr_reg[1][0]/D (DFFRQX2M)                0.00       5.06 r
  data arrival time                                                  5.06

  clock CLKB_DOMAIN (rise edge)                          20.00      20.00
  clock network delay (ideal)                             0.00      20.00
  clock uncertainty                                      -0.20      19.80
  U0_RegFile/regArr_reg[1][0]/CK (DFFRQX2M)               0.00      19.80 r
  library setup time                                     -0.31      19.49
  data required time                                                19.49
  --------------------------------------------------------------------------
  data required time                                                19.49
  data arrival time                                                 -5.06
  --------------------------------------------------------------------------
  slack (MET)                                                       14.43


  Startpoint: RdEn (input port clocked by CLKB_DOMAIN)
  Endpoint: U0_RegFile/regArr_reg[9][7]
            (rising edge-triggered flip-flop clocked by CLKB_DOMAIN)
  Path Group: INREG
  Path Type: max

  Point                                                   Incr       Path
  --------------------------------------------------------------------------
  clock CLKB_DOMAIN (rise edge)                           0.00       0.00
  clock network delay (ideal)                             0.00       0.00
  input external delay                                    4.00       4.00 f
  RdEn (in)                                               0.03       4.03 f
  U0_RegFile/RdEn (RegFile)                               0.00       4.03 f
  U0_RegFile/U56/Y (NOR2X2M)                              0.17       4.20 r
  U0_RegFile/U55/Y (NOR2BX2M)                             0.25       4.45 r
  U0_RegFile/U46/Y (NAND2X2M)                             0.11       4.57 f
  U0_RegFile/U28/Y (INVX2M)                               0.12       4.69 r
  U0_RegFile/U22/Y (NAND2X2M)                             0.20       4.88 f
  U0_RegFile/U190/Y (OAI2BB2X1M)                          0.18       5.06 r
  U0_RegFile/regArr_reg[9][7]/D (DFFRQX2M)                0.00       5.06 r
  data arrival time                                                  5.06

  clock CLKB_DOMAIN (rise edge)                          20.00      20.00
  clock network delay (ideal)                             0.00      20.00
  clock uncertainty                                      -0.20      19.80
  U0_RegFile/regArr_reg[9][7]/CK (DFFRQX2M)               0.00      19.80 r
  library setup time                                     -0.31      19.49
  data required time                                                19.49
  --------------------------------------------------------------------------
  data required time                                                19.49
  data arrival time                                                 -5.06
  --------------------------------------------------------------------------
  slack (MET)                                                       14.44


  Startpoint: RdEn (input port clocked by CLKB_DOMAIN)
  Endpoint: U0_RegFile/regArr_reg[9][6]
            (rising edge-triggered flip-flop clocked by CLKB_DOMAIN)
  Path Group: INREG
  Path Type: max

  Point                                                   Incr       Path
  --------------------------------------------------------------------------
  clock CLKB_DOMAIN (rise edge)                           0.00       0.00
  clock network delay (ideal)                             0.00       0.00
  input external delay                                    4.00       4.00 f
  RdEn (in)                                               0.03       4.03 f
  U0_RegFile/RdEn (RegFile)                               0.00       4.03 f
  U0_RegFile/U56/Y (NOR2X2M)                              0.17       4.20 r
  U0_RegFile/U55/Y (NOR2BX2M)                             0.25       4.45 r
  U0_RegFile/U46/Y (NAND2X2M)                             0.11       4.57 f
  U0_RegFile/U28/Y (INVX2M)                               0.12       4.69 r
  U0_RegFile/U22/Y (NAND2X2M)                             0.20       4.88 f
  U0_RegFile/U189/Y (OAI2BB2X1M)                          0.18       5.06 r
  U0_RegFile/regArr_reg[9][6]/D (DFFRQX2M)                0.00       5.06 r
  data arrival time                                                  5.06

  clock CLKB_DOMAIN (rise edge)                          20.00      20.00
  clock network delay (ideal)                             0.00      20.00
  clock uncertainty                                      -0.20      19.80
  U0_RegFile/regArr_reg[9][6]/CK (DFFRQX2M)               0.00      19.80 r
  library setup time                                     -0.31      19.49
  data required time                                                19.49
  --------------------------------------------------------------------------
  data required time                                                19.49
  data arrival time                                                 -5.06
  --------------------------------------------------------------------------
  slack (MET)                                                       14.44


  Startpoint: RdEn (input port clocked by CLKB_DOMAIN)
  Endpoint: U0_RegFile/regArr_reg[9][5]
            (rising edge-triggered flip-flop clocked by CLKB_DOMAIN)
  Path Group: INREG
  Path Type: max

  Point                                                   Incr       Path
  --------------------------------------------------------------------------
  clock CLKB_DOMAIN (rise edge)                           0.00       0.00
  clock network delay (ideal)                             0.00       0.00
  input external delay                                    4.00       4.00 f
  RdEn (in)                                               0.03       4.03 f
  U0_RegFile/RdEn (RegFile)                               0.00       4.03 f
  U0_RegFile/U56/Y (NOR2X2M)                              0.17       4.20 r
  U0_RegFile/U55/Y (NOR2BX2M)                             0.25       4.45 r
  U0_RegFile/U46/Y (NAND2X2M)                             0.11       4.57 f
  U0_RegFile/U28/Y (INVX2M)                               0.12       4.69 r
  U0_RegFile/U22/Y (NAND2X2M)                             0.20       4.88 f
  U0_RegFile/U188/Y (OAI2BB2X1M)                          0.18       5.06 r
  U0_RegFile/regArr_reg[9][5]/D (DFFRQX2M)                0.00       5.06 r
  data arrival time                                                  5.06

  clock CLKB_DOMAIN (rise edge)                          20.00      20.00
  clock network delay (ideal)                             0.00      20.00
  clock uncertainty                                      -0.20      19.80
  U0_RegFile/regArr_reg[9][5]/CK (DFFRQX2M)               0.00      19.80 r
  library setup time                                     -0.31      19.49
  data required time                                                19.49
  --------------------------------------------------------------------------
  data required time                                                19.49
  data arrival time                                                 -5.06
  --------------------------------------------------------------------------
  slack (MET)                                                       14.44


  Startpoint: RdEn (input port clocked by CLKB_DOMAIN)
  Endpoint: U0_RegFile/regArr_reg[9][4]
            (rising edge-triggered flip-flop clocked by CLKB_DOMAIN)
  Path Group: INREG
  Path Type: max

  Point                                                   Incr       Path
  --------------------------------------------------------------------------
  clock CLKB_DOMAIN (rise edge)                           0.00       0.00
  clock network delay (ideal)                             0.00       0.00
  input external delay                                    4.00       4.00 f
  RdEn (in)                                               0.03       4.03 f
  U0_RegFile/RdEn (RegFile)                               0.00       4.03 f
  U0_RegFile/U56/Y (NOR2X2M)                              0.17       4.20 r
  U0_RegFile/U55/Y (NOR2BX2M)                             0.25       4.45 r
  U0_RegFile/U46/Y (NAND2X2M)                             0.11       4.57 f
  U0_RegFile/U28/Y (INVX2M)                               0.12       4.69 r
  U0_RegFile/U22/Y (NAND2X2M)                             0.20       4.88 f
  U0_RegFile/U187/Y (OAI2BB2X1M)                          0.18       5.06 r
  U0_RegFile/regArr_reg[9][4]/D (DFFRQX2M)                0.00       5.06 r
  data arrival time                                                  5.06

  clock CLKB_DOMAIN (rise edge)                          20.00      20.00
  clock network delay (ideal)                             0.00      20.00
  clock uncertainty                                      -0.20      19.80
  U0_RegFile/regArr_reg[9][4]/CK (DFFRQX2M)               0.00      19.80 r
  library setup time                                     -0.31      19.49
  data required time                                                19.49
  --------------------------------------------------------------------------
  data required time                                                19.49
  data arrival time                                                 -5.06
  --------------------------------------------------------------------------
  slack (MET)                                                       14.44


  Startpoint: RdEn (input port clocked by CLKB_DOMAIN)
  Endpoint: U0_RegFile/regArr_reg[9][3]
            (rising edge-triggered flip-flop clocked by CLKB_DOMAIN)
  Path Group: INREG
  Path Type: max

  Point                                                   Incr       Path
  --------------------------------------------------------------------------
  clock CLKB_DOMAIN (rise edge)                           0.00       0.00
  clock network delay (ideal)                             0.00       0.00
  input external delay                                    4.00       4.00 f
  RdEn (in)                                               0.03       4.03 f
  U0_RegFile/RdEn (RegFile)                               0.00       4.03 f
  U0_RegFile/U56/Y (NOR2X2M)                              0.17       4.20 r
  U0_RegFile/U55/Y (NOR2BX2M)                             0.25       4.45 r
  U0_RegFile/U46/Y (NAND2X2M)                             0.11       4.57 f
  U0_RegFile/U28/Y (INVX2M)                               0.12       4.69 r
  U0_RegFile/U22/Y (NAND2X2M)                             0.20       4.88 f
  U0_RegFile/U186/Y (OAI2BB2X1M)                          0.18       5.06 r
  U0_RegFile/regArr_reg[9][3]/D (DFFRQX2M)                0.00       5.06 r
  data arrival time                                                  5.06

  clock CLKB_DOMAIN (rise edge)                          20.00      20.00
  clock network delay (ideal)                             0.00      20.00
  clock uncertainty                                      -0.20      19.80
  U0_RegFile/regArr_reg[9][3]/CK (DFFRQX2M)               0.00      19.80 r
  library setup time                                     -0.31      19.49
  data required time                                                19.49
  --------------------------------------------------------------------------
  data required time                                                19.49
  data arrival time                                                 -5.06
  --------------------------------------------------------------------------
  slack (MET)                                                       14.44


  Startpoint: RdEn (input port clocked by CLKB_DOMAIN)
  Endpoint: U0_RegFile/regArr_reg[9][2]
            (rising edge-triggered flip-flop clocked by CLKB_DOMAIN)
  Path Group: INREG
  Path Type: max

  Point                                                   Incr       Path
  --------------------------------------------------------------------------
  clock CLKB_DOMAIN (rise edge)                           0.00       0.00
  clock network delay (ideal)                             0.00       0.00
  input external delay                                    4.00       4.00 f
  RdEn (in)                                               0.03       4.03 f
  U0_RegFile/RdEn (RegFile)                               0.00       4.03 f
  U0_RegFile/U56/Y (NOR2X2M)                              0.17       4.20 r
  U0_RegFile/U55/Y (NOR2BX2M)                             0.25       4.45 r
  U0_RegFile/U46/Y (NAND2X2M)                             0.11       4.57 f
  U0_RegFile/U28/Y (INVX2M)                               0.12       4.69 r
  U0_RegFile/U22/Y (NAND2X2M)                             0.20       4.88 f
  U0_RegFile/U185/Y (OAI2BB2X1M)                          0.18       5.06 r
  U0_RegFile/regArr_reg[9][2]/D (DFFRQX2M)                0.00       5.06 r
  data arrival time                                                  5.06

  clock CLKB_DOMAIN (rise edge)                          20.00      20.00
  clock network delay (ideal)                             0.00      20.00
  clock uncertainty                                      -0.20      19.80
  U0_RegFile/regArr_reg[9][2]/CK (DFFRQX2M)               0.00      19.80 r
  library setup time                                     -0.31      19.49
  data required time                                                19.49
  --------------------------------------------------------------------------
  data required time                                                19.49
  data arrival time                                                 -5.06
  --------------------------------------------------------------------------
  slack (MET)                                                       14.44


  Startpoint: RdEn (input port clocked by CLKB_DOMAIN)
  Endpoint: U0_RegFile/regArr_reg[9][1]
            (rising edge-triggered flip-flop clocked by CLKB_DOMAIN)
  Path Group: INREG
  Path Type: max

  Point                                                   Incr       Path
  --------------------------------------------------------------------------
  clock CLKB_DOMAIN (rise edge)                           0.00       0.00
  clock network delay (ideal)                             0.00       0.00
  input external delay                                    4.00       4.00 f
  RdEn (in)                                               0.03       4.03 f
  U0_RegFile/RdEn (RegFile)                               0.00       4.03 f
  U0_RegFile/U56/Y (NOR2X2M)                              0.17       4.20 r
  U0_RegFile/U55/Y (NOR2BX2M)                             0.25       4.45 r
  U0_RegFile/U46/Y (NAND2X2M)                             0.11       4.57 f
  U0_RegFile/U28/Y (INVX2M)                               0.12       4.69 r
  U0_RegFile/U22/Y (NAND2X2M)                             0.20       4.88 f
  U0_RegFile/U184/Y (OAI2BB2X1M)                          0.18       5.06 r
  U0_RegFile/regArr_reg[9][1]/D (DFFRQX2M)                0.00       5.06 r
  data arrival time                                                  5.06

  clock CLKB_DOMAIN (rise edge)                          20.00      20.00
  clock network delay (ideal)                             0.00      20.00
  clock uncertainty                                      -0.20      19.80
  U0_RegFile/regArr_reg[9][1]/CK (DFFRQX2M)               0.00      19.80 r
  library setup time                                     -0.31      19.49
  data required time                                                19.49
  --------------------------------------------------------------------------
  data required time                                                19.49
  data arrival time                                                 -5.06
  --------------------------------------------------------------------------
  slack (MET)                                                       14.44


  Startpoint: RdEn (input port clocked by CLKB_DOMAIN)
  Endpoint: U0_RegFile/regArr_reg[9][0]
            (rising edge-triggered flip-flop clocked by CLKB_DOMAIN)
  Path Group: INREG
  Path Type: max

  Point                                                   Incr       Path
  --------------------------------------------------------------------------
  clock CLKB_DOMAIN (rise edge)                           0.00       0.00
  clock network delay (ideal)                             0.00       0.00
  input external delay                                    4.00       4.00 f
  RdEn (in)                                               0.03       4.03 f
  U0_RegFile/RdEn (RegFile)                               0.00       4.03 f
  U0_RegFile/U56/Y (NOR2X2M)                              0.17       4.20 r
  U0_RegFile/U55/Y (NOR2BX2M)                             0.25       4.45 r
  U0_RegFile/U46/Y (NAND2X2M)                             0.11       4.57 f
  U0_RegFile/U28/Y (INVX2M)                               0.12       4.69 r
  U0_RegFile/U22/Y (NAND2X2M)                             0.20       4.88 f
  U0_RegFile/U183/Y (OAI2BB2X1M)                          0.18       5.06 r
  U0_RegFile/regArr_reg[9][0]/D (DFFRQX2M)                0.00       5.06 r
  data arrival time                                                  5.06

  clock CLKB_DOMAIN (rise edge)                          20.00      20.00
  clock network delay (ideal)                             0.00      20.00
  clock uncertainty                                      -0.20      19.80
  U0_RegFile/regArr_reg[9][0]/CK (DFFRQX2M)               0.00      19.80 r
  library setup time                                     -0.31      19.49
  data required time                                                19.49
  --------------------------------------------------------------------------
  data required time                                                19.49
  data arrival time                                                 -5.06
  --------------------------------------------------------------------------
  slack (MET)                                                       14.44


  Startpoint: RdEn (input port clocked by CLKB_DOMAIN)
  Endpoint: U0_RegFile/WR_ADDR_reg[3]
            (rising edge-triggered flip-flop clocked by CLKB_DOMAIN)
  Path Group: INREG
  Path Type: max

  Point                                                   Incr       Path
  --------------------------------------------------------------------------
  clock CLKB_DOMAIN (rise edge)                           0.00       0.00
  clock network delay (ideal)                             0.00       0.00
  input external delay                                    4.00       4.00 f
  RdEn (in)                                               0.03       4.03 f
  U0_RegFile/RdEn (RegFile)                               0.00       4.03 f
  U0_RegFile/U56/Y (NOR2X2M)                              0.17       4.20 r
  U0_RegFile/U55/Y (NOR2BX2M)                             0.25       4.45 r
  U0_RegFile/U191/Y (NAND2X2M)                            0.10       4.56 f
  U0_RegFile/U44/Y (INVX2M)                               0.13       4.69 r
  U0_RegFile/U32/Y (NAND2X2M)                             0.22       4.91 f
  U0_RegFile/U42/Y (OAI211X2M)                            0.13       5.04 r
  U0_RegFile/WR_ADDR_reg[3]/D (DFFRQX2M)                  0.00       5.04 r
  data arrival time                                                  5.04

  clock CLKB_DOMAIN (rise edge)                          20.00      20.00
  clock network delay (ideal)                             0.00      20.00
  clock uncertainty                                      -0.20      19.80
  U0_RegFile/WR_ADDR_reg[3]/CK (DFFRQX2M)                 0.00      19.80 r
  library setup time                                     -0.31      19.49
  data required time                                                19.49
  --------------------------------------------------------------------------
  data required time                                                19.49
  data arrival time                                                 -5.04
  --------------------------------------------------------------------------
  slack (MET)                                                       14.45


  Startpoint: RdEn (input port clocked by CLKB_DOMAIN)
  Endpoint: U0_RegFile/regArr_reg[2][7]
            (rising edge-triggered flip-flop clocked by CLKB_DOMAIN)
  Path Group: INREG
  Path Type: max

  Point                                                   Incr       Path
  --------------------------------------------------------------------------
  clock CLKB_DOMAIN (rise edge)                           0.00       0.00
  clock network delay (ideal)                             0.00       0.00
  input external delay                                    4.00       4.00 f
  RdEn (in)                                               0.03       4.03 f
  U0_RegFile/RdEn (RegFile)                               0.00       4.03 f
  U0_RegFile/U56/Y (NOR2X2M)                              0.17       4.20 r
  U0_RegFile/U62/Y (NAND2X2M)                             0.13       4.33 f
  U0_RegFile/U31/Y (NOR2X2M)                              0.23       4.56 r
  U0_RegFile/U34/Y (NAND2X2M)                             0.24       4.80 f
  U0_RegFile/U86/Y (OAI2BB2X1M)                           0.18       4.98 r
  U0_RegFile/regArr_reg[2][7]/D (DFFRQX2M)                0.00       4.98 r
  data arrival time                                                  4.98

  clock CLKB_DOMAIN (rise edge)                          20.00      20.00
  clock network delay (ideal)                             0.00      20.00
  clock uncertainty                                      -0.20      19.80
  U0_RegFile/regArr_reg[2][7]/CK (DFFRQX2M)               0.00      19.80 r
  library setup time                                     -0.31      19.49
  data required time                                                19.49
  --------------------------------------------------------------------------
  data required time                                                19.49
  data arrival time                                                 -4.98
  --------------------------------------------------------------------------
  slack (MET)                                                       14.52


  Startpoint: RdEn (input port clocked by CLKB_DOMAIN)
  Endpoint: U0_RegFile/regArr_reg[2][6]
            (rising edge-triggered flip-flop clocked by CLKB_DOMAIN)
  Path Group: INREG
  Path Type: max

  Point                                                   Incr       Path
  --------------------------------------------------------------------------
  clock CLKB_DOMAIN (rise edge)                           0.00       0.00
  clock network delay (ideal)                             0.00       0.00
  input external delay                                    4.00       4.00 f
  RdEn (in)                                               0.03       4.03 f
  U0_RegFile/RdEn (RegFile)                               0.00       4.03 f
  U0_RegFile/U56/Y (NOR2X2M)                              0.17       4.20 r
  U0_RegFile/U62/Y (NAND2X2M)                             0.13       4.33 f
  U0_RegFile/U31/Y (NOR2X2M)                              0.23       4.56 r
  U0_RegFile/U34/Y (NAND2X2M)                             0.24       4.80 f
  U0_RegFile/U85/Y (OAI2BB2X1M)                           0.18       4.98 r
  U0_RegFile/regArr_reg[2][6]/D (DFFRQX2M)                0.00       4.98 r
  data arrival time                                                  4.98

  clock CLKB_DOMAIN (rise edge)                          20.00      20.00
  clock network delay (ideal)                             0.00      20.00
  clock uncertainty                                      -0.20      19.80
  U0_RegFile/regArr_reg[2][6]/CK (DFFRQX2M)               0.00      19.80 r
  library setup time                                     -0.31      19.49
  data required time                                                19.49
  --------------------------------------------------------------------------
  data required time                                                19.49
  data arrival time                                                 -4.98
  --------------------------------------------------------------------------
  slack (MET)                                                       14.52


  Startpoint: RdEn (input port clocked by CLKB_DOMAIN)
  Endpoint: U0_RegFile/regArr_reg[2][5]
            (rising edge-triggered flip-flop clocked by CLKB_DOMAIN)
  Path Group: INREG
  Path Type: max

  Point                                                   Incr       Path
  --------------------------------------------------------------------------
  clock CLKB_DOMAIN (rise edge)                           0.00       0.00
  clock network delay (ideal)                             0.00       0.00
  input external delay                                    4.00       4.00 f
  RdEn (in)                                               0.03       4.03 f
  U0_RegFile/RdEn (RegFile)                               0.00       4.03 f
  U0_RegFile/U56/Y (NOR2X2M)                              0.17       4.20 r
  U0_RegFile/U62/Y (NAND2X2M)                             0.13       4.33 f
  U0_RegFile/U31/Y (NOR2X2M)                              0.23       4.56 r
  U0_RegFile/U34/Y (NAND2X2M)                             0.24       4.80 f
  U0_RegFile/U84/Y (OAI2BB2X1M)                           0.18       4.98 r
  U0_RegFile/regArr_reg[2][5]/D (DFFRQX2M)                0.00       4.98 r
  data arrival time                                                  4.98

  clock CLKB_DOMAIN (rise edge)                          20.00      20.00
  clock network delay (ideal)                             0.00      20.00
  clock uncertainty                                      -0.20      19.80
  U0_RegFile/regArr_reg[2][5]/CK (DFFRQX2M)               0.00      19.80 r
  library setup time                                     -0.31      19.49
  data required time                                                19.49
  --------------------------------------------------------------------------
  data required time                                                19.49
  data arrival time                                                 -4.98
  --------------------------------------------------------------------------
  slack (MET)                                                       14.52


  Startpoint: RdEn (input port clocked by CLKB_DOMAIN)
  Endpoint: U0_RegFile/regArr_reg[2][4]
            (rising edge-triggered flip-flop clocked by CLKB_DOMAIN)
  Path Group: INREG
  Path Type: max

  Point                                                   Incr       Path
  --------------------------------------------------------------------------
  clock CLKB_DOMAIN (rise edge)                           0.00       0.00
  clock network delay (ideal)                             0.00       0.00
  input external delay                                    4.00       4.00 f
  RdEn (in)                                               0.03       4.03 f
  U0_RegFile/RdEn (RegFile)                               0.00       4.03 f
  U0_RegFile/U56/Y (NOR2X2M)                              0.17       4.20 r
  U0_RegFile/U62/Y (NAND2X2M)                             0.13       4.33 f
  U0_RegFile/U31/Y (NOR2X2M)                              0.23       4.56 r
  U0_RegFile/U34/Y (NAND2X2M)                             0.24       4.80 f
  U0_RegFile/U83/Y (OAI2BB2X1M)                           0.18       4.98 r
  U0_RegFile/regArr_reg[2][4]/D (DFFRQX2M)                0.00       4.98 r
  data arrival time                                                  4.98

  clock CLKB_DOMAIN (rise edge)                          20.00      20.00
  clock network delay (ideal)                             0.00      20.00
  clock uncertainty                                      -0.20      19.80
  U0_RegFile/regArr_reg[2][4]/CK (DFFRQX2M)               0.00      19.80 r
  library setup time                                     -0.31      19.49
  data required time                                                19.49
  --------------------------------------------------------------------------
  data required time                                                19.49
  data arrival time                                                 -4.98
  --------------------------------------------------------------------------
  slack (MET)                                                       14.52


  Startpoint: RdEn (input port clocked by CLKB_DOMAIN)
  Endpoint: U0_RegFile/regArr_reg[2][3]
            (rising edge-triggered flip-flop clocked by CLKB_DOMAIN)
  Path Group: INREG
  Path Type: max

  Point                                                   Incr       Path
  --------------------------------------------------------------------------
  clock CLKB_DOMAIN (rise edge)                           0.00       0.00
  clock network delay (ideal)                             0.00       0.00
  input external delay                                    4.00       4.00 f
  RdEn (in)                                               0.03       4.03 f
  U0_RegFile/RdEn (RegFile)                               0.00       4.03 f
  U0_RegFile/U56/Y (NOR2X2M)                              0.17       4.20 r
  U0_RegFile/U62/Y (NAND2X2M)                             0.13       4.33 f
  U0_RegFile/U31/Y (NOR2X2M)                              0.23       4.56 r
  U0_RegFile/U34/Y (NAND2X2M)                             0.24       4.80 f
  U0_RegFile/U82/Y (OAI2BB2X1M)                           0.18       4.98 r
  U0_RegFile/regArr_reg[2][3]/D (DFFRQX2M)                0.00       4.98 r
  data arrival time                                                  4.98

  clock CLKB_DOMAIN (rise edge)                          20.00      20.00
  clock network delay (ideal)                             0.00      20.00
  clock uncertainty                                      -0.20      19.80
  U0_RegFile/regArr_reg[2][3]/CK (DFFRQX2M)               0.00      19.80 r
  library setup time                                     -0.31      19.49
  data required time                                                19.49
  --------------------------------------------------------------------------
  data required time                                                19.49
  data arrival time                                                 -4.98
  --------------------------------------------------------------------------
  slack (MET)                                                       14.52


  Startpoint: RdEn (input port clocked by CLKB_DOMAIN)
  Endpoint: U0_RegFile/regArr_reg[2][2]
            (rising edge-triggered flip-flop clocked by CLKB_DOMAIN)
  Path Group: INREG
  Path Type: max

  Point                                                   Incr       Path
  --------------------------------------------------------------------------
  clock CLKB_DOMAIN (rise edge)                           0.00       0.00
  clock network delay (ideal)                             0.00       0.00
  input external delay                                    4.00       4.00 f
  RdEn (in)                                               0.03       4.03 f
  U0_RegFile/RdEn (RegFile)                               0.00       4.03 f
  U0_RegFile/U56/Y (NOR2X2M)                              0.17       4.20 r
  U0_RegFile/U62/Y (NAND2X2M)                             0.13       4.33 f
  U0_RegFile/U31/Y (NOR2X2M)                              0.23       4.56 r
  U0_RegFile/U34/Y (NAND2X2M)                             0.24       4.80 f
  U0_RegFile/U81/Y (OAI2BB2X1M)                           0.18       4.98 r
  U0_RegFile/regArr_reg[2][2]/D (DFFRQX2M)                0.00       4.98 r
  data arrival time                                                  4.98

  clock CLKB_DOMAIN (rise edge)                          20.00      20.00
  clock network delay (ideal)                             0.00      20.00
  clock uncertainty                                      -0.20      19.80
  U0_RegFile/regArr_reg[2][2]/CK (DFFRQX2M)               0.00      19.80 r
  library setup time                                     -0.31      19.49
  data required time                                                19.49
  --------------------------------------------------------------------------
  data required time                                                19.49
  data arrival time                                                 -4.98
  --------------------------------------------------------------------------
  slack (MET)                                                       14.52


  Startpoint: RdEn (input port clocked by CLKB_DOMAIN)
  Endpoint: U0_RegFile/regArr_reg[2][1]
            (rising edge-triggered flip-flop clocked by CLKB_DOMAIN)
  Path Group: INREG
  Path Type: max

  Point                                                   Incr       Path
  --------------------------------------------------------------------------
  clock CLKB_DOMAIN (rise edge)                           0.00       0.00
  clock network delay (ideal)                             0.00       0.00
  input external delay                                    4.00       4.00 f
  RdEn (in)                                               0.03       4.03 f
  U0_RegFile/RdEn (RegFile)                               0.00       4.03 f
  U0_RegFile/U56/Y (NOR2X2M)                              0.17       4.20 r
  U0_RegFile/U62/Y (NAND2X2M)                             0.13       4.33 f
  U0_RegFile/U31/Y (NOR2X2M)                              0.23       4.56 r
  U0_RegFile/U34/Y (NAND2X2M)                             0.24       4.80 f
  U0_RegFile/U80/Y (OAI2BB2X1M)                           0.18       4.98 r
  U0_RegFile/regArr_reg[2][1]/D (DFFRQX2M)                0.00       4.98 r
  data arrival time                                                  4.98

  clock CLKB_DOMAIN (rise edge)                          20.00      20.00
  clock network delay (ideal)                             0.00      20.00
  clock uncertainty                                      -0.20      19.80
  U0_RegFile/regArr_reg[2][1]/CK (DFFRQX2M)               0.00      19.80 r
  library setup time                                     -0.31      19.49
  data required time                                                19.49
  --------------------------------------------------------------------------
  data required time                                                19.49
  data arrival time                                                 -4.98
  --------------------------------------------------------------------------
  slack (MET)                                                       14.52


  Startpoint: RdEn (input port clocked by CLKB_DOMAIN)
  Endpoint: U0_RegFile/regArr_reg[2][0]
            (rising edge-triggered flip-flop clocked by CLKB_DOMAIN)
  Path Group: INREG
  Path Type: max

  Point                                                   Incr       Path
  --------------------------------------------------------------------------
  clock CLKB_DOMAIN (rise edge)                           0.00       0.00
  clock network delay (ideal)                             0.00       0.00
  input external delay                                    4.00       4.00 f
  RdEn (in)                                               0.03       4.03 f
  U0_RegFile/RdEn (RegFile)                               0.00       4.03 f
  U0_RegFile/U56/Y (NOR2X2M)                              0.17       4.20 r
  U0_RegFile/U62/Y (NAND2X2M)                             0.13       4.33 f
  U0_RegFile/U31/Y (NOR2X2M)                              0.23       4.56 r
  U0_RegFile/U34/Y (NAND2X2M)                             0.24       4.80 f
  U0_RegFile/U79/Y (OAI2BB2X1M)                           0.18       4.98 r
  U0_RegFile/regArr_reg[2][0]/D (DFFRQX2M)                0.00       4.98 r
  data arrival time                                                  4.98

  clock CLKB_DOMAIN (rise edge)                          20.00      20.00
  clock network delay (ideal)                             0.00      20.00
  clock uncertainty                                      -0.20      19.80
  U0_RegFile/regArr_reg[2][0]/CK (DFFRQX2M)               0.00      19.80 r
  library setup time                                     -0.31      19.49
  data required time                                                19.49
  --------------------------------------------------------------------------
  data required time                                                19.49
  data arrival time                                                 -4.98
  --------------------------------------------------------------------------
  slack (MET)                                                       14.52


  Startpoint: RdEn (input port clocked by CLKB_DOMAIN)
  Endpoint: U0_RegFile/regArr_reg[14][7]
            (rising edge-triggered flip-flop clocked by CLKB_DOMAIN)
  Path Group: INREG
  Path Type: max

  Point                                                   Incr       Path
  --------------------------------------------------------------------------
  clock CLKB_DOMAIN (rise edge)                           0.00       0.00
  clock network delay (ideal)                             0.00       0.00
  input external delay                                    4.00       4.00 f
  RdEn (in)                                               0.03       4.03 f
  U0_RegFile/RdEn (RegFile)                               0.00       4.03 f
  U0_RegFile/U56/Y (NOR2X2M)                              0.17       4.20 r
  U0_RegFile/U62/Y (NAND2X2M)                             0.13       4.33 f
  U0_RegFile/U31/Y (NOR2X2M)                              0.23       4.56 r
  U0_RegFile/U27/Y (NAND2X2M)                             0.23       4.79 f
  U0_RegFile/U134/Y (OAI2BB2X1M)                          0.18       4.97 r
  U0_RegFile/regArr_reg[14][7]/D (DFFRQX2M)               0.00       4.97 r
  data arrival time                                                  4.97

  clock CLKB_DOMAIN (rise edge)                          20.00      20.00
  clock network delay (ideal)                             0.00      20.00
  clock uncertainty                                      -0.20      19.80
  U0_RegFile/regArr_reg[14][7]/CK (DFFRQX2M)              0.00      19.80 r
  library setup time                                     -0.31      19.49
  data required time                                                19.49
  --------------------------------------------------------------------------
  data required time                                                19.49
  data arrival time                                                 -4.97
  --------------------------------------------------------------------------
  slack (MET)                                                       14.52


  Startpoint: RdEn (input port clocked by CLKB_DOMAIN)
  Endpoint: U0_RegFile/regArr_reg[14][6]
            (rising edge-triggered flip-flop clocked by CLKB_DOMAIN)
  Path Group: INREG
  Path Type: max

  Point                                                   Incr       Path
  --------------------------------------------------------------------------
  clock CLKB_DOMAIN (rise edge)                           0.00       0.00
  clock network delay (ideal)                             0.00       0.00
  input external delay                                    4.00       4.00 f
  RdEn (in)                                               0.03       4.03 f
  U0_RegFile/RdEn (RegFile)                               0.00       4.03 f
  U0_RegFile/U56/Y (NOR2X2M)                              0.17       4.20 r
  U0_RegFile/U62/Y (NAND2X2M)                             0.13       4.33 f
  U0_RegFile/U31/Y (NOR2X2M)                              0.23       4.56 r
  U0_RegFile/U27/Y (NAND2X2M)                             0.23       4.79 f
  U0_RegFile/U133/Y (OAI2BB2X1M)                          0.18       4.97 r
  U0_RegFile/regArr_reg[14][6]/D (DFFRQX2M)               0.00       4.97 r
  data arrival time                                                  4.97

  clock CLKB_DOMAIN (rise edge)                          20.00      20.00
  clock network delay (ideal)                             0.00      20.00
  clock uncertainty                                      -0.20      19.80
  U0_RegFile/regArr_reg[14][6]/CK (DFFRQX2M)              0.00      19.80 r
  library setup time                                     -0.31      19.49
  data required time                                                19.49
  --------------------------------------------------------------------------
  data required time                                                19.49
  data arrival time                                                 -4.97
  --------------------------------------------------------------------------
  slack (MET)                                                       14.52


  Startpoint: RdEn (input port clocked by CLKB_DOMAIN)
  Endpoint: U0_RegFile/regArr_reg[14][5]
            (rising edge-triggered flip-flop clocked by CLKB_DOMAIN)
  Path Group: INREG
  Path Type: max

  Point                                                   Incr       Path
  --------------------------------------------------------------------------
  clock CLKB_DOMAIN (rise edge)                           0.00       0.00
  clock network delay (ideal)                             0.00       0.00
  input external delay                                    4.00       4.00 f
  RdEn (in)                                               0.03       4.03 f
  U0_RegFile/RdEn (RegFile)                               0.00       4.03 f
  U0_RegFile/U56/Y (NOR2X2M)                              0.17       4.20 r
  U0_RegFile/U62/Y (NAND2X2M)                             0.13       4.33 f
  U0_RegFile/U31/Y (NOR2X2M)                              0.23       4.56 r
  U0_RegFile/U27/Y (NAND2X2M)                             0.23       4.79 f
  U0_RegFile/U132/Y (OAI2BB2X1M)                          0.18       4.97 r
  U0_RegFile/regArr_reg[14][5]/D (DFFRQX2M)               0.00       4.97 r
  data arrival time                                                  4.97

  clock CLKB_DOMAIN (rise edge)                          20.00      20.00
  clock network delay (ideal)                             0.00      20.00
  clock uncertainty                                      -0.20      19.80
  U0_RegFile/regArr_reg[14][5]/CK (DFFRQX2M)              0.00      19.80 r
  library setup time                                     -0.31      19.49
  data required time                                                19.49
  --------------------------------------------------------------------------
  data required time                                                19.49
  data arrival time                                                 -4.97
  --------------------------------------------------------------------------
  slack (MET)                                                       14.52


  Startpoint: RdEn (input port clocked by CLKB_DOMAIN)
  Endpoint: U0_RegFile/regArr_reg[14][4]
            (rising edge-triggered flip-flop clocked by CLKB_DOMAIN)
  Path Group: INREG
  Path Type: max

  Point                                                   Incr       Path
  --------------------------------------------------------------------------
  clock CLKB_DOMAIN (rise edge)                           0.00       0.00
  clock network delay (ideal)                             0.00       0.00
  input external delay                                    4.00       4.00 f
  RdEn (in)                                               0.03       4.03 f
  U0_RegFile/RdEn (RegFile)                               0.00       4.03 f
  U0_RegFile/U56/Y (NOR2X2M)                              0.17       4.20 r
  U0_RegFile/U62/Y (NAND2X2M)                             0.13       4.33 f
  U0_RegFile/U31/Y (NOR2X2M)                              0.23       4.56 r
  U0_RegFile/U27/Y (NAND2X2M)                             0.23       4.79 f
  U0_RegFile/U131/Y (OAI2BB2X1M)                          0.18       4.97 r
  U0_RegFile/regArr_reg[14][4]/D (DFFRQX2M)               0.00       4.97 r
  data arrival time                                                  4.97

  clock CLKB_DOMAIN (rise edge)                          20.00      20.00
  clock network delay (ideal)                             0.00      20.00
  clock uncertainty                                      -0.20      19.80
  U0_RegFile/regArr_reg[14][4]/CK (DFFRQX2M)              0.00      19.80 r
  library setup time                                     -0.31      19.49
  data required time                                                19.49
  --------------------------------------------------------------------------
  data required time                                                19.49
  data arrival time                                                 -4.97
  --------------------------------------------------------------------------
  slack (MET)                                                       14.52


  Startpoint: RdEn (input port clocked by CLKB_DOMAIN)
  Endpoint: U0_RegFile/regArr_reg[14][3]
            (rising edge-triggered flip-flop clocked by CLKB_DOMAIN)
  Path Group: INREG
  Path Type: max

  Point                                                   Incr       Path
  --------------------------------------------------------------------------
  clock CLKB_DOMAIN (rise edge)                           0.00       0.00
  clock network delay (ideal)                             0.00       0.00
  input external delay                                    4.00       4.00 f
  RdEn (in)                                               0.03       4.03 f
  U0_RegFile/RdEn (RegFile)                               0.00       4.03 f
  U0_RegFile/U56/Y (NOR2X2M)                              0.17       4.20 r
  U0_RegFile/U62/Y (NAND2X2M)                             0.13       4.33 f
  U0_RegFile/U31/Y (NOR2X2M)                              0.23       4.56 r
  U0_RegFile/U27/Y (NAND2X2M)                             0.23       4.79 f
  U0_RegFile/U130/Y (OAI2BB2X1M)                          0.18       4.97 r
  U0_RegFile/regArr_reg[14][3]/D (DFFRQX2M)               0.00       4.97 r
  data arrival time                                                  4.97

  clock CLKB_DOMAIN (rise edge)                          20.00      20.00
  clock network delay (ideal)                             0.00      20.00
  clock uncertainty                                      -0.20      19.80
  U0_RegFile/regArr_reg[14][3]/CK (DFFRQX2M)              0.00      19.80 r
  library setup time                                     -0.31      19.49
  data required time                                                19.49
  --------------------------------------------------------------------------
  data required time                                                19.49
  data arrival time                                                 -4.97
  --------------------------------------------------------------------------
  slack (MET)                                                       14.52


  Startpoint: RdEn (input port clocked by CLKB_DOMAIN)
  Endpoint: U0_RegFile/regArr_reg[14][2]
            (rising edge-triggered flip-flop clocked by CLKB_DOMAIN)
  Path Group: INREG
  Path Type: max

  Point                                                   Incr       Path
  --------------------------------------------------------------------------
  clock CLKB_DOMAIN (rise edge)                           0.00       0.00
  clock network delay (ideal)                             0.00       0.00
  input external delay                                    4.00       4.00 f
  RdEn (in)                                               0.03       4.03 f
  U0_RegFile/RdEn (RegFile)                               0.00       4.03 f
  U0_RegFile/U56/Y (NOR2X2M)                              0.17       4.20 r
  U0_RegFile/U62/Y (NAND2X2M)                             0.13       4.33 f
  U0_RegFile/U31/Y (NOR2X2M)                              0.23       4.56 r
  U0_RegFile/U27/Y (NAND2X2M)                             0.23       4.79 f
  U0_RegFile/U129/Y (OAI2BB2X1M)                          0.18       4.97 r
  U0_RegFile/regArr_reg[14][2]/D (DFFRQX2M)               0.00       4.97 r
  data arrival time                                                  4.97

  clock CLKB_DOMAIN (rise edge)                          20.00      20.00
  clock network delay (ideal)                             0.00      20.00
  clock uncertainty                                      -0.20      19.80
  U0_RegFile/regArr_reg[14][2]/CK (DFFRQX2M)              0.00      19.80 r
  library setup time                                     -0.31      19.49
  data required time                                                19.49
  --------------------------------------------------------------------------
  data required time                                                19.49
  data arrival time                                                 -4.97
  --------------------------------------------------------------------------
  slack (MET)                                                       14.52


  Startpoint: RdEn (input port clocked by CLKB_DOMAIN)
  Endpoint: U0_RegFile/regArr_reg[14][1]
            (rising edge-triggered flip-flop clocked by CLKB_DOMAIN)
  Path Group: INREG
  Path Type: max

  Point                                                   Incr       Path
  --------------------------------------------------------------------------
  clock CLKB_DOMAIN (rise edge)                           0.00       0.00
  clock network delay (ideal)                             0.00       0.00
  input external delay                                    4.00       4.00 f
  RdEn (in)                                               0.03       4.03 f
  U0_RegFile/RdEn (RegFile)                               0.00       4.03 f
  U0_RegFile/U56/Y (NOR2X2M)                              0.17       4.20 r
  U0_RegFile/U62/Y (NAND2X2M)                             0.13       4.33 f
  U0_RegFile/U31/Y (NOR2X2M)                              0.23       4.56 r
  U0_RegFile/U27/Y (NAND2X2M)                             0.23       4.79 f
  U0_RegFile/U128/Y (OAI2BB2X1M)                          0.18       4.97 r
  U0_RegFile/regArr_reg[14][1]/D (DFFRQX2M)               0.00       4.97 r
  data arrival time                                                  4.97

  clock CLKB_DOMAIN (rise edge)                          20.00      20.00
  clock network delay (ideal)                             0.00      20.00
  clock uncertainty                                      -0.20      19.80
  U0_RegFile/regArr_reg[14][1]/CK (DFFRQX2M)              0.00      19.80 r
  library setup time                                     -0.31      19.49
  data required time                                                19.49
  --------------------------------------------------------------------------
  data required time                                                19.49
  data arrival time                                                 -4.97
  --------------------------------------------------------------------------
  slack (MET)                                                       14.52


  Startpoint: RdEn (input port clocked by CLKB_DOMAIN)
  Endpoint: U0_RegFile/regArr_reg[14][0]
            (rising edge-triggered flip-flop clocked by CLKB_DOMAIN)
  Path Group: INREG
  Path Type: max

  Point                                                   Incr       Path
  --------------------------------------------------------------------------
  clock CLKB_DOMAIN (rise edge)                           0.00       0.00
  clock network delay (ideal)                             0.00       0.00
  input external delay                                    4.00       4.00 f
  RdEn (in)                                               0.03       4.03 f
  U0_RegFile/RdEn (RegFile)                               0.00       4.03 f
  U0_RegFile/U56/Y (NOR2X2M)                              0.17       4.20 r
  U0_RegFile/U62/Y (NAND2X2M)                             0.13       4.33 f
  U0_RegFile/U31/Y (NOR2X2M)                              0.23       4.56 r
  U0_RegFile/U27/Y (NAND2X2M)                             0.23       4.79 f
  U0_RegFile/U127/Y (OAI2BB2X1M)                          0.18       4.97 r
  U0_RegFile/regArr_reg[14][0]/D (DFFRQX2M)               0.00       4.97 r
  data arrival time                                                  4.97

  clock CLKB_DOMAIN (rise edge)                          20.00      20.00
  clock network delay (ideal)                             0.00      20.00
  clock uncertainty                                      -0.20      19.80
  U0_RegFile/regArr_reg[14][0]/CK (DFFRQX2M)              0.00      19.80 r
  library setup time                                     -0.31      19.49
  data required time                                                19.49
  --------------------------------------------------------------------------
  data required time                                                19.49
  data arrival time                                                 -4.97
  --------------------------------------------------------------------------
  slack (MET)                                                       14.52


  Startpoint: RdEn (input port clocked by CLKB_DOMAIN)
  Endpoint: U0_RegFile/regArr_reg[6][7]
            (rising edge-triggered flip-flop clocked by CLKB_DOMAIN)
  Path Group: INREG
  Path Type: max

  Point                                                   Incr       Path
  --------------------------------------------------------------------------
  clock CLKB_DOMAIN (rise edge)                           0.00       0.00
  clock network delay (ideal)                             0.00       0.00
  input external delay                                    4.00       4.00 f
  RdEn (in)                                               0.03       4.03 f
  U0_RegFile/RdEn (RegFile)                               0.00       4.03 f
  U0_RegFile/U56/Y (NOR2X2M)                              0.17       4.20 r
  U0_RegFile/U62/Y (NAND2X2M)                             0.13       4.33 f
  U0_RegFile/U31/Y (NOR2X2M)                              0.23       4.56 r
  U0_RegFile/U40/Y (NAND2X2M)                             0.23       4.79 f
  U0_RegFile/U110/Y (OAI2BB2X1M)                          0.18       4.97 r
  U0_RegFile/regArr_reg[6][7]/D (DFFRQX2M)                0.00       4.97 r
  data arrival time                                                  4.97

  clock CLKB_DOMAIN (rise edge)                          20.00      20.00
  clock network delay (ideal)                             0.00      20.00
  clock uncertainty                                      -0.20      19.80
  U0_RegFile/regArr_reg[6][7]/CK (DFFRQX2M)               0.00      19.80 r
  library setup time                                     -0.31      19.49
  data required time                                                19.49
  --------------------------------------------------------------------------
  data required time                                                19.49
  data arrival time                                                 -4.97
  --------------------------------------------------------------------------
  slack (MET)                                                       14.52


  Startpoint: RdEn (input port clocked by CLKB_DOMAIN)
  Endpoint: U0_RegFile/regArr_reg[6][6]
            (rising edge-triggered flip-flop clocked by CLKB_DOMAIN)
  Path Group: INREG
  Path Type: max

  Point                                                   Incr       Path
  --------------------------------------------------------------------------
  clock CLKB_DOMAIN (rise edge)                           0.00       0.00
  clock network delay (ideal)                             0.00       0.00
  input external delay                                    4.00       4.00 f
  RdEn (in)                                               0.03       4.03 f
  U0_RegFile/RdEn (RegFile)                               0.00       4.03 f
  U0_RegFile/U56/Y (NOR2X2M)                              0.17       4.20 r
  U0_RegFile/U62/Y (NAND2X2M)                             0.13       4.33 f
  U0_RegFile/U31/Y (NOR2X2M)                              0.23       4.56 r
  U0_RegFile/U40/Y (NAND2X2M)                             0.23       4.79 f
  U0_RegFile/U109/Y (OAI2BB2X1M)                          0.18       4.97 r
  U0_RegFile/regArr_reg[6][6]/D (DFFRQX2M)                0.00       4.97 r
  data arrival time                                                  4.97

  clock CLKB_DOMAIN (rise edge)                          20.00      20.00
  clock network delay (ideal)                             0.00      20.00
  clock uncertainty                                      -0.20      19.80
  U0_RegFile/regArr_reg[6][6]/CK (DFFRQX2M)               0.00      19.80 r
  library setup time                                     -0.31      19.49
  data required time                                                19.49
  --------------------------------------------------------------------------
  data required time                                                19.49
  data arrival time                                                 -4.97
  --------------------------------------------------------------------------
  slack (MET)                                                       14.52


  Startpoint: RdEn (input port clocked by CLKB_DOMAIN)
  Endpoint: U0_RegFile/regArr_reg[6][5]
            (rising edge-triggered flip-flop clocked by CLKB_DOMAIN)
  Path Group: INREG
  Path Type: max

  Point                                                   Incr       Path
  --------------------------------------------------------------------------
  clock CLKB_DOMAIN (rise edge)                           0.00       0.00
  clock network delay (ideal)                             0.00       0.00
  input external delay                                    4.00       4.00 f
  RdEn (in)                                               0.03       4.03 f
  U0_RegFile/RdEn (RegFile)                               0.00       4.03 f
  U0_RegFile/U56/Y (NOR2X2M)                              0.17       4.20 r
  U0_RegFile/U62/Y (NAND2X2M)                             0.13       4.33 f
  U0_RegFile/U31/Y (NOR2X2M)                              0.23       4.56 r
  U0_RegFile/U40/Y (NAND2X2M)                             0.23       4.79 f
  U0_RegFile/U108/Y (OAI2BB2X1M)                          0.18       4.97 r
  U0_RegFile/regArr_reg[6][5]/D (DFFRQX2M)                0.00       4.97 r
  data arrival time                                                  4.97

  clock CLKB_DOMAIN (rise edge)                          20.00      20.00
  clock network delay (ideal)                             0.00      20.00
  clock uncertainty                                      -0.20      19.80
  U0_RegFile/regArr_reg[6][5]/CK (DFFRQX2M)               0.00      19.80 r
  library setup time                                     -0.31      19.49
  data required time                                                19.49
  --------------------------------------------------------------------------
  data required time                                                19.49
  data arrival time                                                 -4.97
  --------------------------------------------------------------------------
  slack (MET)                                                       14.52


  Startpoint: RdEn (input port clocked by CLKB_DOMAIN)
  Endpoint: U0_RegFile/regArr_reg[6][4]
            (rising edge-triggered flip-flop clocked by CLKB_DOMAIN)
  Path Group: INREG
  Path Type: max

  Point                                                   Incr       Path
  --------------------------------------------------------------------------
  clock CLKB_DOMAIN (rise edge)                           0.00       0.00
  clock network delay (ideal)                             0.00       0.00
  input external delay                                    4.00       4.00 f
  RdEn (in)                                               0.03       4.03 f
  U0_RegFile/RdEn (RegFile)                               0.00       4.03 f
  U0_RegFile/U56/Y (NOR2X2M)                              0.17       4.20 r
  U0_RegFile/U62/Y (NAND2X2M)                             0.13       4.33 f
  U0_RegFile/U31/Y (NOR2X2M)                              0.23       4.56 r
  U0_RegFile/U40/Y (NAND2X2M)                             0.23       4.79 f
  U0_RegFile/U107/Y (OAI2BB2X1M)                          0.18       4.97 r
  U0_RegFile/regArr_reg[6][4]/D (DFFRQX2M)                0.00       4.97 r
  data arrival time                                                  4.97

  clock CLKB_DOMAIN (rise edge)                          20.00      20.00
  clock network delay (ideal)                             0.00      20.00
  clock uncertainty                                      -0.20      19.80
  U0_RegFile/regArr_reg[6][4]/CK (DFFRQX2M)               0.00      19.80 r
  library setup time                                     -0.31      19.49
  data required time                                                19.49
  --------------------------------------------------------------------------
  data required time                                                19.49
  data arrival time                                                 -4.97
  --------------------------------------------------------------------------
  slack (MET)                                                       14.52


  Startpoint: RdEn (input port clocked by CLKB_DOMAIN)
  Endpoint: U0_RegFile/regArr_reg[6][3]
            (rising edge-triggered flip-flop clocked by CLKB_DOMAIN)
  Path Group: INREG
  Path Type: max

  Point                                                   Incr       Path
  --------------------------------------------------------------------------
  clock CLKB_DOMAIN (rise edge)                           0.00       0.00
  clock network delay (ideal)                             0.00       0.00
  input external delay                                    4.00       4.00 f
  RdEn (in)                                               0.03       4.03 f
  U0_RegFile/RdEn (RegFile)                               0.00       4.03 f
  U0_RegFile/U56/Y (NOR2X2M)                              0.17       4.20 r
  U0_RegFile/U62/Y (NAND2X2M)                             0.13       4.33 f
  U0_RegFile/U31/Y (NOR2X2M)                              0.23       4.56 r
  U0_RegFile/U40/Y (NAND2X2M)                             0.23       4.79 f
  U0_RegFile/U106/Y (OAI2BB2X1M)                          0.18       4.97 r
  U0_RegFile/regArr_reg[6][3]/D (DFFRQX2M)                0.00       4.97 r
  data arrival time                                                  4.97

  clock CLKB_DOMAIN (rise edge)                          20.00      20.00
  clock network delay (ideal)                             0.00      20.00
  clock uncertainty                                      -0.20      19.80
  U0_RegFile/regArr_reg[6][3]/CK (DFFRQX2M)               0.00      19.80 r
  library setup time                                     -0.31      19.49
  data required time                                                19.49
  --------------------------------------------------------------------------
  data required time                                                19.49
  data arrival time                                                 -4.97
  --------------------------------------------------------------------------
  slack (MET)                                                       14.52


  Startpoint: RdEn (input port clocked by CLKB_DOMAIN)
  Endpoint: U0_RegFile/regArr_reg[6][2]
            (rising edge-triggered flip-flop clocked by CLKB_DOMAIN)
  Path Group: INREG
  Path Type: max

  Point                                                   Incr       Path
  --------------------------------------------------------------------------
  clock CLKB_DOMAIN (rise edge)                           0.00       0.00
  clock network delay (ideal)                             0.00       0.00
  input external delay                                    4.00       4.00 f
  RdEn (in)                                               0.03       4.03 f
  U0_RegFile/RdEn (RegFile)                               0.00       4.03 f
  U0_RegFile/U56/Y (NOR2X2M)                              0.17       4.20 r
  U0_RegFile/U62/Y (NAND2X2M)                             0.13       4.33 f
  U0_RegFile/U31/Y (NOR2X2M)                              0.23       4.56 r
  U0_RegFile/U40/Y (NAND2X2M)                             0.23       4.79 f
  U0_RegFile/U105/Y (OAI2BB2X1M)                          0.18       4.97 r
  U0_RegFile/regArr_reg[6][2]/D (DFFRQX2M)                0.00       4.97 r
  data arrival time                                                  4.97

  clock CLKB_DOMAIN (rise edge)                          20.00      20.00
  clock network delay (ideal)                             0.00      20.00
  clock uncertainty                                      -0.20      19.80
  U0_RegFile/regArr_reg[6][2]/CK (DFFRQX2M)               0.00      19.80 r
  library setup time                                     -0.31      19.49
  data required time                                                19.49
  --------------------------------------------------------------------------
  data required time                                                19.49
  data arrival time                                                 -4.97
  --------------------------------------------------------------------------
  slack (MET)                                                       14.52


  Startpoint: RdEn (input port clocked by CLKB_DOMAIN)
  Endpoint: U0_RegFile/regArr_reg[6][1]
            (rising edge-triggered flip-flop clocked by CLKB_DOMAIN)
  Path Group: INREG
  Path Type: max

  Point                                                   Incr       Path
  --------------------------------------------------------------------------
  clock CLKB_DOMAIN (rise edge)                           0.00       0.00
  clock network delay (ideal)                             0.00       0.00
  input external delay                                    4.00       4.00 f
  RdEn (in)                                               0.03       4.03 f
  U0_RegFile/RdEn (RegFile)                               0.00       4.03 f
  U0_RegFile/U56/Y (NOR2X2M)                              0.17       4.20 r
  U0_RegFile/U62/Y (NAND2X2M)                             0.13       4.33 f
  U0_RegFile/U31/Y (NOR2X2M)                              0.23       4.56 r
  U0_RegFile/U40/Y (NAND2X2M)                             0.23       4.79 f
  U0_RegFile/U104/Y (OAI2BB2X1M)                          0.18       4.97 r
  U0_RegFile/regArr_reg[6][1]/D (DFFRQX2M)                0.00       4.97 r
  data arrival time                                                  4.97

  clock CLKB_DOMAIN (rise edge)                          20.00      20.00
  clock network delay (ideal)                             0.00      20.00
  clock uncertainty                                      -0.20      19.80
  U0_RegFile/regArr_reg[6][1]/CK (DFFRQX2M)               0.00      19.80 r
  library setup time                                     -0.31      19.49
  data required time                                                19.49
  --------------------------------------------------------------------------
  data required time                                                19.49
  data arrival time                                                 -4.97
  --------------------------------------------------------------------------
  slack (MET)                                                       14.52


  Startpoint: RdEn (input port clocked by CLKB_DOMAIN)
  Endpoint: U0_RegFile/regArr_reg[6][0]
            (rising edge-triggered flip-flop clocked by CLKB_DOMAIN)
  Path Group: INREG
  Path Type: max

  Point                                                   Incr       Path
  --------------------------------------------------------------------------
  clock CLKB_DOMAIN (rise edge)                           0.00       0.00
  clock network delay (ideal)                             0.00       0.00
  input external delay                                    4.00       4.00 f
  RdEn (in)                                               0.03       4.03 f
  U0_RegFile/RdEn (RegFile)                               0.00       4.03 f
  U0_RegFile/U56/Y (NOR2X2M)                              0.17       4.20 r
  U0_RegFile/U62/Y (NAND2X2M)                             0.13       4.33 f
  U0_RegFile/U31/Y (NOR2X2M)                              0.23       4.56 r
  U0_RegFile/U40/Y (NAND2X2M)                             0.23       4.79 f
  U0_RegFile/U103/Y (OAI2BB2X1M)                          0.18       4.97 r
  U0_RegFile/regArr_reg[6][0]/D (DFFRQX2M)                0.00       4.97 r
  data arrival time                                                  4.97

  clock CLKB_DOMAIN (rise edge)                          20.00      20.00
  clock network delay (ideal)                             0.00      20.00
  clock uncertainty                                      -0.20      19.80
  U0_RegFile/regArr_reg[6][0]/CK (DFFRQX2M)               0.00      19.80 r
  library setup time                                     -0.31      19.49
  data required time                                                19.49
  --------------------------------------------------------------------------
  data required time                                                19.49
  data arrival time                                                 -4.97
  --------------------------------------------------------------------------
  slack (MET)                                                       14.52


  Startpoint: RdEn (input port clocked by CLKB_DOMAIN)
  Endpoint: U0_RegFile/regArr_reg[10][7]
            (rising edge-triggered flip-flop clocked by CLKB_DOMAIN)
  Path Group: INREG
  Path Type: max

  Point                                                   Incr       Path
  --------------------------------------------------------------------------
  clock CLKB_DOMAIN (rise edge)                           0.00       0.00
  clock network delay (ideal)                             0.00       0.00
  input external delay                                    4.00       4.00 f
  RdEn (in)                                               0.03       4.03 f
  U0_RegFile/RdEn (RegFile)                               0.00       4.03 f
  U0_RegFile/U56/Y (NOR2X2M)                              0.17       4.20 r
  U0_RegFile/U62/Y (NAND2X2M)                             0.13       4.33 f
  U0_RegFile/U31/Y (NOR2X2M)                              0.23       4.56 r
  U0_RegFile/U26/Y (NAND2X2M)                             0.23       4.79 f
  U0_RegFile/U174/Y (OAI2BB2X1M)                          0.18       4.97 r
  U0_RegFile/regArr_reg[10][7]/D (DFFRQX2M)               0.00       4.97 r
  data arrival time                                                  4.97

  clock CLKB_DOMAIN (rise edge)                          20.00      20.00
  clock network delay (ideal)                             0.00      20.00
  clock uncertainty                                      -0.20      19.80
  U0_RegFile/regArr_reg[10][7]/CK (DFFRQX2M)              0.00      19.80 r
  library setup time                                     -0.31      19.49
  data required time                                                19.49
  --------------------------------------------------------------------------
  data required time                                                19.49
  data arrival time                                                 -4.97
  --------------------------------------------------------------------------
  slack (MET)                                                       14.52


  Startpoint: RdEn (input port clocked by CLKB_DOMAIN)
  Endpoint: U0_RegFile/regArr_reg[10][6]
            (rising edge-triggered flip-flop clocked by CLKB_DOMAIN)
  Path Group: INREG
  Path Type: max

  Point                                                   Incr       Path
  --------------------------------------------------------------------------
  clock CLKB_DOMAIN (rise edge)                           0.00       0.00
  clock network delay (ideal)                             0.00       0.00
  input external delay                                    4.00       4.00 f
  RdEn (in)                                               0.03       4.03 f
  U0_RegFile/RdEn (RegFile)                               0.00       4.03 f
  U0_RegFile/U56/Y (NOR2X2M)                              0.17       4.20 r
  U0_RegFile/U62/Y (NAND2X2M)                             0.13       4.33 f
  U0_RegFile/U31/Y (NOR2X2M)                              0.23       4.56 r
  U0_RegFile/U26/Y (NAND2X2M)                             0.23       4.79 f
  U0_RegFile/U173/Y (OAI2BB2X1M)                          0.18       4.97 r
  U0_RegFile/regArr_reg[10][6]/D (DFFRQX2M)               0.00       4.97 r
  data arrival time                                                  4.97

  clock CLKB_DOMAIN (rise edge)                          20.00      20.00
  clock network delay (ideal)                             0.00      20.00
  clock uncertainty                                      -0.20      19.80
  U0_RegFile/regArr_reg[10][6]/CK (DFFRQX2M)              0.00      19.80 r
  library setup time                                     -0.31      19.49
  data required time                                                19.49
  --------------------------------------------------------------------------
  data required time                                                19.49
  data arrival time                                                 -4.97
  --------------------------------------------------------------------------
  slack (MET)                                                       14.52


  Startpoint: RdEn (input port clocked by CLKB_DOMAIN)
  Endpoint: U0_RegFile/regArr_reg[10][5]
            (rising edge-triggered flip-flop clocked by CLKB_DOMAIN)
  Path Group: INREG
  Path Type: max

  Point                                                   Incr       Path
  --------------------------------------------------------------------------
  clock CLKB_DOMAIN (rise edge)                           0.00       0.00
  clock network delay (ideal)                             0.00       0.00
  input external delay                                    4.00       4.00 f
  RdEn (in)                                               0.03       4.03 f
  U0_RegFile/RdEn (RegFile)                               0.00       4.03 f
  U0_RegFile/U56/Y (NOR2X2M)                              0.17       4.20 r
  U0_RegFile/U62/Y (NAND2X2M)                             0.13       4.33 f
  U0_RegFile/U31/Y (NOR2X2M)                              0.23       4.56 r
  U0_RegFile/U26/Y (NAND2X2M)                             0.23       4.79 f
  U0_RegFile/U172/Y (OAI2BB2X1M)                          0.18       4.97 r
  U0_RegFile/regArr_reg[10][5]/D (DFFRQX2M)               0.00       4.97 r
  data arrival time                                                  4.97

  clock CLKB_DOMAIN (rise edge)                          20.00      20.00
  clock network delay (ideal)                             0.00      20.00
  clock uncertainty                                      -0.20      19.80
  U0_RegFile/regArr_reg[10][5]/CK (DFFRQX2M)              0.00      19.80 r
  library setup time                                     -0.31      19.49
  data required time                                                19.49
  --------------------------------------------------------------------------
  data required time                                                19.49
  data arrival time                                                 -4.97
  --------------------------------------------------------------------------
  slack (MET)                                                       14.52


  Startpoint: RdEn (input port clocked by CLKB_DOMAIN)
  Endpoint: U0_RegFile/regArr_reg[10][4]
            (rising edge-triggered flip-flop clocked by CLKB_DOMAIN)
  Path Group: INREG
  Path Type: max

  Point                                                   Incr       Path
  --------------------------------------------------------------------------
  clock CLKB_DOMAIN (rise edge)                           0.00       0.00
  clock network delay (ideal)                             0.00       0.00
  input external delay                                    4.00       4.00 f
  RdEn (in)                                               0.03       4.03 f
  U0_RegFile/RdEn (RegFile)                               0.00       4.03 f
  U0_RegFile/U56/Y (NOR2X2M)                              0.17       4.20 r
  U0_RegFile/U62/Y (NAND2X2M)                             0.13       4.33 f
  U0_RegFile/U31/Y (NOR2X2M)                              0.23       4.56 r
  U0_RegFile/U26/Y (NAND2X2M)                             0.23       4.79 f
  U0_RegFile/U171/Y (OAI2BB2X1M)                          0.18       4.97 r
  U0_RegFile/regArr_reg[10][4]/D (DFFRQX2M)               0.00       4.97 r
  data arrival time                                                  4.97

  clock CLKB_DOMAIN (rise edge)                          20.00      20.00
  clock network delay (ideal)                             0.00      20.00
  clock uncertainty                                      -0.20      19.80
  U0_RegFile/regArr_reg[10][4]/CK (DFFRQX2M)              0.00      19.80 r
  library setup time                                     -0.31      19.49
  data required time                                                19.49
  --------------------------------------------------------------------------
  data required time                                                19.49
  data arrival time                                                 -4.97
  --------------------------------------------------------------------------
  slack (MET)                                                       14.52


  Startpoint: RdEn (input port clocked by CLKB_DOMAIN)
  Endpoint: U0_RegFile/regArr_reg[10][3]
            (rising edge-triggered flip-flop clocked by CLKB_DOMAIN)
  Path Group: INREG
  Path Type: max

  Point                                                   Incr       Path
  --------------------------------------------------------------------------
  clock CLKB_DOMAIN (rise edge)                           0.00       0.00
  clock network delay (ideal)                             0.00       0.00
  input external delay                                    4.00       4.00 f
  RdEn (in)                                               0.03       4.03 f
  U0_RegFile/RdEn (RegFile)                               0.00       4.03 f
  U0_RegFile/U56/Y (NOR2X2M)                              0.17       4.20 r
  U0_RegFile/U62/Y (NAND2X2M)                             0.13       4.33 f
  U0_RegFile/U31/Y (NOR2X2M)                              0.23       4.56 r
  U0_RegFile/U26/Y (NAND2X2M)                             0.23       4.79 f
  U0_RegFile/U170/Y (OAI2BB2X1M)                          0.18       4.97 r
  U0_RegFile/regArr_reg[10][3]/D (DFFRQX2M)               0.00       4.97 r
  data arrival time                                                  4.97

  clock CLKB_DOMAIN (rise edge)                          20.00      20.00
  clock network delay (ideal)                             0.00      20.00
  clock uncertainty                                      -0.20      19.80
  U0_RegFile/regArr_reg[10][3]/CK (DFFRQX2M)              0.00      19.80 r
  library setup time                                     -0.31      19.49
  data required time                                                19.49
  --------------------------------------------------------------------------
  data required time                                                19.49
  data arrival time                                                 -4.97
  --------------------------------------------------------------------------
  slack (MET)                                                       14.52


  Startpoint: RdEn (input port clocked by CLKB_DOMAIN)
  Endpoint: U0_RegFile/regArr_reg[10][2]
            (rising edge-triggered flip-flop clocked by CLKB_DOMAIN)
  Path Group: INREG
  Path Type: max

  Point                                                   Incr       Path
  --------------------------------------------------------------------------
  clock CLKB_DOMAIN (rise edge)                           0.00       0.00
  clock network delay (ideal)                             0.00       0.00
  input external delay                                    4.00       4.00 f
  RdEn (in)                                               0.03       4.03 f
  U0_RegFile/RdEn (RegFile)                               0.00       4.03 f
  U0_RegFile/U56/Y (NOR2X2M)                              0.17       4.20 r
  U0_RegFile/U62/Y (NAND2X2M)                             0.13       4.33 f
  U0_RegFile/U31/Y (NOR2X2M)                              0.23       4.56 r
  U0_RegFile/U26/Y (NAND2X2M)                             0.23       4.79 f
  U0_RegFile/U169/Y (OAI2BB2X1M)                          0.18       4.97 r
  U0_RegFile/regArr_reg[10][2]/D (DFFRQX2M)               0.00       4.97 r
  data arrival time                                                  4.97

  clock CLKB_DOMAIN (rise edge)                          20.00      20.00
  clock network delay (ideal)                             0.00      20.00
  clock uncertainty                                      -0.20      19.80
  U0_RegFile/regArr_reg[10][2]/CK (DFFRQX2M)              0.00      19.80 r
  library setup time                                     -0.31      19.49
  data required time                                                19.49
  --------------------------------------------------------------------------
  data required time                                                19.49
  data arrival time                                                 -4.97
  --------------------------------------------------------------------------
  slack (MET)                                                       14.52


  Startpoint: RdEn (input port clocked by CLKB_DOMAIN)
  Endpoint: U0_RegFile/regArr_reg[10][1]
            (rising edge-triggered flip-flop clocked by CLKB_DOMAIN)
  Path Group: INREG
  Path Type: max

  Point                                                   Incr       Path
  --------------------------------------------------------------------------
  clock CLKB_DOMAIN (rise edge)                           0.00       0.00
  clock network delay (ideal)                             0.00       0.00
  input external delay                                    4.00       4.00 f
  RdEn (in)                                               0.03       4.03 f
  U0_RegFile/RdEn (RegFile)                               0.00       4.03 f
  U0_RegFile/U56/Y (NOR2X2M)                              0.17       4.20 r
  U0_RegFile/U62/Y (NAND2X2M)                             0.13       4.33 f
  U0_RegFile/U31/Y (NOR2X2M)                              0.23       4.56 r
  U0_RegFile/U26/Y (NAND2X2M)                             0.23       4.79 f
  U0_RegFile/U168/Y (OAI2BB2X1M)                          0.18       4.97 r
  U0_RegFile/regArr_reg[10][1]/D (DFFRQX2M)               0.00       4.97 r
  data arrival time                                                  4.97

  clock CLKB_DOMAIN (rise edge)                          20.00      20.00
  clock network delay (ideal)                             0.00      20.00
  clock uncertainty                                      -0.20      19.80
  U0_RegFile/regArr_reg[10][1]/CK (DFFRQX2M)              0.00      19.80 r
  library setup time                                     -0.31      19.49
  data required time                                                19.49
  --------------------------------------------------------------------------
  data required time                                                19.49
  data arrival time                                                 -4.97
  --------------------------------------------------------------------------
  slack (MET)                                                       14.52


  Startpoint: RdEn (input port clocked by CLKB_DOMAIN)
  Endpoint: U0_RegFile/regArr_reg[10][0]
            (rising edge-triggered flip-flop clocked by CLKB_DOMAIN)
  Path Group: INREG
  Path Type: max

  Point                                                   Incr       Path
  --------------------------------------------------------------------------
  clock CLKB_DOMAIN (rise edge)                           0.00       0.00
  clock network delay (ideal)                             0.00       0.00
  input external delay                                    4.00       4.00 f
  RdEn (in)                                               0.03       4.03 f
  U0_RegFile/RdEn (RegFile)                               0.00       4.03 f
  U0_RegFile/U56/Y (NOR2X2M)                              0.17       4.20 r
  U0_RegFile/U62/Y (NAND2X2M)                             0.13       4.33 f
  U0_RegFile/U31/Y (NOR2X2M)                              0.23       4.56 r
  U0_RegFile/U26/Y (NAND2X2M)                             0.23       4.79 f
  U0_RegFile/U167/Y (OAI2BB2X1M)                          0.18       4.97 r
  U0_RegFile/regArr_reg[10][0]/D (DFFRQX2M)               0.00       4.97 r
  data arrival time                                                  4.97

  clock CLKB_DOMAIN (rise edge)                          20.00      20.00
  clock network delay (ideal)                             0.00      20.00
  clock uncertainty                                      -0.20      19.80
  U0_RegFile/regArr_reg[10][0]/CK (DFFRQX2M)              0.00      19.80 r
  library setup time                                     -0.31      19.49
  data required time                                                19.49
  --------------------------------------------------------------------------
  data required time                                                19.49
  data arrival time                                                 -4.97
  --------------------------------------------------------------------------
  slack (MET)                                                       14.52


  Startpoint: RdEn (input port clocked by CLKB_DOMAIN)
  Endpoint: U0_RegFile/regArr_reg[0][7]
            (rising edge-triggered flip-flop clocked by CLKB_DOMAIN)
  Path Group: INREG
  Path Type: max

  Point                                                   Incr       Path
  --------------------------------------------------------------------------
  clock CLKB_DOMAIN (rise edge)                           0.00       0.00
  clock network delay (ideal)                             0.00       0.00
  input external delay                                    4.00       4.00 f
  RdEn (in)                                               0.03       4.03 f
  U0_RegFile/RdEn (RegFile)                               0.00       4.03 f
  U0_RegFile/U56/Y (NOR2X2M)                              0.17       4.20 r
  U0_RegFile/U62/Y (NAND2X2M)                             0.13       4.33 f
  U0_RegFile/U4/Y (NOR2X2M)                               0.22       4.55 r
  U0_RegFile/U41/Y (NAND2X2M)                             0.24       4.78 f
  U0_RegFile/U78/Y (OAI2BB2X1M)                           0.18       4.96 r
  U0_RegFile/regArr_reg[0][7]/D (DFFRQX2M)                0.00       4.96 r
  data arrival time                                                  4.96

  clock CLKB_DOMAIN (rise edge)                          20.00      20.00
  clock network delay (ideal)                             0.00      20.00
  clock uncertainty                                      -0.20      19.80
  U0_RegFile/regArr_reg[0][7]/CK (DFFRQX2M)               0.00      19.80 r
  library setup time                                     -0.31      19.49
  data required time                                                19.49
  --------------------------------------------------------------------------
  data required time                                                19.49
  data arrival time                                                 -4.96
  --------------------------------------------------------------------------
  slack (MET)                                                       14.54


  Startpoint: RdEn (input port clocked by CLKB_DOMAIN)
  Endpoint: U0_RegFile/regArr_reg[0][6]
            (rising edge-triggered flip-flop clocked by CLKB_DOMAIN)
  Path Group: INREG
  Path Type: max

  Point                                                   Incr       Path
  --------------------------------------------------------------------------
  clock CLKB_DOMAIN (rise edge)                           0.00       0.00
  clock network delay (ideal)                             0.00       0.00
  input external delay                                    4.00       4.00 f
  RdEn (in)                                               0.03       4.03 f
  U0_RegFile/RdEn (RegFile)                               0.00       4.03 f
  U0_RegFile/U56/Y (NOR2X2M)                              0.17       4.20 r
  U0_RegFile/U62/Y (NAND2X2M)                             0.13       4.33 f
  U0_RegFile/U4/Y (NOR2X2M)                               0.22       4.55 r
  U0_RegFile/U41/Y (NAND2X2M)                             0.24       4.78 f
  U0_RegFile/U77/Y (OAI2BB2X1M)                           0.18       4.96 r
  U0_RegFile/regArr_reg[0][6]/D (DFFRQX2M)                0.00       4.96 r
  data arrival time                                                  4.96

  clock CLKB_DOMAIN (rise edge)                          20.00      20.00
  clock network delay (ideal)                             0.00      20.00
  clock uncertainty                                      -0.20      19.80
  U0_RegFile/regArr_reg[0][6]/CK (DFFRQX2M)               0.00      19.80 r
  library setup time                                     -0.31      19.49
  data required time                                                19.49
  --------------------------------------------------------------------------
  data required time                                                19.49
  data arrival time                                                 -4.96
  --------------------------------------------------------------------------
  slack (MET)                                                       14.54


  Startpoint: RdEn (input port clocked by CLKB_DOMAIN)
  Endpoint: U0_RegFile/regArr_reg[0][5]
            (rising edge-triggered flip-flop clocked by CLKB_DOMAIN)
  Path Group: INREG
  Path Type: max

  Point                                                   Incr       Path
  --------------------------------------------------------------------------
  clock CLKB_DOMAIN (rise edge)                           0.00       0.00
  clock network delay (ideal)                             0.00       0.00
  input external delay                                    4.00       4.00 f
  RdEn (in)                                               0.03       4.03 f
  U0_RegFile/RdEn (RegFile)                               0.00       4.03 f
  U0_RegFile/U56/Y (NOR2X2M)                              0.17       4.20 r
  U0_RegFile/U62/Y (NAND2X2M)                             0.13       4.33 f
  U0_RegFile/U4/Y (NOR2X2M)                               0.22       4.55 r
  U0_RegFile/U41/Y (NAND2X2M)                             0.24       4.78 f
  U0_RegFile/U76/Y (OAI2BB2X1M)                           0.18       4.96 r
  U0_RegFile/regArr_reg[0][5]/D (DFFRQX2M)                0.00       4.96 r
  data arrival time                                                  4.96

  clock CLKB_DOMAIN (rise edge)                          20.00      20.00
  clock network delay (ideal)                             0.00      20.00
  clock uncertainty                                      -0.20      19.80
  U0_RegFile/regArr_reg[0][5]/CK (DFFRQX2M)               0.00      19.80 r
  library setup time                                     -0.31      19.49
  data required time                                                19.49
  --------------------------------------------------------------------------
  data required time                                                19.49
  data arrival time                                                 -4.96
  --------------------------------------------------------------------------
  slack (MET)                                                       14.54


  Startpoint: RdEn (input port clocked by CLKB_DOMAIN)
  Endpoint: U0_RegFile/regArr_reg[0][4]
            (rising edge-triggered flip-flop clocked by CLKB_DOMAIN)
  Path Group: INREG
  Path Type: max

  Point                                                   Incr       Path
  --------------------------------------------------------------------------
  clock CLKB_DOMAIN (rise edge)                           0.00       0.00
  clock network delay (ideal)                             0.00       0.00
  input external delay                                    4.00       4.00 f
  RdEn (in)                                               0.03       4.03 f
  U0_RegFile/RdEn (RegFile)                               0.00       4.03 f
  U0_RegFile/U56/Y (NOR2X2M)                              0.17       4.20 r
  U0_RegFile/U62/Y (NAND2X2M)                             0.13       4.33 f
  U0_RegFile/U4/Y (NOR2X2M)                               0.22       4.55 r
  U0_RegFile/U41/Y (NAND2X2M)                             0.24       4.78 f
  U0_RegFile/U75/Y (OAI2BB2X1M)                           0.18       4.96 r
  U0_RegFile/regArr_reg[0][4]/D (DFFRQX2M)                0.00       4.96 r
  data arrival time                                                  4.96

  clock CLKB_DOMAIN (rise edge)                          20.00      20.00
  clock network delay (ideal)                             0.00      20.00
  clock uncertainty                                      -0.20      19.80
  U0_RegFile/regArr_reg[0][4]/CK (DFFRQX2M)               0.00      19.80 r
  library setup time                                     -0.31      19.49
  data required time                                                19.49
  --------------------------------------------------------------------------
  data required time                                                19.49
  data arrival time                                                 -4.96
  --------------------------------------------------------------------------
  slack (MET)                                                       14.54


  Startpoint: RdEn (input port clocked by CLKB_DOMAIN)
  Endpoint: U0_RegFile/regArr_reg[0][3]
            (rising edge-triggered flip-flop clocked by CLKB_DOMAIN)
  Path Group: INREG
  Path Type: max

  Point                                                   Incr       Path
  --------------------------------------------------------------------------
  clock CLKB_DOMAIN (rise edge)                           0.00       0.00
  clock network delay (ideal)                             0.00       0.00
  input external delay                                    4.00       4.00 f
  RdEn (in)                                               0.03       4.03 f
  U0_RegFile/RdEn (RegFile)                               0.00       4.03 f
  U0_RegFile/U56/Y (NOR2X2M)                              0.17       4.20 r
  U0_RegFile/U62/Y (NAND2X2M)                             0.13       4.33 f
  U0_RegFile/U4/Y (NOR2X2M)                               0.22       4.55 r
  U0_RegFile/U41/Y (NAND2X2M)                             0.24       4.78 f
  U0_RegFile/U74/Y (OAI2BB2X1M)                           0.18       4.96 r
  U0_RegFile/regArr_reg[0][3]/D (DFFRQX2M)                0.00       4.96 r
  data arrival time                                                  4.96

  clock CLKB_DOMAIN (rise edge)                          20.00      20.00
  clock network delay (ideal)                             0.00      20.00
  clock uncertainty                                      -0.20      19.80
  U0_RegFile/regArr_reg[0][3]/CK (DFFRQX2M)               0.00      19.80 r
  library setup time                                     -0.31      19.49
  data required time                                                19.49
  --------------------------------------------------------------------------
  data required time                                                19.49
  data arrival time                                                 -4.96
  --------------------------------------------------------------------------
  slack (MET)                                                       14.54


  Startpoint: RdEn (input port clocked by CLKB_DOMAIN)
  Endpoint: U0_RegFile/regArr_reg[0][2]
            (rising edge-triggered flip-flop clocked by CLKB_DOMAIN)
  Path Group: INREG
  Path Type: max

  Point                                                   Incr       Path
  --------------------------------------------------------------------------
  clock CLKB_DOMAIN (rise edge)                           0.00       0.00
  clock network delay (ideal)                             0.00       0.00
  input external delay                                    4.00       4.00 f
  RdEn (in)                                               0.03       4.03 f
  U0_RegFile/RdEn (RegFile)                               0.00       4.03 f
  U0_RegFile/U56/Y (NOR2X2M)                              0.17       4.20 r
  U0_RegFile/U62/Y (NAND2X2M)                             0.13       4.33 f
  U0_RegFile/U4/Y (NOR2X2M)                               0.22       4.55 r
  U0_RegFile/U41/Y (NAND2X2M)                             0.24       4.78 f
  U0_RegFile/U73/Y (OAI2BB2X1M)                           0.18       4.96 r
  U0_RegFile/regArr_reg[0][2]/D (DFFRQX2M)                0.00       4.96 r
  data arrival time                                                  4.96

  clock CLKB_DOMAIN (rise edge)                          20.00      20.00
  clock network delay (ideal)                             0.00      20.00
  clock uncertainty                                      -0.20      19.80
  U0_RegFile/regArr_reg[0][2]/CK (DFFRQX2M)               0.00      19.80 r
  library setup time                                     -0.31      19.49
  data required time                                                19.49
  --------------------------------------------------------------------------
  data required time                                                19.49
  data arrival time                                                 -4.96
  --------------------------------------------------------------------------
  slack (MET)                                                       14.54


  Startpoint: RdEn (input port clocked by CLKB_DOMAIN)
  Endpoint: U0_RegFile/regArr_reg[0][1]
            (rising edge-triggered flip-flop clocked by CLKB_DOMAIN)
  Path Group: INREG
  Path Type: max

  Point                                                   Incr       Path
  --------------------------------------------------------------------------
  clock CLKB_DOMAIN (rise edge)                           0.00       0.00
  clock network delay (ideal)                             0.00       0.00
  input external delay                                    4.00       4.00 f
  RdEn (in)                                               0.03       4.03 f
  U0_RegFile/RdEn (RegFile)                               0.00       4.03 f
  U0_RegFile/U56/Y (NOR2X2M)                              0.17       4.20 r
  U0_RegFile/U62/Y (NAND2X2M)                             0.13       4.33 f
  U0_RegFile/U4/Y (NOR2X2M)                               0.22       4.55 r
  U0_RegFile/U41/Y (NAND2X2M)                             0.24       4.78 f
  U0_RegFile/U72/Y (OAI2BB2X1M)                           0.18       4.96 r
  U0_RegFile/regArr_reg[0][1]/D (DFFRQX2M)                0.00       4.96 r
  data arrival time                                                  4.96

  clock CLKB_DOMAIN (rise edge)                          20.00      20.00
  clock network delay (ideal)                             0.00      20.00
  clock uncertainty                                      -0.20      19.80
  U0_RegFile/regArr_reg[0][1]/CK (DFFRQX2M)               0.00      19.80 r
  library setup time                                     -0.31      19.49
  data required time                                                19.49
  --------------------------------------------------------------------------
  data required time                                                19.49
  data arrival time                                                 -4.96
  --------------------------------------------------------------------------
  slack (MET)                                                       14.54


  Startpoint: RdEn (input port clocked by CLKB_DOMAIN)
  Endpoint: U0_RegFile/regArr_reg[0][0]
            (rising edge-triggered flip-flop clocked by CLKB_DOMAIN)
  Path Group: INREG
  Path Type: max

  Point                                                   Incr       Path
  --------------------------------------------------------------------------
  clock CLKB_DOMAIN (rise edge)                           0.00       0.00
  clock network delay (ideal)                             0.00       0.00
  input external delay                                    4.00       4.00 f
  RdEn (in)                                               0.03       4.03 f
  U0_RegFile/RdEn (RegFile)                               0.00       4.03 f
  U0_RegFile/U56/Y (NOR2X2M)                              0.17       4.20 r
  U0_RegFile/U62/Y (NAND2X2M)                             0.13       4.33 f
  U0_RegFile/U4/Y (NOR2X2M)                               0.22       4.55 r
  U0_RegFile/U41/Y (NAND2X2M)                             0.24       4.78 f
  U0_RegFile/U71/Y (OAI2BB2X1M)                           0.18       4.96 r
  U0_RegFile/regArr_reg[0][0]/D (DFFRQX2M)                0.00       4.96 r
  data arrival time                                                  4.96

  clock CLKB_DOMAIN (rise edge)                          20.00      20.00
  clock network delay (ideal)                             0.00      20.00
  clock uncertainty                                      -0.20      19.80
  U0_RegFile/regArr_reg[0][0]/CK (DFFRQX2M)               0.00      19.80 r
  library setup time                                     -0.31      19.49
  data required time                                                19.49
  --------------------------------------------------------------------------
  data required time                                                19.49
  data arrival time                                                 -4.96
  --------------------------------------------------------------------------
  slack (MET)                                                       14.54


  Startpoint: RdEn (input port clocked by CLKB_DOMAIN)
  Endpoint: U0_RegFile/regArr_reg[12][7]
            (rising edge-triggered flip-flop clocked by CLKB_DOMAIN)
  Path Group: INREG
  Path Type: max

  Point                                                   Incr       Path
  --------------------------------------------------------------------------
  clock CLKB_DOMAIN (rise edge)                           0.00       0.00
  clock network delay (ideal)                             0.00       0.00
  input external delay                                    4.00       4.00 f
  RdEn (in)                                               0.03       4.03 f
  U0_RegFile/RdEn (RegFile)                               0.00       4.03 f
  U0_RegFile/U56/Y (NOR2X2M)                              0.17       4.20 r
  U0_RegFile/U62/Y (NAND2X2M)                             0.13       4.33 f
  U0_RegFile/U4/Y (NOR2X2M)                               0.22       4.55 r
  U0_RegFile/U39/Y (NAND2X2M)                             0.23       4.78 f
  U0_RegFile/U118/Y (OAI2BB2X1M)                          0.18       4.95 r
  U0_RegFile/regArr_reg[12][7]/D (DFFRQX2M)               0.00       4.95 r
  data arrival time                                                  4.95

  clock CLKB_DOMAIN (rise edge)                          20.00      20.00
  clock network delay (ideal)                             0.00      20.00
  clock uncertainty                                      -0.20      19.80
  U0_RegFile/regArr_reg[12][7]/CK (DFFRQX2M)              0.00      19.80 r
  library setup time                                     -0.31      19.49
  data required time                                                19.49
  --------------------------------------------------------------------------
  data required time                                                19.49
  data arrival time                                                 -4.95
  --------------------------------------------------------------------------
  slack (MET)                                                       14.54


  Startpoint: RdEn (input port clocked by CLKB_DOMAIN)
  Endpoint: U0_RegFile/regArr_reg[12][6]
            (rising edge-triggered flip-flop clocked by CLKB_DOMAIN)
  Path Group: INREG
  Path Type: max

  Point                                                   Incr       Path
  --------------------------------------------------------------------------
  clock CLKB_DOMAIN (rise edge)                           0.00       0.00
  clock network delay (ideal)                             0.00       0.00
  input external delay                                    4.00       4.00 f
  RdEn (in)                                               0.03       4.03 f
  U0_RegFile/RdEn (RegFile)                               0.00       4.03 f
  U0_RegFile/U56/Y (NOR2X2M)                              0.17       4.20 r
  U0_RegFile/U62/Y (NAND2X2M)                             0.13       4.33 f
  U0_RegFile/U4/Y (NOR2X2M)                               0.22       4.55 r
  U0_RegFile/U39/Y (NAND2X2M)                             0.23       4.78 f
  U0_RegFile/U117/Y (OAI2BB2X1M)                          0.18       4.95 r
  U0_RegFile/regArr_reg[12][6]/D (DFFRQX2M)               0.00       4.95 r
  data arrival time                                                  4.95

  clock CLKB_DOMAIN (rise edge)                          20.00      20.00
  clock network delay (ideal)                             0.00      20.00
  clock uncertainty                                      -0.20      19.80
  U0_RegFile/regArr_reg[12][6]/CK (DFFRQX2M)              0.00      19.80 r
  library setup time                                     -0.31      19.49
  data required time                                                19.49
  --------------------------------------------------------------------------
  data required time                                                19.49
  data arrival time                                                 -4.95
  --------------------------------------------------------------------------
  slack (MET)                                                       14.54


  Startpoint: RdEn (input port clocked by CLKB_DOMAIN)
  Endpoint: U0_RegFile/regArr_reg[12][5]
            (rising edge-triggered flip-flop clocked by CLKB_DOMAIN)
  Path Group: INREG
  Path Type: max

  Point                                                   Incr       Path
  --------------------------------------------------------------------------
  clock CLKB_DOMAIN (rise edge)                           0.00       0.00
  clock network delay (ideal)                             0.00       0.00
  input external delay                                    4.00       4.00 f
  RdEn (in)                                               0.03       4.03 f
  U0_RegFile/RdEn (RegFile)                               0.00       4.03 f
  U0_RegFile/U56/Y (NOR2X2M)                              0.17       4.20 r
  U0_RegFile/U62/Y (NAND2X2M)                             0.13       4.33 f
  U0_RegFile/U4/Y (NOR2X2M)                               0.22       4.55 r
  U0_RegFile/U39/Y (NAND2X2M)                             0.23       4.78 f
  U0_RegFile/U116/Y (OAI2BB2X1M)                          0.18       4.95 r
  U0_RegFile/regArr_reg[12][5]/D (DFFRQX2M)               0.00       4.95 r
  data arrival time                                                  4.95

  clock CLKB_DOMAIN (rise edge)                          20.00      20.00
  clock network delay (ideal)                             0.00      20.00
  clock uncertainty                                      -0.20      19.80
  U0_RegFile/regArr_reg[12][5]/CK (DFFRQX2M)              0.00      19.80 r
  library setup time                                     -0.31      19.49
  data required time                                                19.49
  --------------------------------------------------------------------------
  data required time                                                19.49
  data arrival time                                                 -4.95
  --------------------------------------------------------------------------
  slack (MET)                                                       14.54


  Startpoint: RdEn (input port clocked by CLKB_DOMAIN)
  Endpoint: U0_RegFile/regArr_reg[12][4]
            (rising edge-triggered flip-flop clocked by CLKB_DOMAIN)
  Path Group: INREG
  Path Type: max

  Point                                                   Incr       Path
  --------------------------------------------------------------------------
  clock CLKB_DOMAIN (rise edge)                           0.00       0.00
  clock network delay (ideal)                             0.00       0.00
  input external delay                                    4.00       4.00 f
  RdEn (in)                                               0.03       4.03 f
  U0_RegFile/RdEn (RegFile)                               0.00       4.03 f
  U0_RegFile/U56/Y (NOR2X2M)                              0.17       4.20 r
  U0_RegFile/U62/Y (NAND2X2M)                             0.13       4.33 f
  U0_RegFile/U4/Y (NOR2X2M)                               0.22       4.55 r
  U0_RegFile/U39/Y (NAND2X2M)                             0.23       4.78 f
  U0_RegFile/U115/Y (OAI2BB2X1M)                          0.18       4.95 r
  U0_RegFile/regArr_reg[12][4]/D (DFFRQX2M)               0.00       4.95 r
  data arrival time                                                  4.95

  clock CLKB_DOMAIN (rise edge)                          20.00      20.00
  clock network delay (ideal)                             0.00      20.00
  clock uncertainty                                      -0.20      19.80
  U0_RegFile/regArr_reg[12][4]/CK (DFFRQX2M)              0.00      19.80 r
  library setup time                                     -0.31      19.49
  data required time                                                19.49
  --------------------------------------------------------------------------
  data required time                                                19.49
  data arrival time                                                 -4.95
  --------------------------------------------------------------------------
  slack (MET)                                                       14.54


  Startpoint: RdEn (input port clocked by CLKB_DOMAIN)
  Endpoint: U0_RegFile/regArr_reg[12][3]
            (rising edge-triggered flip-flop clocked by CLKB_DOMAIN)
  Path Group: INREG
  Path Type: max

  Point                                                   Incr       Path
  --------------------------------------------------------------------------
  clock CLKB_DOMAIN (rise edge)                           0.00       0.00
  clock network delay (ideal)                             0.00       0.00
  input external delay                                    4.00       4.00 f
  RdEn (in)                                               0.03       4.03 f
  U0_RegFile/RdEn (RegFile)                               0.00       4.03 f
  U0_RegFile/U56/Y (NOR2X2M)                              0.17       4.20 r
  U0_RegFile/U62/Y (NAND2X2M)                             0.13       4.33 f
  U0_RegFile/U4/Y (NOR2X2M)                               0.22       4.55 r
  U0_RegFile/U39/Y (NAND2X2M)                             0.23       4.78 f
  U0_RegFile/U114/Y (OAI2BB2X1M)                          0.18       4.95 r
  U0_RegFile/regArr_reg[12][3]/D (DFFRQX2M)               0.00       4.95 r
  data arrival time                                                  4.95

  clock CLKB_DOMAIN (rise edge)                          20.00      20.00
  clock network delay (ideal)                             0.00      20.00
  clock uncertainty                                      -0.20      19.80
  U0_RegFile/regArr_reg[12][3]/CK (DFFRQX2M)              0.00      19.80 r
  library setup time                                     -0.31      19.49
  data required time                                                19.49
  --------------------------------------------------------------------------
  data required time                                                19.49
  data arrival time                                                 -4.95
  --------------------------------------------------------------------------
  slack (MET)                                                       14.54


  Startpoint: RdEn (input port clocked by CLKB_DOMAIN)
  Endpoint: U0_RegFile/regArr_reg[12][2]
            (rising edge-triggered flip-flop clocked by CLKB_DOMAIN)
  Path Group: INREG
  Path Type: max

  Point                                                   Incr       Path
  --------------------------------------------------------------------------
  clock CLKB_DOMAIN (rise edge)                           0.00       0.00
  clock network delay (ideal)                             0.00       0.00
  input external delay                                    4.00       4.00 f
  RdEn (in)                                               0.03       4.03 f
  U0_RegFile/RdEn (RegFile)                               0.00       4.03 f
  U0_RegFile/U56/Y (NOR2X2M)                              0.17       4.20 r
  U0_RegFile/U62/Y (NAND2X2M)                             0.13       4.33 f
  U0_RegFile/U4/Y (NOR2X2M)                               0.22       4.55 r
  U0_RegFile/U39/Y (NAND2X2M)                             0.23       4.78 f
  U0_RegFile/U113/Y (OAI2BB2X1M)                          0.18       4.95 r
  U0_RegFile/regArr_reg[12][2]/D (DFFRQX2M)               0.00       4.95 r
  data arrival time                                                  4.95

  clock CLKB_DOMAIN (rise edge)                          20.00      20.00
  clock network delay (ideal)                             0.00      20.00
  clock uncertainty                                      -0.20      19.80
  U0_RegFile/regArr_reg[12][2]/CK (DFFRQX2M)              0.00      19.80 r
  library setup time                                     -0.31      19.49
  data required time                                                19.49
  --------------------------------------------------------------------------
  data required time                                                19.49
  data arrival time                                                 -4.95
  --------------------------------------------------------------------------
  slack (MET)                                                       14.54


  Startpoint: RdEn (input port clocked by CLKB_DOMAIN)
  Endpoint: U0_RegFile/regArr_reg[12][1]
            (rising edge-triggered flip-flop clocked by CLKB_DOMAIN)
  Path Group: INREG
  Path Type: max

  Point                                                   Incr       Path
  --------------------------------------------------------------------------
  clock CLKB_DOMAIN (rise edge)                           0.00       0.00
  clock network delay (ideal)                             0.00       0.00
  input external delay                                    4.00       4.00 f
  RdEn (in)                                               0.03       4.03 f
  U0_RegFile/RdEn (RegFile)                               0.00       4.03 f
  U0_RegFile/U56/Y (NOR2X2M)                              0.17       4.20 r
  U0_RegFile/U62/Y (NAND2X2M)                             0.13       4.33 f
  U0_RegFile/U4/Y (NOR2X2M)                               0.22       4.55 r
  U0_RegFile/U39/Y (NAND2X2M)                             0.23       4.78 f
  U0_RegFile/U112/Y (OAI2BB2X1M)                          0.18       4.95 r
  U0_RegFile/regArr_reg[12][1]/D (DFFRQX2M)               0.00       4.95 r
  data arrival time                                                  4.95

  clock CLKB_DOMAIN (rise edge)                          20.00      20.00
  clock network delay (ideal)                             0.00      20.00
  clock uncertainty                                      -0.20      19.80
  U0_RegFile/regArr_reg[12][1]/CK (DFFRQX2M)              0.00      19.80 r
  library setup time                                     -0.31      19.49
  data required time                                                19.49
  --------------------------------------------------------------------------
  data required time                                                19.49
  data arrival time                                                 -4.95
  --------------------------------------------------------------------------
  slack (MET)                                                       14.54


  Startpoint: RdEn (input port clocked by CLKB_DOMAIN)
  Endpoint: U0_RegFile/regArr_reg[12][0]
            (rising edge-triggered flip-flop clocked by CLKB_DOMAIN)
  Path Group: INREG
  Path Type: max

  Point                                                   Incr       Path
  --------------------------------------------------------------------------
  clock CLKB_DOMAIN (rise edge)                           0.00       0.00
  clock network delay (ideal)                             0.00       0.00
  input external delay                                    4.00       4.00 f
  RdEn (in)                                               0.03       4.03 f
  U0_RegFile/RdEn (RegFile)                               0.00       4.03 f
  U0_RegFile/U56/Y (NOR2X2M)                              0.17       4.20 r
  U0_RegFile/U62/Y (NAND2X2M)                             0.13       4.33 f
  U0_RegFile/U4/Y (NOR2X2M)                               0.22       4.55 r
  U0_RegFile/U39/Y (NAND2X2M)                             0.23       4.78 f
  U0_RegFile/U111/Y (OAI2BB2X1M)                          0.18       4.95 r
  U0_RegFile/regArr_reg[12][0]/D (DFFRQX2M)               0.00       4.95 r
  data arrival time                                                  4.95

  clock CLKB_DOMAIN (rise edge)                          20.00      20.00
  clock network delay (ideal)                             0.00      20.00
  clock uncertainty                                      -0.20      19.80
  U0_RegFile/regArr_reg[12][0]/CK (DFFRQX2M)              0.00      19.80 r
  library setup time                                     -0.31      19.49
  data required time                                                19.49
  --------------------------------------------------------------------------
  data required time                                                19.49
  data arrival time                                                 -4.95
  --------------------------------------------------------------------------
  slack (MET)                                                       14.54


  Startpoint: RdEn (input port clocked by CLKB_DOMAIN)
  Endpoint: U0_RegFile/regArr_reg[4][7]
            (rising edge-triggered flip-flop clocked by CLKB_DOMAIN)
  Path Group: INREG
  Path Type: max

  Point                                                   Incr       Path
  --------------------------------------------------------------------------
  clock CLKB_DOMAIN (rise edge)                           0.00       0.00
  clock network delay (ideal)                             0.00       0.00
  input external delay                                    4.00       4.00 f
  RdEn (in)                                               0.03       4.03 f
  U0_RegFile/RdEn (RegFile)                               0.00       4.03 f
  U0_RegFile/U56/Y (NOR2X2M)                              0.17       4.20 r
  U0_RegFile/U62/Y (NAND2X2M)                             0.13       4.33 f
  U0_RegFile/U4/Y (NOR2X2M)                               0.22       4.55 r
  U0_RegFile/U37/Y (NAND2X2M)                             0.23       4.78 f
  U0_RegFile/U94/Y (OAI2BB2X1M)                           0.18       4.95 r
  U0_RegFile/regArr_reg[4][7]/D (DFFRQX2M)                0.00       4.95 r
  data arrival time                                                  4.95

  clock CLKB_DOMAIN (rise edge)                          20.00      20.00
  clock network delay (ideal)                             0.00      20.00
  clock uncertainty                                      -0.20      19.80
  U0_RegFile/regArr_reg[4][7]/CK (DFFRQX2M)               0.00      19.80 r
  library setup time                                     -0.31      19.49
  data required time                                                19.49
  --------------------------------------------------------------------------
  data required time                                                19.49
  data arrival time                                                 -4.95
  --------------------------------------------------------------------------
  slack (MET)                                                       14.54


  Startpoint: RdEn (input port clocked by CLKB_DOMAIN)
  Endpoint: U0_RegFile/regArr_reg[4][6]
            (rising edge-triggered flip-flop clocked by CLKB_DOMAIN)
  Path Group: INREG
  Path Type: max

  Point                                                   Incr       Path
  --------------------------------------------------------------------------
  clock CLKB_DOMAIN (rise edge)                           0.00       0.00
  clock network delay (ideal)                             0.00       0.00
  input external delay                                    4.00       4.00 f
  RdEn (in)                                               0.03       4.03 f
  U0_RegFile/RdEn (RegFile)                               0.00       4.03 f
  U0_RegFile/U56/Y (NOR2X2M)                              0.17       4.20 r
  U0_RegFile/U62/Y (NAND2X2M)                             0.13       4.33 f
  U0_RegFile/U4/Y (NOR2X2M)                               0.22       4.55 r
  U0_RegFile/U37/Y (NAND2X2M)                             0.23       4.78 f
  U0_RegFile/U93/Y (OAI2BB2X1M)                           0.18       4.95 r
  U0_RegFile/regArr_reg[4][6]/D (DFFRQX2M)                0.00       4.95 r
  data arrival time                                                  4.95

  clock CLKB_DOMAIN (rise edge)                          20.00      20.00
  clock network delay (ideal)                             0.00      20.00
  clock uncertainty                                      -0.20      19.80
  U0_RegFile/regArr_reg[4][6]/CK (DFFRQX2M)               0.00      19.80 r
  library setup time                                     -0.31      19.49
  data required time                                                19.49
  --------------------------------------------------------------------------
  data required time                                                19.49
  data arrival time                                                 -4.95
  --------------------------------------------------------------------------
  slack (MET)                                                       14.54


  Startpoint: RdEn (input port clocked by CLKB_DOMAIN)
  Endpoint: U0_RegFile/regArr_reg[4][5]
            (rising edge-triggered flip-flop clocked by CLKB_DOMAIN)
  Path Group: INREG
  Path Type: max

  Point                                                   Incr       Path
  --------------------------------------------------------------------------
  clock CLKB_DOMAIN (rise edge)                           0.00       0.00
  clock network delay (ideal)                             0.00       0.00
  input external delay                                    4.00       4.00 f
  RdEn (in)                                               0.03       4.03 f
  U0_RegFile/RdEn (RegFile)                               0.00       4.03 f
  U0_RegFile/U56/Y (NOR2X2M)                              0.17       4.20 r
  U0_RegFile/U62/Y (NAND2X2M)                             0.13       4.33 f
  U0_RegFile/U4/Y (NOR2X2M)                               0.22       4.55 r
  U0_RegFile/U37/Y (NAND2X2M)                             0.23       4.78 f
  U0_RegFile/U92/Y (OAI2BB2X1M)                           0.18       4.95 r
  U0_RegFile/regArr_reg[4][5]/D (DFFRQX2M)                0.00       4.95 r
  data arrival time                                                  4.95

  clock CLKB_DOMAIN (rise edge)                          20.00      20.00
  clock network delay (ideal)                             0.00      20.00
  clock uncertainty                                      -0.20      19.80
  U0_RegFile/regArr_reg[4][5]/CK (DFFRQX2M)               0.00      19.80 r
  library setup time                                     -0.31      19.49
  data required time                                                19.49
  --------------------------------------------------------------------------
  data required time                                                19.49
  data arrival time                                                 -4.95
  --------------------------------------------------------------------------
  slack (MET)                                                       14.54


  Startpoint: RdEn (input port clocked by CLKB_DOMAIN)
  Endpoint: U0_RegFile/regArr_reg[4][4]
            (rising edge-triggered flip-flop clocked by CLKB_DOMAIN)
  Path Group: INREG
  Path Type: max

  Point                                                   Incr       Path
  --------------------------------------------------------------------------
  clock CLKB_DOMAIN (rise edge)                           0.00       0.00
  clock network delay (ideal)                             0.00       0.00
  input external delay                                    4.00       4.00 f
  RdEn (in)                                               0.03       4.03 f
  U0_RegFile/RdEn (RegFile)                               0.00       4.03 f
  U0_RegFile/U56/Y (NOR2X2M)                              0.17       4.20 r
  U0_RegFile/U62/Y (NAND2X2M)                             0.13       4.33 f
  U0_RegFile/U4/Y (NOR2X2M)                               0.22       4.55 r
  U0_RegFile/U37/Y (NAND2X2M)                             0.23       4.78 f
  U0_RegFile/U91/Y (OAI2BB2X1M)                           0.18       4.95 r
  U0_RegFile/regArr_reg[4][4]/D (DFFRQX2M)                0.00       4.95 r
  data arrival time                                                  4.95

  clock CLKB_DOMAIN (rise edge)                          20.00      20.00
  clock network delay (ideal)                             0.00      20.00
  clock uncertainty                                      -0.20      19.80
  U0_RegFile/regArr_reg[4][4]/CK (DFFRQX2M)               0.00      19.80 r
  library setup time                                     -0.31      19.49
  data required time                                                19.49
  --------------------------------------------------------------------------
  data required time                                                19.49
  data arrival time                                                 -4.95
  --------------------------------------------------------------------------
  slack (MET)                                                       14.54


  Startpoint: RdEn (input port clocked by CLKB_DOMAIN)
  Endpoint: U0_RegFile/regArr_reg[4][3]
            (rising edge-triggered flip-flop clocked by CLKB_DOMAIN)
  Path Group: INREG
  Path Type: max

  Point                                                   Incr       Path
  --------------------------------------------------------------------------
  clock CLKB_DOMAIN (rise edge)                           0.00       0.00
  clock network delay (ideal)                             0.00       0.00
  input external delay                                    4.00       4.00 f
  RdEn (in)                                               0.03       4.03 f
  U0_RegFile/RdEn (RegFile)                               0.00       4.03 f
  U0_RegFile/U56/Y (NOR2X2M)                              0.17       4.20 r
  U0_RegFile/U62/Y (NAND2X2M)                             0.13       4.33 f
  U0_RegFile/U4/Y (NOR2X2M)                               0.22       4.55 r
  U0_RegFile/U37/Y (NAND2X2M)                             0.23       4.78 f
  U0_RegFile/U90/Y (OAI2BB2X1M)                           0.18       4.95 r
  U0_RegFile/regArr_reg[4][3]/D (DFFRQX2M)                0.00       4.95 r
  data arrival time                                                  4.95

  clock CLKB_DOMAIN (rise edge)                          20.00      20.00
  clock network delay (ideal)                             0.00      20.00
  clock uncertainty                                      -0.20      19.80
  U0_RegFile/regArr_reg[4][3]/CK (DFFRQX2M)               0.00      19.80 r
  library setup time                                     -0.31      19.49
  data required time                                                19.49
  --------------------------------------------------------------------------
  data required time                                                19.49
  data arrival time                                                 -4.95
  --------------------------------------------------------------------------
  slack (MET)                                                       14.54


  Startpoint: RdEn (input port clocked by CLKB_DOMAIN)
  Endpoint: U0_RegFile/regArr_reg[4][2]
            (rising edge-triggered flip-flop clocked by CLKB_DOMAIN)
  Path Group: INREG
  Path Type: max

  Point                                                   Incr       Path
  --------------------------------------------------------------------------
  clock CLKB_DOMAIN (rise edge)                           0.00       0.00
  clock network delay (ideal)                             0.00       0.00
  input external delay                                    4.00       4.00 f
  RdEn (in)                                               0.03       4.03 f
  U0_RegFile/RdEn (RegFile)                               0.00       4.03 f
  U0_RegFile/U56/Y (NOR2X2M)                              0.17       4.20 r
  U0_RegFile/U62/Y (NAND2X2M)                             0.13       4.33 f
  U0_RegFile/U4/Y (NOR2X2M)                               0.22       4.55 r
  U0_RegFile/U37/Y (NAND2X2M)                             0.23       4.78 f
  U0_RegFile/U89/Y (OAI2BB2X1M)                           0.18       4.95 r
  U0_RegFile/regArr_reg[4][2]/D (DFFRQX2M)                0.00       4.95 r
  data arrival time                                                  4.95

  clock CLKB_DOMAIN (rise edge)                          20.00      20.00
  clock network delay (ideal)                             0.00      20.00
  clock uncertainty                                      -0.20      19.80
  U0_RegFile/regArr_reg[4][2]/CK (DFFRQX2M)               0.00      19.80 r
  library setup time                                     -0.31      19.49
  data required time                                                19.49
  --------------------------------------------------------------------------
  data required time                                                19.49
  data arrival time                                                 -4.95
  --------------------------------------------------------------------------
  slack (MET)                                                       14.54


  Startpoint: RdEn (input port clocked by CLKB_DOMAIN)
  Endpoint: U0_RegFile/regArr_reg[4][1]
            (rising edge-triggered flip-flop clocked by CLKB_DOMAIN)
  Path Group: INREG
  Path Type: max

  Point                                                   Incr       Path
  --------------------------------------------------------------------------
  clock CLKB_DOMAIN (rise edge)                           0.00       0.00
  clock network delay (ideal)                             0.00       0.00
  input external delay                                    4.00       4.00 f
  RdEn (in)                                               0.03       4.03 f
  U0_RegFile/RdEn (RegFile)                               0.00       4.03 f
  U0_RegFile/U56/Y (NOR2X2M)                              0.17       4.20 r
  U0_RegFile/U62/Y (NAND2X2M)                             0.13       4.33 f
  U0_RegFile/U4/Y (NOR2X2M)                               0.22       4.55 r
  U0_RegFile/U37/Y (NAND2X2M)                             0.23       4.78 f
  U0_RegFile/U88/Y (OAI2BB2X1M)                           0.18       4.95 r
  U0_RegFile/regArr_reg[4][1]/D (DFFRQX2M)                0.00       4.95 r
  data arrival time                                                  4.95

  clock CLKB_DOMAIN (rise edge)                          20.00      20.00
  clock network delay (ideal)                             0.00      20.00
  clock uncertainty                                      -0.20      19.80
  U0_RegFile/regArr_reg[4][1]/CK (DFFRQX2M)               0.00      19.80 r
  library setup time                                     -0.31      19.49
  data required time                                                19.49
  --------------------------------------------------------------------------
  data required time                                                19.49
  data arrival time                                                 -4.95
  --------------------------------------------------------------------------
  slack (MET)                                                       14.54


  Startpoint: RdEn (input port clocked by CLKB_DOMAIN)
  Endpoint: U0_RegFile/regArr_reg[4][0]
            (rising edge-triggered flip-flop clocked by CLKB_DOMAIN)
  Path Group: INREG
  Path Type: max

  Point                                                   Incr       Path
  --------------------------------------------------------------------------
  clock CLKB_DOMAIN (rise edge)                           0.00       0.00
  clock network delay (ideal)                             0.00       0.00
  input external delay                                    4.00       4.00 f
  RdEn (in)                                               0.03       4.03 f
  U0_RegFile/RdEn (RegFile)                               0.00       4.03 f
  U0_RegFile/U56/Y (NOR2X2M)                              0.17       4.20 r
  U0_RegFile/U62/Y (NAND2X2M)                             0.13       4.33 f
  U0_RegFile/U4/Y (NOR2X2M)                               0.22       4.55 r
  U0_RegFile/U37/Y (NAND2X2M)                             0.23       4.78 f
  U0_RegFile/U87/Y (OAI2BB2X1M)                           0.18       4.95 r
  U0_RegFile/regArr_reg[4][0]/D (DFFRQX2M)                0.00       4.95 r
  data arrival time                                                  4.95

  clock CLKB_DOMAIN (rise edge)                          20.00      20.00
  clock network delay (ideal)                             0.00      20.00
  clock uncertainty                                      -0.20      19.80
  U0_RegFile/regArr_reg[4][0]/CK (DFFRQX2M)               0.00      19.80 r
  library setup time                                     -0.31      19.49
  data required time                                                19.49
  --------------------------------------------------------------------------
  data required time                                                19.49
  data arrival time                                                 -4.95
  --------------------------------------------------------------------------
  slack (MET)                                                       14.54


  Startpoint: RdEn (input port clocked by CLKB_DOMAIN)
  Endpoint: U0_RegFile/regArr_reg[8][7]
            (rising edge-triggered flip-flop clocked by CLKB_DOMAIN)
  Path Group: INREG
  Path Type: max

  Point                                                   Incr       Path
  --------------------------------------------------------------------------
  clock CLKB_DOMAIN (rise edge)                           0.00       0.00
  clock network delay (ideal)                             0.00       0.00
  input external delay                                    4.00       4.00 f
  RdEn (in)                                               0.03       4.03 f
  U0_RegFile/RdEn (RegFile)                               0.00       4.03 f
  U0_RegFile/U56/Y (NOR2X2M)                              0.17       4.20 r
  U0_RegFile/U62/Y (NAND2X2M)                             0.13       4.33 f
  U0_RegFile/U4/Y (NOR2X2M)                               0.22       4.55 r
  U0_RegFile/U38/Y (NAND2X2M)                             0.23       4.78 f
  U0_RegFile/U150/Y (OAI2BB2X1M)                          0.18       4.95 r
  U0_RegFile/regArr_reg[8][7]/D (DFFRQX2M)                0.00       4.95 r
  data arrival time                                                  4.95

  clock CLKB_DOMAIN (rise edge)                          20.00      20.00
  clock network delay (ideal)                             0.00      20.00
  clock uncertainty                                      -0.20      19.80
  U0_RegFile/regArr_reg[8][7]/CK (DFFRQX2M)               0.00      19.80 r
  library setup time                                     -0.31      19.49
  data required time                                                19.49
  --------------------------------------------------------------------------
  data required time                                                19.49
  data arrival time                                                 -4.95
  --------------------------------------------------------------------------
  slack (MET)                                                       14.54


  Startpoint: RdEn (input port clocked by CLKB_DOMAIN)
  Endpoint: U0_RegFile/regArr_reg[8][6]
            (rising edge-triggered flip-flop clocked by CLKB_DOMAIN)
  Path Group: INREG
  Path Type: max

  Point                                                   Incr       Path
  --------------------------------------------------------------------------
  clock CLKB_DOMAIN (rise edge)                           0.00       0.00
  clock network delay (ideal)                             0.00       0.00
  input external delay                                    4.00       4.00 f
  RdEn (in)                                               0.03       4.03 f
  U0_RegFile/RdEn (RegFile)                               0.00       4.03 f
  U0_RegFile/U56/Y (NOR2X2M)                              0.17       4.20 r
  U0_RegFile/U62/Y (NAND2X2M)                             0.13       4.33 f
  U0_RegFile/U4/Y (NOR2X2M)                               0.22       4.55 r
  U0_RegFile/U38/Y (NAND2X2M)                             0.23       4.78 f
  U0_RegFile/U149/Y (OAI2BB2X1M)                          0.18       4.95 r
  U0_RegFile/regArr_reg[8][6]/D (DFFRQX2M)                0.00       4.95 r
  data arrival time                                                  4.95

  clock CLKB_DOMAIN (rise edge)                          20.00      20.00
  clock network delay (ideal)                             0.00      20.00
  clock uncertainty                                      -0.20      19.80
  U0_RegFile/regArr_reg[8][6]/CK (DFFRQX2M)               0.00      19.80 r
  library setup time                                     -0.31      19.49
  data required time                                                19.49
  --------------------------------------------------------------------------
  data required time                                                19.49
  data arrival time                                                 -4.95
  --------------------------------------------------------------------------
  slack (MET)                                                       14.54


  Startpoint: RdEn (input port clocked by CLKB_DOMAIN)
  Endpoint: U0_RegFile/regArr_reg[8][5]
            (rising edge-triggered flip-flop clocked by CLKB_DOMAIN)
  Path Group: INREG
  Path Type: max

  Point                                                   Incr       Path
  --------------------------------------------------------------------------
  clock CLKB_DOMAIN (rise edge)                           0.00       0.00
  clock network delay (ideal)                             0.00       0.00
  input external delay                                    4.00       4.00 f
  RdEn (in)                                               0.03       4.03 f
  U0_RegFile/RdEn (RegFile)                               0.00       4.03 f
  U0_RegFile/U56/Y (NOR2X2M)                              0.17       4.20 r
  U0_RegFile/U62/Y (NAND2X2M)                             0.13       4.33 f
  U0_RegFile/U4/Y (NOR2X2M)                               0.22       4.55 r
  U0_RegFile/U38/Y (NAND2X2M)                             0.23       4.78 f
  U0_RegFile/U148/Y (OAI2BB2X1M)                          0.18       4.95 r
  U0_RegFile/regArr_reg[8][5]/D (DFFRQX2M)                0.00       4.95 r
  data arrival time                                                  4.95

  clock CLKB_DOMAIN (rise edge)                          20.00      20.00
  clock network delay (ideal)                             0.00      20.00
  clock uncertainty                                      -0.20      19.80
  U0_RegFile/regArr_reg[8][5]/CK (DFFRQX2M)               0.00      19.80 r
  library setup time                                     -0.31      19.49
  data required time                                                19.49
  --------------------------------------------------------------------------
  data required time                                                19.49
  data arrival time                                                 -4.95
  --------------------------------------------------------------------------
  slack (MET)                                                       14.54


  Startpoint: RdEn (input port clocked by CLKB_DOMAIN)
  Endpoint: U0_RegFile/regArr_reg[8][4]
            (rising edge-triggered flip-flop clocked by CLKB_DOMAIN)
  Path Group: INREG
  Path Type: max

  Point                                                   Incr       Path
  --------------------------------------------------------------------------
  clock CLKB_DOMAIN (rise edge)                           0.00       0.00
  clock network delay (ideal)                             0.00       0.00
  input external delay                                    4.00       4.00 f
  RdEn (in)                                               0.03       4.03 f
  U0_RegFile/RdEn (RegFile)                               0.00       4.03 f
  U0_RegFile/U56/Y (NOR2X2M)                              0.17       4.20 r
  U0_RegFile/U62/Y (NAND2X2M)                             0.13       4.33 f
  U0_RegFile/U4/Y (NOR2X2M)                               0.22       4.55 r
  U0_RegFile/U38/Y (NAND2X2M)                             0.23       4.78 f
  U0_RegFile/U147/Y (OAI2BB2X1M)                          0.18       4.95 r
  U0_RegFile/regArr_reg[8][4]/D (DFFRQX2M)                0.00       4.95 r
  data arrival time                                                  4.95

  clock CLKB_DOMAIN (rise edge)                          20.00      20.00
  clock network delay (ideal)                             0.00      20.00
  clock uncertainty                                      -0.20      19.80
  U0_RegFile/regArr_reg[8][4]/CK (DFFRQX2M)               0.00      19.80 r
  library setup time                                     -0.31      19.49
  data required time                                                19.49
  --------------------------------------------------------------------------
  data required time                                                19.49
  data arrival time                                                 -4.95
  --------------------------------------------------------------------------
  slack (MET)                                                       14.54


  Startpoint: RdEn (input port clocked by CLKB_DOMAIN)
  Endpoint: U0_RegFile/regArr_reg[8][3]
            (rising edge-triggered flip-flop clocked by CLKB_DOMAIN)
  Path Group: INREG
  Path Type: max

  Point                                                   Incr       Path
  --------------------------------------------------------------------------
  clock CLKB_DOMAIN (rise edge)                           0.00       0.00
  clock network delay (ideal)                             0.00       0.00
  input external delay                                    4.00       4.00 f
  RdEn (in)                                               0.03       4.03 f
  U0_RegFile/RdEn (RegFile)                               0.00       4.03 f
  U0_RegFile/U56/Y (NOR2X2M)                              0.17       4.20 r
  U0_RegFile/U62/Y (NAND2X2M)                             0.13       4.33 f
  U0_RegFile/U4/Y (NOR2X2M)                               0.22       4.55 r
  U0_RegFile/U38/Y (NAND2X2M)                             0.23       4.78 f
  U0_RegFile/U146/Y (OAI2BB2X1M)                          0.18       4.95 r
  U0_RegFile/regArr_reg[8][3]/D (DFFRQX2M)                0.00       4.95 r
  data arrival time                                                  4.95

  clock CLKB_DOMAIN (rise edge)                          20.00      20.00
  clock network delay (ideal)                             0.00      20.00
  clock uncertainty                                      -0.20      19.80
  U0_RegFile/regArr_reg[8][3]/CK (DFFRQX2M)               0.00      19.80 r
  library setup time                                     -0.31      19.49
  data required time                                                19.49
  --------------------------------------------------------------------------
  data required time                                                19.49
  data arrival time                                                 -4.95
  --------------------------------------------------------------------------
  slack (MET)                                                       14.54


  Startpoint: RdEn (input port clocked by CLKB_DOMAIN)
  Endpoint: U0_RegFile/regArr_reg[8][2]
            (rising edge-triggered flip-flop clocked by CLKB_DOMAIN)
  Path Group: INREG
  Path Type: max

  Point                                                   Incr       Path
  --------------------------------------------------------------------------
  clock CLKB_DOMAIN (rise edge)                           0.00       0.00
  clock network delay (ideal)                             0.00       0.00
  input external delay                                    4.00       4.00 f
  RdEn (in)                                               0.03       4.03 f
  U0_RegFile/RdEn (RegFile)                               0.00       4.03 f
  U0_RegFile/U56/Y (NOR2X2M)                              0.17       4.20 r
  U0_RegFile/U62/Y (NAND2X2M)                             0.13       4.33 f
  U0_RegFile/U4/Y (NOR2X2M)                               0.22       4.55 r
  U0_RegFile/U38/Y (NAND2X2M)                             0.23       4.78 f
  U0_RegFile/U145/Y (OAI2BB2X1M)                          0.18       4.95 r
  U0_RegFile/regArr_reg[8][2]/D (DFFRQX2M)                0.00       4.95 r
  data arrival time                                                  4.95

  clock CLKB_DOMAIN (rise edge)                          20.00      20.00
  clock network delay (ideal)                             0.00      20.00
  clock uncertainty                                      -0.20      19.80
  U0_RegFile/regArr_reg[8][2]/CK (DFFRQX2M)               0.00      19.80 r
  library setup time                                     -0.31      19.49
  data required time                                                19.49
  --------------------------------------------------------------------------
  data required time                                                19.49
  data arrival time                                                 -4.95
  --------------------------------------------------------------------------
  slack (MET)                                                       14.54


  Startpoint: RdEn (input port clocked by CLKB_DOMAIN)
  Endpoint: U0_RegFile/regArr_reg[8][1]
            (rising edge-triggered flip-flop clocked by CLKB_DOMAIN)
  Path Group: INREG
  Path Type: max

  Point                                                   Incr       Path
  --------------------------------------------------------------------------
  clock CLKB_DOMAIN (rise edge)                           0.00       0.00
  clock network delay (ideal)                             0.00       0.00
  input external delay                                    4.00       4.00 f
  RdEn (in)                                               0.03       4.03 f
  U0_RegFile/RdEn (RegFile)                               0.00       4.03 f
  U0_RegFile/U56/Y (NOR2X2M)                              0.17       4.20 r
  U0_RegFile/U62/Y (NAND2X2M)                             0.13       4.33 f
  U0_RegFile/U4/Y (NOR2X2M)                               0.22       4.55 r
  U0_RegFile/U38/Y (NAND2X2M)                             0.23       4.78 f
  U0_RegFile/U144/Y (OAI2BB2X1M)                          0.18       4.95 r
  U0_RegFile/regArr_reg[8][1]/D (DFFRQX2M)                0.00       4.95 r
  data arrival time                                                  4.95

  clock CLKB_DOMAIN (rise edge)                          20.00      20.00
  clock network delay (ideal)                             0.00      20.00
  clock uncertainty                                      -0.20      19.80
  U0_RegFile/regArr_reg[8][1]/CK (DFFRQX2M)               0.00      19.80 r
  library setup time                                     -0.31      19.49
  data required time                                                19.49
  --------------------------------------------------------------------------
  data required time                                                19.49
  data arrival time                                                 -4.95
  --------------------------------------------------------------------------
  slack (MET)                                                       14.54


  Startpoint: RdEn (input port clocked by CLKB_DOMAIN)
  Endpoint: U0_RegFile/regArr_reg[8][0]
            (rising edge-triggered flip-flop clocked by CLKB_DOMAIN)
  Path Group: INREG
  Path Type: max

  Point                                                   Incr       Path
  --------------------------------------------------------------------------
  clock CLKB_DOMAIN (rise edge)                           0.00       0.00
  clock network delay (ideal)                             0.00       0.00
  input external delay                                    4.00       4.00 f
  RdEn (in)                                               0.03       4.03 f
  U0_RegFile/RdEn (RegFile)                               0.00       4.03 f
  U0_RegFile/U56/Y (NOR2X2M)                              0.17       4.20 r
  U0_RegFile/U62/Y (NAND2X2M)                             0.13       4.33 f
  U0_RegFile/U4/Y (NOR2X2M)                               0.22       4.55 r
  U0_RegFile/U38/Y (NAND2X2M)                             0.23       4.78 f
  U0_RegFile/U143/Y (OAI2BB2X1M)                          0.18       4.95 r
  U0_RegFile/regArr_reg[8][0]/D (DFFRQX2M)                0.00       4.95 r
  data arrival time                                                  4.95

  clock CLKB_DOMAIN (rise edge)                          20.00      20.00
  clock network delay (ideal)                             0.00      20.00
  clock uncertainty                                      -0.20      19.80
  U0_RegFile/regArr_reg[8][0]/CK (DFFRQX2M)               0.00      19.80 r
  library setup time                                     -0.31      19.49
  data required time                                                19.49
  --------------------------------------------------------------------------
  data required time                                                19.49
  data arrival time                                                 -4.95
  --------------------------------------------------------------------------
  slack (MET)                                                       14.54


  Startpoint: RdEn (input port clocked by CLKB_DOMAIN)
  Endpoint: U0_RegFile/WR_ADDR_reg[2]
            (rising edge-triggered flip-flop clocked by CLKB_DOMAIN)
  Path Group: INREG
  Path Type: max

  Point                                                   Incr       Path
  --------------------------------------------------------------------------
  clock CLKB_DOMAIN (rise edge)                           0.00       0.00
  clock network delay (ideal)                             0.00       0.00
  input external delay                                    4.00       4.00 f
  RdEn (in)                                               0.03       4.03 f
  U0_RegFile/RdEn (RegFile)                               0.00       4.03 f
  U0_RegFile/U56/Y (NOR2X2M)                              0.17       4.20 r
  U0_RegFile/U55/Y (NOR2BX2M)                             0.25       4.45 r
  U0_RegFile/U191/Y (NAND2X2M)                            0.10       4.56 f
  U0_RegFile/U47/Y (CLKXOR2X2M)                           0.26       4.81 r
  U0_RegFile/WR_ADDR_reg[2]/D (DFFRQX2M)                  0.00       4.81 r
  data arrival time                                                  4.81

  clock CLKB_DOMAIN (rise edge)                          20.00      20.00
  clock network delay (ideal)                             0.00      20.00
  clock uncertainty                                      -0.20      19.80
  U0_RegFile/WR_ADDR_reg[2]/CK (DFFRQX2M)                 0.00      19.80 r
  library setup time                                     -0.29      19.51
  data required time                                                19.51
  --------------------------------------------------------------------------
  data required time                                                19.51
  data arrival time                                                 -4.81
  --------------------------------------------------------------------------
  slack (MET)                                                       14.70


  Startpoint: RdEn (input port clocked by CLKB_DOMAIN)
  Endpoint: U0_RegFile/RD_ADDR_reg[2]
            (rising edge-triggered flip-flop clocked by CLKB_DOMAIN)
  Path Group: INREG
  Path Type: max

  Point                                                   Incr       Path
  --------------------------------------------------------------------------
  clock CLKB_DOMAIN (rise edge)                           0.00       0.00
  clock network delay (ideal)                             0.00       0.00
  input external delay                                    4.00       4.00 r
  RdEn (in)                                               0.04       4.04 r
  U0_RegFile/RdEn (RegFile)                               0.00       4.04 r
  U0_RegFile/U61/Y (NAND2X2M)                             0.09       4.13 f
  U0_RegFile/U192/Y (NAND2BX2M)                           0.18       4.31 f
  U0_RegFile/U57/Y (NOR2BX2M)                             0.15       4.46 r
  U0_RegFile/U193/Y (CLKXOR2X2M)                          0.23       4.69 r
  U0_RegFile/RD_ADDR_reg[2]/D (DFFRQX2M)                  0.00       4.69 r
  data arrival time                                                  4.69

  clock CLKB_DOMAIN (rise edge)                          20.00      20.00
  clock network delay (ideal)                             0.00      20.00
  clock uncertainty                                      -0.20      19.80
  U0_RegFile/RD_ADDR_reg[2]/CK (DFFRQX2M)                 0.00      19.80 r
  library setup time                                     -0.29      19.51
  data required time                                                19.51
  --------------------------------------------------------------------------
  data required time                                                19.51
  data arrival time                                                 -4.69
  --------------------------------------------------------------------------
  slack (MET)                                                       14.82


  Startpoint: RdEn (input port clocked by CLKB_DOMAIN)
  Endpoint: U0_RegFile/RD_ADDR_reg[3]
            (rising edge-triggered flip-flop clocked by CLKB_DOMAIN)
  Path Group: INREG
  Path Type: max

  Point                                                   Incr       Path
  --------------------------------------------------------------------------
  clock CLKB_DOMAIN (rise edge)                           0.00       0.00
  clock network delay (ideal)                             0.00       0.00
  input external delay                                    4.00       4.00 r
  RdEn (in)                                               0.04       4.04 r
  U0_RegFile/RdEn (RegFile)                               0.00       4.04 r
  U0_RegFile/U61/Y (NAND2X2M)                             0.09       4.13 f
  U0_RegFile/U192/Y (NAND2BX2M)                           0.18       4.31 f
  U0_RegFile/U57/Y (NOR2BX2M)                             0.15       4.46 r
  U0_RegFile/U60/Y (NAND2X2M)                             0.08       4.54 f
  U0_RegFile/U59/Y (XNOR2X2M)                             0.12       4.66 r
  U0_RegFile/RD_ADDR_reg[3]/D (DFFRQX2M)                  0.00       4.66 r
  data arrival time                                                  4.66

  clock CLKB_DOMAIN (rise edge)                          20.00      20.00
  clock network delay (ideal)                             0.00      20.00
  clock uncertainty                                      -0.20      19.80
  U0_RegFile/RD_ADDR_reg[3]/CK (DFFRQX2M)                 0.00      19.80 r
  library setup time                                     -0.31      19.49
  data required time                                                19.49
  --------------------------------------------------------------------------
  data required time                                                19.49
  data arrival time                                                 -4.66
  --------------------------------------------------------------------------
  slack (MET)                                                       14.83


  Startpoint: RdEn (input port clocked by CLKB_DOMAIN)
  Endpoint: U0_RegFile/WR_ADDR_reg[1]
            (rising edge-triggered flip-flop clocked by CLKB_DOMAIN)
  Path Group: INREG
  Path Type: max

  Point                                                   Incr       Path
  --------------------------------------------------------------------------
  clock CLKB_DOMAIN (rise edge)                           0.00       0.00
  clock network delay (ideal)                             0.00       0.00
  input external delay                                    4.00       4.00 f
  RdEn (in)                                               0.03       4.03 f
  U0_RegFile/RdEn (RegFile)                               0.00       4.03 f
  U0_RegFile/U56/Y (NOR2X2M)                              0.17       4.20 r
  U0_RegFile/U55/Y (NOR2BX2M)                             0.25       4.45 r
  U0_RegFile/U46/Y (NAND2X2M)                             0.11       4.57 f
  U0_RegFile/U45/Y (OAI21X2M)                             0.07       4.63 r
  U0_RegFile/WR_ADDR_reg[1]/D (DFFRQX2M)                  0.00       4.63 r
  data arrival time                                                  4.63

  clock CLKB_DOMAIN (rise edge)                          20.00      20.00
  clock network delay (ideal)                             0.00      20.00
  clock uncertainty                                      -0.20      19.80
  U0_RegFile/WR_ADDR_reg[1]/CK (DFFRQX2M)                 0.00      19.80 r
  library setup time                                     -0.30      19.50
  data required time                                                19.50
  --------------------------------------------------------------------------
  data required time                                                19.50
  data arrival time                                                 -4.63
  --------------------------------------------------------------------------
  slack (MET)                                                       14.87


  Startpoint: RdEn (input port clocked by CLKB_DOMAIN)
  Endpoint: U0_RegFile/RdData_reg[7]
            (rising edge-triggered flip-flop clocked by CLKB_DOMAIN)
  Path Group: INREG
  Path Type: max

  Point                                                   Incr       Path
  --------------------------------------------------------------------------
  clock CLKB_DOMAIN (rise edge)                           0.00       0.00
  clock network delay (ideal)                             0.00       0.00
  input external delay                                    4.00       4.00 r
  RdEn (in)                                               0.04       4.04 r
  U0_RegFile/RdEn (RegFile)                               0.00       4.04 r
  U0_RegFile/U61/Y (NAND2X2M)                             0.09       4.13 f
  U0_RegFile/U43/Y (NOR2X2M)                              0.35       4.47 r
  U0_RegFile/RdData_reg[7]/E (EDFFHQX8M)                  0.00       4.47 r
  data arrival time                                                  4.47

  clock CLKB_DOMAIN (rise edge)                          20.00      20.00
  clock network delay (ideal)                             0.00      20.00
  clock uncertainty                                      -0.20      19.80
  U0_RegFile/RdData_reg[7]/CK (EDFFHQX8M)                 0.00      19.80 r
  library setup time                                     -0.37      19.43
  data required time                                                19.43
  --------------------------------------------------------------------------
  data required time                                                19.43
  data arrival time                                                 -4.47
  --------------------------------------------------------------------------
  slack (MET)                                                       14.96


  Startpoint: RdEn (input port clocked by CLKB_DOMAIN)
  Endpoint: U0_RegFile/RdData_reg[6]
            (rising edge-triggered flip-flop clocked by CLKB_DOMAIN)
  Path Group: INREG
  Path Type: max

  Point                                                   Incr       Path
  --------------------------------------------------------------------------
  clock CLKB_DOMAIN (rise edge)                           0.00       0.00
  clock network delay (ideal)                             0.00       0.00
  input external delay                                    4.00       4.00 r
  RdEn (in)                                               0.04       4.04 r
  U0_RegFile/RdEn (RegFile)                               0.00       4.04 r
  U0_RegFile/U61/Y (NAND2X2M)                             0.09       4.13 f
  U0_RegFile/U43/Y (NOR2X2M)                              0.35       4.47 r
  U0_RegFile/RdData_reg[6]/E (EDFFHQX8M)                  0.00       4.47 r
  data arrival time                                                  4.47

  clock CLKB_DOMAIN (rise edge)                          20.00      20.00
  clock network delay (ideal)                             0.00      20.00
  clock uncertainty                                      -0.20      19.80
  U0_RegFile/RdData_reg[6]/CK (EDFFHQX8M)                 0.00      19.80 r
  library setup time                                     -0.37      19.43
  data required time                                                19.43
  --------------------------------------------------------------------------
  data required time                                                19.43
  data arrival time                                                 -4.47
  --------------------------------------------------------------------------
  slack (MET)                                                       14.96


  Startpoint: RdEn (input port clocked by CLKB_DOMAIN)
  Endpoint: U0_RegFile/RdData_reg[2]
            (rising edge-triggered flip-flop clocked by CLKB_DOMAIN)
  Path Group: INREG
  Path Type: max

  Point                                                   Incr       Path
  --------------------------------------------------------------------------
  clock CLKB_DOMAIN (rise edge)                           0.00       0.00
  clock network delay (ideal)                             0.00       0.00
  input external delay                                    4.00       4.00 r
  RdEn (in)                                               0.04       4.04 r
  U0_RegFile/RdEn (RegFile)                               0.00       4.04 r
  U0_RegFile/U61/Y (NAND2X2M)                             0.09       4.13 f
  U0_RegFile/U43/Y (NOR2X2M)                              0.35       4.47 r
  U0_RegFile/RdData_reg[2]/E (EDFFHQX8M)                  0.00       4.47 r
  data arrival time                                                  4.47

  clock CLKB_DOMAIN (rise edge)                          20.00      20.00
  clock network delay (ideal)                             0.00      20.00
  clock uncertainty                                      -0.20      19.80
  U0_RegFile/RdData_reg[2]/CK (EDFFHQX8M)                 0.00      19.80 r
  library setup time                                     -0.37      19.43
  data required time                                                19.43
  --------------------------------------------------------------------------
  data required time                                                19.43
  data arrival time                                                 -4.47
  --------------------------------------------------------------------------
  slack (MET)                                                       14.96


  Startpoint: RdEn (input port clocked by CLKB_DOMAIN)
  Endpoint: U0_RegFile/RdData_reg[1]
            (rising edge-triggered flip-flop clocked by CLKB_DOMAIN)
  Path Group: INREG
  Path Type: max

  Point                                                   Incr       Path
  --------------------------------------------------------------------------
  clock CLKB_DOMAIN (rise edge)                           0.00       0.00
  clock network delay (ideal)                             0.00       0.00
  input external delay                                    4.00       4.00 r
  RdEn (in)                                               0.04       4.04 r
  U0_RegFile/RdEn (RegFile)                               0.00       4.04 r
  U0_RegFile/U61/Y (NAND2X2M)                             0.09       4.13 f
  U0_RegFile/U43/Y (NOR2X2M)                              0.35       4.47 r
  U0_RegFile/RdData_reg[1]/E (EDFFHQX8M)                  0.00       4.47 r
  data arrival time                                                  4.47

  clock CLKB_DOMAIN (rise edge)                          20.00      20.00
  clock network delay (ideal)                             0.00      20.00
  clock uncertainty                                      -0.20      19.80
  U0_RegFile/RdData_reg[1]/CK (EDFFHQX8M)                 0.00      19.80 r
  library setup time                                     -0.37      19.43
  data required time                                                19.43
  --------------------------------------------------------------------------
  data required time                                                19.43
  data arrival time                                                 -4.47
  --------------------------------------------------------------------------
  slack (MET)                                                       14.96


  Startpoint: RdEn (input port clocked by CLKB_DOMAIN)
  Endpoint: U0_RegFile/RdData_reg[0]
            (rising edge-triggered flip-flop clocked by CLKB_DOMAIN)
  Path Group: INREG
  Path Type: max

  Point                                                   Incr       Path
  --------------------------------------------------------------------------
  clock CLKB_DOMAIN (rise edge)                           0.00       0.00
  clock network delay (ideal)                             0.00       0.00
  input external delay                                    4.00       4.00 r
  RdEn (in)                                               0.04       4.04 r
  U0_RegFile/RdEn (RegFile)                               0.00       4.04 r
  U0_RegFile/U61/Y (NAND2X2M)                             0.09       4.13 f
  U0_RegFile/U43/Y (NOR2X2M)                              0.35       4.47 r
  U0_RegFile/RdData_reg[0]/E (EDFFHQX8M)                  0.00       4.47 r
  data arrival time                                                  4.47

  clock CLKB_DOMAIN (rise edge)                          20.00      20.00
  clock network delay (ideal)                             0.00      20.00
  clock uncertainty                                      -0.20      19.80
  U0_RegFile/RdData_reg[0]/CK (EDFFHQX8M)                 0.00      19.80 r
  library setup time                                     -0.37      19.43
  data required time                                                19.43
  --------------------------------------------------------------------------
  data required time                                                19.43
  data arrival time                                                 -4.47
  --------------------------------------------------------------------------
  slack (MET)                                                       14.96


  Startpoint: RdEn (input port clocked by CLKB_DOMAIN)
  Endpoint: U0_RegFile/RdData_reg[5]
            (rising edge-triggered flip-flop clocked by CLKB_DOMAIN)
  Path Group: INREG
  Path Type: max

  Point                                                   Incr       Path
  --------------------------------------------------------------------------
  clock CLKB_DOMAIN (rise edge)                           0.00       0.00
  clock network delay (ideal)                             0.00       0.00
  input external delay                                    4.00       4.00 r
  RdEn (in)                                               0.04       4.04 r
  U0_RegFile/RdEn (RegFile)                               0.00       4.04 r
  U0_RegFile/U61/Y (NAND2X2M)                             0.09       4.13 f
  U0_RegFile/U43/Y (NOR2X2M)                              0.35       4.47 r
  U0_RegFile/RdData_reg[5]/E (EDFFHQX8M)                  0.00       4.47 r
  data arrival time                                                  4.47

  clock CLKB_DOMAIN (rise edge)                          20.00      20.00
  clock network delay (ideal)                             0.00      20.00
  clock uncertainty                                      -0.20      19.80
  U0_RegFile/RdData_reg[5]/CK (EDFFHQX8M)                 0.00      19.80 r
  library setup time                                     -0.37      19.43
  data required time                                                19.43
  --------------------------------------------------------------------------
  data required time                                                19.43
  data arrival time                                                 -4.47
  --------------------------------------------------------------------------
  slack (MET)                                                       14.96


  Startpoint: RdEn (input port clocked by CLKB_DOMAIN)
  Endpoint: U0_RegFile/RdData_reg[4]
            (rising edge-triggered flip-flop clocked by CLKB_DOMAIN)
  Path Group: INREG
  Path Type: max

  Point                                                   Incr       Path
  --------------------------------------------------------------------------
  clock CLKB_DOMAIN (rise edge)                           0.00       0.00
  clock network delay (ideal)                             0.00       0.00
  input external delay                                    4.00       4.00 r
  RdEn (in)                                               0.04       4.04 r
  U0_RegFile/RdEn (RegFile)                               0.00       4.04 r
  U0_RegFile/U61/Y (NAND2X2M)                             0.09       4.13 f
  U0_RegFile/U43/Y (NOR2X2M)                              0.35       4.47 r
  U0_RegFile/RdData_reg[4]/E (EDFFHQX8M)                  0.00       4.47 r
  data arrival time                                                  4.47

  clock CLKB_DOMAIN (rise edge)                          20.00      20.00
  clock network delay (ideal)                             0.00      20.00
  clock uncertainty                                      -0.20      19.80
  U0_RegFile/RdData_reg[4]/CK (EDFFHQX8M)                 0.00      19.80 r
  library setup time                                     -0.37      19.43
  data required time                                                19.43
  --------------------------------------------------------------------------
  data required time                                                19.43
  data arrival time                                                 -4.47
  --------------------------------------------------------------------------
  slack (MET)                                                       14.96


  Startpoint: RdEn (input port clocked by CLKB_DOMAIN)
  Endpoint: U0_RegFile/RdData_reg[3]
            (rising edge-triggered flip-flop clocked by CLKB_DOMAIN)
  Path Group: INREG
  Path Type: max

  Point                                                   Incr       Path
  --------------------------------------------------------------------------
  clock CLKB_DOMAIN (rise edge)                           0.00       0.00
  clock network delay (ideal)                             0.00       0.00
  input external delay                                    4.00       4.00 r
  RdEn (in)                                               0.04       4.04 r
  U0_RegFile/RdEn (RegFile)                               0.00       4.04 r
  U0_RegFile/U61/Y (NAND2X2M)                             0.09       4.13 f
  U0_RegFile/U43/Y (NOR2X2M)                              0.35       4.47 r
  U0_RegFile/RdData_reg[3]/E (EDFFHQX8M)                  0.00       4.47 r
  data arrival time                                                  4.47

  clock CLKB_DOMAIN (rise edge)                          20.00      20.00
  clock network delay (ideal)                             0.00      20.00
  clock uncertainty                                      -0.20      19.80
  U0_RegFile/RdData_reg[3]/CK (EDFFHQX8M)                 0.00      19.80 r
  library setup time                                     -0.37      19.43
  data required time                                                19.43
  --------------------------------------------------------------------------
  data required time                                                19.43
  data arrival time                                                 -4.47
  --------------------------------------------------------------------------
  slack (MET)                                                       14.96


  Startpoint: RdEn (input port clocked by CLKB_DOMAIN)
  Endpoint: U0_RegFile/RD_ADDR_reg[1]
            (rising edge-triggered flip-flop clocked by CLKB_DOMAIN)
  Path Group: INREG
  Path Type: max

  Point                                                   Incr       Path
  --------------------------------------------------------------------------
  clock CLKB_DOMAIN (rise edge)                           0.00       0.00
  clock network delay (ideal)                             0.00       0.00
  input external delay                                    4.00       4.00 r
  RdEn (in)                                               0.04       4.04 r
  U0_RegFile/RdEn (RegFile)                               0.00       4.04 r
  U0_RegFile/U61/Y (NAND2X2M)                             0.09       4.13 f
  U0_RegFile/U192/Y (NAND2BX2M)                           0.18       4.31 f
  U0_RegFile/U58/Y (XNOR2X2M)                             0.13       4.44 r
  U0_RegFile/RD_ADDR_reg[1]/D (DFFRQX2M)                  0.00       4.44 r
  data arrival time                                                  4.44

  clock CLKB_DOMAIN (rise edge)                          20.00      20.00
  clock network delay (ideal)                             0.00      20.00
  clock uncertainty                                      -0.20      19.80
  U0_RegFile/RD_ADDR_reg[1]/CK (DFFRQX2M)                 0.00      19.80 r
  library setup time                                     -0.31      19.49
  data required time                                                19.49
  --------------------------------------------------------------------------
  data required time                                                19.49
  data arrival time                                                 -4.44
  --------------------------------------------------------------------------
  slack (MET)                                                       15.05


  Startpoint: RdEn (input port clocked by CLKB_DOMAIN)
  Endpoint: U0_RegFile/WR_ADDR_reg[0]
            (rising edge-triggered flip-flop clocked by CLKB_DOMAIN)
  Path Group: INREG
  Path Type: max

  Point                                                   Incr       Path
  --------------------------------------------------------------------------
  clock CLKB_DOMAIN (rise edge)                           0.00       0.00
  clock network delay (ideal)                             0.00       0.00
  input external delay                                    4.00       4.00 f
  RdEn (in)                                               0.03       4.03 f
  U0_RegFile/RdEn (RegFile)                               0.00       4.03 f
  U0_RegFile/U56/Y (NOR2X2M)                              0.17       4.20 r
  U0_RegFile/U62/Y (NAND2X2M)                             0.13       4.33 f
  U0_RegFile/U195/Y (OAI21X2M)                            0.07       4.40 r
  U0_RegFile/WR_ADDR_reg[0]/D (DFFRX1M)                   0.00       4.40 r
  data arrival time                                                  4.40

  clock CLKB_DOMAIN (rise edge)                          20.00      20.00
  clock network delay (ideal)                             0.00      20.00
  clock uncertainty                                      -0.20      19.80
  U0_RegFile/WR_ADDR_reg[0]/CK (DFFRX1M)                  0.00      19.80 r
  library setup time                                     -0.25      19.55
  data required time                                                19.55
  --------------------------------------------------------------------------
  data required time                                                19.55
  data arrival time                                                 -4.40
  --------------------------------------------------------------------------
  slack (MET)                                                       15.16


  Startpoint: RdEn (input port clocked by CLKB_DOMAIN)
  Endpoint: U0_RegFile/RD_ADDR_reg[0]
            (rising edge-triggered flip-flop clocked by CLKB_DOMAIN)
  Path Group: INREG
  Path Type: max

  Point                                                   Incr       Path
  --------------------------------------------------------------------------
  clock CLKB_DOMAIN (rise edge)                           0.00       0.00
  clock network delay (ideal)                             0.00       0.00
  input external delay                                    4.00       4.00 f
  RdEn (in)                                               0.03       4.03 f
  U0_RegFile/RdEn (RegFile)                               0.00       4.03 f
  U0_RegFile/U61/Y (NAND2X2M)                             0.09       4.12 r
  U0_RegFile/U194/Y (XNOR2X2M)                            0.17       4.29 r
  U0_RegFile/RD_ADDR_reg[0]/D (DFFRQX2M)                  0.00       4.29 r
  data arrival time                                                  4.29

  clock CLKB_DOMAIN (rise edge)                          20.00      20.00
  clock network delay (ideal)                             0.00      20.00
  clock uncertainty                                      -0.20      19.80
  U0_RegFile/RD_ADDR_reg[0]/CK (DFFRQX2M)                 0.00      19.80 r
  library setup time                                     -0.31      19.49
  data required time                                                19.49
  --------------------------------------------------------------------------
  data required time                                                19.49
  data arrival time                                                 -4.29
  --------------------------------------------------------------------------
  slack (MET)                                                       15.20


  Startpoint: ACTIVE (input port clocked by CLKA_DOMAIN)
  Endpoint: U0_CRC/LFSR_reg[2]
            (rising edge-triggered flip-flop clocked by CLKA_DOMAIN)
  Path Group: INREG
  Path Type: max

  Point                                    Incr       Path
  -----------------------------------------------------------
  clock CLKA_DOMAIN (rise edge)            0.00       0.00
  clock network delay (ideal)              0.00       0.00
  input external delay                    14.00      14.00 f
  ACTIVE (in)                              0.05      14.05 f
  U0_CRC/ACTIVE (CRC)                      0.00      14.05 f
  U0_CRC/U10/Y (NOR2BX2M)                  0.25      14.30 r
  U0_CRC/U4/Y (NOR2X2M)                    0.16      14.46 f
  U0_CRC/U3/Y (INVX2M)                     0.19      14.64 r
  U0_CRC/U23/Y (AOI32X1M)                  0.19      14.84 f
  U0_CRC/U22/Y (OAI21X2M)                  0.09      14.93 r
  U0_CRC/LFSR_reg[2]/D (DFFRX1M)           0.00      14.93 r
  data arrival time                                  14.93

  clock CLKA_DOMAIN (rise edge)           70.00      70.00
  clock network delay (ideal)              0.00      70.00
  clock uncertainty                       -0.20      69.80
  U0_CRC/LFSR_reg[2]/CK (DFFRX1M)          0.00      69.80 r
  library setup time                      -0.25      69.55
  data required time                                 69.55
  -----------------------------------------------------------
  data required time                                 69.55
  data arrival time                                 -14.93
  -----------------------------------------------------------
  slack (MET)                                        54.63


  Startpoint: ACTIVE (input port clocked by CLKA_DOMAIN)
  Endpoint: U0_CRC/LFSR_reg[6]
            (rising edge-triggered flip-flop clocked by CLKA_DOMAIN)
  Path Group: INREG
  Path Type: max

  Point                                    Incr       Path
  -----------------------------------------------------------
  clock CLKA_DOMAIN (rise edge)            0.00       0.00
  clock network delay (ideal)              0.00       0.00
  input external delay                    14.00      14.00 f
  ACTIVE (in)                              0.05      14.05 f
  U0_CRC/ACTIVE (CRC)                      0.00      14.05 f
  U0_CRC/U10/Y (NOR2BX2M)                  0.25      14.30 r
  U0_CRC/U4/Y (NOR2X2M)                    0.16      14.46 f
  U0_CRC/U3/Y (INVX2M)                     0.19      14.64 r
  U0_CRC/U21/Y (AOI32X1M)                  0.19      14.84 f
  U0_CRC/U20/Y (OAI21X2M)                  0.09      14.93 r
  U0_CRC/LFSR_reg[6]/D (DFFSX1M)           0.00      14.93 r
  data arrival time                                  14.93

  clock CLKA_DOMAIN (rise edge)           70.00      70.00
  clock network delay (ideal)              0.00      70.00
  clock uncertainty                       -0.20      69.80
  U0_CRC/LFSR_reg[6]/CK (DFFSX1M)          0.00      69.80 r
  library setup time                      -0.17      69.63
  data required time                                 69.63
  -----------------------------------------------------------
  data required time                                 69.63
  data arrival time                                 -14.93
  -----------------------------------------------------------
  slack (MET)                                        54.70


  Startpoint: ACTIVE (input port clocked by CLKA_DOMAIN)
  Endpoint: U0_CRC/LFSR_reg[5]
            (rising edge-triggered flip-flop clocked by CLKA_DOMAIN)
  Path Group: INREG
  Path Type: max

  Point                                    Incr       Path
  -----------------------------------------------------------
  clock CLKA_DOMAIN (rise edge)            0.00       0.00
  clock network delay (ideal)              0.00       0.00
  input external delay                    14.00      14.00 r
  ACTIVE (in)                              0.06      14.06 r
  U0_CRC/ACTIVE (CRC)                      0.00      14.06 r
  U0_CRC/U10/Y (NOR2BX2M)                  0.10      14.16 f
  U0_CRC/U4/Y (NOR2X2M)                    0.28      14.44 r
  U0_CRC/U3/Y (INVX2M)                     0.18      14.63 f
  U0_CRC/U15/Y (OAI22X1M)                  0.19      14.82 r
  U0_CRC/LFSR_reg[5]/D (DFFRX1M)           0.00      14.82 r
  data arrival time                                  14.82

  clock CLKA_DOMAIN (rise edge)           70.00      70.00
  clock network delay (ideal)              0.00      70.00
  clock uncertainty                       -0.20      69.80
  U0_CRC/LFSR_reg[5]/CK (DFFRX1M)          0.00      69.80 r
  library setup time                      -0.26      69.54
  data required time                                 69.54
  -----------------------------------------------------------
  data required time                                 69.54
  data arrival time                                 -14.82
  -----------------------------------------------------------
  slack (MET)                                        54.72


  Startpoint: ACTIVE (input port clocked by CLKA_DOMAIN)
  Endpoint: U0_CRC/LFSR_reg[1]
            (rising edge-triggered flip-flop clocked by CLKA_DOMAIN)
  Path Group: INREG
  Path Type: max

  Point                                    Incr       Path
  -----------------------------------------------------------
  clock CLKA_DOMAIN (rise edge)            0.00       0.00
  clock network delay (ideal)              0.00       0.00
  input external delay                    14.00      14.00 r
  ACTIVE (in)                              0.06      14.06 r
  U0_CRC/ACTIVE (CRC)                      0.00      14.06 r
  U0_CRC/U10/Y (NOR2BX2M)                  0.10      14.16 f
  U0_CRC/U4/Y (NOR2X2M)                    0.28      14.44 r
  U0_CRC/U3/Y (INVX2M)                     0.18      14.63 f
  U0_CRC/U16/Y (OAI22X1M)                  0.19      14.82 r
  U0_CRC/LFSR_reg[1]/D (DFFRX1M)           0.00      14.82 r
  data arrival time                                  14.82

  clock CLKA_DOMAIN (rise edge)           70.00      70.00
  clock network delay (ideal)              0.00      70.00
  clock uncertainty                       -0.20      69.80
  U0_CRC/LFSR_reg[1]/CK (DFFRX1M)          0.00      69.80 r
  library setup time                      -0.26      69.54
  data required time                                 69.54
  -----------------------------------------------------------
  data required time                                 69.54
  data arrival time                                 -14.82
  -----------------------------------------------------------
  slack (MET)                                        54.72


  Startpoint: ACTIVE (input port clocked by CLKA_DOMAIN)
  Endpoint: U0_CRC/LFSR_reg[4]
            (rising edge-triggered flip-flop clocked by CLKA_DOMAIN)
  Path Group: INREG
  Path Type: max

  Point                                    Incr       Path
  -----------------------------------------------------------
  clock CLKA_DOMAIN (rise edge)            0.00       0.00
  clock network delay (ideal)              0.00       0.00
  input external delay                    14.00      14.00 r
  ACTIVE (in)                              0.06      14.06 r
  U0_CRC/ACTIVE (CRC)                      0.00      14.06 r
  U0_CRC/U10/Y (NOR2BX2M)                  0.10      14.16 f
  U0_CRC/U4/Y (NOR2X2M)                    0.28      14.44 r
  U0_CRC/U3/Y (INVX2M)                     0.18      14.63 f
  U0_CRC/U14/Y (OAI22X1M)                  0.20      14.83 r
  U0_CRC/LFSR_reg[4]/D (DFFSX1M)           0.00      14.83 r
  data arrival time                                  14.83

  clock CLKA_DOMAIN (rise edge)           70.00      70.00
  clock network delay (ideal)              0.00      70.00
  clock uncertainty                       -0.20      69.80
  U0_CRC/LFSR_reg[4]/CK (DFFSX1M)          0.00      69.80 r
  library setup time                      -0.18      69.62
  data required time                                 69.62
  -----------------------------------------------------------
  data required time                                 69.62
  data arrival time                                 -14.83
  -----------------------------------------------------------
  slack (MET)                                        54.79


  Startpoint: ACTIVE (input port clocked by CLKA_DOMAIN)
  Endpoint: U0_CRC/LFSR_reg[3]
            (rising edge-triggered flip-flop clocked by CLKA_DOMAIN)
  Path Group: INREG
  Path Type: max

  Point                                    Incr       Path
  -----------------------------------------------------------
  clock CLKA_DOMAIN (rise edge)            0.00       0.00
  clock network delay (ideal)              0.00       0.00
  input external delay                    14.00      14.00 r
  ACTIVE (in)                              0.06      14.06 r
  U0_CRC/ACTIVE (CRC)                      0.00      14.06 r
  U0_CRC/U10/Y (NOR2BX2M)                  0.10      14.16 f
  U0_CRC/U4/Y (NOR2X2M)                    0.28      14.44 r
  U0_CRC/U3/Y (INVX2M)                     0.18      14.63 f
  U0_CRC/U13/Y (OAI22X1M)                  0.20      14.83 r
  U0_CRC/LFSR_reg[3]/D (DFFSX1M)           0.00      14.83 r
  data arrival time                                  14.83

  clock CLKA_DOMAIN (rise edge)           70.00      70.00
  clock network delay (ideal)              0.00      70.00
  clock uncertainty                       -0.20      69.80
  U0_CRC/LFSR_reg[3]/CK (DFFSX1M)          0.00      69.80 r
  library setup time                      -0.18      69.62
  data required time                                 69.62
  -----------------------------------------------------------
  data required time                                 69.62
  data arrival time                                 -14.83
  -----------------------------------------------------------
  slack (MET)                                        54.79


  Startpoint: ACTIVE (input port clocked by CLKA_DOMAIN)
  Endpoint: U0_CRC/LFSR_reg[0]
            (rising edge-triggered flip-flop clocked by CLKA_DOMAIN)
  Path Group: INREG
  Path Type: max

  Point                                    Incr       Path
  -----------------------------------------------------------
  clock CLKA_DOMAIN (rise edge)            0.00       0.00
  clock network delay (ideal)              0.00       0.00
  input external delay                    14.00      14.00 r
  ACTIVE (in)                              0.06      14.06 r
  U0_CRC/ACTIVE (CRC)                      0.00      14.06 r
  U0_CRC/U10/Y (NOR2BX2M)                  0.10      14.16 f
  U0_CRC/U4/Y (NOR2X2M)                    0.28      14.44 r
  U0_CRC/U17/Y (OAI2BB2X1M)                0.20      14.64 r
  U0_CRC/LFSR_reg[0]/D (DFFRQX2M)          0.00      14.64 r
  data arrival time                                  14.64

  clock CLKA_DOMAIN (rise edge)           70.00      70.00
  clock network delay (ideal)              0.00      70.00
  clock uncertainty                       -0.20      69.80
  U0_CRC/LFSR_reg[0]/CK (DFFRQX2M)         0.00      69.80 r
  library setup time                      -0.31      69.49
  data required time                                 69.49
  -----------------------------------------------------------
  data required time                                 69.49
  data arrival time                                 -14.64
  -----------------------------------------------------------
  slack (MET)                                        54.85


  Startpoint: ACTIVE (input port clocked by CLKA_DOMAIN)
  Endpoint: U0_CRC/LFSR_reg[7]
            (rising edge-triggered flip-flop clocked by CLKA_DOMAIN)
  Path Group: INREG
  Path Type: max

  Point                                    Incr       Path
  -----------------------------------------------------------
  clock CLKA_DOMAIN (rise edge)            0.00       0.00
  clock network delay (ideal)              0.00       0.00
  input external delay                    14.00      14.00 r
  ACTIVE (in)                              0.06      14.06 r
  U0_CRC/ACTIVE (CRC)                      0.00      14.06 r
  U0_CRC/U10/Y (NOR2BX2M)                  0.10      14.16 f
  U0_CRC/U4/Y (NOR2X2M)                    0.28      14.44 r
  U0_CRC/U3/Y (INVX2M)                     0.18      14.63 f
  U0_CRC/U5/Y (OAI21X2M)                   0.15      14.78 r
  U0_CRC/LFSR_reg[7]/D (DFFSX1M)           0.00      14.78 r
  data arrival time                                  14.78

  clock CLKA_DOMAIN (rise edge)           70.00      70.00
  clock network delay (ideal)              0.00      70.00
  clock uncertainty                       -0.20      69.80
  U0_CRC/LFSR_reg[7]/CK (DFFSX1M)          0.00      69.80 r
  library setup time                      -0.17      69.63
  data required time                                 69.63
  -----------------------------------------------------------
  data required time                                 69.63
  data arrival time                                 -14.78
  -----------------------------------------------------------
  slack (MET)                                        54.85


  Startpoint: ACTIVE (input port clocked by CLKA_DOMAIN)
  Endpoint: U0_CRC/count_reg[3]
            (rising edge-triggered flip-flop clocked by CLKA_DOMAIN)
  Path Group: INREG
  Path Type: max

  Point                                    Incr       Path
  -----------------------------------------------------------
  clock CLKA_DOMAIN (rise edge)            0.00       0.00
  clock network delay (ideal)              0.00       0.00
  input external delay                    14.00      14.00 f
  ACTIVE (in)                              0.05      14.05 f
  U0_CRC/ACTIVE (CRC)                      0.00      14.05 f
  U0_CRC/U10/Y (NOR2BX2M)                  0.25      14.30 r
  U0_CRC/U4/Y (NOR2X2M)                    0.16      14.46 f
  U0_CRC/U6/Y (AO21XLM)                    0.28      14.74 f
  U0_CRC/count_reg[3]/D (DFFSX1M)          0.00      14.74 f
  data arrival time                                  14.74

  clock CLKA_DOMAIN (rise edge)           70.00      70.00
  clock network delay (ideal)              0.00      70.00
  clock uncertainty                       -0.20      69.80
  U0_CRC/count_reg[3]/CK (DFFSX1M)         0.00      69.80 r
  library setup time                      -0.09      69.71
  data required time                                 69.71
  -----------------------------------------------------------
  data required time                                 69.71
  data arrival time                                 -14.74
  -----------------------------------------------------------
  slack (MET)                                        54.97


  Startpoint: ACTIVE (input port clocked by CLKA_DOMAIN)
  Endpoint: U0_CRC/CRC_reg
            (rising edge-triggered flip-flop clocked by CLKA_DOMAIN)
  Path Group: INREG
  Path Type: max

  Point                                    Incr       Path
  -----------------------------------------------------------
  clock CLKA_DOMAIN (rise edge)            0.00       0.00
  clock network delay (ideal)              0.00       0.00
  input external delay                    14.00      14.00 f
  ACTIVE (in)                              0.05      14.05 f
  U0_CRC/ACTIVE (CRC)                      0.00      14.05 f
  U0_CRC/U10/Y (NOR2BX2M)                  0.25      14.30 r
  U0_CRC/U24/Y (AO22X1M)                   0.20      14.50 r
  U0_CRC/CRC_reg/D (DFFRQX2M)              0.00      14.50 r
  data arrival time                                  14.50

  clock CLKA_DOMAIN (rise edge)           70.00      70.00
  clock network delay (ideal)              0.00      70.00
  clock uncertainty                       -0.20      69.80
  U0_CRC/CRC_reg/CK (DFFRQX2M)             0.00      69.80 r
  library setup time                      -0.29      69.51
  data required time                                 69.51
  -----------------------------------------------------------
  data required time                                 69.51
  data arrival time                                 -14.50
  -----------------------------------------------------------
  slack (MET)                                        55.01


  Startpoint: ACTIVE (input port clocked by CLKA_DOMAIN)
  Endpoint: U0_CRC/count_reg[4]
            (rising edge-triggered flip-flop clocked by CLKA_DOMAIN)
  Path Group: INREG
  Path Type: max

  Point                                    Incr       Path
  -----------------------------------------------------------
  clock CLKA_DOMAIN (rise edge)            0.00       0.00
  clock network delay (ideal)              0.00       0.00
  input external delay                    14.00      14.00 f
  ACTIVE (in)                              0.05      14.05 f
  U0_CRC/ACTIVE (CRC)                      0.00      14.05 f
  U0_CRC/U10/Y (NOR2BX2M)                  0.25      14.30 r
  U0_CRC/U25/Y (AND2X2M)                   0.16      14.46 r
  U0_CRC/count_reg[4]/D (DFFRQX2M)         0.00      14.46 r
  data arrival time                                  14.46

  clock CLKA_DOMAIN (rise edge)           70.00      70.00
  clock network delay (ideal)              0.00      70.00
  clock uncertainty                       -0.20      69.80
  U0_CRC/count_reg[4]/CK (DFFRQX2M)        0.00      69.80 r
  library setup time                      -0.29      69.51
  data required time                                 69.51
  -----------------------------------------------------------
  data required time                                 69.51
  data arrival time                                 -14.46
  -----------------------------------------------------------
  slack (MET)                                        55.05


  Startpoint: ACTIVE (input port clocked by CLKA_DOMAIN)
  Endpoint: U0_CRC/count_reg[0]
            (rising edge-triggered flip-flop clocked by CLKA_DOMAIN)
  Path Group: INREG
  Path Type: max

  Point                                    Incr       Path
  -----------------------------------------------------------
  clock CLKA_DOMAIN (rise edge)            0.00       0.00
  clock network delay (ideal)              0.00       0.00
  input external delay                    14.00      14.00 f
  ACTIVE (in)                              0.05      14.05 f
  U0_CRC/ACTIVE (CRC)                      0.00      14.05 f
  U0_CRC/U10/Y (NOR2BX2M)                  0.25      14.30 r
  U0_CRC/U26/Y (AND2X2M)                   0.16      14.46 r
  U0_CRC/count_reg[0]/D (DFFRQX2M)         0.00      14.46 r
  data arrival time                                  14.46

  clock CLKA_DOMAIN (rise edge)           70.00      70.00
  clock network delay (ideal)              0.00      70.00
  clock uncertainty                       -0.20      69.80
  U0_CRC/count_reg[0]/CK (DFFRQX2M)        0.00      69.80 r
  library setup time                      -0.29      69.51
  data required time                                 69.51
  -----------------------------------------------------------
  data required time                                 69.51
  data arrival time                                 -14.46
  -----------------------------------------------------------
  slack (MET)                                        55.05


  Startpoint: ACTIVE (input port clocked by CLKA_DOMAIN)
  Endpoint: U0_CRC/count_reg[1]
            (rising edge-triggered flip-flop clocked by CLKA_DOMAIN)
  Path Group: INREG
  Path Type: max

  Point                                    Incr       Path
  -----------------------------------------------------------
  clock CLKA_DOMAIN (rise edge)            0.00       0.00
  clock network delay (ideal)              0.00       0.00
  input external delay                    14.00      14.00 f
  ACTIVE (in)                              0.05      14.05 f
  U0_CRC/ACTIVE (CRC)                      0.00      14.05 f
  U0_CRC/U10/Y (NOR2BX2M)                  0.25      14.30 r
  U0_CRC/U9/Y (AND2X2M)                    0.16      14.46 r
  U0_CRC/count_reg[1]/D (DFFRQX2M)         0.00      14.46 r
  data arrival time                                  14.46

  clock CLKA_DOMAIN (rise edge)           70.00      70.00
  clock network delay (ideal)              0.00      70.00
  clock uncertainty                       -0.20      69.80
  U0_CRC/count_reg[1]/CK (DFFRQX2M)        0.00      69.80 r
  library setup time                      -0.29      69.51
  data required time                                 69.51
  -----------------------------------------------------------
  data required time                                 69.51
  data arrival time                                 -14.46
  -----------------------------------------------------------
  slack (MET)                                        55.05


  Startpoint: ACTIVE (input port clocked by CLKA_DOMAIN)
  Endpoint: U0_CRC/count_reg[2]
            (rising edge-triggered flip-flop clocked by CLKA_DOMAIN)
  Path Group: INREG
  Path Type: max

  Point                                    Incr       Path
  -----------------------------------------------------------
  clock CLKA_DOMAIN (rise edge)            0.00       0.00
  clock network delay (ideal)              0.00       0.00
  input external delay                    14.00      14.00 f
  ACTIVE (in)                              0.05      14.05 f
  U0_CRC/ACTIVE (CRC)                      0.00      14.05 f
  U0_CRC/U10/Y (NOR2BX2M)                  0.25      14.30 r
  U0_CRC/U8/Y (AND2X2M)                    0.16      14.46 r
  U0_CRC/count_reg[2]/D (DFFRQX2M)         0.00      14.46 r
  data arrival time                                  14.46

  clock CLKA_DOMAIN (rise edge)           70.00      70.00
  clock network delay (ideal)              0.00      70.00
  clock uncertainty                       -0.20      69.80
  U0_CRC/count_reg[2]/CK (DFFRQX2M)        0.00      69.80 r
  library setup time                      -0.29      69.51
  data required time                                 69.51
  -----------------------------------------------------------
  data required time                                 69.51
  data arrival time                                 -14.46
  -----------------------------------------------------------
  slack (MET)                                        55.05


  Startpoint: ACTIVE (input port clocked by CLKA_DOMAIN)
  Endpoint: U0_CRC/Valid_reg
            (rising edge-triggered flip-flop clocked by CLKA_DOMAIN)
  Path Group: INREG
  Path Type: max

  Point                                    Incr       Path
  -----------------------------------------------------------
  clock CLKA_DOMAIN (rise edge)            0.00       0.00
  clock network delay (ideal)              0.00       0.00
  input external delay                    14.00      14.00 f
  ACTIVE (in)                              0.05      14.05 f
  U0_CRC/ACTIVE (CRC)                      0.00      14.05 f
  U0_CRC/U10/Y (NOR2BX2M)                  0.25      14.30 r
  U0_CRC/Valid_reg/D (DFFRQX2M)            0.00      14.30 r
  data arrival time                                  14.30

  clock CLKA_DOMAIN (rise edge)           70.00      70.00
  clock network delay (ideal)              0.00      70.00
  clock uncertainty                       -0.20      69.80
  U0_CRC/Valid_reg/CK (DFFRQX2M)           0.00      69.80 r
  library setup time                      -0.34      69.46
  data required time                                 69.46
  -----------------------------------------------------------
  data required time                                 69.46
  data arrival time                                 -14.30
  -----------------------------------------------------------
  slack (MET)                                        55.17


  Startpoint: U0_RegFile/RdData_reg[7]
              (rising edge-triggered flip-flop clocked by CLKB_DOMAIN)
  Endpoint: RdData[7] (output port clocked by CLKB_DOMAIN)
  Path Group: REGOUT
  Path Type: max

  Point                                                   Incr       Path
  --------------------------------------------------------------------------
  clock CLKB_DOMAIN (rise edge)                           0.00       0.00
  clock network delay (ideal)                             0.00       0.00
  U0_RegFile/RdData_reg[7]/CK (EDFFHQX8M)                 0.00       0.00 r
  U0_RegFile/RdData_reg[7]/Q (EDFFHQX8M)                  0.95       0.95 r
  U0_RegFile/RdData[7] (RegFile)                          0.00       0.95 r
  RdData[7] (out)                                         0.00       0.95 r
  data arrival time                                                  0.95

  clock CLKB_DOMAIN (rise edge)                          20.00      20.00
  clock network delay (ideal)                             0.00      20.00
  clock uncertainty                                      -0.20      19.80
  output external delay                                  -4.00      15.80
  data required time                                                15.80
  --------------------------------------------------------------------------
  data required time                                                15.80
  data arrival time                                                 -0.95
  --------------------------------------------------------------------------
  slack (MET)                                                       14.85


  Startpoint: U0_RegFile/RdData_reg[6]
              (rising edge-triggered flip-flop clocked by CLKB_DOMAIN)
  Endpoint: RdData[6] (output port clocked by CLKB_DOMAIN)
  Path Group: REGOUT
  Path Type: max

  Point                                                   Incr       Path
  --------------------------------------------------------------------------
  clock CLKB_DOMAIN (rise edge)                           0.00       0.00
  clock network delay (ideal)                             0.00       0.00
  U0_RegFile/RdData_reg[6]/CK (EDFFHQX8M)                 0.00       0.00 r
  U0_RegFile/RdData_reg[6]/Q (EDFFHQX8M)                  0.95       0.95 r
  U0_RegFile/RdData[6] (RegFile)                          0.00       0.95 r
  RdData[6] (out)                                         0.00       0.95 r
  data arrival time                                                  0.95

  clock CLKB_DOMAIN (rise edge)                          20.00      20.00
  clock network delay (ideal)                             0.00      20.00
  clock uncertainty                                      -0.20      19.80
  output external delay                                  -4.00      15.80
  data required time                                                15.80
  --------------------------------------------------------------------------
  data required time                                                15.80
  data arrival time                                                 -0.95
  --------------------------------------------------------------------------
  slack (MET)                                                       14.85


  Startpoint: U0_RegFile/RdData_reg[5]
              (rising edge-triggered flip-flop clocked by CLKB_DOMAIN)
  Endpoint: RdData[5] (output port clocked by CLKB_DOMAIN)
  Path Group: REGOUT
  Path Type: max

  Point                                                   Incr       Path
  --------------------------------------------------------------------------
  clock CLKB_DOMAIN (rise edge)                           0.00       0.00
  clock network delay (ideal)                             0.00       0.00
  U0_RegFile/RdData_reg[5]/CK (EDFFHQX8M)                 0.00       0.00 r
  U0_RegFile/RdData_reg[5]/Q (EDFFHQX8M)                  0.95       0.95 r
  U0_RegFile/RdData[5] (RegFile)                          0.00       0.95 r
  RdData[5] (out)                                         0.00       0.95 r
  data arrival time                                                  0.95

  clock CLKB_DOMAIN (rise edge)                          20.00      20.00
  clock network delay (ideal)                             0.00      20.00
  clock uncertainty                                      -0.20      19.80
  output external delay                                  -4.00      15.80
  data required time                                                15.80
  --------------------------------------------------------------------------
  data required time                                                15.80
  data arrival time                                                 -0.95
  --------------------------------------------------------------------------
  slack (MET)                                                       14.85


  Startpoint: U0_RegFile/RdData_reg[4]
              (rising edge-triggered flip-flop clocked by CLKB_DOMAIN)
  Endpoint: RdData[4] (output port clocked by CLKB_DOMAIN)
  Path Group: REGOUT
  Path Type: max

  Point                                                   Incr       Path
  --------------------------------------------------------------------------
  clock CLKB_DOMAIN (rise edge)                           0.00       0.00
  clock network delay (ideal)                             0.00       0.00
  U0_RegFile/RdData_reg[4]/CK (EDFFHQX8M)                 0.00       0.00 r
  U0_RegFile/RdData_reg[4]/Q (EDFFHQX8M)                  0.95       0.95 r
  U0_RegFile/RdData[4] (RegFile)                          0.00       0.95 r
  RdData[4] (out)                                         0.00       0.95 r
  data arrival time                                                  0.95

  clock CLKB_DOMAIN (rise edge)                          20.00      20.00
  clock network delay (ideal)                             0.00      20.00
  clock uncertainty                                      -0.20      19.80
  output external delay                                  -4.00      15.80
  data required time                                                15.80
  --------------------------------------------------------------------------
  data required time                                                15.80
  data arrival time                                                 -0.95
  --------------------------------------------------------------------------
  slack (MET)                                                       14.85


  Startpoint: U0_RegFile/RdData_reg[3]
              (rising edge-triggered flip-flop clocked by CLKB_DOMAIN)
  Endpoint: RdData[3] (output port clocked by CLKB_DOMAIN)
  Path Group: REGOUT
  Path Type: max

  Point                                                   Incr       Path
  --------------------------------------------------------------------------
  clock CLKB_DOMAIN (rise edge)                           0.00       0.00
  clock network delay (ideal)                             0.00       0.00
  U0_RegFile/RdData_reg[3]/CK (EDFFHQX8M)                 0.00       0.00 r
  U0_RegFile/RdData_reg[3]/Q (EDFFHQX8M)                  0.95       0.95 r
  U0_RegFile/RdData[3] (RegFile)                          0.00       0.95 r
  RdData[3] (out)                                         0.00       0.95 r
  data arrival time                                                  0.95

  clock CLKB_DOMAIN (rise edge)                          20.00      20.00
  clock network delay (ideal)                             0.00      20.00
  clock uncertainty                                      -0.20      19.80
  output external delay                                  -4.00      15.80
  data required time                                                15.80
  --------------------------------------------------------------------------
  data required time                                                15.80
  data arrival time                                                 -0.95
  --------------------------------------------------------------------------
  slack (MET)                                                       14.85


  Startpoint: U0_RegFile/RdData_reg[2]
              (rising edge-triggered flip-flop clocked by CLKB_DOMAIN)
  Endpoint: RdData[2] (output port clocked by CLKB_DOMAIN)
  Path Group: REGOUT
  Path Type: max

  Point                                                   Incr       Path
  --------------------------------------------------------------------------
  clock CLKB_DOMAIN (rise edge)                           0.00       0.00
  clock network delay (ideal)                             0.00       0.00
  U0_RegFile/RdData_reg[2]/CK (EDFFHQX8M)                 0.00       0.00 r
  U0_RegFile/RdData_reg[2]/Q (EDFFHQX8M)                  0.95       0.95 r
  U0_RegFile/RdData[2] (RegFile)                          0.00       0.95 r
  RdData[2] (out)                                         0.00       0.95 r
  data arrival time                                                  0.95

  clock CLKB_DOMAIN (rise edge)                          20.00      20.00
  clock network delay (ideal)                             0.00      20.00
  clock uncertainty                                      -0.20      19.80
  output external delay                                  -4.00      15.80
  data required time                                                15.80
  --------------------------------------------------------------------------
  data required time                                                15.80
  data arrival time                                                 -0.95
  --------------------------------------------------------------------------
  slack (MET)                                                       14.85


  Startpoint: U0_RegFile/RdData_reg[1]
              (rising edge-triggered flip-flop clocked by CLKB_DOMAIN)
  Endpoint: RdData[1] (output port clocked by CLKB_DOMAIN)
  Path Group: REGOUT
  Path Type: max

  Point                                                   Incr       Path
  --------------------------------------------------------------------------
  clock CLKB_DOMAIN (rise edge)                           0.00       0.00
  clock network delay (ideal)                             0.00       0.00
  U0_RegFile/RdData_reg[1]/CK (EDFFHQX8M)                 0.00       0.00 r
  U0_RegFile/RdData_reg[1]/Q (EDFFHQX8M)                  0.95       0.95 r
  U0_RegFile/RdData[1] (RegFile)                          0.00       0.95 r
  RdData[1] (out)                                         0.00       0.95 r
  data arrival time                                                  0.95

  clock CLKB_DOMAIN (rise edge)                          20.00      20.00
  clock network delay (ideal)                             0.00      20.00
  clock uncertainty                                      -0.20      19.80
  output external delay                                  -4.00      15.80
  data required time                                                15.80
  --------------------------------------------------------------------------
  data required time                                                15.80
  data arrival time                                                 -0.95
  --------------------------------------------------------------------------
  slack (MET)                                                       14.85


  Startpoint: U0_RegFile/RdData_reg[0]
              (rising edge-triggered flip-flop clocked by CLKB_DOMAIN)
  Endpoint: RdData[0] (output port clocked by CLKB_DOMAIN)
  Path Group: REGOUT
  Path Type: max

  Point                                                   Incr       Path
  --------------------------------------------------------------------------
  clock CLKB_DOMAIN (rise edge)                           0.00       0.00
  clock network delay (ideal)                             0.00       0.00
  U0_RegFile/RdData_reg[0]/CK (EDFFHQX8M)                 0.00       0.00 r
  U0_RegFile/RdData_reg[0]/Q (EDFFHQX8M)                  0.95       0.95 r
  U0_RegFile/RdData[0] (RegFile)                          0.00       0.95 r
  RdData[0] (out)                                         0.00       0.95 r
  data arrival time                                                  0.95

  clock CLKB_DOMAIN (rise edge)                          20.00      20.00
  clock network delay (ideal)                             0.00      20.00
  clock uncertainty                                      -0.20      19.80
  output external delay                                  -4.00      15.80
  data required time                                                15.80
  --------------------------------------------------------------------------
  data required time                                                15.80
  data arrival time                                                 -0.95
  --------------------------------------------------------------------------
  slack (MET)                                                       14.85


1
