 
****************************************
Report : timing
        -path full
        -delay min
        -max_paths 100
Design : ALU_TOP
Version: O-2018.06-SP1
Date   : Mon Aug  3 07:18:50 2026
****************************************

Operating Conditions: scmetro_tsmc_cl013g_rvt_ff_1p32v_m40c   Library: scmetro_tsmc_cl013g_rvt_ff_1p32v_m40c
Wire Load Model Mode: top

  Startpoint: U0_ALU/B_reg_reg[1]
              (rising edge-triggered flip-flop clocked by ALU_CLK)
  Endpoint: U0_ALU/ALU_OUT_reg_reg[1]
            (rising edge-triggered flip-flop clocked by ALU_CLK)
  Path Group: ALU_CLK
  Path Type: min

  Des/Clust/Port     Wire Load Model       Library
  ------------------------------------------------
  ALU_TOP            tsmc13_wl30           scmetro_tsmc_cl013g_rvt_ss_1p08v_125c

  Point                                                   Incr       Path
  --------------------------------------------------------------------------
  clock ALU_CLK (rise edge)                               0.00       0.00
  clock network delay (ideal)                             0.00       0.00
  U0_ALU/B_reg_reg[1]/CK (DFFRX4M)                        0.00       0.00 r
  U0_ALU/B_reg_reg[1]/QN (DFFRX4M)                        0.47       0.47 r
  U0_ALU/U177/Y (AOI221X2M)                               0.26       0.73 f
  U0_ALU/U90/Y (NAND4X1M)                                 0.41       1.14 r
  U0_ALU/ALU_OUT_reg_reg[1]/D (DFFRQX1M)                  0.00       1.14 r
  data arrival time                                                  1.14

  clock ALU_CLK (rise edge)                               0.00       0.00
  clock network delay (ideal)                             0.00       0.00
  clock uncertainty                                       0.10       0.10
  U0_ALU/ALU_OUT_reg_reg[1]/CK (DFFRQX1M)                 0.00       0.10 r
  library hold time                                      -0.23      -0.13
  data required time                                                -0.13
  --------------------------------------------------------------------------
  data required time                                                -0.13
  data arrival time                                                 -1.14
  --------------------------------------------------------------------------
  slack (MET)                                                        1.27


  Startpoint: U0_ALU/B_reg_reg[0]
              (rising edge-triggered flip-flop clocked by ALU_CLK)
  Endpoint: U0_ALU/ALU_OUT_reg_reg[0]
            (rising edge-triggered flip-flop clocked by ALU_CLK)
  Path Group: ALU_CLK
  Path Type: min

  Des/Clust/Port     Wire Load Model       Library
  ------------------------------------------------
  ALU_TOP            tsmc13_wl30           scmetro_tsmc_cl013g_rvt_ss_1p08v_125c

  Point                                                   Incr       Path
  --------------------------------------------------------------------------
  clock ALU_CLK (rise edge)                               0.00       0.00
  clock network delay (ideal)                             0.00       0.00
  U0_ALU/B_reg_reg[0]/CK (DFFRX4M)                        0.00       0.00 r
  U0_ALU/B_reg_reg[0]/QN (DFFRX4M)                        0.67       0.67 r
  U0_ALU/U174/Y (AOI211X2M)                               0.32       0.98 f
  U0_ALU/U171/Y (NAND4X2M)                                0.32       1.30 r
  U0_ALU/ALU_OUT_reg_reg[0]/D (DFFRQX1M)                  0.00       1.30 r
  data arrival time                                                  1.30

  clock ALU_CLK (rise edge)                               0.00       0.00
  clock network delay (ideal)                             0.00       0.00
  clock uncertainty                                       0.10       0.10
  U0_ALU/ALU_OUT_reg_reg[0]/CK (DFFRQX1M)                 0.00       0.10 r
  library hold time                                      -0.22      -0.12
  data required time                                                -0.12
  --------------------------------------------------------------------------
  data required time                                                -0.12
  data arrival time                                                 -1.30
  --------------------------------------------------------------------------
  slack (MET)                                                        1.43


  Startpoint: U0_ALU/B_reg_reg[7]
              (rising edge-triggered flip-flop clocked by ALU_CLK)
  Endpoint: U0_ALU/ALU_OUT_reg_reg[7]
            (rising edge-triggered flip-flop clocked by ALU_CLK)
  Path Group: ALU_CLK
  Path Type: min

  Des/Clust/Port     Wire Load Model       Library
  ------------------------------------------------
  ALU_TOP            tsmc13_wl30           scmetro_tsmc_cl013g_rvt_ss_1p08v_125c

  Point                                                   Incr       Path
  --------------------------------------------------------------------------
  clock ALU_CLK (rise edge)                               0.00       0.00
  clock network delay (ideal)                             0.00       0.00
  U0_ALU/B_reg_reg[7]/CK (DFFRX4M)                        0.00       0.00 r
  U0_ALU/B_reg_reg[7]/QN (DFFRX4M)                        0.47       0.47 r
  U0_ALU/U192/Y (OAI222X1M)                               0.42       0.89 f
  U0_ALU/U139/Y (AOI221X2M)                               0.57       1.46 r
  U0_ALU/U137/Y (NAND3X2M)                                0.38       1.84 f
  U0_ALU/ALU_OUT_reg_reg[7]/D (DFFRQX1M)                  0.00       1.84 f
  data arrival time                                                  1.84

  clock ALU_CLK (rise edge)                               0.00       0.00
  clock network delay (ideal)                             0.00       0.00
  clock uncertainty                                       0.10       0.10
  U0_ALU/ALU_OUT_reg_reg[7]/CK (DFFRQX1M)                 0.00       0.10 r
  library hold time                                      -0.07       0.03
  data required time                                                 0.03
  --------------------------------------------------------------------------
  data required time                                                 0.03
  data arrival time                                                 -1.84
  --------------------------------------------------------------------------
  slack (MET)                                                        1.82


  Startpoint: U0_ALU/A_reg_reg[6]
              (rising edge-triggered flip-flop clocked by ALU_CLK)
  Endpoint: U0_ALU/ALU_OUT_reg_reg[6]
            (rising edge-triggered flip-flop clocked by ALU_CLK)
  Path Group: ALU_CLK
  Path Type: min

  Des/Clust/Port     Wire Load Model       Library
  ------------------------------------------------
  ALU_TOP            tsmc13_wl30           scmetro_tsmc_cl013g_rvt_ss_1p08v_125c

  Point                                                   Incr       Path
  --------------------------------------------------------------------------
  clock ALU_CLK (rise edge)                               0.00       0.00
  clock network delay (ideal)                             0.00       0.00
  U0_ALU/A_reg_reg[6]/CK (DFFRQX1M)                       0.00       0.00 r
  U0_ALU/A_reg_reg[6]/Q (DFFRQX1M)                        0.66       0.66 f
  U0_ALU/U179/Y (INVX2M)                                  0.64       1.31 r
  U0_ALU/U106/Y (AOI221X2M)                               0.40       1.70 f
  U0_ALU/U104/Y (NAND3X2M)                                0.32       2.03 r
  U0_ALU/ALU_OUT_reg_reg[6]/D (DFFRQX1M)                  0.00       2.03 r
  data arrival time                                                  2.03

  clock ALU_CLK (rise edge)                               0.00       0.00
  clock network delay (ideal)                             0.00       0.00
  clock uncertainty                                       0.10       0.10
  U0_ALU/ALU_OUT_reg_reg[6]/CK (DFFRQX1M)                 0.00       0.10 r
  library hold time                                      -0.22      -0.12
  data required time                                                -0.12
  --------------------------------------------------------------------------
  data required time                                                -0.12
  data arrival time                                                 -2.03
  --------------------------------------------------------------------------
  slack (MET)                                                        2.15


  Startpoint: U0_ALU/B_reg_reg[7]
              (rising edge-triggered flip-flop clocked by ALU_CLK)
  Endpoint: U0_ALU/ALU_OUT_reg_reg[8]
            (rising edge-triggered flip-flop clocked by ALU_CLK)
  Path Group: ALU_CLK
  Path Type: min

  Des/Clust/Port     Wire Load Model       Library
  ------------------------------------------------
  ALU_TOP            tsmc13_wl30           scmetro_tsmc_cl013g_rvt_ss_1p08v_125c

  Point                                                   Incr       Path
  --------------------------------------------------------------------------
  clock ALU_CLK (rise edge)                               0.00       0.00
  clock network delay (ideal)                             0.00       0.00
  U0_ALU/B_reg_reg[7]/CK (DFFRX4M)                        0.00       0.00 r
  U0_ALU/B_reg_reg[7]/Q (DFFRX4M)                         1.02       1.02 f
  U0_ALU/add_57/B[7] (ALU_DW01_add_0)                     0.00       1.02 f
  U0_ALU/add_57/U1_7/CO (ADDFX2M)                         0.57       1.60 f
  U0_ALU/add_57/SUM[8] (ALU_DW01_add_0)                   0.00       1.60 f
  U0_ALU/U124/Y (OAI2B11X1M)                              0.64       2.24 f
  U0_ALU/ALU_OUT_reg_reg[8]/D (DFFRQX1M)                  0.00       2.24 f
  data arrival time                                                  2.24

  clock ALU_CLK (rise edge)                               0.00       0.00
  clock network delay (ideal)                             0.00       0.00
  clock uncertainty                                       0.10       0.10
  U0_ALU/ALU_OUT_reg_reg[8]/CK (DFFRQX1M)                 0.00       0.10 r
  library hold time                                      -0.10       0.00
  data required time                                                 0.00
  --------------------------------------------------------------------------
  data required time                                                 0.00
  data arrival time                                                 -2.24
  --------------------------------------------------------------------------
  slack (MET)                                                        2.24


  Startpoint: U0_ALU/B_reg_reg[5]
              (rising edge-triggered flip-flop clocked by ALU_CLK)
  Endpoint: U0_ALU/ALU_OUT_reg_reg[5]
            (rising edge-triggered flip-flop clocked by ALU_CLK)
  Path Group: ALU_CLK
  Path Type: min

  Des/Clust/Port     Wire Load Model       Library
  ------------------------------------------------
  ALU_TOP            tsmc13_wl30           scmetro_tsmc_cl013g_rvt_ss_1p08v_125c

  Point                                                   Incr       Path
  --------------------------------------------------------------------------
  clock ALU_CLK (rise edge)                               0.00       0.00
  clock network delay (ideal)                             0.00       0.00
  U0_ALU/B_reg_reg[5]/CK (DFFRX4M)                        0.00       0.00 r
  U0_ALU/B_reg_reg[5]/QN (DFFRX4M)                        0.47       0.47 r
  U0_ALU/U189/Y (OAI222X1M)                               0.42       0.89 f
  U0_ALU/U136/Y (AOI221X2M)                               0.55       1.45 r
  U0_ALU/U86/Y (NAND3XLM)                                 0.80       2.24 f
  U0_ALU/ALU_OUT_reg_reg[5]/D (DFFRQX1M)                  0.00       2.24 f
  data arrival time                                                  2.24

  clock ALU_CLK (rise edge)                               0.00       0.00
  clock network delay (ideal)                             0.00       0.00
  clock uncertainty                                       0.10       0.10
  U0_ALU/ALU_OUT_reg_reg[5]/CK (DFFRQX1M)                 0.00       0.10 r
  library hold time                                      -0.16      -0.06
  data required time                                                -0.06
  --------------------------------------------------------------------------
  data required time                                                -0.06
  data arrival time                                                 -2.24
  --------------------------------------------------------------------------
  slack (MET)                                                        2.30


  Startpoint: U0_ALU/B_reg_reg[4]
              (rising edge-triggered flip-flop clocked by ALU_CLK)
  Endpoint: U0_ALU/ALU_OUT_reg_reg[4]
            (rising edge-triggered flip-flop clocked by ALU_CLK)
  Path Group: ALU_CLK
  Path Type: min

  Des/Clust/Port     Wire Load Model       Library
  ------------------------------------------------
  ALU_TOP            tsmc13_wl30           scmetro_tsmc_cl013g_rvt_ss_1p08v_125c

  Point                                                   Incr       Path
  --------------------------------------------------------------------------
  clock ALU_CLK (rise edge)                               0.00       0.00
  clock network delay (ideal)                             0.00       0.00
  U0_ALU/B_reg_reg[4]/CK (DFFRX4M)                        0.00       0.00 r
  U0_ALU/B_reg_reg[4]/QN (DFFRX4M)                        0.47       0.47 r
  U0_ALU/U186/Y (OAI222X1M)                               0.42       0.89 f
  U0_ALU/U134/Y (AOI221X2M)                               0.55       1.45 r
  U0_ALU/U85/Y (NAND3XLM)                                 0.80       2.24 f
  U0_ALU/ALU_OUT_reg_reg[4]/D (DFFRQX1M)                  0.00       2.24 f
  data arrival time                                                  2.24

  clock ALU_CLK (rise edge)                               0.00       0.00
  clock network delay (ideal)                             0.00       0.00
  clock uncertainty                                       0.10       0.10
  U0_ALU/ALU_OUT_reg_reg[4]/CK (DFFRQX1M)                 0.00       0.10 r
  library hold time                                      -0.16      -0.06
  data required time                                                -0.06
  --------------------------------------------------------------------------
  data required time                                                -0.06
  data arrival time                                                 -2.24
  --------------------------------------------------------------------------
  slack (MET)                                                        2.30


  Startpoint: U0_ALU/B_reg_reg[2]
              (rising edge-triggered flip-flop clocked by ALU_CLK)
  Endpoint: U0_ALU/ALU_OUT_reg_reg[2]
            (rising edge-triggered flip-flop clocked by ALU_CLK)
  Path Group: ALU_CLK
  Path Type: min

  Des/Clust/Port     Wire Load Model       Library
  ------------------------------------------------
  ALU_TOP            tsmc13_wl30           scmetro_tsmc_cl013g_rvt_ss_1p08v_125c

  Point                                                   Incr       Path
  --------------------------------------------------------------------------
  clock ALU_CLK (rise edge)                               0.00       0.00
  clock network delay (ideal)                             0.00       0.00
  U0_ALU/B_reg_reg[2]/CK (DFFRX4M)                        0.00       0.00 r
  U0_ALU/B_reg_reg[2]/QN (DFFRX4M)                        0.62       0.62 f
  U0_ALU/U180/Y (OAI222X1M)                               0.81       1.44 r
  U0_ALU/U130/Y (AOI221X2M)                               0.31       1.75 f
  U0_ALU/U83/Y (NAND3XLM)                                 0.57       2.32 r
  U0_ALU/ALU_OUT_reg_reg[2]/D (DFFRQX1M)                  0.00       2.32 r
  data arrival time                                                  2.32

  clock ALU_CLK (rise edge)                               0.00       0.00
  clock network delay (ideal)                             0.00       0.00
  clock uncertainty                                       0.10       0.10
  U0_ALU/ALU_OUT_reg_reg[2]/CK (DFFRQX1M)                 0.00       0.10 r
  library hold time                                      -0.26      -0.16
  data required time                                                -0.16
  --------------------------------------------------------------------------
  data required time                                                -0.16
  data arrival time                                                 -2.32
  --------------------------------------------------------------------------
  slack (MET)                                                        2.48


  Startpoint: U0_ALU/B_reg_reg[3]
              (rising edge-triggered flip-flop clocked by ALU_CLK)
  Endpoint: U0_ALU/ALU_OUT_reg_reg[3]
            (rising edge-triggered flip-flop clocked by ALU_CLK)
  Path Group: ALU_CLK
  Path Type: min

  Des/Clust/Port     Wire Load Model       Library
  ------------------------------------------------
  ALU_TOP            tsmc13_wl30           scmetro_tsmc_cl013g_rvt_ss_1p08v_125c

  Point                                                   Incr       Path
  --------------------------------------------------------------------------
  clock ALU_CLK (rise edge)                               0.00       0.00
  clock network delay (ideal)                             0.00       0.00
  U0_ALU/B_reg_reg[3]/CK (DFFRX4M)                        0.00       0.00 r
  U0_ALU/B_reg_reg[3]/QN (DFFRX4M)                        0.62       0.62 f
  U0_ALU/U183/Y (OAI222X1M)                               0.81       1.44 r
  U0_ALU/U132/Y (AOI221X2M)                               0.31       1.75 f
  U0_ALU/U84/Y (NAND3XLM)                                 0.57       2.32 r
  U0_ALU/ALU_OUT_reg_reg[3]/D (DFFRQX1M)                  0.00       2.32 r
  data arrival time                                                  2.32

  clock ALU_CLK (rise edge)                               0.00       0.00
  clock network delay (ideal)                             0.00       0.00
  clock uncertainty                                       0.10       0.10
  U0_ALU/ALU_OUT_reg_reg[3]/CK (DFFRQX1M)                 0.00       0.10 r
  library hold time                                      -0.26      -0.16
  data required time                                                -0.16
  --------------------------------------------------------------------------
  data required time                                                -0.16
  data arrival time                                                 -2.32
  --------------------------------------------------------------------------
  slack (MET)                                                        2.48


  Startpoint: U0_ALU/B_reg_reg[7]
              (rising edge-triggered flip-flop clocked by ALU_CLK)
  Endpoint: U0_ALU/ALU_OUT_reg_reg[15]
            (rising edge-triggered flip-flop clocked by ALU_CLK)
  Path Group: ALU_CLK
  Path Type: min

  Des/Clust/Port     Wire Load Model       Library
  ------------------------------------------------
  ALU_TOP            tsmc13_wl30           scmetro_tsmc_cl013g_rvt_ss_1p08v_125c

  Point                                                   Incr       Path
  --------------------------------------------------------------------------
  clock ALU_CLK (rise edge)                               0.00       0.00
  clock network delay (ideal)                             0.00       0.00
  U0_ALU/B_reg_reg[7]/CK (DFFRX4M)                        0.00       0.00 r
  U0_ALU/B_reg_reg[7]/Q (DFFRX4M)                         1.02       1.02 f
  U0_ALU/mult_63/B[7] (ALU_DW02_mult_0)                   0.00       1.02 f
  U0_ALU/mult_63/U54/Y (INVX4M)                           0.88       1.91 r
  U0_ALU/mult_63/U26/Y (NOR2X2M)                          0.49       2.39 f
  U0_ALU/mult_63/U9/Y (AND2X2M)                           0.39       2.78 f
  U0_ALU/mult_63/FS_1/B[13] (ALU_DW01_add_1)              0.00       2.78 f
  U0_ALU/mult_63/FS_1/U10/Y (CLKXOR2X2M)                  0.37       3.15 f
  U0_ALU/mult_63/FS_1/SUM[13] (ALU_DW01_add_1)            0.00       3.15 f
  U0_ALU/mult_63/PRODUCT[15] (ALU_DW02_mult_0)            0.00       3.15 f
  U0_ALU/U101/Y (OAI2BB1XLM)                              0.70       3.86 f
  U0_ALU/ALU_OUT_reg_reg[15]/D (DFFRQX1M)                 0.00       3.86 f
  data arrival time                                                  3.86

  clock ALU_CLK (rise edge)                               0.00       0.00
  clock network delay (ideal)                             0.00       0.00
  clock uncertainty                                       0.10       0.10
  U0_ALU/ALU_OUT_reg_reg[15]/CK (DFFRQX1M)                0.00       0.10 r
  library hold time                                      -0.12      -0.02
  data required time                                                -0.02
  --------------------------------------------------------------------------
  data required time                                                -0.02
  data arrival time                                                 -3.86
  --------------------------------------------------------------------------
  slack (MET)                                                        3.87


  Startpoint: U0_ALU/B_reg_reg[7]
              (rising edge-triggered flip-flop clocked by ALU_CLK)
  Endpoint: U0_ALU/ALU_OUT_reg_reg[12]
            (rising edge-triggered flip-flop clocked by ALU_CLK)
  Path Group: ALU_CLK
  Path Type: min

  Des/Clust/Port     Wire Load Model       Library
  ------------------------------------------------
  ALU_TOP            tsmc13_wl30           scmetro_tsmc_cl013g_rvt_ss_1p08v_125c

  Point                                                   Incr       Path
  --------------------------------------------------------------------------
  clock ALU_CLK (rise edge)                               0.00       0.00
  clock network delay (ideal)                             0.00       0.00
  U0_ALU/B_reg_reg[7]/CK (DFFRX4M)                        0.00       0.00 r
  U0_ALU/B_reg_reg[7]/Q (DFFRX4M)                         1.31       1.31 r
  U0_ALU/sub_60/B[7] (ALU_DW01_sub_0)                     0.00       1.31 r
  U0_ALU/sub_60/U11/Y (INVX2M)                            0.36       1.67 f
  U0_ALU/sub_60/U2_7/CO (ADDFX2M)                         0.52       2.19 f
  U0_ALU/sub_60/U1/Y (INVX2M)                             0.25       2.44 r
  U0_ALU/sub_60/DIFF[8] (ALU_DW01_sub_0)                  0.00       2.44 r
  U0_ALU/U71/Y (AOI211X2M)                                0.28       2.73 f
  U0_ALU/U70/Y (BUFX4M)                                   0.53       3.25 f
  U0_ALU/U98/Y (OAI2BB1XLM)                               0.63       3.88 r
  U0_ALU/ALU_OUT_reg_reg[12]/D (DFFRQX1M)                 0.00       3.88 r
  data arrival time                                                  3.88

  clock ALU_CLK (rise edge)                               0.00       0.00
  clock network delay (ideal)                             0.00       0.00
  clock uncertainty                                       0.10       0.10
  U0_ALU/ALU_OUT_reg_reg[12]/CK (DFFRQX1M)                0.00       0.10 r
  library hold time                                      -0.26      -0.16
  data required time                                                -0.16
  --------------------------------------------------------------------------
  data required time                                                -0.16
  data arrival time                                                 -3.88
  --------------------------------------------------------------------------
  slack (MET)                                                        4.04


  Startpoint: U0_ALU/B_reg_reg[7]
              (rising edge-triggered flip-flop clocked by ALU_CLK)
  Endpoint: U0_ALU/ALU_OUT_reg_reg[10]
            (rising edge-triggered flip-flop clocked by ALU_CLK)
  Path Group: ALU_CLK
  Path Type: min

  Des/Clust/Port     Wire Load Model       Library
  ------------------------------------------------
  ALU_TOP            tsmc13_wl30           scmetro_tsmc_cl013g_rvt_ss_1p08v_125c

  Point                                                   Incr       Path
  --------------------------------------------------------------------------
  clock ALU_CLK (rise edge)                               0.00       0.00
  clock network delay (ideal)                             0.00       0.00
  U0_ALU/B_reg_reg[7]/CK (DFFRX4M)                        0.00       0.00 r
  U0_ALU/B_reg_reg[7]/Q (DFFRX4M)                         1.31       1.31 r
  U0_ALU/sub_60/B[7] (ALU_DW01_sub_0)                     0.00       1.31 r
  U0_ALU/sub_60/U11/Y (INVX2M)                            0.36       1.67 f
  U0_ALU/sub_60/U2_7/CO (ADDFX2M)                         0.52       2.19 f
  U0_ALU/sub_60/U1/Y (INVX2M)                             0.25       2.44 r
  U0_ALU/sub_60/DIFF[8] (ALU_DW01_sub_0)                  0.00       2.44 r
  U0_ALU/U71/Y (AOI211X2M)                                0.28       2.73 f
  U0_ALU/U70/Y (BUFX4M)                                   0.53       3.25 f
  U0_ALU/U96/Y (OAI2BB1XLM)                               0.63       3.88 r
  U0_ALU/ALU_OUT_reg_reg[10]/D (DFFRQX1M)                 0.00       3.88 r
  data arrival time                                                  3.88

  clock ALU_CLK (rise edge)                               0.00       0.00
  clock network delay (ideal)                             0.00       0.00
  clock uncertainty                                       0.10       0.10
  U0_ALU/ALU_OUT_reg_reg[10]/CK (DFFRQX1M)                0.00       0.10 r
  library hold time                                      -0.26      -0.16
  data required time                                                -0.16
  --------------------------------------------------------------------------
  data required time                                                -0.16
  data arrival time                                                 -3.88
  --------------------------------------------------------------------------
  slack (MET)                                                        4.04


  Startpoint: U0_ALU/B_reg_reg[7]
              (rising edge-triggered flip-flop clocked by ALU_CLK)
  Endpoint: U0_ALU/ALU_OUT_reg_reg[9]
            (rising edge-triggered flip-flop clocked by ALU_CLK)
  Path Group: ALU_CLK
  Path Type: min

  Des/Clust/Port     Wire Load Model       Library
  ------------------------------------------------
  ALU_TOP            tsmc13_wl30           scmetro_tsmc_cl013g_rvt_ss_1p08v_125c

  Point                                                   Incr       Path
  --------------------------------------------------------------------------
  clock ALU_CLK (rise edge)                               0.00       0.00
  clock network delay (ideal)                             0.00       0.00
  U0_ALU/B_reg_reg[7]/CK (DFFRX4M)                        0.00       0.00 r
  U0_ALU/B_reg_reg[7]/Q (DFFRX4M)                         1.31       1.31 r
  U0_ALU/sub_60/B[7] (ALU_DW01_sub_0)                     0.00       1.31 r
  U0_ALU/sub_60/U11/Y (INVX2M)                            0.36       1.67 f
  U0_ALU/sub_60/U2_7/CO (ADDFX2M)                         0.52       2.19 f
  U0_ALU/sub_60/U1/Y (INVX2M)                             0.25       2.44 r
  U0_ALU/sub_60/DIFF[8] (ALU_DW01_sub_0)                  0.00       2.44 r
  U0_ALU/U71/Y (AOI211X2M)                                0.28       2.73 f
  U0_ALU/U70/Y (BUFX4M)                                   0.53       3.25 f
  U0_ALU/U95/Y (OAI2BB1XLM)                               0.63       3.88 r
  U0_ALU/ALU_OUT_reg_reg[9]/D (DFFRQX1M)                  0.00       3.88 r
  data arrival time                                                  3.88

  clock ALU_CLK (rise edge)                               0.00       0.00
  clock network delay (ideal)                             0.00       0.00
  clock uncertainty                                       0.10       0.10
  U0_ALU/ALU_OUT_reg_reg[9]/CK (DFFRQX1M)                 0.00       0.10 r
  library hold time                                      -0.26      -0.16
  data required time                                                -0.16
  --------------------------------------------------------------------------
  data required time                                                -0.16
  data arrival time                                                 -3.88
  --------------------------------------------------------------------------
  slack (MET)                                                        4.04


  Startpoint: U0_ALU/B_reg_reg[7]
              (rising edge-triggered flip-flop clocked by ALU_CLK)
  Endpoint: U0_ALU/ALU_OUT_reg_reg[14]
            (rising edge-triggered flip-flop clocked by ALU_CLK)
  Path Group: ALU_CLK
  Path Type: min

  Des/Clust/Port     Wire Load Model       Library
  ------------------------------------------------
  ALU_TOP            tsmc13_wl30           scmetro_tsmc_cl013g_rvt_ss_1p08v_125c

  Point                                                   Incr       Path
  --------------------------------------------------------------------------
  clock ALU_CLK (rise edge)                               0.00       0.00
  clock network delay (ideal)                             0.00       0.00
  U0_ALU/B_reg_reg[7]/CK (DFFRX4M)                        0.00       0.00 r
  U0_ALU/B_reg_reg[7]/Q (DFFRX4M)                         1.31       1.31 r
  U0_ALU/sub_60/B[7] (ALU_DW01_sub_0)                     0.00       1.31 r
  U0_ALU/sub_60/U11/Y (INVX2M)                            0.36       1.67 f
  U0_ALU/sub_60/U2_7/CO (ADDFX2M)                         0.52       2.19 f
  U0_ALU/sub_60/U1/Y (INVX2M)                             0.25       2.44 r
  U0_ALU/sub_60/DIFF[8] (ALU_DW01_sub_0)                  0.00       2.44 r
  U0_ALU/U71/Y (AOI211X2M)                                0.28       2.73 f
  U0_ALU/U70/Y (BUFX4M)                                   0.53       3.25 f
  U0_ALU/U100/Y (OAI2BB1XLM)                              0.63       3.88 r
  U0_ALU/ALU_OUT_reg_reg[14]/D (DFFRQX1M)                 0.00       3.88 r
  data arrival time                                                  3.88

  clock ALU_CLK (rise edge)                               0.00       0.00
  clock network delay (ideal)                             0.00       0.00
  clock uncertainty                                       0.10       0.10
  U0_ALU/ALU_OUT_reg_reg[14]/CK (DFFRQX1M)                0.00       0.10 r
  library hold time                                      -0.26      -0.16
  data required time                                                -0.16
  --------------------------------------------------------------------------
  data required time                                                -0.16
  data arrival time                                                 -3.88
  --------------------------------------------------------------------------
  slack (MET)                                                        4.04


  Startpoint: U0_ALU/B_reg_reg[7]
              (rising edge-triggered flip-flop clocked by ALU_CLK)
  Endpoint: U0_ALU/ALU_OUT_reg_reg[13]
            (rising edge-triggered flip-flop clocked by ALU_CLK)
  Path Group: ALU_CLK
  Path Type: min

  Des/Clust/Port     Wire Load Model       Library
  ------------------------------------------------
  ALU_TOP            tsmc13_wl30           scmetro_tsmc_cl013g_rvt_ss_1p08v_125c

  Point                                                   Incr       Path
  --------------------------------------------------------------------------
  clock ALU_CLK (rise edge)                               0.00       0.00
  clock network delay (ideal)                             0.00       0.00
  U0_ALU/B_reg_reg[7]/CK (DFFRX4M)                        0.00       0.00 r
  U0_ALU/B_reg_reg[7]/Q (DFFRX4M)                         1.31       1.31 r
  U0_ALU/sub_60/B[7] (ALU_DW01_sub_0)                     0.00       1.31 r
  U0_ALU/sub_60/U11/Y (INVX2M)                            0.36       1.67 f
  U0_ALU/sub_60/U2_7/CO (ADDFX2M)                         0.52       2.19 f
  U0_ALU/sub_60/U1/Y (INVX2M)                             0.25       2.44 r
  U0_ALU/sub_60/DIFF[8] (ALU_DW01_sub_0)                  0.00       2.44 r
  U0_ALU/U71/Y (AOI211X2M)                                0.28       2.73 f
  U0_ALU/U70/Y (BUFX4M)                                   0.53       3.25 f
  U0_ALU/U99/Y (OAI2BB1XLM)                               0.63       3.88 r
  U0_ALU/ALU_OUT_reg_reg[13]/D (DFFRQX1M)                 0.00       3.88 r
  data arrival time                                                  3.88

  clock ALU_CLK (rise edge)                               0.00       0.00
  clock network delay (ideal)                             0.00       0.00
  clock uncertainty                                       0.10       0.10
  U0_ALU/ALU_OUT_reg_reg[13]/CK (DFFRQX1M)                0.00       0.10 r
  library hold time                                      -0.26      -0.16
  data required time                                                -0.16
  --------------------------------------------------------------------------
  data required time                                                -0.16
  data arrival time                                                 -3.88
  --------------------------------------------------------------------------
  slack (MET)                                                        4.04


  Startpoint: U0_ALU/B_reg_reg[7]
              (rising edge-triggered flip-flop clocked by ALU_CLK)
  Endpoint: U0_ALU/ALU_OUT_reg_reg[11]
            (rising edge-triggered flip-flop clocked by ALU_CLK)
  Path Group: ALU_CLK
  Path Type: min

  Des/Clust/Port     Wire Load Model       Library
  ------------------------------------------------
  ALU_TOP            tsmc13_wl30           scmetro_tsmc_cl013g_rvt_ss_1p08v_125c

  Point                                                   Incr       Path
  --------------------------------------------------------------------------
  clock ALU_CLK (rise edge)                               0.00       0.00
  clock network delay (ideal)                             0.00       0.00
  U0_ALU/B_reg_reg[7]/CK (DFFRX4M)                        0.00       0.00 r
  U0_ALU/B_reg_reg[7]/Q (DFFRX4M)                         1.31       1.31 r
  U0_ALU/sub_60/B[7] (ALU_DW01_sub_0)                     0.00       1.31 r
  U0_ALU/sub_60/U11/Y (INVX2M)                            0.36       1.67 f
  U0_ALU/sub_60/U2_7/CO (ADDFX2M)                         0.52       2.19 f
  U0_ALU/sub_60/U1/Y (INVX2M)                             0.25       2.44 r
  U0_ALU/sub_60/DIFF[8] (ALU_DW01_sub_0)                  0.00       2.44 r
  U0_ALU/U71/Y (AOI211X2M)                                0.28       2.73 f
  U0_ALU/U70/Y (BUFX4M)                                   0.53       3.25 f
  U0_ALU/U97/Y (OAI2BB1XLM)                               0.63       3.88 r
  U0_ALU/ALU_OUT_reg_reg[11]/D (DFFRQX1M)                 0.00       3.88 r
  data arrival time                                                  3.88

  clock ALU_CLK (rise edge)                               0.00       0.00
  clock network delay (ideal)                             0.00       0.00
  clock uncertainty                                       0.10       0.10
  U0_ALU/ALU_OUT_reg_reg[11]/CK (DFFRQX1M)                0.00       0.10 r
  library hold time                                      -0.26      -0.16
  data required time                                                -0.16
  --------------------------------------------------------------------------
  data required time                                                -0.16
  data arrival time                                                 -3.88
  --------------------------------------------------------------------------
  slack (MET)                                                        4.04


  Startpoint: ALU_Enable (input port clocked by ALU_CLK)
  Endpoint: ALU_VLD (output port clocked by ALU_CLK)
  Path Group: INOUT
  Path Type: min

  Des/Clust/Port     Wire Load Model       Library
  ------------------------------------------------
  ALU_TOP            tsmc13_wl30           scmetro_tsmc_cl013g_rvt_ss_1p08v_125c

  Point                                    Incr       Path
  -----------------------------------------------------------
  clock ALU_CLK (rise edge)                0.00       0.00
  clock network delay (ideal)              0.00       0.00
  input external delay                    20.00      20.00 f
  ALU_Enable (in)                          0.12      20.12 f
  U0_ALU/Enable (ALU)                      0.00      20.12 f
  U0_ALU/U170/Y (BUFX10M)                  0.43      20.55 f
  U0_ALU/U21/Y (AND2X2M)                   0.38      20.93 f
  U0_ALU/U55/Y (CLKINVX1M)                 0.76      21.68 r
  U0_ALU/U56/Y (CLKINVX40M)               14.09      35.78 f
  U0_ALU/OUT_VALID (ALU)                   0.00      35.78 f
  ALU_VLD (out)                            0.00      35.78 f
  data arrival time                                  35.78

  clock ALU_CLK (rise edge)                0.00       0.00
  clock network delay (ideal)              0.00       0.00
  clock uncertainty                        0.10       0.10
  output external delay                  -20.00     -19.90
  data required time                                -19.90
  -----------------------------------------------------------
  data required time                                -19.90
  data arrival time                                 -35.78
  -----------------------------------------------------------
  slack (MET)                                        55.68


  Startpoint: ALU_Enable (input port clocked by ALU_CLK)
  Endpoint: ALU_OUT[15]
            (output port clocked by ALU_CLK)
  Path Group: INOUT
  Path Type: min

  Des/Clust/Port     Wire Load Model       Library
  ------------------------------------------------
  ALU_TOP            tsmc13_wl30           scmetro_tsmc_cl013g_rvt_ss_1p08v_125c

  Point                                    Incr       Path
  -----------------------------------------------------------
  clock ALU_CLK (rise edge)                0.00       0.00
  clock network delay (ideal)              0.00       0.00
  input external delay                    20.00      20.00 f
  ALU_Enable (in)                          0.12      20.12 f
  U0_ALU/Enable (ALU)                      0.00      20.12 f
  U0_ALU/U170/Y (BUFX10M)                  0.43      20.55 f
  U0_ALU/U20/Y (AND2X2M)                   0.38      20.93 f
  U0_ALU/U35/Y (CLKINVX1M)                 0.76      21.68 r
  U0_ALU/U36/Y (CLKINVX40M)               14.09      35.78 f
  U0_ALU/ALU_OUT[15] (ALU)                 0.00      35.78 f
  ALU_OUT[15] (out)                        0.00      35.78 f
  data arrival time                                  35.78

  clock ALU_CLK (rise edge)                0.00       0.00
  clock network delay (ideal)              0.00       0.00
  clock uncertainty                        0.10       0.10
  output external delay                  -20.00     -19.90
  data required time                                -19.90
  -----------------------------------------------------------
  data required time                                -19.90
  data arrival time                                 -35.78
  -----------------------------------------------------------
  slack (MET)                                        55.68


  Startpoint: ALU_Enable (input port clocked by ALU_CLK)
  Endpoint: ALU_OUT[14]
            (output port clocked by ALU_CLK)
  Path Group: INOUT
  Path Type: min

  Des/Clust/Port     Wire Load Model       Library
  ------------------------------------------------
  ALU_TOP            tsmc13_wl30           scmetro_tsmc_cl013g_rvt_ss_1p08v_125c

  Point                                    Incr       Path
  -----------------------------------------------------------
  clock ALU_CLK (rise edge)                0.00       0.00
  clock network delay (ideal)              0.00       0.00
  input external delay                    20.00      20.00 f
  ALU_Enable (in)                          0.12      20.12 f
  U0_ALU/Enable (ALU)                      0.00      20.12 f
  U0_ALU/U170/Y (BUFX10M)                  0.43      20.55 f
  U0_ALU/U19/Y (AND2X2M)                   0.38      20.93 f
  U0_ALU/U33/Y (CLKINVX1M)                 0.76      21.68 r
  U0_ALU/U34/Y (CLKINVX40M)               14.09      35.78 f
  U0_ALU/ALU_OUT[14] (ALU)                 0.00      35.78 f
  ALU_OUT[14] (out)                        0.00      35.78 f
  data arrival time                                  35.78

  clock ALU_CLK (rise edge)                0.00       0.00
  clock network delay (ideal)              0.00       0.00
  clock uncertainty                        0.10       0.10
  output external delay                  -20.00     -19.90
  data required time                                -19.90
  -----------------------------------------------------------
  data required time                                -19.90
  data arrival time                                 -35.78
  -----------------------------------------------------------
  slack (MET)                                        55.68


  Startpoint: ALU_Enable (input port clocked by ALU_CLK)
  Endpoint: ALU_OUT[13]
            (output port clocked by ALU_CLK)
  Path Group: INOUT
  Path Type: min

  Des/Clust/Port     Wire Load Model       Library
  ------------------------------------------------
  ALU_TOP            tsmc13_wl30           scmetro_tsmc_cl013g_rvt_ss_1p08v_125c

  Point                                    Incr       Path
  -----------------------------------------------------------
  clock ALU_CLK (rise edge)                0.00       0.00
  clock network delay (ideal)              0.00       0.00
  input external delay                    20.00      20.00 f
  ALU_Enable (in)                          0.12      20.12 f
  U0_ALU/Enable (ALU)                      0.00      20.12 f
  U0_ALU/U170/Y (BUFX10M)                  0.43      20.55 f
  U0_ALU/U18/Y (AND2X2M)                   0.38      20.93 f
  U0_ALU/U31/Y (CLKINVX1M)                 0.76      21.68 r
  U0_ALU/U32/Y (CLKINVX40M)               14.09      35.78 f
  U0_ALU/ALU_OUT[13] (ALU)                 0.00      35.78 f
  ALU_OUT[13] (out)                        0.00      35.78 f
  data arrival time                                  35.78

  clock ALU_CLK (rise edge)                0.00       0.00
  clock network delay (ideal)              0.00       0.00
  clock uncertainty                        0.10       0.10
  output external delay                  -20.00     -19.90
  data required time                                -19.90
  -----------------------------------------------------------
  data required time                                -19.90
  data arrival time                                 -35.78
  -----------------------------------------------------------
  slack (MET)                                        55.68


  Startpoint: ALU_Enable (input port clocked by ALU_CLK)
  Endpoint: ALU_OUT[12]
            (output port clocked by ALU_CLK)
  Path Group: INOUT
  Path Type: min

  Des/Clust/Port     Wire Load Model       Library
  ------------------------------------------------
  ALU_TOP            tsmc13_wl30           scmetro_tsmc_cl013g_rvt_ss_1p08v_125c

  Point                                    Incr       Path
  -----------------------------------------------------------
  clock ALU_CLK (rise edge)                0.00       0.00
  clock network delay (ideal)              0.00       0.00
  input external delay                    20.00      20.00 f
  ALU_Enable (in)                          0.12      20.12 f
  U0_ALU/Enable (ALU)                      0.00      20.12 f
  U0_ALU/U170/Y (BUFX10M)                  0.43      20.55 f
  U0_ALU/U17/Y (AND2X2M)                   0.38      20.93 f
  U0_ALU/U29/Y (CLKINVX1M)                 0.76      21.68 r
  U0_ALU/U30/Y (CLKINVX40M)               14.09      35.78 f
  U0_ALU/ALU_OUT[12] (ALU)                 0.00      35.78 f
  ALU_OUT[12] (out)                        0.00      35.78 f
  data arrival time                                  35.78

  clock ALU_CLK (rise edge)                0.00       0.00
  clock network delay (ideal)              0.00       0.00
  clock uncertainty                        0.10       0.10
  output external delay                  -20.00     -19.90
  data required time                                -19.90
  -----------------------------------------------------------
  data required time                                -19.90
  data arrival time                                 -35.78
  -----------------------------------------------------------
  slack (MET)                                        55.68


  Startpoint: ALU_Enable (input port clocked by ALU_CLK)
  Endpoint: ALU_OUT[11]
            (output port clocked by ALU_CLK)
  Path Group: INOUT
  Path Type: min

  Des/Clust/Port     Wire Load Model       Library
  ------------------------------------------------
  ALU_TOP            tsmc13_wl30           scmetro_tsmc_cl013g_rvt_ss_1p08v_125c

  Point                                    Incr       Path
  -----------------------------------------------------------
  clock ALU_CLK (rise edge)                0.00       0.00
  clock network delay (ideal)              0.00       0.00
  input external delay                    20.00      20.00 f
  ALU_Enable (in)                          0.12      20.12 f
  U0_ALU/Enable (ALU)                      0.00      20.12 f
  U0_ALU/U170/Y (BUFX10M)                  0.43      20.55 f
  U0_ALU/U16/Y (AND2X2M)                   0.38      20.93 f
  U0_ALU/U27/Y (CLKINVX1M)                 0.76      21.68 r
  U0_ALU/U28/Y (CLKINVX40M)               14.09      35.78 f
  U0_ALU/ALU_OUT[11] (ALU)                 0.00      35.78 f
  ALU_OUT[11] (out)                        0.00      35.78 f
  data arrival time                                  35.78

  clock ALU_CLK (rise edge)                0.00       0.00
  clock network delay (ideal)              0.00       0.00
  clock uncertainty                        0.10       0.10
  output external delay                  -20.00     -19.90
  data required time                                -19.90
  -----------------------------------------------------------
  data required time                                -19.90
  data arrival time                                 -35.78
  -----------------------------------------------------------
  slack (MET)                                        55.68


  Startpoint: ALU_Enable (input port clocked by ALU_CLK)
  Endpoint: ALU_OUT[10]
            (output port clocked by ALU_CLK)
  Path Group: INOUT
  Path Type: min

  Des/Clust/Port     Wire Load Model       Library
  ------------------------------------------------
  ALU_TOP            tsmc13_wl30           scmetro_tsmc_cl013g_rvt_ss_1p08v_125c

  Point                                    Incr       Path
  -----------------------------------------------------------
  clock ALU_CLK (rise edge)                0.00       0.00
  clock network delay (ideal)              0.00       0.00
  input external delay                    20.00      20.00 f
  ALU_Enable (in)                          0.12      20.12 f
  U0_ALU/Enable (ALU)                      0.00      20.12 f
  U0_ALU/U170/Y (BUFX10M)                  0.43      20.55 f
  U0_ALU/U15/Y (AND2X2M)                   0.38      20.93 f
  U0_ALU/U25/Y (CLKINVX1M)                 0.76      21.68 r
  U0_ALU/U26/Y (CLKINVX40M)               14.09      35.78 f
  U0_ALU/ALU_OUT[10] (ALU)                 0.00      35.78 f
  ALU_OUT[10] (out)                        0.00      35.78 f
  data arrival time                                  35.78

  clock ALU_CLK (rise edge)                0.00       0.00
  clock network delay (ideal)              0.00       0.00
  clock uncertainty                        0.10       0.10
  output external delay                  -20.00     -19.90
  data required time                                -19.90
  -----------------------------------------------------------
  data required time                                -19.90
  data arrival time                                 -35.78
  -----------------------------------------------------------
  slack (MET)                                        55.68


  Startpoint: ALU_Enable (input port clocked by ALU_CLK)
  Endpoint: ALU_OUT[9] (output port clocked by ALU_CLK)
  Path Group: INOUT
  Path Type: min

  Des/Clust/Port     Wire Load Model       Library
  ------------------------------------------------
  ALU_TOP            tsmc13_wl30           scmetro_tsmc_cl013g_rvt_ss_1p08v_125c

  Point                                    Incr       Path
  -----------------------------------------------------------
  clock ALU_CLK (rise edge)                0.00       0.00
  clock network delay (ideal)              0.00       0.00
  input external delay                    20.00      20.00 f
  ALU_Enable (in)                          0.12      20.12 f
  U0_ALU/Enable (ALU)                      0.00      20.12 f
  U0_ALU/U170/Y (BUFX10M)                  0.43      20.55 f
  U0_ALU/U14/Y (AND2X2M)                   0.38      20.93 f
  U0_ALU/U53/Y (CLKINVX1M)                 0.76      21.68 r
  U0_ALU/U54/Y (CLKINVX40M)               14.09      35.78 f
  U0_ALU/ALU_OUT[9] (ALU)                  0.00      35.78 f
  ALU_OUT[9] (out)                         0.00      35.78 f
  data arrival time                                  35.78

  clock ALU_CLK (rise edge)                0.00       0.00
  clock network delay (ideal)              0.00       0.00
  clock uncertainty                        0.10       0.10
  output external delay                  -20.00     -19.90
  data required time                                -19.90
  -----------------------------------------------------------
  data required time                                -19.90
  data arrival time                                 -35.78
  -----------------------------------------------------------
  slack (MET)                                        55.68


  Startpoint: ALU_Enable (input port clocked by ALU_CLK)
  Endpoint: ALU_OUT[8] (output port clocked by ALU_CLK)
  Path Group: INOUT
  Path Type: min

  Des/Clust/Port     Wire Load Model       Library
  ------------------------------------------------
  ALU_TOP            tsmc13_wl30           scmetro_tsmc_cl013g_rvt_ss_1p08v_125c

  Point                                    Incr       Path
  -----------------------------------------------------------
  clock ALU_CLK (rise edge)                0.00       0.00
  clock network delay (ideal)              0.00       0.00
  input external delay                    20.00      20.00 f
  ALU_Enable (in)                          0.12      20.12 f
  U0_ALU/Enable (ALU)                      0.00      20.12 f
  U0_ALU/U170/Y (BUFX10M)                  0.43      20.55 f
  U0_ALU/U13/Y (AND2X2M)                   0.38      20.93 f
  U0_ALU/U51/Y (CLKINVX1M)                 0.76      21.68 r
  U0_ALU/U52/Y (CLKINVX40M)               14.09      35.78 f
  U0_ALU/ALU_OUT[8] (ALU)                  0.00      35.78 f
  ALU_OUT[8] (out)                         0.00      35.78 f
  data arrival time                                  35.78

  clock ALU_CLK (rise edge)                0.00       0.00
  clock network delay (ideal)              0.00       0.00
  clock uncertainty                        0.10       0.10
  output external delay                  -20.00     -19.90
  data required time                                -19.90
  -----------------------------------------------------------
  data required time                                -19.90
  data arrival time                                 -35.78
  -----------------------------------------------------------
  slack (MET)                                        55.68


  Startpoint: ALU_Enable (input port clocked by ALU_CLK)
  Endpoint: ALU_OUT[7] (output port clocked by ALU_CLK)
  Path Group: INOUT
  Path Type: min

  Des/Clust/Port     Wire Load Model       Library
  ------------------------------------------------
  ALU_TOP            tsmc13_wl30           scmetro_tsmc_cl013g_rvt_ss_1p08v_125c

  Point                                    Incr       Path
  -----------------------------------------------------------
  clock ALU_CLK (rise edge)                0.00       0.00
  clock network delay (ideal)              0.00       0.00
  input external delay                    20.00      20.00 f
  ALU_Enable (in)                          0.12      20.12 f
  U0_ALU/Enable (ALU)                      0.00      20.12 f
  U0_ALU/U170/Y (BUFX10M)                  0.43      20.55 f
  U0_ALU/U12/Y (AND2X2M)                   0.38      20.93 f
  U0_ALU/U49/Y (CLKINVX1M)                 0.76      21.68 r
  U0_ALU/U50/Y (CLKINVX40M)               14.09      35.78 f
  U0_ALU/ALU_OUT[7] (ALU)                  0.00      35.78 f
  ALU_OUT[7] (out)                         0.00      35.78 f
  data arrival time                                  35.78

  clock ALU_CLK (rise edge)                0.00       0.00
  clock network delay (ideal)              0.00       0.00
  clock uncertainty                        0.10       0.10
  output external delay                  -20.00     -19.90
  data required time                                -19.90
  -----------------------------------------------------------
  data required time                                -19.90
  data arrival time                                 -35.78
  -----------------------------------------------------------
  slack (MET)                                        55.68


  Startpoint: ALU_Enable (input port clocked by ALU_CLK)
  Endpoint: ALU_OUT[6] (output port clocked by ALU_CLK)
  Path Group: INOUT
  Path Type: min

  Des/Clust/Port     Wire Load Model       Library
  ------------------------------------------------
  ALU_TOP            tsmc13_wl30           scmetro_tsmc_cl013g_rvt_ss_1p08v_125c

  Point                                    Incr       Path
  -----------------------------------------------------------
  clock ALU_CLK (rise edge)                0.00       0.00
  clock network delay (ideal)              0.00       0.00
  input external delay                    20.00      20.00 f
  ALU_Enable (in)                          0.12      20.12 f
  U0_ALU/Enable (ALU)                      0.00      20.12 f
  U0_ALU/U170/Y (BUFX10M)                  0.43      20.55 f
  U0_ALU/U11/Y (AND2X2M)                   0.38      20.93 f
  U0_ALU/U47/Y (CLKINVX1M)                 0.76      21.68 r
  U0_ALU/U48/Y (CLKINVX40M)               14.09      35.78 f
  U0_ALU/ALU_OUT[6] (ALU)                  0.00      35.78 f
  ALU_OUT[6] (out)                         0.00      35.78 f
  data arrival time                                  35.78

  clock ALU_CLK (rise edge)                0.00       0.00
  clock network delay (ideal)              0.00       0.00
  clock uncertainty                        0.10       0.10
  output external delay                  -20.00     -19.90
  data required time                                -19.90
  -----------------------------------------------------------
  data required time                                -19.90
  data arrival time                                 -35.78
  -----------------------------------------------------------
  slack (MET)                                        55.68


  Startpoint: ALU_Enable (input port clocked by ALU_CLK)
  Endpoint: ALU_OUT[5] (output port clocked by ALU_CLK)
  Path Group: INOUT
  Path Type: min

  Des/Clust/Port     Wire Load Model       Library
  ------------------------------------------------
  ALU_TOP            tsmc13_wl30           scmetro_tsmc_cl013g_rvt_ss_1p08v_125c

  Point                                    Incr       Path
  -----------------------------------------------------------
  clock ALU_CLK (rise edge)                0.00       0.00
  clock network delay (ideal)              0.00       0.00
  input external delay                    20.00      20.00 f
  ALU_Enable (in)                          0.12      20.12 f
  U0_ALU/Enable (ALU)                      0.00      20.12 f
  U0_ALU/U170/Y (BUFX10M)                  0.43      20.55 f
  U0_ALU/U10/Y (AND2X2M)                   0.38      20.93 f
  U0_ALU/U45/Y (CLKINVX1M)                 0.76      21.68 r
  U0_ALU/U46/Y (CLKINVX40M)               14.09      35.78 f
  U0_ALU/ALU_OUT[5] (ALU)                  0.00      35.78 f
  ALU_OUT[5] (out)                         0.00      35.78 f
  data arrival time                                  35.78

  clock ALU_CLK (rise edge)                0.00       0.00
  clock network delay (ideal)              0.00       0.00
  clock uncertainty                        0.10       0.10
  output external delay                  -20.00     -19.90
  data required time                                -19.90
  -----------------------------------------------------------
  data required time                                -19.90
  data arrival time                                 -35.78
  -----------------------------------------------------------
  slack (MET)                                        55.68


  Startpoint: ALU_Enable (input port clocked by ALU_CLK)
  Endpoint: ALU_OUT[4] (output port clocked by ALU_CLK)
  Path Group: INOUT
  Path Type: min

  Des/Clust/Port     Wire Load Model       Library
  ------------------------------------------------
  ALU_TOP            tsmc13_wl30           scmetro_tsmc_cl013g_rvt_ss_1p08v_125c

  Point                                    Incr       Path
  -----------------------------------------------------------
  clock ALU_CLK (rise edge)                0.00       0.00
  clock network delay (ideal)              0.00       0.00
  input external delay                    20.00      20.00 f
  ALU_Enable (in)                          0.12      20.12 f
  U0_ALU/Enable (ALU)                      0.00      20.12 f
  U0_ALU/U170/Y (BUFX10M)                  0.43      20.55 f
  U0_ALU/U9/Y (AND2X2M)                    0.38      20.93 f
  U0_ALU/U43/Y (CLKINVX1M)                 0.76      21.68 r
  U0_ALU/U44/Y (CLKINVX40M)               14.09      35.78 f
  U0_ALU/ALU_OUT[4] (ALU)                  0.00      35.78 f
  ALU_OUT[4] (out)                         0.00      35.78 f
  data arrival time                                  35.78

  clock ALU_CLK (rise edge)                0.00       0.00
  clock network delay (ideal)              0.00       0.00
  clock uncertainty                        0.10       0.10
  output external delay                  -20.00     -19.90
  data required time                                -19.90
  -----------------------------------------------------------
  data required time                                -19.90
  data arrival time                                 -35.78
  -----------------------------------------------------------
  slack (MET)                                        55.68


  Startpoint: ALU_Enable (input port clocked by ALU_CLK)
  Endpoint: ALU_OUT[3] (output port clocked by ALU_CLK)
  Path Group: INOUT
  Path Type: min

  Des/Clust/Port     Wire Load Model       Library
  ------------------------------------------------
  ALU_TOP            tsmc13_wl30           scmetro_tsmc_cl013g_rvt_ss_1p08v_125c

  Point                                    Incr       Path
  -----------------------------------------------------------
  clock ALU_CLK (rise edge)                0.00       0.00
  clock network delay (ideal)              0.00       0.00
  input external delay                    20.00      20.00 f
  ALU_Enable (in)                          0.12      20.12 f
  U0_ALU/Enable (ALU)                      0.00      20.12 f
  U0_ALU/U170/Y (BUFX10M)                  0.43      20.55 f
  U0_ALU/U8/Y (AND2X2M)                    0.38      20.93 f
  U0_ALU/U41/Y (CLKINVX1M)                 0.76      21.68 r
  U0_ALU/U42/Y (CLKINVX40M)               14.09      35.78 f
  U0_ALU/ALU_OUT[3] (ALU)                  0.00      35.78 f
  ALU_OUT[3] (out)                         0.00      35.78 f
  data arrival time                                  35.78

  clock ALU_CLK (rise edge)                0.00       0.00
  clock network delay (ideal)              0.00       0.00
  clock uncertainty                        0.10       0.10
  output external delay                  -20.00     -19.90
  data required time                                -19.90
  -----------------------------------------------------------
  data required time                                -19.90
  data arrival time                                 -35.78
  -----------------------------------------------------------
  slack (MET)                                        55.68


  Startpoint: ALU_Enable (input port clocked by ALU_CLK)
  Endpoint: ALU_OUT[2] (output port clocked by ALU_CLK)
  Path Group: INOUT
  Path Type: min

  Des/Clust/Port     Wire Load Model       Library
  ------------------------------------------------
  ALU_TOP            tsmc13_wl30           scmetro_tsmc_cl013g_rvt_ss_1p08v_125c

  Point                                    Incr       Path
  -----------------------------------------------------------
  clock ALU_CLK (rise edge)                0.00       0.00
  clock network delay (ideal)              0.00       0.00
  input external delay                    20.00      20.00 f
  ALU_Enable (in)                          0.12      20.12 f
  U0_ALU/Enable (ALU)                      0.00      20.12 f
  U0_ALU/U170/Y (BUFX10M)                  0.43      20.55 f
  U0_ALU/U7/Y (AND2X2M)                    0.38      20.93 f
  U0_ALU/U39/Y (CLKINVX1M)                 0.76      21.68 r
  U0_ALU/U40/Y (CLKINVX40M)               14.09      35.78 f
  U0_ALU/ALU_OUT[2] (ALU)                  0.00      35.78 f
  ALU_OUT[2] (out)                         0.00      35.78 f
  data arrival time                                  35.78

  clock ALU_CLK (rise edge)                0.00       0.00
  clock network delay (ideal)              0.00       0.00
  clock uncertainty                        0.10       0.10
  output external delay                  -20.00     -19.90
  data required time                                -19.90
  -----------------------------------------------------------
  data required time                                -19.90
  data arrival time                                 -35.78
  -----------------------------------------------------------
  slack (MET)                                        55.68


  Startpoint: ALU_Enable (input port clocked by ALU_CLK)
  Endpoint: ALU_OUT[1] (output port clocked by ALU_CLK)
  Path Group: INOUT
  Path Type: min

  Des/Clust/Port     Wire Load Model       Library
  ------------------------------------------------
  ALU_TOP            tsmc13_wl30           scmetro_tsmc_cl013g_rvt_ss_1p08v_125c

  Point                                    Incr       Path
  -----------------------------------------------------------
  clock ALU_CLK (rise edge)                0.00       0.00
  clock network delay (ideal)              0.00       0.00
  input external delay                    20.00      20.00 f
  ALU_Enable (in)                          0.12      20.12 f
  U0_ALU/Enable (ALU)                      0.00      20.12 f
  U0_ALU/U170/Y (BUFX10M)                  0.43      20.55 f
  U0_ALU/U4/Y (AND2X2M)                    0.38      20.93 f
  U0_ALU/U37/Y (CLKINVX1M)                 0.76      21.68 r
  U0_ALU/U38/Y (CLKINVX40M)               14.09      35.78 f
  U0_ALU/ALU_OUT[1] (ALU)                  0.00      35.78 f
  ALU_OUT[1] (out)                         0.00      35.78 f
  data arrival time                                  35.78

  clock ALU_CLK (rise edge)                0.00       0.00
  clock network delay (ideal)              0.00       0.00
  clock uncertainty                        0.10       0.10
  output external delay                  -20.00     -19.90
  data required time                                -19.90
  -----------------------------------------------------------
  data required time                                -19.90
  data arrival time                                 -35.78
  -----------------------------------------------------------
  slack (MET)                                        55.68


  Startpoint: ALU_Enable (input port clocked by ALU_CLK)
  Endpoint: ALU_OUT[0] (output port clocked by ALU_CLK)
  Path Group: INOUT
  Path Type: min

  Des/Clust/Port     Wire Load Model       Library
  ------------------------------------------------
  ALU_TOP            tsmc13_wl30           scmetro_tsmc_cl013g_rvt_ss_1p08v_125c

  Point                                    Incr       Path
  -----------------------------------------------------------
  clock ALU_CLK (rise edge)                0.00       0.00
  clock network delay (ideal)              0.00       0.00
  input external delay                    20.00      20.00 f
  ALU_Enable (in)                          0.12      20.12 f
  U0_ALU/Enable (ALU)                      0.00      20.12 f
  U0_ALU/U170/Y (BUFX10M)                  0.43      20.55 f
  U0_ALU/U3/Y (AND2X2M)                    0.38      20.93 f
  U0_ALU/U23/Y (CLKINVX1M)                 0.76      21.68 r
  U0_ALU/U24/Y (CLKINVX40M)               14.09      35.78 f
  U0_ALU/ALU_OUT[0] (ALU)                  0.00      35.78 f
  ALU_OUT[0] (out)                         0.00      35.78 f
  data arrival time                                  35.78

  clock ALU_CLK (rise edge)                0.00       0.00
  clock network delay (ideal)              0.00       0.00
  clock uncertainty                        0.10       0.10
  output external delay                  -20.00     -19.90
  data required time                                -19.90
  -----------------------------------------------------------
  data required time                                -19.90
  data arrival time                                 -35.78
  -----------------------------------------------------------
  slack (MET)                                        55.68


  Startpoint: ALU_A[2] (input port clocked by ALU_CLK)
  Endpoint: U0_ALU/A_reg_reg[2]
            (rising edge-triggered flip-flop clocked by ALU_CLK)
  Path Group: INREG
  Path Type: min

  Des/Clust/Port     Wire Load Model       Library
  ------------------------------------------------
  ALU_TOP            tsmc13_wl30           scmetro_tsmc_cl013g_rvt_ss_1p08v_125c

  Point                                    Incr       Path
  -----------------------------------------------------------
  clock ALU_CLK (rise edge)                0.00       0.00
  clock network delay (ideal)              0.00       0.00
  input external delay                    20.00      20.00 f
  ALU_A[2] (in)                            0.10      20.10 f
  U0_ALU/A[2] (ALU)                        0.00      20.10 f
  U0_ALU/A_reg_reg[2]/D (DFFRQX1M)         0.00      20.10 f
  data arrival time                                  20.10

  clock ALU_CLK (rise edge)                0.00       0.00
  clock network delay (ideal)              0.00       0.00
  clock uncertainty                        0.10       0.10
  U0_ALU/A_reg_reg[2]/CK (DFFRQX1M)        0.00       0.10 r
  library hold time                       -0.03       0.07
  data required time                                  0.07
  -----------------------------------------------------------
  data required time                                  0.07
  data arrival time                                 -20.10
  -----------------------------------------------------------
  slack (MET)                                        20.03


  Startpoint: ALU_A[1] (input port clocked by ALU_CLK)
  Endpoint: U0_ALU/A_reg_reg[1]
            (rising edge-triggered flip-flop clocked by ALU_CLK)
  Path Group: INREG
  Path Type: min

  Des/Clust/Port     Wire Load Model       Library
  ------------------------------------------------
  ALU_TOP            tsmc13_wl30           scmetro_tsmc_cl013g_rvt_ss_1p08v_125c

  Point                                    Incr       Path
  -----------------------------------------------------------
  clock ALU_CLK (rise edge)                0.00       0.00
  clock network delay (ideal)              0.00       0.00
  input external delay                    20.00      20.00 f
  ALU_A[1] (in)                            0.10      20.10 f
  U0_ALU/A[1] (ALU)                        0.00      20.10 f
  U0_ALU/A_reg_reg[1]/D (DFFRQX1M)         0.00      20.10 f
  data arrival time                                  20.10

  clock ALU_CLK (rise edge)                0.00       0.00
  clock network delay (ideal)              0.00       0.00
  clock uncertainty                        0.10       0.10
  U0_ALU/A_reg_reg[1]/CK (DFFRQX1M)        0.00       0.10 r
  library hold time                       -0.03       0.07
  data required time                                  0.07
  -----------------------------------------------------------
  data required time                                  0.07
  data arrival time                                 -20.10
  -----------------------------------------------------------
  slack (MET)                                        20.03


  Startpoint: ALU_A[0] (input port clocked by ALU_CLK)
  Endpoint: U0_ALU/A_reg_reg[0]
            (rising edge-triggered flip-flop clocked by ALU_CLK)
  Path Group: INREG
  Path Type: min

  Des/Clust/Port     Wire Load Model       Library
  ------------------------------------------------
  ALU_TOP            tsmc13_wl30           scmetro_tsmc_cl013g_rvt_ss_1p08v_125c

  Point                                    Incr       Path
  -----------------------------------------------------------
  clock ALU_CLK (rise edge)                0.00       0.00
  clock network delay (ideal)              0.00       0.00
  input external delay                    20.00      20.00 f
  ALU_A[0] (in)                            0.10      20.10 f
  U0_ALU/A[0] (ALU)                        0.00      20.10 f
  U0_ALU/A_reg_reg[0]/D (DFFRQX1M)         0.00      20.10 f
  data arrival time                                  20.10

  clock ALU_CLK (rise edge)                0.00       0.00
  clock network delay (ideal)              0.00       0.00
  clock uncertainty                        0.10       0.10
  U0_ALU/A_reg_reg[0]/CK (DFFRQX1M)        0.00       0.10 r
  library hold time                       -0.03       0.07
  data required time                                  0.07
  -----------------------------------------------------------
  data required time                                  0.07
  data arrival time                                 -20.10
  -----------------------------------------------------------
  slack (MET)                                        20.03


  Startpoint: ALU_A[3] (input port clocked by ALU_CLK)
  Endpoint: U0_ALU/A_reg_reg[3]
            (rising edge-triggered flip-flop clocked by ALU_CLK)
  Path Group: INREG
  Path Type: min

  Des/Clust/Port     Wire Load Model       Library
  ------------------------------------------------
  ALU_TOP            tsmc13_wl30           scmetro_tsmc_cl013g_rvt_ss_1p08v_125c

  Point                                    Incr       Path
  -----------------------------------------------------------
  clock ALU_CLK (rise edge)                0.00       0.00
  clock network delay (ideal)              0.00       0.00
  input external delay                    20.00      20.00 f
  ALU_A[3] (in)                            0.10      20.10 f
  U0_ALU/A[3] (ALU)                        0.00      20.10 f
  U0_ALU/A_reg_reg[3]/D (DFFRQX1M)         0.00      20.10 f
  data arrival time                                  20.10

  clock ALU_CLK (rise edge)                0.00       0.00
  clock network delay (ideal)              0.00       0.00
  clock uncertainty                        0.10       0.10
  U0_ALU/A_reg_reg[3]/CK (DFFRQX1M)        0.00       0.10 r
  library hold time                       -0.03       0.07
  data required time                                  0.07
  -----------------------------------------------------------
  data required time                                  0.07
  data arrival time                                 -20.10
  -----------------------------------------------------------
  slack (MET)                                        20.03


  Startpoint: ALU_A[4] (input port clocked by ALU_CLK)
  Endpoint: U0_ALU/A_reg_reg[4]
            (rising edge-triggered flip-flop clocked by ALU_CLK)
  Path Group: INREG
  Path Type: min

  Des/Clust/Port     Wire Load Model       Library
  ------------------------------------------------
  ALU_TOP            tsmc13_wl30           scmetro_tsmc_cl013g_rvt_ss_1p08v_125c

  Point                                    Incr       Path
  -----------------------------------------------------------
  clock ALU_CLK (rise edge)                0.00       0.00
  clock network delay (ideal)              0.00       0.00
  input external delay                    20.00      20.00 f
  ALU_A[4] (in)                            0.10      20.10 f
  U0_ALU/A[4] (ALU)                        0.00      20.10 f
  U0_ALU/A_reg_reg[4]/D (DFFRQX1M)         0.00      20.10 f
  data arrival time                                  20.10

  clock ALU_CLK (rise edge)                0.00       0.00
  clock network delay (ideal)              0.00       0.00
  clock uncertainty                        0.10       0.10
  U0_ALU/A_reg_reg[4]/CK (DFFRQX1M)        0.00       0.10 r
  library hold time                       -0.03       0.07
  data required time                                  0.07
  -----------------------------------------------------------
  data required time                                  0.07
  data arrival time                                 -20.10
  -----------------------------------------------------------
  slack (MET)                                        20.03


  Startpoint: ALU_A[5] (input port clocked by ALU_CLK)
  Endpoint: U0_ALU/A_reg_reg[5]
            (rising edge-triggered flip-flop clocked by ALU_CLK)
  Path Group: INREG
  Path Type: min

  Des/Clust/Port     Wire Load Model       Library
  ------------------------------------------------
  ALU_TOP            tsmc13_wl30           scmetro_tsmc_cl013g_rvt_ss_1p08v_125c

  Point                                    Incr       Path
  -----------------------------------------------------------
  clock ALU_CLK (rise edge)                0.00       0.00
  clock network delay (ideal)              0.00       0.00
  input external delay                    20.00      20.00 f
  ALU_A[5] (in)                            0.10      20.10 f
  U0_ALU/A[5] (ALU)                        0.00      20.10 f
  U0_ALU/A_reg_reg[5]/D (DFFRQX1M)         0.00      20.10 f
  data arrival time                                  20.10

  clock ALU_CLK (rise edge)                0.00       0.00
  clock network delay (ideal)              0.00       0.00
  clock uncertainty                        0.10       0.10
  U0_ALU/A_reg_reg[5]/CK (DFFRQX1M)        0.00       0.10 r
  library hold time                       -0.03       0.07
  data required time                                  0.07
  -----------------------------------------------------------
  data required time                                  0.07
  data arrival time                                 -20.10
  -----------------------------------------------------------
  slack (MET)                                        20.03


  Startpoint: ALU_A[6] (input port clocked by ALU_CLK)
  Endpoint: U0_ALU/A_reg_reg[6]
            (rising edge-triggered flip-flop clocked by ALU_CLK)
  Path Group: INREG
  Path Type: min

  Des/Clust/Port     Wire Load Model       Library
  ------------------------------------------------
  ALU_TOP            tsmc13_wl30           scmetro_tsmc_cl013g_rvt_ss_1p08v_125c

  Point                                    Incr       Path
  -----------------------------------------------------------
  clock ALU_CLK (rise edge)                0.00       0.00
  clock network delay (ideal)              0.00       0.00
  input external delay                    20.00      20.00 f
  ALU_A[6] (in)                            0.10      20.10 f
  U0_ALU/A[6] (ALU)                        0.00      20.10 f
  U0_ALU/A_reg_reg[6]/D (DFFRQX1M)         0.00      20.10 f
  data arrival time                                  20.10

  clock ALU_CLK (rise edge)                0.00       0.00
  clock network delay (ideal)              0.00       0.00
  clock uncertainty                        0.10       0.10
  U0_ALU/A_reg_reg[6]/CK (DFFRQX1M)        0.00       0.10 r
  library hold time                       -0.03       0.07
  data required time                                  0.07
  -----------------------------------------------------------
  data required time                                  0.07
  data arrival time                                 -20.10
  -----------------------------------------------------------
  slack (MET)                                        20.03


  Startpoint: ALU_A[7] (input port clocked by ALU_CLK)
  Endpoint: U0_ALU/A_reg_reg[7]
            (rising edge-triggered flip-flop clocked by ALU_CLK)
  Path Group: INREG
  Path Type: min

  Des/Clust/Port     Wire Load Model       Library
  ------------------------------------------------
  ALU_TOP            tsmc13_wl30           scmetro_tsmc_cl013g_rvt_ss_1p08v_125c

  Point                                    Incr       Path
  -----------------------------------------------------------
  clock ALU_CLK (rise edge)                0.00       0.00
  clock network delay (ideal)              0.00       0.00
  input external delay                    20.00      20.00 f
  ALU_A[7] (in)                            0.10      20.10 f
  U0_ALU/A[7] (ALU)                        0.00      20.10 f
  U0_ALU/A_reg_reg[7]/D (DFFRQX1M)         0.00      20.10 f
  data arrival time                                  20.10

  clock ALU_CLK (rise edge)                0.00       0.00
  clock network delay (ideal)              0.00       0.00
  clock uncertainty                        0.10       0.10
  U0_ALU/A_reg_reg[7]/CK (DFFRQX1M)        0.00       0.10 r
  library hold time                       -0.03       0.07
  data required time                                  0.07
  -----------------------------------------------------------
  data required time                                  0.07
  data arrival time                                 -20.10
  -----------------------------------------------------------
  slack (MET)                                        20.03


  Startpoint: ALU_B[6] (input port clocked by ALU_CLK)
  Endpoint: U0_ALU/B_reg_reg[6]
            (rising edge-triggered flip-flop clocked by ALU_CLK)
  Path Group: INREG
  Path Type: min

  Des/Clust/Port     Wire Load Model       Library
  ------------------------------------------------
  ALU_TOP            tsmc13_wl30           scmetro_tsmc_cl013g_rvt_ss_1p08v_125c

  Point                                    Incr       Path
  -----------------------------------------------------------
  clock ALU_CLK (rise edge)                0.00       0.00
  clock network delay (ideal)              0.00       0.00
  input external delay                    20.00      20.00 f
  ALU_B[6] (in)                            0.10      20.10 f
  U0_ALU/B[6] (ALU)                        0.00      20.10 f
  U0_ALU/B_reg_reg[6]/D (DFFRQX1M)         0.00      20.10 f
  data arrival time                                  20.10

  clock ALU_CLK (rise edge)                0.00       0.00
  clock network delay (ideal)              0.00       0.00
  clock uncertainty                        0.10       0.10
  U0_ALU/B_reg_reg[6]/CK (DFFRQX1M)        0.00       0.10 r
  library hold time                       -0.03       0.07
  data required time                                  0.07
  -----------------------------------------------------------
  data required time                                  0.07
  data arrival time                                 -20.10
  -----------------------------------------------------------
  slack (MET)                                        20.03


  Startpoint: ALU_B[7] (input port clocked by ALU_CLK)
  Endpoint: U0_ALU/B_reg_reg[7]
            (rising edge-triggered flip-flop clocked by ALU_CLK)
  Path Group: INREG
  Path Type: min

  Des/Clust/Port     Wire Load Model       Library
  ------------------------------------------------
  ALU_TOP            tsmc13_wl30           scmetro_tsmc_cl013g_rvt_ss_1p08v_125c

  Point                                    Incr       Path
  -----------------------------------------------------------
  clock ALU_CLK (rise edge)                0.00       0.00
  clock network delay (ideal)              0.00       0.00
  input external delay                    20.00      20.00 f
  ALU_B[7] (in)                            0.10      20.10 f
  U0_ALU/B[7] (ALU)                        0.00      20.10 f
  U0_ALU/B_reg_reg[7]/D (DFFRX4M)          0.00      20.10 f
  data arrival time                                  20.10

  clock ALU_CLK (rise edge)                0.00       0.00
  clock network delay (ideal)              0.00       0.00
  clock uncertainty                        0.10       0.10
  U0_ALU/B_reg_reg[7]/CK (DFFRX4M)         0.00       0.10 r
  library hold time                       -0.05       0.05
  data required time                                  0.05
  -----------------------------------------------------------
  data required time                                  0.05
  data arrival time                                 -20.10
  -----------------------------------------------------------
  slack (MET)                                        20.05


  Startpoint: ALU_B[0] (input port clocked by ALU_CLK)
  Endpoint: U0_ALU/B_reg_reg[0]
            (rising edge-triggered flip-flop clocked by ALU_CLK)
  Path Group: INREG
  Path Type: min

  Des/Clust/Port     Wire Load Model       Library
  ------------------------------------------------
  ALU_TOP            tsmc13_wl30           scmetro_tsmc_cl013g_rvt_ss_1p08v_125c

  Point                                    Incr       Path
  -----------------------------------------------------------
  clock ALU_CLK (rise edge)                0.00       0.00
  clock network delay (ideal)              0.00       0.00
  input external delay                    20.00      20.00 f
  ALU_B[0] (in)                            0.10      20.10 f
  U0_ALU/B[0] (ALU)                        0.00      20.10 f
  U0_ALU/B_reg_reg[0]/D (DFFRX4M)          0.00      20.10 f
  data arrival time                                  20.10

  clock ALU_CLK (rise edge)                0.00       0.00
  clock network delay (ideal)              0.00       0.00
  clock uncertainty                        0.10       0.10
  U0_ALU/B_reg_reg[0]/CK (DFFRX4M)         0.00       0.10 r
  library hold time                       -0.05       0.05
  data required time                                  0.05
  -----------------------------------------------------------
  data required time                                  0.05
  data arrival time                                 -20.10
  -----------------------------------------------------------
  slack (MET)                                        20.05


  Startpoint: ALU_B[1] (input port clocked by ALU_CLK)
  Endpoint: U0_ALU/B_reg_reg[1]
            (rising edge-triggered flip-flop clocked by ALU_CLK)
  Path Group: INREG
  Path Type: min

  Des/Clust/Port     Wire Load Model       Library
  ------------------------------------------------
  ALU_TOP            tsmc13_wl30           scmetro_tsmc_cl013g_rvt_ss_1p08v_125c

  Point                                    Incr       Path
  -----------------------------------------------------------
  clock ALU_CLK (rise edge)                0.00       0.00
  clock network delay (ideal)              0.00       0.00
  input external delay                    20.00      20.00 f
  ALU_B[1] (in)                            0.10      20.10 f
  U0_ALU/B[1] (ALU)                        0.00      20.10 f
  U0_ALU/B_reg_reg[1]/D (DFFRX4M)          0.00      20.10 f
  data arrival time                                  20.10

  clock ALU_CLK (rise edge)                0.00       0.00
  clock network delay (ideal)              0.00       0.00
  clock uncertainty                        0.10       0.10
  U0_ALU/B_reg_reg[1]/CK (DFFRX4M)         0.00       0.10 r
  library hold time                       -0.05       0.05
  data required time                                  0.05
  -----------------------------------------------------------
  data required time                                  0.05
  data arrival time                                 -20.10
  -----------------------------------------------------------
  slack (MET)                                        20.05


  Startpoint: ALU_B[5] (input port clocked by ALU_CLK)
  Endpoint: U0_ALU/B_reg_reg[5]
            (rising edge-triggered flip-flop clocked by ALU_CLK)
  Path Group: INREG
  Path Type: min

  Des/Clust/Port     Wire Load Model       Library
  ------------------------------------------------
  ALU_TOP            tsmc13_wl30           scmetro_tsmc_cl013g_rvt_ss_1p08v_125c

  Point                                    Incr       Path
  -----------------------------------------------------------
  clock ALU_CLK (rise edge)                0.00       0.00
  clock network delay (ideal)              0.00       0.00
  input external delay                    20.00      20.00 f
  ALU_B[5] (in)                            0.10      20.10 f
  U0_ALU/B[5] (ALU)                        0.00      20.10 f
  U0_ALU/B_reg_reg[5]/D (DFFRX4M)          0.00      20.10 f
  data arrival time                                  20.10

  clock ALU_CLK (rise edge)                0.00       0.00
  clock network delay (ideal)              0.00       0.00
  clock uncertainty                        0.10       0.10
  U0_ALU/B_reg_reg[5]/CK (DFFRX4M)         0.00       0.10 r
  library hold time                       -0.05       0.05
  data required time                                  0.05
  -----------------------------------------------------------
  data required time                                  0.05
  data arrival time                                 -20.10
  -----------------------------------------------------------
  slack (MET)                                        20.05


  Startpoint: ALU_B[4] (input port clocked by ALU_CLK)
  Endpoint: U0_ALU/B_reg_reg[4]
            (rising edge-triggered flip-flop clocked by ALU_CLK)
  Path Group: INREG
  Path Type: min

  Des/Clust/Port     Wire Load Model       Library
  ------------------------------------------------
  ALU_TOP            tsmc13_wl30           scmetro_tsmc_cl013g_rvt_ss_1p08v_125c

  Point                                    Incr       Path
  -----------------------------------------------------------
  clock ALU_CLK (rise edge)                0.00       0.00
  clock network delay (ideal)              0.00       0.00
  input external delay                    20.00      20.00 f
  ALU_B[4] (in)                            0.10      20.10 f
  U0_ALU/B[4] (ALU)                        0.00      20.10 f
  U0_ALU/B_reg_reg[4]/D (DFFRX4M)          0.00      20.10 f
  data arrival time                                  20.10

  clock ALU_CLK (rise edge)                0.00       0.00
  clock network delay (ideal)              0.00       0.00
  clock uncertainty                        0.10       0.10
  U0_ALU/B_reg_reg[4]/CK (DFFRX4M)         0.00       0.10 r
  library hold time                       -0.05       0.05
  data required time                                  0.05
  -----------------------------------------------------------
  data required time                                  0.05
  data arrival time                                 -20.10
  -----------------------------------------------------------
  slack (MET)                                        20.05


  Startpoint: ALU_B[3] (input port clocked by ALU_CLK)
  Endpoint: U0_ALU/B_reg_reg[3]
            (rising edge-triggered flip-flop clocked by ALU_CLK)
  Path Group: INREG
  Path Type: min

  Des/Clust/Port     Wire Load Model       Library
  ------------------------------------------------
  ALU_TOP            tsmc13_wl30           scmetro_tsmc_cl013g_rvt_ss_1p08v_125c

  Point                                    Incr       Path
  -----------------------------------------------------------
  clock ALU_CLK (rise edge)                0.00       0.00
  clock network delay (ideal)              0.00       0.00
  input external delay                    20.00      20.00 f
  ALU_B[3] (in)                            0.10      20.10 f
  U0_ALU/B[3] (ALU)                        0.00      20.10 f
  U0_ALU/B_reg_reg[3]/D (DFFRX4M)          0.00      20.10 f
  data arrival time                                  20.10

  clock ALU_CLK (rise edge)                0.00       0.00
  clock network delay (ideal)              0.00       0.00
  clock uncertainty                        0.10       0.10
  U0_ALU/B_reg_reg[3]/CK (DFFRX4M)         0.00       0.10 r
  library hold time                       -0.05       0.05
  data required time                                  0.05
  -----------------------------------------------------------
  data required time                                  0.05
  data arrival time                                 -20.10
  -----------------------------------------------------------
  slack (MET)                                        20.05


  Startpoint: ALU_B[2] (input port clocked by ALU_CLK)
  Endpoint: U0_ALU/B_reg_reg[2]
            (rising edge-triggered flip-flop clocked by ALU_CLK)
  Path Group: INREG
  Path Type: min

  Des/Clust/Port     Wire Load Model       Library
  ------------------------------------------------
  ALU_TOP            tsmc13_wl30           scmetro_tsmc_cl013g_rvt_ss_1p08v_125c

  Point                                    Incr       Path
  -----------------------------------------------------------
  clock ALU_CLK (rise edge)                0.00       0.00
  clock network delay (ideal)              0.00       0.00
  input external delay                    20.00      20.00 f
  ALU_B[2] (in)                            0.10      20.10 f
  U0_ALU/B[2] (ALU)                        0.00      20.10 f
  U0_ALU/B_reg_reg[2]/D (DFFRX4M)          0.00      20.10 f
  data arrival time                                  20.10

  clock ALU_CLK (rise edge)                0.00       0.00
  clock network delay (ideal)              0.00       0.00
  clock uncertainty                        0.10       0.10
  U0_ALU/B_reg_reg[2]/CK (DFFRX4M)         0.00       0.10 r
  library hold time                       -0.05       0.05
  data required time                                  0.05
  -----------------------------------------------------------
  data required time                                  0.05
  data arrival time                                 -20.10
  -----------------------------------------------------------
  slack (MET)                                        20.05


  Startpoint: ALU_FUN[2] (input port clocked by ALU_CLK)
  Endpoint: U0_ALU/ALU_OUT_reg_reg[0]
            (rising edge-triggered flip-flop clocked by ALU_CLK)
  Path Group: INREG
  Path Type: min

  Des/Clust/Port     Wire Load Model       Library
  ------------------------------------------------
  ALU_TOP            tsmc13_wl30           scmetro_tsmc_cl013g_rvt_ss_1p08v_125c

  Point                                                   Incr       Path
  --------------------------------------------------------------------------
  clock ALU_CLK (rise edge)                               0.00       0.00
  clock network delay (ideal)                             0.00       0.00
  input external delay                                   20.00      20.00 f
  ALU_FUN[2] (in)                                         0.11      20.11 f
  U3/Y (BUFX4M)                                           0.43      20.53 f
  U0_ALU/ALU_FUN[2] (ALU)                                 0.00      20.53 f
  U0_ALU/U149/Y (NOR4BX2M)                                0.61      21.15 r
  U0_ALU/U174/Y (AOI211X2M)                               0.30      21.45 f
  U0_ALU/U171/Y (NAND4X2M)                                0.32      21.77 r
  U0_ALU/ALU_OUT_reg_reg[0]/D (DFFRQX1M)                  0.00      21.77 r
  data arrival time                                                 21.77

  clock ALU_CLK (rise edge)                               0.00       0.00
  clock network delay (ideal)                             0.00       0.00
  clock uncertainty                                       0.10       0.10
  U0_ALU/ALU_OUT_reg_reg[0]/CK (DFFRQX1M)                 0.00       0.10 r
  library hold time                                      -0.22      -0.12
  data required time                                                -0.12
  --------------------------------------------------------------------------
  data required time                                                -0.12
  data arrival time                                                -21.77
  --------------------------------------------------------------------------
  slack (MET)                                                       21.89


  Startpoint: ALU_FUN[0] (input port clocked by ALU_CLK)
  Endpoint: U0_ALU/ALU_OUT_reg_reg[6]
            (rising edge-triggered flip-flop clocked by ALU_CLK)
  Path Group: INREG
  Path Type: min

  Des/Clust/Port     Wire Load Model       Library
  ------------------------------------------------
  ALU_TOP            tsmc13_wl30           scmetro_tsmc_cl013g_rvt_ss_1p08v_125c

  Point                                                   Incr       Path
  --------------------------------------------------------------------------
  clock ALU_CLK (rise edge)                               0.00       0.00
  clock network delay (ideal)                             0.00       0.00
  input external delay                                   20.00      20.00 f
  ALU_FUN[0] (in)                                         0.11      20.11 f
  U2/Y (BUFX4M)                                           0.38      20.49 f
  U0_ALU/ALU_FUN[0] (ALU)                                 0.00      20.49 f
  U0_ALU/U148/Y (AND3X4M)                                 0.58      21.08 f
  U0_ALU/U106/Y (AOI221X2M)                               0.69      21.77 r
  U0_ALU/U104/Y (NAND3X2M)                                0.38      22.15 f
  U0_ALU/ALU_OUT_reg_reg[6]/D (DFFRQX1M)                  0.00      22.15 f
  data arrival time                                                 22.15

  clock ALU_CLK (rise edge)                               0.00       0.00
  clock network delay (ideal)                             0.00       0.00
  clock uncertainty                                       0.10       0.10
  U0_ALU/ALU_OUT_reg_reg[6]/CK (DFFRQX1M)                 0.00       0.10 r
  library hold time                                      -0.07       0.03
  data required time                                                 0.03
  --------------------------------------------------------------------------
  data required time                                                 0.03
  data arrival time                                                -22.15
  --------------------------------------------------------------------------
  slack (MET)                                                       22.12


  Startpoint: ALU_FUN[0] (input port clocked by ALU_CLK)
  Endpoint: U0_ALU/ALU_OUT_reg_reg[8]
            (rising edge-triggered flip-flop clocked by ALU_CLK)
  Path Group: INREG
  Path Type: min

  Des/Clust/Port     Wire Load Model       Library
  ------------------------------------------------
  ALU_TOP            tsmc13_wl30           scmetro_tsmc_cl013g_rvt_ss_1p08v_125c

  Point                                                   Incr       Path
  --------------------------------------------------------------------------
  clock ALU_CLK (rise edge)                               0.00       0.00
  clock network delay (ideal)                             0.00       0.00
  input external delay                                   20.00      20.00 r
  ALU_FUN[0] (in)                                         0.18      20.18 r
  U2/Y (BUFX4M)                                           0.60      20.78 r
  U0_ALU/ALU_FUN[0] (ALU)                                 0.00      20.78 r
  U0_ALU/U82/Y (NOR2X4M)                                  0.43      21.21 f
  U0_ALU/U113/Y (NAND2X2M)                                0.52      21.73 r
  U0_ALU/U124/Y (OAI2B11X1M)                              0.58      22.30 f
  U0_ALU/ALU_OUT_reg_reg[8]/D (DFFRQX1M)                  0.00      22.30 f
  data arrival time                                                 22.30

  clock ALU_CLK (rise edge)                               0.00       0.00
  clock network delay (ideal)                             0.00       0.00
  clock uncertainty                                       0.10       0.10
  U0_ALU/ALU_OUT_reg_reg[8]/CK (DFFRQX1M)                 0.00       0.10 r
  library hold time                                      -0.10       0.00
  data required time                                                 0.00
  --------------------------------------------------------------------------
  data required time                                                 0.00
  data arrival time                                                -22.30
  --------------------------------------------------------------------------
  slack (MET)                                                       22.30


  Startpoint: ALU_FUN[0] (input port clocked by ALU_CLK)
  Endpoint: U0_ALU/ALU_OUT_reg_reg[1]
            (rising edge-triggered flip-flop clocked by ALU_CLK)
  Path Group: INREG
  Path Type: min

  Des/Clust/Port     Wire Load Model       Library
  ------------------------------------------------
  ALU_TOP            tsmc13_wl30           scmetro_tsmc_cl013g_rvt_ss_1p08v_125c

  Point                                                   Incr       Path
  --------------------------------------------------------------------------
  clock ALU_CLK (rise edge)                               0.00       0.00
  clock network delay (ideal)                             0.00       0.00
  input external delay                                   20.00      20.00 f
  ALU_FUN[0] (in)                                         0.11      20.11 f
  U2/Y (BUFX4M)                                           0.38      20.49 f
  U0_ALU/ALU_FUN[0] (ALU)                                 0.00      20.49 f
  U0_ALU/U148/Y (AND3X4M)                                 0.58      21.08 f
  U0_ALU/U176/Y (AOI222X2M)                               0.67      21.75 r
  U0_ALU/U90/Y (NAND4X1M)                                 0.69      22.44 f
  U0_ALU/ALU_OUT_reg_reg[1]/D (DFFRQX1M)                  0.00      22.44 f
  data arrival time                                                 22.44

  clock ALU_CLK (rise edge)                               0.00       0.00
  clock network delay (ideal)                             0.00       0.00
  clock uncertainty                                       0.10       0.10
  U0_ALU/ALU_OUT_reg_reg[1]/CK (DFFRQX1M)                 0.00       0.10 r
  library hold time                                      -0.13      -0.03
  data required time                                                -0.03
  --------------------------------------------------------------------------
  data required time                                                -0.03
  data arrival time                                                -22.44
  --------------------------------------------------------------------------
  slack (MET)                                                       22.47


  Startpoint: ALU_FUN[0] (input port clocked by ALU_CLK)
  Endpoint: U0_ALU/ALU_OUT_reg_reg[5]
            (rising edge-triggered flip-flop clocked by ALU_CLK)
  Path Group: INREG
  Path Type: min

  Des/Clust/Port     Wire Load Model       Library
  ------------------------------------------------
  ALU_TOP            tsmc13_wl30           scmetro_tsmc_cl013g_rvt_ss_1p08v_125c

  Point                                                   Incr       Path
  --------------------------------------------------------------------------
  clock ALU_CLK (rise edge)                               0.00       0.00
  clock network delay (ideal)                             0.00       0.00
  input external delay                                   20.00      20.00 f
  ALU_FUN[0] (in)                                         0.11      20.11 f
  U2/Y (BUFX4M)                                           0.38      20.49 f
  U0_ALU/ALU_FUN[0] (ALU)                                 0.00      20.49 f
  U0_ALU/U148/Y (AND3X4M)                                 0.58      21.08 f
  U0_ALU/U136/Y (AOI221X2M)                               0.67      21.75 r
  U0_ALU/U86/Y (NAND3XLM)                                 0.80      22.55 f
  U0_ALU/ALU_OUT_reg_reg[5]/D (DFFRQX1M)                  0.00      22.55 f
  data arrival time                                                 22.55

  clock ALU_CLK (rise edge)                               0.00       0.00
  clock network delay (ideal)                             0.00       0.00
  clock uncertainty                                       0.10       0.10
  U0_ALU/ALU_OUT_reg_reg[5]/CK (DFFRQX1M)                 0.00       0.10 r
  library hold time                                      -0.16      -0.06
  data required time                                                -0.06
  --------------------------------------------------------------------------
  data required time                                                -0.06
  data arrival time                                                -22.55
  --------------------------------------------------------------------------
  slack (MET)                                                       22.60


  Startpoint: ALU_FUN[0] (input port clocked by ALU_CLK)
  Endpoint: U0_ALU/ALU_OUT_reg_reg[4]
            (rising edge-triggered flip-flop clocked by ALU_CLK)
  Path Group: INREG
  Path Type: min

  Des/Clust/Port     Wire Load Model       Library
  ------------------------------------------------
  ALU_TOP            tsmc13_wl30           scmetro_tsmc_cl013g_rvt_ss_1p08v_125c

  Point                                                   Incr       Path
  --------------------------------------------------------------------------
  clock ALU_CLK (rise edge)                               0.00       0.00
  clock network delay (ideal)                             0.00       0.00
  input external delay                                   20.00      20.00 f
  ALU_FUN[0] (in)                                         0.11      20.11 f
  U2/Y (BUFX4M)                                           0.38      20.49 f
  U0_ALU/ALU_FUN[0] (ALU)                                 0.00      20.49 f
  U0_ALU/U148/Y (AND3X4M)                                 0.58      21.08 f
  U0_ALU/U134/Y (AOI221X2M)                               0.67      21.75 r
  U0_ALU/U85/Y (NAND3XLM)                                 0.80      22.55 f
  U0_ALU/ALU_OUT_reg_reg[4]/D (DFFRQX1M)                  0.00      22.55 f
  data arrival time                                                 22.55

  clock ALU_CLK (rise edge)                               0.00       0.00
  clock network delay (ideal)                             0.00       0.00
  clock uncertainty                                       0.10       0.10
  U0_ALU/ALU_OUT_reg_reg[4]/CK (DFFRQX1M)                 0.00       0.10 r
  library hold time                                      -0.16      -0.06
  data required time                                                -0.06
  --------------------------------------------------------------------------
  data required time                                                -0.06
  data arrival time                                                -22.55
  --------------------------------------------------------------------------
  slack (MET)                                                       22.60


  Startpoint: ALU_FUN[0] (input port clocked by ALU_CLK)
  Endpoint: U0_ALU/ALU_OUT_reg_reg[3]
            (rising edge-triggered flip-flop clocked by ALU_CLK)
  Path Group: INREG
  Path Type: min

  Des/Clust/Port     Wire Load Model       Library
  ------------------------------------------------
  ALU_TOP            tsmc13_wl30           scmetro_tsmc_cl013g_rvt_ss_1p08v_125c

  Point                                                   Incr       Path
  --------------------------------------------------------------------------
  clock ALU_CLK (rise edge)                               0.00       0.00
  clock network delay (ideal)                             0.00       0.00
  input external delay                                   20.00      20.00 f
  ALU_FUN[0] (in)                                         0.11      20.11 f
  U2/Y (BUFX4M)                                           0.38      20.49 f
  U0_ALU/ALU_FUN[0] (ALU)                                 0.00      20.49 f
  U0_ALU/U148/Y (AND3X4M)                                 0.58      21.08 f
  U0_ALU/U132/Y (AOI221X2M)                               0.71      21.78 r
  U0_ALU/U84/Y (NAND3XLM)                                 0.80      22.58 f
  U0_ALU/ALU_OUT_reg_reg[3]/D (DFFRQX1M)                  0.00      22.58 f
  data arrival time                                                 22.58

  clock ALU_CLK (rise edge)                               0.00       0.00
  clock network delay (ideal)                             0.00       0.00
  clock uncertainty                                       0.10       0.10
  U0_ALU/ALU_OUT_reg_reg[3]/CK (DFFRQX1M)                 0.00       0.10 r
  library hold time                                      -0.16      -0.06
  data required time                                                -0.06
  --------------------------------------------------------------------------
  data required time                                                -0.06
  data arrival time                                                -22.58
  --------------------------------------------------------------------------
  slack (MET)                                                       22.64


  Startpoint: ALU_FUN[0] (input port clocked by ALU_CLK)
  Endpoint: U0_ALU/ALU_OUT_reg_reg[2]
            (rising edge-triggered flip-flop clocked by ALU_CLK)
  Path Group: INREG
  Path Type: min

  Des/Clust/Port     Wire Load Model       Library
  ------------------------------------------------
  ALU_TOP            tsmc13_wl30           scmetro_tsmc_cl013g_rvt_ss_1p08v_125c

  Point                                                   Incr       Path
  --------------------------------------------------------------------------
  clock ALU_CLK (rise edge)                               0.00       0.00
  clock network delay (ideal)                             0.00       0.00
  input external delay                                   20.00      20.00 f
  ALU_FUN[0] (in)                                         0.11      20.11 f
  U2/Y (BUFX4M)                                           0.38      20.49 f
  U0_ALU/ALU_FUN[0] (ALU)                                 0.00      20.49 f
  U0_ALU/U148/Y (AND3X4M)                                 0.58      21.08 f
  U0_ALU/U130/Y (AOI221X2M)                               0.71      21.78 r
  U0_ALU/U83/Y (NAND3XLM)                                 0.80      22.58 f
  U0_ALU/ALU_OUT_reg_reg[2]/D (DFFRQX1M)                  0.00      22.58 f
  data arrival time                                                 22.58

  clock ALU_CLK (rise edge)                               0.00       0.00
  clock network delay (ideal)                             0.00       0.00
  clock uncertainty                                       0.10       0.10
  U0_ALU/ALU_OUT_reg_reg[2]/CK (DFFRQX1M)                 0.00       0.10 r
  library hold time                                      -0.16      -0.06
  data required time                                                -0.06
  --------------------------------------------------------------------------
  data required time                                                -0.06
  data arrival time                                                -22.58
  --------------------------------------------------------------------------
  slack (MET)                                                       22.64


  Startpoint: ALU_FUN[2] (input port clocked by ALU_CLK)
  Endpoint: U0_ALU/ALU_OUT_reg_reg[7]
            (rising edge-triggered flip-flop clocked by ALU_CLK)
  Path Group: INREG
  Path Type: min

  Des/Clust/Port     Wire Load Model       Library
  ------------------------------------------------
  ALU_TOP            tsmc13_wl30           scmetro_tsmc_cl013g_rvt_ss_1p08v_125c

  Point                                                   Incr       Path
  --------------------------------------------------------------------------
  clock ALU_CLK (rise edge)                               0.00       0.00
  clock network delay (ideal)                             0.00       0.00
  input external delay                                   20.00      20.00 r
  ALU_FUN[2] (in)                                         0.18      20.18 r
  U3/Y (BUFX4M)                                           0.69      20.86 r
  U0_ALU/ALU_FUN[2] (ALU)                                 0.00      20.86 r
  U0_ALU/U69/Y (NOR3BX2M)                                 0.33      21.19 f
  U0_ALU/U63/Y (BUFX4M)                                   0.51      21.70 f
  U0_ALU/U140/Y (AOI22X1M)                                0.61      22.31 r
  U0_ALU/U137/Y (NAND3X2M)                                0.40      22.71 f
  U0_ALU/ALU_OUT_reg_reg[7]/D (DFFRQX1M)                  0.00      22.71 f
  data arrival time                                                 22.71

  clock ALU_CLK (rise edge)                               0.00       0.00
  clock network delay (ideal)                             0.00       0.00
  clock uncertainty                                       0.10       0.10
  U0_ALU/ALU_OUT_reg_reg[7]/CK (DFFRQX1M)                 0.00       0.10 r
  library hold time                                      -0.07       0.03
  data required time                                                 0.03
  --------------------------------------------------------------------------
  data required time                                                 0.03
  data arrival time                                                -22.71
  --------------------------------------------------------------------------
  slack (MET)                                                       22.69


  Startpoint: ALU_FUN[2] (input port clocked by ALU_CLK)
  Endpoint: U0_ALU/ALU_OUT_reg_reg[14]
            (rising edge-triggered flip-flop clocked by ALU_CLK)
  Path Group: INREG
  Path Type: min

  Des/Clust/Port     Wire Load Model       Library
  ------------------------------------------------
  ALU_TOP            tsmc13_wl30           scmetro_tsmc_cl013g_rvt_ss_1p08v_125c

  Point                                                   Incr       Path
  --------------------------------------------------------------------------
  clock ALU_CLK (rise edge)                               0.00       0.00
  clock network delay (ideal)                             0.00       0.00
  input external delay                                   20.00      20.00 r
  ALU_FUN[2] (in)                                         0.18      20.18 r
  U3/Y (BUFX4M)                                           0.69      20.86 r
  U0_ALU/ALU_FUN[2] (ALU)                                 0.00      20.86 r
  U0_ALU/U153/Y (NOR3BX2M)                                0.33      21.19 f
  U0_ALU/U88/Y (CLKBUFX8M)                                0.90      22.09 f
  U0_ALU/U100/Y (OAI2BB1XLM)                              0.87      22.96 f
  U0_ALU/ALU_OUT_reg_reg[14]/D (DFFRQX1M)                 0.00      22.96 f
  data arrival time                                                 22.96

  clock ALU_CLK (rise edge)                               0.00       0.00
  clock network delay (ideal)                             0.00       0.00
  clock uncertainty                                       0.10       0.10
  U0_ALU/ALU_OUT_reg_reg[14]/CK (DFFRQX1M)                0.00       0.10 r
  library hold time                                      -0.12      -0.02
  data required time                                                -0.02
  --------------------------------------------------------------------------
  data required time                                                -0.02
  data arrival time                                                -22.96
  --------------------------------------------------------------------------
  slack (MET)                                                       22.98


  Startpoint: ALU_FUN[2] (input port clocked by ALU_CLK)
  Endpoint: U0_ALU/ALU_OUT_reg_reg[13]
            (rising edge-triggered flip-flop clocked by ALU_CLK)
  Path Group: INREG
  Path Type: min

  Des/Clust/Port     Wire Load Model       Library
  ------------------------------------------------
  ALU_TOP            tsmc13_wl30           scmetro_tsmc_cl013g_rvt_ss_1p08v_125c

  Point                                                   Incr       Path
  --------------------------------------------------------------------------
  clock ALU_CLK (rise edge)                               0.00       0.00
  clock network delay (ideal)                             0.00       0.00
  input external delay                                   20.00      20.00 r
  ALU_FUN[2] (in)                                         0.18      20.18 r
  U3/Y (BUFX4M)                                           0.69      20.86 r
  U0_ALU/ALU_FUN[2] (ALU)                                 0.00      20.86 r
  U0_ALU/U153/Y (NOR3BX2M)                                0.33      21.19 f
  U0_ALU/U88/Y (CLKBUFX8M)                                0.90      22.09 f
  U0_ALU/U99/Y (OAI2BB1XLM)                               0.87      22.96 f
  U0_ALU/ALU_OUT_reg_reg[13]/D (DFFRQX1M)                 0.00      22.96 f
  data arrival time                                                 22.96

  clock ALU_CLK (rise edge)                               0.00       0.00
  clock network delay (ideal)                             0.00       0.00
  clock uncertainty                                       0.10       0.10
  U0_ALU/ALU_OUT_reg_reg[13]/CK (DFFRQX1M)                0.00       0.10 r
  library hold time                                      -0.12      -0.02
  data required time                                                -0.02
  --------------------------------------------------------------------------
  data required time                                                -0.02
  data arrival time                                                -22.96
  --------------------------------------------------------------------------
  slack (MET)                                                       22.98


  Startpoint: ALU_FUN[2] (input port clocked by ALU_CLK)
  Endpoint: U0_ALU/ALU_OUT_reg_reg[11]
            (rising edge-triggered flip-flop clocked by ALU_CLK)
  Path Group: INREG
  Path Type: min

  Des/Clust/Port     Wire Load Model       Library
  ------------------------------------------------
  ALU_TOP            tsmc13_wl30           scmetro_tsmc_cl013g_rvt_ss_1p08v_125c

  Point                                                   Incr       Path
  --------------------------------------------------------------------------
  clock ALU_CLK (rise edge)                               0.00       0.00
  clock network delay (ideal)                             0.00       0.00
  input external delay                                   20.00      20.00 r
  ALU_FUN[2] (in)                                         0.18      20.18 r
  U3/Y (BUFX4M)                                           0.69      20.86 r
  U0_ALU/ALU_FUN[2] (ALU)                                 0.00      20.86 r
  U0_ALU/U153/Y (NOR3BX2M)                                0.33      21.19 f
  U0_ALU/U88/Y (CLKBUFX8M)                                0.90      22.09 f
  U0_ALU/U97/Y (OAI2BB1XLM)                               0.87      22.96 f
  U0_ALU/ALU_OUT_reg_reg[11]/D (DFFRQX1M)                 0.00      22.96 f
  data arrival time                                                 22.96

  clock ALU_CLK (rise edge)                               0.00       0.00
  clock network delay (ideal)                             0.00       0.00
  clock uncertainty                                       0.10       0.10
  U0_ALU/ALU_OUT_reg_reg[11]/CK (DFFRQX1M)                0.00       0.10 r
  library hold time                                      -0.12      -0.02
  data required time                                                -0.02
  --------------------------------------------------------------------------
  data required time                                                -0.02
  data arrival time                                                -22.96
  --------------------------------------------------------------------------
  slack (MET)                                                       22.98


  Startpoint: ALU_FUN[2] (input port clocked by ALU_CLK)
  Endpoint: U0_ALU/ALU_OUT_reg_reg[15]
            (rising edge-triggered flip-flop clocked by ALU_CLK)
  Path Group: INREG
  Path Type: min

  Des/Clust/Port     Wire Load Model       Library
  ------------------------------------------------
  ALU_TOP            tsmc13_wl30           scmetro_tsmc_cl013g_rvt_ss_1p08v_125c

  Point                                                   Incr       Path
  --------------------------------------------------------------------------
  clock ALU_CLK (rise edge)                               0.00       0.00
  clock network delay (ideal)                             0.00       0.00
  input external delay                                   20.00      20.00 r
  ALU_FUN[2] (in)                                         0.18      20.18 r
  U3/Y (BUFX4M)                                           0.69      20.86 r
  U0_ALU/ALU_FUN[2] (ALU)                                 0.00      20.86 r
  U0_ALU/U153/Y (NOR3BX2M)                                0.33      21.19 f
  U0_ALU/U88/Y (CLKBUFX8M)                                0.90      22.09 f
  U0_ALU/U101/Y (OAI2BB1XLM)                              0.87      22.96 f
  U0_ALU/ALU_OUT_reg_reg[15]/D (DFFRQX1M)                 0.00      22.96 f
  data arrival time                                                 22.96

  clock ALU_CLK (rise edge)                               0.00       0.00
  clock network delay (ideal)                             0.00       0.00
  clock uncertainty                                       0.10       0.10
  U0_ALU/ALU_OUT_reg_reg[15]/CK (DFFRQX1M)                0.00       0.10 r
  library hold time                                      -0.12      -0.02
  data required time                                                -0.02
  --------------------------------------------------------------------------
  data required time                                                -0.02
  data arrival time                                                -22.96
  --------------------------------------------------------------------------
  slack (MET)                                                       22.98


  Startpoint: ALU_FUN[2] (input port clocked by ALU_CLK)
  Endpoint: U0_ALU/ALU_OUT_reg_reg[12]
            (rising edge-triggered flip-flop clocked by ALU_CLK)
  Path Group: INREG
  Path Type: min

  Des/Clust/Port     Wire Load Model       Library
  ------------------------------------------------
  ALU_TOP            tsmc13_wl30           scmetro_tsmc_cl013g_rvt_ss_1p08v_125c

  Point                                                   Incr       Path
  --------------------------------------------------------------------------
  clock ALU_CLK (rise edge)                               0.00       0.00
  clock network delay (ideal)                             0.00       0.00
  input external delay                                   20.00      20.00 r
  ALU_FUN[2] (in)                                         0.18      20.18 r
  U3/Y (BUFX4M)                                           0.69      20.86 r
  U0_ALU/ALU_FUN[2] (ALU)                                 0.00      20.86 r
  U0_ALU/U153/Y (NOR3BX2M)                                0.33      21.19 f
  U0_ALU/U88/Y (CLKBUFX8M)                                0.90      22.09 f
  U0_ALU/U98/Y (OAI2BB1XLM)                               0.87      22.96 f
  U0_ALU/ALU_OUT_reg_reg[12]/D (DFFRQX1M)                 0.00      22.96 f
  data arrival time                                                 22.96

  clock ALU_CLK (rise edge)                               0.00       0.00
  clock network delay (ideal)                             0.00       0.00
  clock uncertainty                                       0.10       0.10
  U0_ALU/ALU_OUT_reg_reg[12]/CK (DFFRQX1M)                0.00       0.10 r
  library hold time                                      -0.12      -0.02
  data required time                                                -0.02
  --------------------------------------------------------------------------
  data required time                                                -0.02
  data arrival time                                                -22.96
  --------------------------------------------------------------------------
  slack (MET)                                                       22.98


  Startpoint: ALU_FUN[2] (input port clocked by ALU_CLK)
  Endpoint: U0_ALU/ALU_OUT_reg_reg[9]
            (rising edge-triggered flip-flop clocked by ALU_CLK)
  Path Group: INREG
  Path Type: min

  Des/Clust/Port     Wire Load Model       Library
  ------------------------------------------------
  ALU_TOP            tsmc13_wl30           scmetro_tsmc_cl013g_rvt_ss_1p08v_125c

  Point                                                   Incr       Path
  --------------------------------------------------------------------------
  clock ALU_CLK (rise edge)                               0.00       0.00
  clock network delay (ideal)                             0.00       0.00
  input external delay                                   20.00      20.00 r
  ALU_FUN[2] (in)                                         0.18      20.18 r
  U3/Y (BUFX4M)                                           0.69      20.86 r
  U0_ALU/ALU_FUN[2] (ALU)                                 0.00      20.86 r
  U0_ALU/U153/Y (NOR3BX2M)                                0.33      21.19 f
  U0_ALU/U88/Y (CLKBUFX8M)                                0.90      22.09 f
  U0_ALU/U95/Y (OAI2BB1XLM)                               0.87      22.96 f
  U0_ALU/ALU_OUT_reg_reg[9]/D (DFFRQX1M)                  0.00      22.96 f
  data arrival time                                                 22.96

  clock ALU_CLK (rise edge)                               0.00       0.00
  clock network delay (ideal)                             0.00       0.00
  clock uncertainty                                       0.10       0.10
  U0_ALU/ALU_OUT_reg_reg[9]/CK (DFFRQX1M)                 0.00       0.10 r
  library hold time                                      -0.12      -0.02
  data required time                                                -0.02
  --------------------------------------------------------------------------
  data required time                                                -0.02
  data arrival time                                                -22.96
  --------------------------------------------------------------------------
  slack (MET)                                                       22.98


  Startpoint: ALU_FUN[2] (input port clocked by ALU_CLK)
  Endpoint: U0_ALU/ALU_OUT_reg_reg[10]
            (rising edge-triggered flip-flop clocked by ALU_CLK)
  Path Group: INREG
  Path Type: min

  Des/Clust/Port     Wire Load Model       Library
  ------------------------------------------------
  ALU_TOP            tsmc13_wl30           scmetro_tsmc_cl013g_rvt_ss_1p08v_125c

  Point                                                   Incr       Path
  --------------------------------------------------------------------------
  clock ALU_CLK (rise edge)                               0.00       0.00
  clock network delay (ideal)                             0.00       0.00
  input external delay                                   20.00      20.00 r
  ALU_FUN[2] (in)                                         0.18      20.18 r
  U3/Y (BUFX4M)                                           0.69      20.86 r
  U0_ALU/ALU_FUN[2] (ALU)                                 0.00      20.86 r
  U0_ALU/U153/Y (NOR3BX2M)                                0.33      21.19 f
  U0_ALU/U88/Y (CLKBUFX8M)                                0.90      22.09 f
  U0_ALU/U96/Y (OAI2BB1XLM)                               0.87      22.96 f
  U0_ALU/ALU_OUT_reg_reg[10]/D (DFFRQX1M)                 0.00      22.96 f
  data arrival time                                                 22.96

  clock ALU_CLK (rise edge)                               0.00       0.00
  clock network delay (ideal)                             0.00       0.00
  clock uncertainty                                       0.10       0.10
  U0_ALU/ALU_OUT_reg_reg[10]/CK (DFFRQX1M)                0.00       0.10 r
  library hold time                                      -0.12      -0.02
  data required time                                                -0.02
  --------------------------------------------------------------------------
  data required time                                                -0.02
  data arrival time                                                -22.96
  --------------------------------------------------------------------------
  slack (MET)                                                       22.98


  Startpoint: U0_ClkDiv/o_div_clk_reg
              (rising edge-triggered flip-flop clocked by MASTER_CLK)
  Endpoint: U0_ClkDiv/o_div_clk_reg
            (rising edge-triggered flip-flop clocked by MASTER_CLK)
  Path Group: MASTER_CLK
  Path Type: min

  Des/Clust/Port     Wire Load Model       Library
  ------------------------------------------------
  ALU_TOP            tsmc13_wl30           scmetro_tsmc_cl013g_rvt_ss_1p08v_125c

  Point                                                   Incr       Path
  --------------------------------------------------------------------------
  clock MASTER_CLK (rise edge)                            0.00       0.00
  clock network delay (ideal)                             0.00       0.00
  U0_ClkDiv/o_div_clk_reg/CK (DFFRX1M)                    0.00       0.00 r
  U0_ClkDiv/o_div_clk_reg/QN (DFFRX1M)                    0.52       0.52 f
  U0_ClkDiv/o_div_clk_reg/D (DFFRX1M)                     0.00       0.52 f
  data arrival time                                                  0.52

  clock MASTER_CLK (rise edge)                            0.00       0.00
  clock network delay (ideal)                             0.00       0.00
  clock uncertainty                                       0.10       0.10
  U0_ClkDiv/o_div_clk_reg/CK (DFFRX1M)                    0.00       0.10 r
  library hold time                                      -0.07       0.03
  data required time                                                 0.03
  --------------------------------------------------------------------------
  data required time                                                 0.03
  data arrival time                                                 -0.52
  --------------------------------------------------------------------------
  slack (MET)                                                        0.48


  Startpoint: U0_ALU/OUT_VALID_reg_reg/CK
              (internal path startpoint clocked by ALU_CLK)
  Endpoint: ALU_VLD (output port clocked by ALU_CLK)
  Path Group: REGOUT
  Path Type: min

  Des/Clust/Port     Wire Load Model       Library
  ------------------------------------------------
  ALU_TOP            tsmc13_wl30           scmetro_tsmc_cl013g_rvt_ss_1p08v_125c

  Point                                                   Incr       Path
  --------------------------------------------------------------------------
  clock ALU_CLK (rise edge)                               0.00       0.00
  clock network delay (ideal)                             0.00       0.00
  input external delay                                    0.00       0.00 r
  U0_ALU/OUT_VALID_reg_reg/CK (DFFRQX1M)                  0.00       0.00 r
  U0_ALU/OUT_VALID_reg_reg/Q (DFFRQX1M)                   0.66       0.66 f
  U0_ALU/U21/Y (AND2X2M)                                  0.30       0.96 f
  U0_ALU/U55/Y (CLKINVX1M)                                0.76       1.72 r
  U0_ALU/U56/Y (CLKINVX40M)                              14.09      15.81 f
  U0_ALU/OUT_VALID (ALU)                                  0.00      15.81 f
  ALU_VLD (out)                                           0.00      15.81 f
  data arrival time                                                 15.81

  clock ALU_CLK (rise edge)                               0.00       0.00
  clock network delay (ideal)                             0.00       0.00
  clock uncertainty                                       0.10       0.10
  output external delay                                 -20.00     -19.90
  data required time                                               -19.90
  --------------------------------------------------------------------------
  data required time                                               -19.90
  data arrival time                                                -15.81
  --------------------------------------------------------------------------
  slack (MET)                                                       35.71


  Startpoint: U0_ALU/ALU_OUT_reg_reg[15]
              (rising edge-triggered flip-flop clocked by ALU_CLK)
  Endpoint: ALU_OUT[15]
            (output port clocked by ALU_CLK)
  Path Group: REGOUT
  Path Type: min

  Des/Clust/Port     Wire Load Model       Library
  ------------------------------------------------
  ALU_TOP            tsmc13_wl30           scmetro_tsmc_cl013g_rvt_ss_1p08v_125c

  Point                                                   Incr       Path
  --------------------------------------------------------------------------
  clock ALU_CLK (rise edge)                               0.00       0.00
  clock network delay (ideal)                             0.00       0.00
  U0_ALU/ALU_OUT_reg_reg[15]/CK (DFFRQX1M)                0.00       0.00 r
  U0_ALU/ALU_OUT_reg_reg[15]/Q (DFFRQX1M)                 0.66       0.66 f
  U0_ALU/U20/Y (AND2X2M)                                  0.30       0.96 f
  U0_ALU/U35/Y (CLKINVX1M)                                0.76       1.72 r
  U0_ALU/U36/Y (CLKINVX40M)                              14.09      15.81 f
  U0_ALU/ALU_OUT[15] (ALU)                                0.00      15.81 f
  ALU_OUT[15] (out)                                       0.00      15.81 f
  data arrival time                                                 15.81

  clock ALU_CLK (rise edge)                               0.00       0.00
  clock network delay (ideal)                             0.00       0.00
  clock uncertainty                                       0.10       0.10
  output external delay                                 -20.00     -19.90
  data required time                                               -19.90
  --------------------------------------------------------------------------
  data required time                                               -19.90
  data arrival time                                                -15.81
  --------------------------------------------------------------------------
  slack (MET)                                                       35.71


  Startpoint: U0_ALU/ALU_OUT_reg_reg[14]
              (rising edge-triggered flip-flop clocked by ALU_CLK)
  Endpoint: ALU_OUT[14]
            (output port clocked by ALU_CLK)
  Path Group: REGOUT
  Path Type: min

  Des/Clust/Port     Wire Load Model       Library
  ------------------------------------------------
  ALU_TOP            tsmc13_wl30           scmetro_tsmc_cl013g_rvt_ss_1p08v_125c

  Point                                                   Incr       Path
  --------------------------------------------------------------------------
  clock ALU_CLK (rise edge)                               0.00       0.00
  clock network delay (ideal)                             0.00       0.00
  U0_ALU/ALU_OUT_reg_reg[14]/CK (DFFRQX1M)                0.00       0.00 r
  U0_ALU/ALU_OUT_reg_reg[14]/Q (DFFRQX1M)                 0.66       0.66 f
  U0_ALU/U19/Y (AND2X2M)                                  0.30       0.96 f
  U0_ALU/U33/Y (CLKINVX1M)                                0.76       1.72 r
  U0_ALU/U34/Y (CLKINVX40M)                              14.09      15.81 f
  U0_ALU/ALU_OUT[14] (ALU)                                0.00      15.81 f
  ALU_OUT[14] (out)                                       0.00      15.81 f
  data arrival time                                                 15.81

  clock ALU_CLK (rise edge)                               0.00       0.00
  clock network delay (ideal)                             0.00       0.00
  clock uncertainty                                       0.10       0.10
  output external delay                                 -20.00     -19.90
  data required time                                               -19.90
  --------------------------------------------------------------------------
  data required time                                               -19.90
  data arrival time                                                -15.81
  --------------------------------------------------------------------------
  slack (MET)                                                       35.71


  Startpoint: U0_ALU/ALU_OUT_reg_reg[13]
              (rising edge-triggered flip-flop clocked by ALU_CLK)
  Endpoint: ALU_OUT[13]
            (output port clocked by ALU_CLK)
  Path Group: REGOUT
  Path Type: min

  Des/Clust/Port     Wire Load Model       Library
  ------------------------------------------------
  ALU_TOP            tsmc13_wl30           scmetro_tsmc_cl013g_rvt_ss_1p08v_125c

  Point                                                   Incr       Path
  --------------------------------------------------------------------------
  clock ALU_CLK (rise edge)                               0.00       0.00
  clock network delay (ideal)                             0.00       0.00
  U0_ALU/ALU_OUT_reg_reg[13]/CK (DFFRQX1M)                0.00       0.00 r
  U0_ALU/ALU_OUT_reg_reg[13]/Q (DFFRQX1M)                 0.66       0.66 f
  U0_ALU/U18/Y (AND2X2M)                                  0.30       0.96 f
  U0_ALU/U31/Y (CLKINVX1M)                                0.76       1.72 r
  U0_ALU/U32/Y (CLKINVX40M)                              14.09      15.81 f
  U0_ALU/ALU_OUT[13] (ALU)                                0.00      15.81 f
  ALU_OUT[13] (out)                                       0.00      15.81 f
  data arrival time                                                 15.81

  clock ALU_CLK (rise edge)                               0.00       0.00
  clock network delay (ideal)                             0.00       0.00
  clock uncertainty                                       0.10       0.10
  output external delay                                 -20.00     -19.90
  data required time                                               -19.90
  --------------------------------------------------------------------------
  data required time                                               -19.90
  data arrival time                                                -15.81
  --------------------------------------------------------------------------
  slack (MET)                                                       35.71


  Startpoint: U0_ALU/ALU_OUT_reg_reg[12]
              (rising edge-triggered flip-flop clocked by ALU_CLK)
  Endpoint: ALU_OUT[12]
            (output port clocked by ALU_CLK)
  Path Group: REGOUT
  Path Type: min

  Des/Clust/Port     Wire Load Model       Library
  ------------------------------------------------
  ALU_TOP            tsmc13_wl30           scmetro_tsmc_cl013g_rvt_ss_1p08v_125c

  Point                                                   Incr       Path
  --------------------------------------------------------------------------
  clock ALU_CLK (rise edge)                               0.00       0.00
  clock network delay (ideal)                             0.00       0.00
  U0_ALU/ALU_OUT_reg_reg[12]/CK (DFFRQX1M)                0.00       0.00 r
  U0_ALU/ALU_OUT_reg_reg[12]/Q (DFFRQX1M)                 0.66       0.66 f
  U0_ALU/U17/Y (AND2X2M)                                  0.30       0.96 f
  U0_ALU/U29/Y (CLKINVX1M)                                0.76       1.72 r
  U0_ALU/U30/Y (CLKINVX40M)                              14.09      15.81 f
  U0_ALU/ALU_OUT[12] (ALU)                                0.00      15.81 f
  ALU_OUT[12] (out)                                       0.00      15.81 f
  data arrival time                                                 15.81

  clock ALU_CLK (rise edge)                               0.00       0.00
  clock network delay (ideal)                             0.00       0.00
  clock uncertainty                                       0.10       0.10
  output external delay                                 -20.00     -19.90
  data required time                                               -19.90
  --------------------------------------------------------------------------
  data required time                                               -19.90
  data arrival time                                                -15.81
  --------------------------------------------------------------------------
  slack (MET)                                                       35.71


  Startpoint: U0_ALU/ALU_OUT_reg_reg[11]
              (rising edge-triggered flip-flop clocked by ALU_CLK)
  Endpoint: ALU_OUT[11]
            (output port clocked by ALU_CLK)
  Path Group: REGOUT
  Path Type: min

  Des/Clust/Port     Wire Load Model       Library
  ------------------------------------------------
  ALU_TOP            tsmc13_wl30           scmetro_tsmc_cl013g_rvt_ss_1p08v_125c

  Point                                                   Incr       Path
  --------------------------------------------------------------------------
  clock ALU_CLK (rise edge)                               0.00       0.00
  clock network delay (ideal)                             0.00       0.00
  U0_ALU/ALU_OUT_reg_reg[11]/CK (DFFRQX1M)                0.00       0.00 r
  U0_ALU/ALU_OUT_reg_reg[11]/Q (DFFRQX1M)                 0.66       0.66 f
  U0_ALU/U16/Y (AND2X2M)                                  0.30       0.96 f
  U0_ALU/U27/Y (CLKINVX1M)                                0.76       1.72 r
  U0_ALU/U28/Y (CLKINVX40M)                              14.09      15.81 f
  U0_ALU/ALU_OUT[11] (ALU)                                0.00      15.81 f
  ALU_OUT[11] (out)                                       0.00      15.81 f
  data arrival time                                                 15.81

  clock ALU_CLK (rise edge)                               0.00       0.00
  clock network delay (ideal)                             0.00       0.00
  clock uncertainty                                       0.10       0.10
  output external delay                                 -20.00     -19.90
  data required time                                               -19.90
  --------------------------------------------------------------------------
  data required time                                               -19.90
  data arrival time                                                -15.81
  --------------------------------------------------------------------------
  slack (MET)                                                       35.71


  Startpoint: U0_ALU/ALU_OUT_reg_reg[10]
              (rising edge-triggered flip-flop clocked by ALU_CLK)
  Endpoint: ALU_OUT[10]
            (output port clocked by ALU_CLK)
  Path Group: REGOUT
  Path Type: min

  Des/Clust/Port     Wire Load Model       Library
  ------------------------------------------------
  ALU_TOP            tsmc13_wl30           scmetro_tsmc_cl013g_rvt_ss_1p08v_125c

  Point                                                   Incr       Path
  --------------------------------------------------------------------------
  clock ALU_CLK (rise edge)                               0.00       0.00
  clock network delay (ideal)                             0.00       0.00
  U0_ALU/ALU_OUT_reg_reg[10]/CK (DFFRQX1M)                0.00       0.00 r
  U0_ALU/ALU_OUT_reg_reg[10]/Q (DFFRQX1M)                 0.66       0.66 f
  U0_ALU/U15/Y (AND2X2M)                                  0.30       0.96 f
  U0_ALU/U25/Y (CLKINVX1M)                                0.76       1.72 r
  U0_ALU/U26/Y (CLKINVX40M)                              14.09      15.81 f
  U0_ALU/ALU_OUT[10] (ALU)                                0.00      15.81 f
  ALU_OUT[10] (out)                                       0.00      15.81 f
  data arrival time                                                 15.81

  clock ALU_CLK (rise edge)                               0.00       0.00
  clock network delay (ideal)                             0.00       0.00
  clock uncertainty                                       0.10       0.10
  output external delay                                 -20.00     -19.90
  data required time                                               -19.90
  --------------------------------------------------------------------------
  data required time                                               -19.90
  data arrival time                                                -15.81
  --------------------------------------------------------------------------
  slack (MET)                                                       35.71


  Startpoint: U0_ALU/ALU_OUT_reg_reg[9]
              (rising edge-triggered flip-flop clocked by ALU_CLK)
  Endpoint: ALU_OUT[9] (output port clocked by ALU_CLK)
  Path Group: REGOUT
  Path Type: min

  Des/Clust/Port     Wire Load Model       Library
  ------------------------------------------------
  ALU_TOP            tsmc13_wl30           scmetro_tsmc_cl013g_rvt_ss_1p08v_125c

  Point                                                   Incr       Path
  --------------------------------------------------------------------------
  clock ALU_CLK (rise edge)                               0.00       0.00
  clock network delay (ideal)                             0.00       0.00
  U0_ALU/ALU_OUT_reg_reg[9]/CK (DFFRQX1M)                 0.00       0.00 r
  U0_ALU/ALU_OUT_reg_reg[9]/Q (DFFRQX1M)                  0.66       0.66 f
  U0_ALU/U14/Y (AND2X2M)                                  0.30       0.96 f
  U0_ALU/U53/Y (CLKINVX1M)                                0.76       1.72 r
  U0_ALU/U54/Y (CLKINVX40M)                              14.09      15.81 f
  U0_ALU/ALU_OUT[9] (ALU)                                 0.00      15.81 f
  ALU_OUT[9] (out)                                        0.00      15.81 f
  data arrival time                                                 15.81

  clock ALU_CLK (rise edge)                               0.00       0.00
  clock network delay (ideal)                             0.00       0.00
  clock uncertainty                                       0.10       0.10
  output external delay                                 -20.00     -19.90
  data required time                                               -19.90
  --------------------------------------------------------------------------
  data required time                                               -19.90
  data arrival time                                                -15.81
  --------------------------------------------------------------------------
  slack (MET)                                                       35.71


  Startpoint: U0_ALU/ALU_OUT_reg_reg[8]
              (rising edge-triggered flip-flop clocked by ALU_CLK)
  Endpoint: ALU_OUT[8] (output port clocked by ALU_CLK)
  Path Group: REGOUT
  Path Type: min

  Des/Clust/Port     Wire Load Model       Library
  ------------------------------------------------
  ALU_TOP            tsmc13_wl30           scmetro_tsmc_cl013g_rvt_ss_1p08v_125c

  Point                                                   Incr       Path
  --------------------------------------------------------------------------
  clock ALU_CLK (rise edge)                               0.00       0.00
  clock network delay (ideal)                             0.00       0.00
  U0_ALU/ALU_OUT_reg_reg[8]/CK (DFFRQX1M)                 0.00       0.00 r
  U0_ALU/ALU_OUT_reg_reg[8]/Q (DFFRQX1M)                  0.66       0.66 f
  U0_ALU/U13/Y (AND2X2M)                                  0.30       0.96 f
  U0_ALU/U51/Y (CLKINVX1M)                                0.76       1.72 r
  U0_ALU/U52/Y (CLKINVX40M)                              14.09      15.81 f
  U0_ALU/ALU_OUT[8] (ALU)                                 0.00      15.81 f
  ALU_OUT[8] (out)                                        0.00      15.81 f
  data arrival time                                                 15.81

  clock ALU_CLK (rise edge)                               0.00       0.00
  clock network delay (ideal)                             0.00       0.00
  clock uncertainty                                       0.10       0.10
  output external delay                                 -20.00     -19.90
  data required time                                               -19.90
  --------------------------------------------------------------------------
  data required time                                               -19.90
  data arrival time                                                -15.81
  --------------------------------------------------------------------------
  slack (MET)                                                       35.71


  Startpoint: U0_ALU/ALU_OUT_reg_reg[7]
              (rising edge-triggered flip-flop clocked by ALU_CLK)
  Endpoint: ALU_OUT[7] (output port clocked by ALU_CLK)
  Path Group: REGOUT
  Path Type: min

  Des/Clust/Port     Wire Load Model       Library
  ------------------------------------------------
  ALU_TOP            tsmc13_wl30           scmetro_tsmc_cl013g_rvt_ss_1p08v_125c

  Point                                                   Incr       Path
  --------------------------------------------------------------------------
  clock ALU_CLK (rise edge)                               0.00       0.00
  clock network delay (ideal)                             0.00       0.00
  U0_ALU/ALU_OUT_reg_reg[7]/CK (DFFRQX1M)                 0.00       0.00 r
  U0_ALU/ALU_OUT_reg_reg[7]/Q (DFFRQX1M)                  0.66       0.66 f
  U0_ALU/U12/Y (AND2X2M)                                  0.30       0.96 f
  U0_ALU/U49/Y (CLKINVX1M)                                0.76       1.72 r
  U0_ALU/U50/Y (CLKINVX40M)                              14.09      15.81 f
  U0_ALU/ALU_OUT[7] (ALU)                                 0.00      15.81 f
  ALU_OUT[7] (out)                                        0.00      15.81 f
  data arrival time                                                 15.81

  clock ALU_CLK (rise edge)                               0.00       0.00
  clock network delay (ideal)                             0.00       0.00
  clock uncertainty                                       0.10       0.10
  output external delay                                 -20.00     -19.90
  data required time                                               -19.90
  --------------------------------------------------------------------------
  data required time                                               -19.90
  data arrival time                                                -15.81
  --------------------------------------------------------------------------
  slack (MET)                                                       35.71


  Startpoint: U0_ALU/ALU_OUT_reg_reg[6]
              (rising edge-triggered flip-flop clocked by ALU_CLK)
  Endpoint: ALU_OUT[6] (output port clocked by ALU_CLK)
  Path Group: REGOUT
  Path Type: min

  Des/Clust/Port     Wire Load Model       Library
  ------------------------------------------------
  ALU_TOP            tsmc13_wl30           scmetro_tsmc_cl013g_rvt_ss_1p08v_125c

  Point                                                   Incr       Path
  --------------------------------------------------------------------------
  clock ALU_CLK (rise edge)                               0.00       0.00
  clock network delay (ideal)                             0.00       0.00
  U0_ALU/ALU_OUT_reg_reg[6]/CK (DFFRQX1M)                 0.00       0.00 r
  U0_ALU/ALU_OUT_reg_reg[6]/Q (DFFRQX1M)                  0.66       0.66 f
  U0_ALU/U11/Y (AND2X2M)                                  0.30       0.96 f
  U0_ALU/U47/Y (CLKINVX1M)                                0.76       1.72 r
  U0_ALU/U48/Y (CLKINVX40M)                              14.09      15.81 f
  U0_ALU/ALU_OUT[6] (ALU)                                 0.00      15.81 f
  ALU_OUT[6] (out)                                        0.00      15.81 f
  data arrival time                                                 15.81

  clock ALU_CLK (rise edge)                               0.00       0.00
  clock network delay (ideal)                             0.00       0.00
  clock uncertainty                                       0.10       0.10
  output external delay                                 -20.00     -19.90
  data required time                                               -19.90
  --------------------------------------------------------------------------
  data required time                                               -19.90
  data arrival time                                                -15.81
  --------------------------------------------------------------------------
  slack (MET)                                                       35.71


  Startpoint: U0_ALU/ALU_OUT_reg_reg[5]
              (rising edge-triggered flip-flop clocked by ALU_CLK)
  Endpoint: ALU_OUT[5] (output port clocked by ALU_CLK)
  Path Group: REGOUT
  Path Type: min

  Des/Clust/Port     Wire Load Model       Library
  ------------------------------------------------
  ALU_TOP            tsmc13_wl30           scmetro_tsmc_cl013g_rvt_ss_1p08v_125c

  Point                                                   Incr       Path
  --------------------------------------------------------------------------
  clock ALU_CLK (rise edge)                               0.00       0.00
  clock network delay (ideal)                             0.00       0.00
  U0_ALU/ALU_OUT_reg_reg[5]/CK (DFFRQX1M)                 0.00       0.00 r
  U0_ALU/ALU_OUT_reg_reg[5]/Q (DFFRQX1M)                  0.66       0.66 f
  U0_ALU/U10/Y (AND2X2M)                                  0.30       0.96 f
  U0_ALU/U45/Y (CLKINVX1M)                                0.76       1.72 r
  U0_ALU/U46/Y (CLKINVX40M)                              14.09      15.81 f
  U0_ALU/ALU_OUT[5] (ALU)                                 0.00      15.81 f
  ALU_OUT[5] (out)                                        0.00      15.81 f
  data arrival time                                                 15.81

  clock ALU_CLK (rise edge)                               0.00       0.00
  clock network delay (ideal)                             0.00       0.00
  clock uncertainty                                       0.10       0.10
  output external delay                                 -20.00     -19.90
  data required time                                               -19.90
  --------------------------------------------------------------------------
  data required time                                               -19.90
  data arrival time                                                -15.81
  --------------------------------------------------------------------------
  slack (MET)                                                       35.71


  Startpoint: U0_ALU/ALU_OUT_reg_reg[4]
              (rising edge-triggered flip-flop clocked by ALU_CLK)
  Endpoint: ALU_OUT[4] (output port clocked by ALU_CLK)
  Path Group: REGOUT
  Path Type: min

  Des/Clust/Port     Wire Load Model       Library
  ------------------------------------------------
  ALU_TOP            tsmc13_wl30           scmetro_tsmc_cl013g_rvt_ss_1p08v_125c

  Point                                                   Incr       Path
  --------------------------------------------------------------------------
  clock ALU_CLK (rise edge)                               0.00       0.00
  clock network delay (ideal)                             0.00       0.00
  U0_ALU/ALU_OUT_reg_reg[4]/CK (DFFRQX1M)                 0.00       0.00 r
  U0_ALU/ALU_OUT_reg_reg[4]/Q (DFFRQX1M)                  0.66       0.66 f
  U0_ALU/U9/Y (AND2X2M)                                   0.30       0.96 f
  U0_ALU/U43/Y (CLKINVX1M)                                0.76       1.72 r
  U0_ALU/U44/Y (CLKINVX40M)                              14.09      15.81 f
  U0_ALU/ALU_OUT[4] (ALU)                                 0.00      15.81 f
  ALU_OUT[4] (out)                                        0.00      15.81 f
  data arrival time                                                 15.81

  clock ALU_CLK (rise edge)                               0.00       0.00
  clock network delay (ideal)                             0.00       0.00
  clock uncertainty                                       0.10       0.10
  output external delay                                 -20.00     -19.90
  data required time                                               -19.90
  --------------------------------------------------------------------------
  data required time                                               -19.90
  data arrival time                                                -15.81
  --------------------------------------------------------------------------
  slack (MET)                                                       35.71


  Startpoint: U0_ALU/ALU_OUT_reg_reg[3]
              (rising edge-triggered flip-flop clocked by ALU_CLK)
  Endpoint: ALU_OUT[3] (output port clocked by ALU_CLK)
  Path Group: REGOUT
  Path Type: min

  Des/Clust/Port     Wire Load Model       Library
  ------------------------------------------------
  ALU_TOP            tsmc13_wl30           scmetro_tsmc_cl013g_rvt_ss_1p08v_125c

  Point                                                   Incr       Path
  --------------------------------------------------------------------------
  clock ALU_CLK (rise edge)                               0.00       0.00
  clock network delay (ideal)                             0.00       0.00
  U0_ALU/ALU_OUT_reg_reg[3]/CK (DFFRQX1M)                 0.00       0.00 r
  U0_ALU/ALU_OUT_reg_reg[3]/Q (DFFRQX1M)                  0.66       0.66 f
  U0_ALU/U8/Y (AND2X2M)                                   0.30       0.96 f
  U0_ALU/U41/Y (CLKINVX1M)                                0.76       1.72 r
  U0_ALU/U42/Y (CLKINVX40M)                              14.09      15.81 f
  U0_ALU/ALU_OUT[3] (ALU)                                 0.00      15.81 f
  ALU_OUT[3] (out)                                        0.00      15.81 f
  data arrival time                                                 15.81

  clock ALU_CLK (rise edge)                               0.00       0.00
  clock network delay (ideal)                             0.00       0.00
  clock uncertainty                                       0.10       0.10
  output external delay                                 -20.00     -19.90
  data required time                                               -19.90
  --------------------------------------------------------------------------
  data required time                                               -19.90
  data arrival time                                                -15.81
  --------------------------------------------------------------------------
  slack (MET)                                                       35.71


  Startpoint: U0_ALU/ALU_OUT_reg_reg[2]
              (rising edge-triggered flip-flop clocked by ALU_CLK)
  Endpoint: ALU_OUT[2] (output port clocked by ALU_CLK)
  Path Group: REGOUT
  Path Type: min

  Des/Clust/Port     Wire Load Model       Library
  ------------------------------------------------
  ALU_TOP            tsmc13_wl30           scmetro_tsmc_cl013g_rvt_ss_1p08v_125c

  Point                                                   Incr       Path
  --------------------------------------------------------------------------
  clock ALU_CLK (rise edge)                               0.00       0.00
  clock network delay (ideal)                             0.00       0.00
  U0_ALU/ALU_OUT_reg_reg[2]/CK (DFFRQX1M)                 0.00       0.00 r
  U0_ALU/ALU_OUT_reg_reg[2]/Q (DFFRQX1M)                  0.66       0.66 f
  U0_ALU/U7/Y (AND2X2M)                                   0.30       0.96 f
  U0_ALU/U39/Y (CLKINVX1M)                                0.76       1.72 r
  U0_ALU/U40/Y (CLKINVX40M)                              14.09      15.81 f
  U0_ALU/ALU_OUT[2] (ALU)                                 0.00      15.81 f
  ALU_OUT[2] (out)                                        0.00      15.81 f
  data arrival time                                                 15.81

  clock ALU_CLK (rise edge)                               0.00       0.00
  clock network delay (ideal)                             0.00       0.00
  clock uncertainty                                       0.10       0.10
  output external delay                                 -20.00     -19.90
  data required time                                               -19.90
  --------------------------------------------------------------------------
  data required time                                               -19.90
  data arrival time                                                -15.81
  --------------------------------------------------------------------------
  slack (MET)                                                       35.71


  Startpoint: U0_ALU/ALU_OUT_reg_reg[1]
              (rising edge-triggered flip-flop clocked by ALU_CLK)
  Endpoint: ALU_OUT[1] (output port clocked by ALU_CLK)
  Path Group: REGOUT
  Path Type: min

  Des/Clust/Port     Wire Load Model       Library
  ------------------------------------------------
  ALU_TOP            tsmc13_wl30           scmetro_tsmc_cl013g_rvt_ss_1p08v_125c

  Point                                                   Incr       Path
  --------------------------------------------------------------------------
  clock ALU_CLK (rise edge)                               0.00       0.00
  clock network delay (ideal)                             0.00       0.00
  U0_ALU/ALU_OUT_reg_reg[1]/CK (DFFRQX1M)                 0.00       0.00 r
  U0_ALU/ALU_OUT_reg_reg[1]/Q (DFFRQX1M)                  0.66       0.66 f
  U0_ALU/U4/Y (AND2X2M)                                   0.30       0.96 f
  U0_ALU/U37/Y (CLKINVX1M)                                0.76       1.72 r
  U0_ALU/U38/Y (CLKINVX40M)                              14.09      15.81 f
  U0_ALU/ALU_OUT[1] (ALU)                                 0.00      15.81 f
  ALU_OUT[1] (out)                                        0.00      15.81 f
  data arrival time                                                 15.81

  clock ALU_CLK (rise edge)                               0.00       0.00
  clock network delay (ideal)                             0.00       0.00
  clock uncertainty                                       0.10       0.10
  output external delay                                 -20.00     -19.90
  data required time                                               -19.90
  --------------------------------------------------------------------------
  data required time                                               -19.90
  data arrival time                                                -15.81
  --------------------------------------------------------------------------
  slack (MET)                                                       35.71


  Startpoint: U0_ALU/ALU_OUT_reg_reg[0]
              (rising edge-triggered flip-flop clocked by ALU_CLK)
  Endpoint: ALU_OUT[0] (output port clocked by ALU_CLK)
  Path Group: REGOUT
  Path Type: min

  Des/Clust/Port     Wire Load Model       Library
  ------------------------------------------------
  ALU_TOP            tsmc13_wl30           scmetro_tsmc_cl013g_rvt_ss_1p08v_125c

  Point                                                   Incr       Path
  --------------------------------------------------------------------------
  clock ALU_CLK (rise edge)                               0.00       0.00
  clock network delay (ideal)                             0.00       0.00
  U0_ALU/ALU_OUT_reg_reg[0]/CK (DFFRQX1M)                 0.00       0.00 r
  U0_ALU/ALU_OUT_reg_reg[0]/Q (DFFRQX1M)                  0.66       0.66 f
  U0_ALU/U3/Y (AND2X2M)                                   0.30       0.96 f
  U0_ALU/U23/Y (CLKINVX1M)                                0.76       1.72 r
  U0_ALU/U24/Y (CLKINVX40M)                              14.09      15.81 f
  U0_ALU/ALU_OUT[0] (ALU)                                 0.00      15.81 f
  ALU_OUT[0] (out)                                        0.00      15.81 f
  data arrival time                                                 15.81

  clock ALU_CLK (rise edge)                               0.00       0.00
  clock network delay (ideal)                             0.00       0.00
  clock uncertainty                                       0.10       0.10
  output external delay                                 -20.00     -19.90
  data required time                                               -19.90
  --------------------------------------------------------------------------
  data required time                                               -19.90
  data arrival time                                                -15.81
  --------------------------------------------------------------------------
  slack (MET)                                                       35.71


1
