 
****************************************
Report : timing
        -path full
        -delay max
        -max_paths 100
Design : ALU_TOP
Version: O-2018.06-SP1
Date   : Mon Aug  3 07:18:50 2026
****************************************

Operating Conditions: scmetro_tsmc_cl013g_rvt_ss_1p08v_125c   Library: scmetro_tsmc_cl013g_rvt_ss_1p08v_125c
Wire Load Model Mode: top

  Startpoint: U0_ALU/B_reg_reg[6]
              (rising edge-triggered flip-flop clocked by ALU_CLK)
  Endpoint: U0_ALU/ALU_OUT_reg_reg[0]
            (rising edge-triggered flip-flop clocked by ALU_CLK)
  Path Group: ALU_CLK
  Path Type: max

  Des/Clust/Port     Wire Load Model       Library
  ------------------------------------------------
  ALU_TOP            tsmc13_wl30           scmetro_tsmc_cl013g_rvt_ss_1p08v_125c

  Point                                                   Incr       Path
  --------------------------------------------------------------------------
  clock ALU_CLK (rise edge)                               0.00       0.00
  clock network delay (ideal)                             0.00       0.00
  U0_ALU/B_reg_reg[6]/CK (DFFRQX1M)                       0.00       0.00 r
  U0_ALU/B_reg_reg[6]/Q (DFFRQX1M)                        0.66       0.66 f
  U0_ALU/U89/Y (CLKBUFX6M)                                0.77       1.43 f
  U0_ALU/div_66/b[6] (ALU_DW_div_uns_0)                   0.00       1.43 f
  U0_ALU/div_66/U2/Y (NOR2X4M)                            0.85       2.28 r
  U0_ALU/div_66/U61/Y (AND3X1M)                           0.77       3.05 r
  U0_ALU/div_66/U23/Y (AND2X2M)                           0.71       3.75 r
  U0_ALU/div_66/U60/Y (AND4X1M)                           0.80       4.56 r
  U0_ALU/div_66/U48/Y (CLKMX2X2M)                         0.62       5.18 r
  U0_ALU/div_66/u_div/u_fa_PartRem_0_6_1/CO (ADDFX2M)     0.71       5.89 r
  U0_ALU/div_66/U22/Y (AND3X2M)                           0.73       6.63 r
  U0_ALU/div_66/U50/Y (CLKMX2X2M)                         0.63       7.25 r
  U0_ALU/div_66/u_div/u_fa_PartRem_0_5_1/CO (ADDFX2M)     0.72       7.97 r
  U0_ALU/div_66/u_div/u_fa_PartRem_0_5_2/CO (ADDFX2M)     0.46       8.43 r
  U0_ALU/div_66/U7/Y (AND2X2M)                            0.86       9.29 r
  U0_ALU/div_66/U52/Y (CLKMX2X2M)                         0.71       9.99 f
  U0_ALU/div_66/u_div/u_fa_PartRem_0_4_1/CO (ADDFX2M)     0.73      10.72 f
  U0_ALU/div_66/u_div/u_fa_PartRem_0_4_2/CO (ADDFX2M)     0.51      11.23 f
  U0_ALU/div_66/u_div/u_fa_PartRem_0_4_3/CO (ADDFX2M)     0.50      11.73 f
  U0_ALU/div_66/U5/Y (CLKAND2X4M)                         0.67      12.41 f
  U0_ALU/div_66/U54/Y (CLKMX2X2M)                         0.71      13.11 r
  U0_ALU/div_66/u_div/u_fa_PartRem_0_3_1/CO (ADDFX2M)     0.72      13.83 r
  U0_ALU/div_66/u_div/u_fa_PartRem_0_3_2/CO (ADDFX2M)     0.47      14.30 r
  U0_ALU/div_66/u_div/u_fa_PartRem_0_3_3/CO (ADDFX2M)     0.47      14.77 r
  U0_ALU/div_66/u_div/u_fa_PartRem_0_3_4/CO (ADDFX2M)     0.46      15.23 r
  U0_ALU/div_66/U3/Y (AND3X4M)                            0.76      15.99 r
  U0_ALU/div_66/U56/Y (CLKMX2X2M)                         0.69      16.68 f
  U0_ALU/div_66/u_div/u_fa_PartRem_0_2_1/CO (ADDFX2M)     0.73      17.41 f
  U0_ALU/div_66/u_div/u_fa_PartRem_0_2_2/CO (ADDFX2M)     0.51      17.92 f
  U0_ALU/div_66/u_div/u_fa_PartRem_0_2_3/CO (ADDFX2M)     0.51      18.42 f
  U0_ALU/div_66/u_div/u_fa_PartRem_0_2_4/CO (ADDFX2M)     0.51      18.93 f
  U0_ALU/div_66/u_div/u_fa_PartRem_0_2_5/CO (ADDFX2M)     0.50      19.43 f
  U0_ALU/div_66/U6/Y (CLKAND2X4M)                         0.87      20.30 f
  U0_ALU/div_66/U58/Y (CLKMX2X2M)                         0.77      21.07 f
  U0_ALU/div_66/u_div/u_fa_PartRem_0_1_1/CO (ADDFX2M)     0.73      21.80 f
  U0_ALU/div_66/u_div/u_fa_PartRem_0_1_2/CO (ADDFX2M)     0.51      22.31 f
  U0_ALU/div_66/u_div/u_fa_PartRem_0_1_3/CO (ADDFX2M)     0.51      22.82 f
  U0_ALU/div_66/u_div/u_fa_PartRem_0_1_4/CO (ADDFX2M)     0.51      23.32 f
  U0_ALU/div_66/u_div/u_fa_PartRem_0_1_5/CO (ADDFX2M)     0.51      23.83 f
  U0_ALU/div_66/u_div/u_fa_PartRem_0_1_6/CO (ADDFX2M)     0.50      24.33 f
  U0_ALU/div_66/U4/Y (CLKAND2X4M)                         0.98      25.31 f
  U0_ALU/div_66/U59/Y (CLKMX2X2M)                         0.62      25.93 f
  U0_ALU/div_66/u_div/u_fa_PartRem_0_0_1/CO (ADDFX2M)     0.66      26.59 f
  U0_ALU/div_66/u_div/u_fa_PartRem_0_0_2/CO (ADDFX2M)     0.51      27.10 f
  U0_ALU/div_66/u_div/u_fa_PartRem_0_0_3/CO (ADDFX2M)     0.51      27.60 f
  U0_ALU/div_66/u_div/u_fa_PartRem_0_0_4/CO (ADDFX2M)     0.51      28.11 f
  U0_ALU/div_66/u_div/u_fa_PartRem_0_0_5/CO (ADDFX2M)     0.51      28.62 f
  U0_ALU/div_66/u_div/u_fa_PartRem_0_0_6/CO (ADDFX2M)     0.51      29.12 f
  U0_ALU/div_66/u_div/u_fa_PartRem_0_0_7/CO (ADDFX2M)     0.50      29.63 f
  U0_ALU/div_66/quotient[0] (ALU_DW_div_uns_0)            0.00      29.63 f
  U0_ALU/U123/Y (AOI222X2M)                               0.93      30.56 r
  U0_ALU/U171/Y (NAND4X2M)                                0.56      31.12 f
  U0_ALU/ALU_OUT_reg_reg[0]/D (DFFRQX1M)                  0.00      31.12 f
  data arrival time                                                 31.12

  clock ALU_CLK (rise edge)                             100.00     100.00
  clock network delay (ideal)                             0.00     100.00
  clock uncertainty                                      -0.20      99.80
  U0_ALU/ALU_OUT_reg_reg[0]/CK (DFFRQX1M)                 0.00      99.80 r
  library setup time                                     -0.23      99.57
  data required time                                                99.57
  --------------------------------------------------------------------------
  data required time                                                99.57
  data arrival time                                                -31.12
  --------------------------------------------------------------------------
  slack (MET)                                                       68.45


  Startpoint: U0_ALU/B_reg_reg[6]
              (rising edge-triggered flip-flop clocked by ALU_CLK)
  Endpoint: U0_ALU/ALU_OUT_reg_reg[1]
            (rising edge-triggered flip-flop clocked by ALU_CLK)
  Path Group: ALU_CLK
  Path Type: max

  Des/Clust/Port     Wire Load Model       Library
  ------------------------------------------------
  ALU_TOP            tsmc13_wl30           scmetro_tsmc_cl013g_rvt_ss_1p08v_125c

  Point                                                   Incr       Path
  --------------------------------------------------------------------------
  clock ALU_CLK (rise edge)                               0.00       0.00
  clock network delay (ideal)                             0.00       0.00
  U0_ALU/B_reg_reg[6]/CK (DFFRQX1M)                       0.00       0.00 r
  U0_ALU/B_reg_reg[6]/Q (DFFRQX1M)                        0.66       0.66 f
  U0_ALU/U89/Y (CLKBUFX6M)                                0.77       1.43 f
  U0_ALU/div_66/b[6] (ALU_DW_div_uns_0)                   0.00       1.43 f
  U0_ALU/div_66/U2/Y (NOR2X4M)                            0.85       2.28 r
  U0_ALU/div_66/U61/Y (AND3X1M)                           0.77       3.05 r
  U0_ALU/div_66/U23/Y (AND2X2M)                           0.71       3.75 r
  U0_ALU/div_66/U60/Y (AND4X1M)                           0.80       4.56 r
  U0_ALU/div_66/U48/Y (CLKMX2X2M)                         0.62       5.18 r
  U0_ALU/div_66/u_div/u_fa_PartRem_0_6_1/CO (ADDFX2M)     0.71       5.89 r
  U0_ALU/div_66/U22/Y (AND3X2M)                           0.73       6.63 r
  U0_ALU/div_66/U50/Y (CLKMX2X2M)                         0.63       7.25 r
  U0_ALU/div_66/u_div/u_fa_PartRem_0_5_1/CO (ADDFX2M)     0.72       7.97 r
  U0_ALU/div_66/u_div/u_fa_PartRem_0_5_2/CO (ADDFX2M)     0.46       8.43 r
  U0_ALU/div_66/U7/Y (AND2X2M)                            0.86       9.29 r
  U0_ALU/div_66/U52/Y (CLKMX2X2M)                         0.71       9.99 f
  U0_ALU/div_66/u_div/u_fa_PartRem_0_4_1/CO (ADDFX2M)     0.73      10.72 f
  U0_ALU/div_66/u_div/u_fa_PartRem_0_4_2/CO (ADDFX2M)     0.51      11.23 f
  U0_ALU/div_66/u_div/u_fa_PartRem_0_4_3/CO (ADDFX2M)     0.50      11.73 f
  U0_ALU/div_66/U5/Y (CLKAND2X4M)                         0.67      12.41 f
  U0_ALU/div_66/U54/Y (CLKMX2X2M)                         0.71      13.11 r
  U0_ALU/div_66/u_div/u_fa_PartRem_0_3_1/CO (ADDFX2M)     0.72      13.83 r
  U0_ALU/div_66/u_div/u_fa_PartRem_0_3_2/CO (ADDFX2M)     0.47      14.30 r
  U0_ALU/div_66/u_div/u_fa_PartRem_0_3_3/CO (ADDFX2M)     0.47      14.77 r
  U0_ALU/div_66/u_div/u_fa_PartRem_0_3_4/CO (ADDFX2M)     0.46      15.23 r
  U0_ALU/div_66/U3/Y (AND3X4M)                            0.76      15.99 r
  U0_ALU/div_66/U56/Y (CLKMX2X2M)                         0.69      16.68 f
  U0_ALU/div_66/u_div/u_fa_PartRem_0_2_1/CO (ADDFX2M)     0.73      17.41 f
  U0_ALU/div_66/u_div/u_fa_PartRem_0_2_2/CO (ADDFX2M)     0.51      17.92 f
  U0_ALU/div_66/u_div/u_fa_PartRem_0_2_3/CO (ADDFX2M)     0.51      18.42 f
  U0_ALU/div_66/u_div/u_fa_PartRem_0_2_4/CO (ADDFX2M)     0.51      18.93 f
  U0_ALU/div_66/u_div/u_fa_PartRem_0_2_5/CO (ADDFX2M)     0.50      19.43 f
  U0_ALU/div_66/U6/Y (CLKAND2X4M)                         0.87      20.30 f
  U0_ALU/div_66/U58/Y (CLKMX2X2M)                         0.77      21.07 f
  U0_ALU/div_66/u_div/u_fa_PartRem_0_1_1/CO (ADDFX2M)     0.73      21.80 f
  U0_ALU/div_66/u_div/u_fa_PartRem_0_1_2/CO (ADDFX2M)     0.51      22.31 f
  U0_ALU/div_66/u_div/u_fa_PartRem_0_1_3/CO (ADDFX2M)     0.51      22.82 f
  U0_ALU/div_66/u_div/u_fa_PartRem_0_1_4/CO (ADDFX2M)     0.51      23.32 f
  U0_ALU/div_66/u_div/u_fa_PartRem_0_1_5/CO (ADDFX2M)     0.51      23.83 f
  U0_ALU/div_66/u_div/u_fa_PartRem_0_1_6/CO (ADDFX2M)     0.50      24.33 f
  U0_ALU/div_66/U4/Y (CLKAND2X4M)                         0.98      25.31 f
  U0_ALU/div_66/quotient[1] (ALU_DW_div_uns_0)            0.00      25.31 f
  U0_ALU/U68/Y (AOI222X2M)                                1.08      26.39 r
  U0_ALU/U90/Y (NAND4X1M)                                 0.80      27.19 f
  U0_ALU/ALU_OUT_reg_reg[1]/D (DFFRQX1M)                  0.00      27.19 f
  data arrival time                                                 27.19

  clock ALU_CLK (rise edge)                             100.00     100.00
  clock network delay (ideal)                             0.00     100.00
  clock uncertainty                                      -0.20      99.80
  U0_ALU/ALU_OUT_reg_reg[1]/CK (DFFRQX1M)                 0.00      99.80 r
  library setup time                                     -0.29      99.51
  data required time                                                99.51
  --------------------------------------------------------------------------
  data required time                                                99.51
  data arrival time                                                -27.19
  --------------------------------------------------------------------------
  slack (MET)                                                       72.31


  Startpoint: U0_ALU/B_reg_reg[6]
              (rising edge-triggered flip-flop clocked by ALU_CLK)
  Endpoint: U0_ALU/ALU_OUT_reg_reg[2]
            (rising edge-triggered flip-flop clocked by ALU_CLK)
  Path Group: ALU_CLK
  Path Type: max

  Des/Clust/Port     Wire Load Model       Library
  ------------------------------------------------
  ALU_TOP            tsmc13_wl30           scmetro_tsmc_cl013g_rvt_ss_1p08v_125c

  Point                                                   Incr       Path
  --------------------------------------------------------------------------
  clock ALU_CLK (rise edge)                               0.00       0.00
  clock network delay (ideal)                             0.00       0.00
  U0_ALU/B_reg_reg[6]/CK (DFFRQX1M)                       0.00       0.00 r
  U0_ALU/B_reg_reg[6]/Q (DFFRQX1M)                        0.66       0.66 f
  U0_ALU/U89/Y (CLKBUFX6M)                                0.77       1.43 f
  U0_ALU/div_66/b[6] (ALU_DW_div_uns_0)                   0.00       1.43 f
  U0_ALU/div_66/U2/Y (NOR2X4M)                            0.85       2.28 r
  U0_ALU/div_66/U61/Y (AND3X1M)                           0.77       3.05 r
  U0_ALU/div_66/U23/Y (AND2X2M)                           0.71       3.75 r
  U0_ALU/div_66/U60/Y (AND4X1M)                           0.80       4.56 r
  U0_ALU/div_66/U48/Y (CLKMX2X2M)                         0.62       5.18 r
  U0_ALU/div_66/u_div/u_fa_PartRem_0_6_1/CO (ADDFX2M)     0.71       5.89 r
  U0_ALU/div_66/U22/Y (AND3X2M)                           0.73       6.63 r
  U0_ALU/div_66/U50/Y (CLKMX2X2M)                         0.63       7.25 r
  U0_ALU/div_66/u_div/u_fa_PartRem_0_5_1/CO (ADDFX2M)     0.72       7.97 r
  U0_ALU/div_66/u_div/u_fa_PartRem_0_5_2/CO (ADDFX2M)     0.46       8.43 r
  U0_ALU/div_66/U7/Y (AND2X2M)                            0.86       9.29 r
  U0_ALU/div_66/U52/Y (CLKMX2X2M)                         0.71       9.99 f
  U0_ALU/div_66/u_div/u_fa_PartRem_0_4_1/CO (ADDFX2M)     0.73      10.72 f
  U0_ALU/div_66/u_div/u_fa_PartRem_0_4_2/CO (ADDFX2M)     0.51      11.23 f
  U0_ALU/div_66/u_div/u_fa_PartRem_0_4_3/CO (ADDFX2M)     0.50      11.73 f
  U0_ALU/div_66/U5/Y (CLKAND2X4M)                         0.67      12.41 f
  U0_ALU/div_66/U54/Y (CLKMX2X2M)                         0.71      13.11 r
  U0_ALU/div_66/u_div/u_fa_PartRem_0_3_1/CO (ADDFX2M)     0.72      13.83 r
  U0_ALU/div_66/u_div/u_fa_PartRem_0_3_2/CO (ADDFX2M)     0.47      14.30 r
  U0_ALU/div_66/u_div/u_fa_PartRem_0_3_3/CO (ADDFX2M)     0.47      14.77 r
  U0_ALU/div_66/u_div/u_fa_PartRem_0_3_4/CO (ADDFX2M)     0.46      15.23 r
  U0_ALU/div_66/U3/Y (AND3X4M)                            0.76      15.99 r
  U0_ALU/div_66/U56/Y (CLKMX2X2M)                         0.69      16.68 f
  U0_ALU/div_66/u_div/u_fa_PartRem_0_2_1/CO (ADDFX2M)     0.73      17.41 f
  U0_ALU/div_66/u_div/u_fa_PartRem_0_2_2/CO (ADDFX2M)     0.51      17.92 f
  U0_ALU/div_66/u_div/u_fa_PartRem_0_2_3/CO (ADDFX2M)     0.51      18.42 f
  U0_ALU/div_66/u_div/u_fa_PartRem_0_2_4/CO (ADDFX2M)     0.51      18.93 f
  U0_ALU/div_66/u_div/u_fa_PartRem_0_2_5/CO (ADDFX2M)     0.50      19.43 f
  U0_ALU/div_66/U6/Y (CLKAND2X4M)                         0.87      20.30 f
  U0_ALU/div_66/quotient[2] (ALU_DW_div_uns_0)            0.00      20.30 f
  U0_ALU/U64/Y (AOI222X2M)                                1.04      21.34 r
  U0_ALU/U83/Y (NAND3XLM)                                 0.92      22.26 f
  U0_ALU/ALU_OUT_reg_reg[2]/D (DFFRQX1M)                  0.00      22.26 f
  data arrival time                                                 22.26

  clock ALU_CLK (rise edge)                             100.00     100.00
  clock network delay (ideal)                             0.00     100.00
  clock uncertainty                                      -0.20      99.80
  U0_ALU/ALU_OUT_reg_reg[2]/CK (DFFRQX1M)                 0.00      99.80 r
  library setup time                                     -0.33      99.47
  data required time                                                99.47
  --------------------------------------------------------------------------
  data required time                                                99.47
  data arrival time                                                -22.26
  --------------------------------------------------------------------------
  slack (MET)                                                       77.21


  Startpoint: U0_ALU/B_reg_reg[6]
              (rising edge-triggered flip-flop clocked by ALU_CLK)
  Endpoint: U0_ALU/ALU_OUT_reg_reg[3]
            (rising edge-triggered flip-flop clocked by ALU_CLK)
  Path Group: ALU_CLK
  Path Type: max

  Des/Clust/Port     Wire Load Model       Library
  ------------------------------------------------
  ALU_TOP            tsmc13_wl30           scmetro_tsmc_cl013g_rvt_ss_1p08v_125c

  Point                                                   Incr       Path
  --------------------------------------------------------------------------
  clock ALU_CLK (rise edge)                               0.00       0.00
  clock network delay (ideal)                             0.00       0.00
  U0_ALU/B_reg_reg[6]/CK (DFFRQX1M)                       0.00       0.00 r
  U0_ALU/B_reg_reg[6]/Q (DFFRQX1M)                        0.66       0.66 f
  U0_ALU/U89/Y (CLKBUFX6M)                                0.77       1.43 f
  U0_ALU/div_66/b[6] (ALU_DW_div_uns_0)                   0.00       1.43 f
  U0_ALU/div_66/U2/Y (NOR2X4M)                            0.85       2.28 r
  U0_ALU/div_66/U61/Y (AND3X1M)                           0.77       3.05 r
  U0_ALU/div_66/U23/Y (AND2X2M)                           0.71       3.75 r
  U0_ALU/div_66/U60/Y (AND4X1M)                           0.80       4.56 r
  U0_ALU/div_66/U48/Y (CLKMX2X2M)                         0.62       5.18 r
  U0_ALU/div_66/u_div/u_fa_PartRem_0_6_1/CO (ADDFX2M)     0.71       5.89 r
  U0_ALU/div_66/U22/Y (AND3X2M)                           0.73       6.63 r
  U0_ALU/div_66/U50/Y (CLKMX2X2M)                         0.63       7.25 r
  U0_ALU/div_66/u_div/u_fa_PartRem_0_5_1/CO (ADDFX2M)     0.72       7.97 r
  U0_ALU/div_66/u_div/u_fa_PartRem_0_5_2/CO (ADDFX2M)     0.46       8.43 r
  U0_ALU/div_66/U7/Y (AND2X2M)                            0.86       9.29 r
  U0_ALU/div_66/U52/Y (CLKMX2X2M)                         0.71       9.99 f
  U0_ALU/div_66/u_div/u_fa_PartRem_0_4_1/CO (ADDFX2M)     0.73      10.72 f
  U0_ALU/div_66/u_div/u_fa_PartRem_0_4_2/CO (ADDFX2M)     0.51      11.23 f
  U0_ALU/div_66/u_div/u_fa_PartRem_0_4_3/CO (ADDFX2M)     0.50      11.73 f
  U0_ALU/div_66/U5/Y (CLKAND2X4M)                         0.67      12.41 f
  U0_ALU/div_66/U54/Y (CLKMX2X2M)                         0.72      13.12 f
  U0_ALU/div_66/u_div/u_fa_PartRem_0_3_1/CO (ADDFX2M)     0.73      13.85 f
  U0_ALU/div_66/u_div/u_fa_PartRem_0_3_2/CO (ADDFX2M)     0.51      14.36 f
  U0_ALU/div_66/u_div/u_fa_PartRem_0_3_3/CO (ADDFX2M)     0.51      14.87 f
  U0_ALU/div_66/u_div/u_fa_PartRem_0_3_4/CO (ADDFX2M)     0.50      15.37 f
  U0_ALU/div_66/U3/Y (AND3X4M)                            0.50      15.87 f
  U0_ALU/div_66/quotient[3] (ALU_DW_div_uns_0)            0.00      15.87 f
  U0_ALU/U65/Y (AOI222X2M)                                0.93      16.80 r
  U0_ALU/U84/Y (NAND3XLM)                                 0.92      17.72 f
  U0_ALU/ALU_OUT_reg_reg[3]/D (DFFRQX1M)                  0.00      17.72 f
  data arrival time                                                 17.72

  clock ALU_CLK (rise edge)                             100.00     100.00
  clock network delay (ideal)                             0.00     100.00
  clock uncertainty                                      -0.20      99.80
  U0_ALU/ALU_OUT_reg_reg[3]/CK (DFFRQX1M)                 0.00      99.80 r
  library setup time                                     -0.33      99.47
  data required time                                                99.47
  --------------------------------------------------------------------------
  data required time                                                99.47
  data arrival time                                                -17.72
  --------------------------------------------------------------------------
  slack (MET)                                                       81.75


  Startpoint: U0_ALU/A_reg_reg[0]
              (rising edge-triggered flip-flop clocked by ALU_CLK)
  Endpoint: U0_ALU/ALU_OUT_reg_reg[15]
            (rising edge-triggered flip-flop clocked by ALU_CLK)
  Path Group: ALU_CLK
  Path Type: max

  Des/Clust/Port     Wire Load Model       Library
  ------------------------------------------------
  ALU_TOP            tsmc13_wl30           scmetro_tsmc_cl013g_rvt_ss_1p08v_125c

  Point                                                   Incr       Path
  --------------------------------------------------------------------------
  clock ALU_CLK (rise edge)                               0.00       0.00
  clock network delay (ideal)                             0.00       0.00
  U0_ALU/A_reg_reg[0]/CK (DFFRQX1M)                       0.00       0.00 r
  U0_ALU/A_reg_reg[0]/Q (DFFRQX1M)                        0.66       0.66 r
  U0_ALU/U199/Y (INVX2M)                                  0.34       1.00 f
  U0_ALU/U158/Y (INVX4M)                                  0.73       1.72 r
  U0_ALU/mult_63/A[0] (ALU_DW02_mult_0)                   0.00       1.72 r
  U0_ALU/mult_63/U30/Y (INVX4M)                           0.66       2.38 f
  U0_ALU/mult_63/U13/Y (NOR2X2M)                          0.88       3.26 r
  U0_ALU/mult_63/U52/Y (XOR2X1M)                          0.68       3.94 r
  U0_ALU/mult_63/S2_2_2/CO (ADDFX2M)                      0.56       4.50 r
  U0_ALU/mult_63/S2_3_2/CO (ADDFX2M)                      0.77       5.27 r
  U0_ALU/mult_63/S2_4_2/CO (ADDFX2M)                      0.77       6.04 r
  U0_ALU/mult_63/S2_5_2/CO (ADDFX2M)                      0.77       6.80 r
  U0_ALU/mult_63/S2_6_2/CO (ADDFX2M)                      0.77       7.57 r
  U0_ALU/mult_63/S4_2/CO (ADDFX2M)                        0.93       8.51 r
  U0_ALU/mult_63/U28/Y (CLKXOR2X2M)                       0.68       9.19 f
  U0_ALU/mult_63/FS_1/A[8] (ALU_DW01_add_1)               0.00       9.19 f
  U0_ALU/mult_63/FS_1/U4/Y (NOR2X2M)                      0.86      10.05 r
  U0_ALU/mult_63/FS_1/U24/Y (OA21X1M)                     0.74      10.78 r
  U0_ALU/mult_63/FS_1/U3/Y (AOI2BB1X2M)                   0.91      11.69 r
  U0_ALU/mult_63/FS_1/U21/Y (OA21X1M)                     0.78      12.47 r
  U0_ALU/mult_63/FS_1/U2/Y (OAI21BX4M)                    0.46      12.93 f
  U0_ALU/mult_63/FS_1/U16/Y (OAI21X1M)                    0.73      13.65 r
  U0_ALU/mult_63/FS_1/U15/Y (OAI2BB1X1M)                  0.50      14.15 f
  U0_ALU/mult_63/FS_1/U10/Y (CLKXOR2X2M)                  0.53      14.68 r
  U0_ALU/mult_63/FS_1/SUM[13] (ALU_DW01_add_1)            0.00      14.68 r
  U0_ALU/mult_63/PRODUCT[15] (ALU_DW02_mult_0)            0.00      14.68 r
  U0_ALU/U101/Y (OAI2BB1XLM)                              0.57      15.25 r
  U0_ALU/ALU_OUT_reg_reg[15]/D (DFFRQX1M)                 0.00      15.25 r
  data arrival time                                                 15.25

  clock ALU_CLK (rise edge)                             100.00     100.00
  clock network delay (ideal)                             0.00     100.00
  clock uncertainty                                      -0.20      99.80
  U0_ALU/ALU_OUT_reg_reg[15]/CK (DFFRQX1M)                0.00      99.80 r
  library setup time                                     -0.42      99.38
  data required time                                                99.38
  --------------------------------------------------------------------------
  data required time                                                99.38
  data arrival time                                                -15.25
  --------------------------------------------------------------------------
  slack (MET)                                                       84.13


  Startpoint: U0_ALU/A_reg_reg[0]
              (rising edge-triggered flip-flop clocked by ALU_CLK)
  Endpoint: U0_ALU/ALU_OUT_reg_reg[14]
            (rising edge-triggered flip-flop clocked by ALU_CLK)
  Path Group: ALU_CLK
  Path Type: max

  Des/Clust/Port     Wire Load Model       Library
  ------------------------------------------------
  ALU_TOP            tsmc13_wl30           scmetro_tsmc_cl013g_rvt_ss_1p08v_125c

  Point                                                   Incr       Path
  --------------------------------------------------------------------------
  clock ALU_CLK (rise edge)                               0.00       0.00
  clock network delay (ideal)                             0.00       0.00
  U0_ALU/A_reg_reg[0]/CK (DFFRQX1M)                       0.00       0.00 r
  U0_ALU/A_reg_reg[0]/Q (DFFRQX1M)                        0.66       0.66 r
  U0_ALU/U199/Y (INVX2M)                                  0.34       1.00 f
  U0_ALU/U158/Y (INVX4M)                                  0.73       1.72 r
  U0_ALU/mult_63/A[0] (ALU_DW02_mult_0)                   0.00       1.72 r
  U0_ALU/mult_63/U30/Y (INVX4M)                           0.66       2.38 f
  U0_ALU/mult_63/U13/Y (NOR2X2M)                          0.88       3.26 r
  U0_ALU/mult_63/U52/Y (XOR2X1M)                          0.68       3.94 r
  U0_ALU/mult_63/S2_2_2/CO (ADDFX2M)                      0.56       4.50 r
  U0_ALU/mult_63/S2_3_2/CO (ADDFX2M)                      0.77       5.27 r
  U0_ALU/mult_63/S2_4_2/CO (ADDFX2M)                      0.77       6.04 r
  U0_ALU/mult_63/S2_5_2/CO (ADDFX2M)                      0.77       6.80 r
  U0_ALU/mult_63/S2_6_2/CO (ADDFX2M)                      0.77       7.57 r
  U0_ALU/mult_63/S4_2/CO (ADDFX2M)                        0.93       8.51 r
  U0_ALU/mult_63/U28/Y (CLKXOR2X2M)                       0.68       9.19 f
  U0_ALU/mult_63/FS_1/A[8] (ALU_DW01_add_1)               0.00       9.19 f
  U0_ALU/mult_63/FS_1/U4/Y (NOR2X2M)                      0.86      10.05 r
  U0_ALU/mult_63/FS_1/U24/Y (OA21X1M)                     0.74      10.78 r
  U0_ALU/mult_63/FS_1/U3/Y (AOI2BB1X2M)                   0.91      11.69 r
  U0_ALU/mult_63/FS_1/U21/Y (OA21X1M)                     0.78      12.47 r
  U0_ALU/mult_63/FS_1/U2/Y (OAI21BX4M)                    0.46      12.93 f
  U0_ALU/mult_63/FS_1/U17/Y (XOR3XLM)                     0.74      13.66 r
  U0_ALU/mult_63/FS_1/SUM[12] (ALU_DW01_add_1)            0.00      13.66 r
  U0_ALU/mult_63/PRODUCT[14] (ALU_DW02_mult_0)            0.00      13.66 r
  U0_ALU/U100/Y (OAI2BB1XLM)                              0.59      14.25 r
  U0_ALU/ALU_OUT_reg_reg[14]/D (DFFRQX1M)                 0.00      14.25 r
  data arrival time                                                 14.25

  clock ALU_CLK (rise edge)                             100.00     100.00
  clock network delay (ideal)                             0.00     100.00
  clock uncertainty                                      -0.20      99.80
  U0_ALU/ALU_OUT_reg_reg[14]/CK (DFFRQX1M)                0.00      99.80 r
  library setup time                                     -0.42      99.38
  data required time                                                99.38
  --------------------------------------------------------------------------
  data required time                                                99.38
  data arrival time                                                -14.25
  --------------------------------------------------------------------------
  slack (MET)                                                       85.13


  Startpoint: U0_ALU/B_reg_reg[6]
              (rising edge-triggered flip-flop clocked by ALU_CLK)
  Endpoint: U0_ALU/ALU_OUT_reg_reg[4]
            (rising edge-triggered flip-flop clocked by ALU_CLK)
  Path Group: ALU_CLK
  Path Type: max

  Des/Clust/Port     Wire Load Model       Library
  ------------------------------------------------
  ALU_TOP            tsmc13_wl30           scmetro_tsmc_cl013g_rvt_ss_1p08v_125c

  Point                                                   Incr       Path
  --------------------------------------------------------------------------
  clock ALU_CLK (rise edge)                               0.00       0.00
  clock network delay (ideal)                             0.00       0.00
  U0_ALU/B_reg_reg[6]/CK (DFFRQX1M)                       0.00       0.00 r
  U0_ALU/B_reg_reg[6]/Q (DFFRQX1M)                        0.66       0.66 f
  U0_ALU/U89/Y (CLKBUFX6M)                                0.77       1.43 f
  U0_ALU/div_66/b[6] (ALU_DW_div_uns_0)                   0.00       1.43 f
  U0_ALU/div_66/U2/Y (NOR2X4M)                            0.85       2.28 r
  U0_ALU/div_66/U61/Y (AND3X1M)                           0.77       3.05 r
  U0_ALU/div_66/U23/Y (AND2X2M)                           0.71       3.75 r
  U0_ALU/div_66/U60/Y (AND4X1M)                           0.80       4.56 r
  U0_ALU/div_66/U48/Y (CLKMX2X2M)                         0.62       5.18 r
  U0_ALU/div_66/u_div/u_fa_PartRem_0_6_1/CO (ADDFX2M)     0.71       5.89 r
  U0_ALU/div_66/U22/Y (AND3X2M)                           0.73       6.63 r
  U0_ALU/div_66/U50/Y (CLKMX2X2M)                         0.63       7.25 r
  U0_ALU/div_66/u_div/u_fa_PartRem_0_5_1/CO (ADDFX2M)     0.72       7.97 r
  U0_ALU/div_66/u_div/u_fa_PartRem_0_5_2/CO (ADDFX2M)     0.46       8.43 r
  U0_ALU/div_66/U7/Y (AND2X2M)                            0.86       9.29 r
  U0_ALU/div_66/U52/Y (CLKMX2X2M)                         0.71       9.99 f
  U0_ALU/div_66/u_div/u_fa_PartRem_0_4_1/CO (ADDFX2M)     0.73      10.72 f
  U0_ALU/div_66/u_div/u_fa_PartRem_0_4_2/CO (ADDFX2M)     0.51      11.23 f
  U0_ALU/div_66/u_div/u_fa_PartRem_0_4_3/CO (ADDFX2M)     0.50      11.73 f
  U0_ALU/div_66/U5/Y (CLKAND2X4M)                         0.67      12.41 f
  U0_ALU/div_66/quotient[4] (ALU_DW_div_uns_0)            0.00      12.41 f
  U0_ALU/U66/Y (AOI222X2M)                                0.99      13.40 r
  U0_ALU/U85/Y (NAND3XLM)                                 0.92      14.31 f
  U0_ALU/ALU_OUT_reg_reg[4]/D (DFFRQX1M)                  0.00      14.31 f
  data arrival time                                                 14.31

  clock ALU_CLK (rise edge)                             100.00     100.00
  clock network delay (ideal)                             0.00     100.00
  clock uncertainty                                      -0.20      99.80
  U0_ALU/ALU_OUT_reg_reg[4]/CK (DFFRQX1M)                 0.00      99.80 r
  library setup time                                     -0.33      99.47
  data required time                                                99.47
  --------------------------------------------------------------------------
  data required time                                                99.47
  data arrival time                                                -14.31
  --------------------------------------------------------------------------
  slack (MET)                                                       85.15


  Startpoint: U0_ALU/A_reg_reg[0]
              (rising edge-triggered flip-flop clocked by ALU_CLK)
  Endpoint: U0_ALU/ALU_OUT_reg_reg[13]
            (rising edge-triggered flip-flop clocked by ALU_CLK)
  Path Group: ALU_CLK
  Path Type: max

  Des/Clust/Port     Wire Load Model       Library
  ------------------------------------------------
  ALU_TOP            tsmc13_wl30           scmetro_tsmc_cl013g_rvt_ss_1p08v_125c

  Point                                                   Incr       Path
  --------------------------------------------------------------------------
  clock ALU_CLK (rise edge)                               0.00       0.00
  clock network delay (ideal)                             0.00       0.00
  U0_ALU/A_reg_reg[0]/CK (DFFRQX1M)                       0.00       0.00 r
  U0_ALU/A_reg_reg[0]/Q (DFFRQX1M)                        0.66       0.66 r
  U0_ALU/U199/Y (INVX2M)                                  0.34       1.00 f
  U0_ALU/U158/Y (INVX4M)                                  0.73       1.72 r
  U0_ALU/mult_63/A[0] (ALU_DW02_mult_0)                   0.00       1.72 r
  U0_ALU/mult_63/U30/Y (INVX4M)                           0.66       2.38 f
  U0_ALU/mult_63/U13/Y (NOR2X2M)                          0.88       3.26 r
  U0_ALU/mult_63/U52/Y (XOR2X1M)                          0.68       3.94 r
  U0_ALU/mult_63/S2_2_2/CO (ADDFX2M)                      0.56       4.50 r
  U0_ALU/mult_63/S2_3_2/CO (ADDFX2M)                      0.77       5.27 r
  U0_ALU/mult_63/S2_4_2/CO (ADDFX2M)                      0.77       6.04 r
  U0_ALU/mult_63/S2_5_2/CO (ADDFX2M)                      0.77       6.80 r
  U0_ALU/mult_63/S2_6_2/CO (ADDFX2M)                      0.77       7.57 r
  U0_ALU/mult_63/S4_2/CO (ADDFX2M)                        0.93       8.51 r
  U0_ALU/mult_63/U28/Y (CLKXOR2X2M)                       0.68       9.19 f
  U0_ALU/mult_63/FS_1/A[8] (ALU_DW01_add_1)               0.00       9.19 f
  U0_ALU/mult_63/FS_1/U4/Y (NOR2X2M)                      0.86      10.05 r
  U0_ALU/mult_63/FS_1/U24/Y (OA21X1M)                     0.74      10.78 r
  U0_ALU/mult_63/FS_1/U3/Y (AOI2BB1X2M)                   0.91      11.69 r
  U0_ALU/mult_63/FS_1/U21/Y (OA21X1M)                     0.78      12.47 r
  U0_ALU/mult_63/FS_1/U18/Y (XNOR2X1M)                    0.62      13.08 r
  U0_ALU/mult_63/FS_1/SUM[11] (ALU_DW01_add_1)            0.00      13.08 r
  U0_ALU/mult_63/PRODUCT[13] (ALU_DW02_mult_0)            0.00      13.08 r
  U0_ALU/U99/Y (OAI2BB1XLM)                               0.59      13.68 r
  U0_ALU/ALU_OUT_reg_reg[13]/D (DFFRQX1M)                 0.00      13.68 r
  data arrival time                                                 13.68

  clock ALU_CLK (rise edge)                             100.00     100.00
  clock network delay (ideal)                             0.00     100.00
  clock uncertainty                                      -0.20      99.80
  U0_ALU/ALU_OUT_reg_reg[13]/CK (DFFRQX1M)                0.00      99.80 r
  library setup time                                     -0.42      99.38
  data required time                                                99.38
  --------------------------------------------------------------------------
  data required time                                                99.38
  data arrival time                                                -13.68
  --------------------------------------------------------------------------
  slack (MET)                                                       85.71


  Startpoint: U0_ALU/A_reg_reg[0]
              (rising edge-triggered flip-flop clocked by ALU_CLK)
  Endpoint: U0_ALU/ALU_OUT_reg_reg[12]
            (rising edge-triggered flip-flop clocked by ALU_CLK)
  Path Group: ALU_CLK
  Path Type: max

  Des/Clust/Port     Wire Load Model       Library
  ------------------------------------------------
  ALU_TOP            tsmc13_wl30           scmetro_tsmc_cl013g_rvt_ss_1p08v_125c

  Point                                                   Incr       Path
  --------------------------------------------------------------------------
  clock ALU_CLK (rise edge)                               0.00       0.00
  clock network delay (ideal)                             0.00       0.00
  U0_ALU/A_reg_reg[0]/CK (DFFRQX1M)                       0.00       0.00 r
  U0_ALU/A_reg_reg[0]/Q (DFFRQX1M)                        0.66       0.66 r
  U0_ALU/U199/Y (INVX2M)                                  0.34       1.00 f
  U0_ALU/U158/Y (INVX4M)                                  0.73       1.72 r
  U0_ALU/mult_63/A[0] (ALU_DW02_mult_0)                   0.00       1.72 r
  U0_ALU/mult_63/U30/Y (INVX4M)                           0.66       2.38 f
  U0_ALU/mult_63/U13/Y (NOR2X2M)                          0.88       3.26 r
  U0_ALU/mult_63/U52/Y (XOR2X1M)                          0.68       3.94 r
  U0_ALU/mult_63/S2_2_2/CO (ADDFX2M)                      0.56       4.50 r
  U0_ALU/mult_63/S2_3_2/CO (ADDFX2M)                      0.77       5.27 r
  U0_ALU/mult_63/S2_4_2/CO (ADDFX2M)                      0.77       6.04 r
  U0_ALU/mult_63/S2_5_2/CO (ADDFX2M)                      0.77       6.80 r
  U0_ALU/mult_63/S2_6_2/CO (ADDFX2M)                      0.77       7.57 r
  U0_ALU/mult_63/S4_2/CO (ADDFX2M)                        0.93       8.51 r
  U0_ALU/mult_63/U28/Y (CLKXOR2X2M)                       0.68       9.19 f
  U0_ALU/mult_63/FS_1/A[8] (ALU_DW01_add_1)               0.00       9.19 f
  U0_ALU/mult_63/FS_1/U4/Y (NOR2X2M)                      0.86      10.05 r
  U0_ALU/mult_63/FS_1/U24/Y (OA21X1M)                     0.74      10.78 r
  U0_ALU/mult_63/FS_1/U3/Y (AOI2BB1X2M)                   0.91      11.69 r
  U0_ALU/mult_63/FS_1/U22/Y (CLKXOR2X2M)                  0.65      12.34 f
  U0_ALU/mult_63/FS_1/SUM[10] (ALU_DW01_add_1)            0.00      12.34 f
  U0_ALU/mult_63/PRODUCT[12] (ALU_DW02_mult_0)            0.00      12.34 f
  U0_ALU/U98/Y (OAI2BB1XLM)                               0.70      13.04 f
  U0_ALU/ALU_OUT_reg_reg[12]/D (DFFRQX1M)                 0.00      13.04 f
  data arrival time                                                 13.04

  clock ALU_CLK (rise edge)                             100.00     100.00
  clock network delay (ideal)                             0.00     100.00
  clock uncertainty                                      -0.20      99.80
  U0_ALU/ALU_OUT_reg_reg[12]/CK (DFFRQX1M)                0.00      99.80 r
  library setup time                                     -0.28      99.52
  data required time                                                99.52
  --------------------------------------------------------------------------
  data required time                                                99.52
  data arrival time                                                -13.04
  --------------------------------------------------------------------------
  slack (MET)                                                       86.48


  Startpoint: U0_ALU/A_reg_reg[0]
              (rising edge-triggered flip-flop clocked by ALU_CLK)
  Endpoint: U0_ALU/ALU_OUT_reg_reg[11]
            (rising edge-triggered flip-flop clocked by ALU_CLK)
  Path Group: ALU_CLK
  Path Type: max

  Des/Clust/Port     Wire Load Model       Library
  ------------------------------------------------
  ALU_TOP            tsmc13_wl30           scmetro_tsmc_cl013g_rvt_ss_1p08v_125c

  Point                                                   Incr       Path
  --------------------------------------------------------------------------
  clock ALU_CLK (rise edge)                               0.00       0.00
  clock network delay (ideal)                             0.00       0.00
  U0_ALU/A_reg_reg[0]/CK (DFFRQX1M)                       0.00       0.00 r
  U0_ALU/A_reg_reg[0]/Q (DFFRQX1M)                        0.66       0.66 r
  U0_ALU/U199/Y (INVX2M)                                  0.34       1.00 f
  U0_ALU/U158/Y (INVX4M)                                  0.73       1.72 r
  U0_ALU/mult_63/A[0] (ALU_DW02_mult_0)                   0.00       1.72 r
  U0_ALU/mult_63/U30/Y (INVX4M)                           0.66       2.38 f
  U0_ALU/mult_63/U13/Y (NOR2X2M)                          0.88       3.26 r
  U0_ALU/mult_63/U52/Y (XOR2X1M)                          0.68       3.94 r
  U0_ALU/mult_63/S2_2_2/CO (ADDFX2M)                      0.56       4.50 r
  U0_ALU/mult_63/S2_3_2/CO (ADDFX2M)                      0.77       5.27 r
  U0_ALU/mult_63/S2_4_2/CO (ADDFX2M)                      0.77       6.04 r
  U0_ALU/mult_63/S2_5_2/CO (ADDFX2M)                      0.77       6.80 r
  U0_ALU/mult_63/S2_6_2/CO (ADDFX2M)                      0.77       7.57 r
  U0_ALU/mult_63/S4_2/CO (ADDFX2M)                        0.93       8.51 r
  U0_ALU/mult_63/U28/Y (CLKXOR2X2M)                       0.68       9.19 f
  U0_ALU/mult_63/FS_1/A[8] (ALU_DW01_add_1)               0.00       9.19 f
  U0_ALU/mult_63/FS_1/U4/Y (NOR2X2M)                      0.86      10.05 r
  U0_ALU/mult_63/FS_1/U24/Y (OA21X1M)                     0.74      10.78 r
  U0_ALU/mult_63/FS_1/U11/Y (XNOR2X1M)                    0.61      11.39 r
  U0_ALU/mult_63/FS_1/SUM[9] (ALU_DW01_add_1)             0.00      11.39 r
  U0_ALU/mult_63/PRODUCT[11] (ALU_DW02_mult_0)            0.00      11.39 r
  U0_ALU/U97/Y (OAI2BB1XLM)                               0.59      11.98 r
  U0_ALU/ALU_OUT_reg_reg[11]/D (DFFRQX1M)                 0.00      11.98 r
  data arrival time                                                 11.98

  clock ALU_CLK (rise edge)                             100.00     100.00
  clock network delay (ideal)                             0.00     100.00
  clock uncertainty                                      -0.20      99.80
  U0_ALU/ALU_OUT_reg_reg[11]/CK (DFFRQX1M)                0.00      99.80 r
  library setup time                                     -0.42      99.38
  data required time                                                99.38
  --------------------------------------------------------------------------
  data required time                                                99.38
  data arrival time                                                -11.98
  --------------------------------------------------------------------------
  slack (MET)                                                       87.40


  Startpoint: U0_ALU/A_reg_reg[0]
              (rising edge-triggered flip-flop clocked by ALU_CLK)
  Endpoint: U0_ALU/ALU_OUT_reg_reg[10]
            (rising edge-triggered flip-flop clocked by ALU_CLK)
  Path Group: ALU_CLK
  Path Type: max

  Des/Clust/Port     Wire Load Model       Library
  ------------------------------------------------
  ALU_TOP            tsmc13_wl30           scmetro_tsmc_cl013g_rvt_ss_1p08v_125c

  Point                                                   Incr       Path
  --------------------------------------------------------------------------
  clock ALU_CLK (rise edge)                               0.00       0.00
  clock network delay (ideal)                             0.00       0.00
  U0_ALU/A_reg_reg[0]/CK (DFFRQX1M)                       0.00       0.00 r
  U0_ALU/A_reg_reg[0]/Q (DFFRQX1M)                        0.66       0.66 r
  U0_ALU/U199/Y (INVX2M)                                  0.34       1.00 f
  U0_ALU/U158/Y (INVX4M)                                  0.73       1.72 r
  U0_ALU/mult_63/A[0] (ALU_DW02_mult_0)                   0.00       1.72 r
  U0_ALU/mult_63/U30/Y (INVX4M)                           0.66       2.38 f
  U0_ALU/mult_63/U13/Y (NOR2X2M)                          0.88       3.26 r
  U0_ALU/mult_63/U52/Y (XOR2X1M)                          0.68       3.94 r
  U0_ALU/mult_63/S2_2_2/CO (ADDFX2M)                      0.56       4.50 r
  U0_ALU/mult_63/S2_3_2/CO (ADDFX2M)                      0.77       5.27 r
  U0_ALU/mult_63/S2_4_2/CO (ADDFX2M)                      0.77       6.04 r
  U0_ALU/mult_63/S2_5_2/CO (ADDFX2M)                      0.77       6.80 r
  U0_ALU/mult_63/S2_6_2/CO (ADDFX2M)                      0.77       7.57 r
  U0_ALU/mult_63/S4_2/CO (ADDFX2M)                        0.93       8.51 r
  U0_ALU/mult_63/U28/Y (CLKXOR2X2M)                       0.68       9.19 f
  U0_ALU/mult_63/FS_1/A[8] (ALU_DW01_add_1)               0.00       9.19 f
  U0_ALU/mult_63/FS_1/U4/Y (NOR2X2M)                      0.86      10.05 r
  U0_ALU/mult_63/FS_1/U14/Y (NAND2BX1M)                   0.44      10.49 r
  U0_ALU/mult_63/FS_1/U13/Y (CLKXOR2X2M)                  0.48      10.97 f
  U0_ALU/mult_63/FS_1/SUM[8] (ALU_DW01_add_1)             0.00      10.97 f
  U0_ALU/mult_63/PRODUCT[10] (ALU_DW02_mult_0)            0.00      10.97 f
  U0_ALU/U96/Y (OAI2BB1XLM)                               0.70      11.67 f
  U0_ALU/ALU_OUT_reg_reg[10]/D (DFFRQX1M)                 0.00      11.67 f
  data arrival time                                                 11.67

  clock ALU_CLK (rise edge)                             100.00     100.00
  clock network delay (ideal)                             0.00     100.00
  clock uncertainty                                      -0.20      99.80
  U0_ALU/ALU_OUT_reg_reg[10]/CK (DFFRQX1M)                0.00      99.80 r
  library setup time                                     -0.28      99.52
  data required time                                                99.52
  --------------------------------------------------------------------------
  data required time                                                99.52
  data arrival time                                                -11.67
  --------------------------------------------------------------------------
  slack (MET)                                                       87.85


  Startpoint: U0_ALU/B_reg_reg[6]
              (rising edge-triggered flip-flop clocked by ALU_CLK)
  Endpoint: U0_ALU/ALU_OUT_reg_reg[5]
            (rising edge-triggered flip-flop clocked by ALU_CLK)
  Path Group: ALU_CLK
  Path Type: max

  Des/Clust/Port     Wire Load Model       Library
  ------------------------------------------------
  ALU_TOP            tsmc13_wl30           scmetro_tsmc_cl013g_rvt_ss_1p08v_125c

  Point                                                   Incr       Path
  --------------------------------------------------------------------------
  clock ALU_CLK (rise edge)                               0.00       0.00
  clock network delay (ideal)                             0.00       0.00
  U0_ALU/B_reg_reg[6]/CK (DFFRQX1M)                       0.00       0.00 r
  U0_ALU/B_reg_reg[6]/Q (DFFRQX1M)                        0.66       0.66 f
  U0_ALU/U89/Y (CLKBUFX6M)                                0.77       1.43 f
  U0_ALU/div_66/b[6] (ALU_DW_div_uns_0)                   0.00       1.43 f
  U0_ALU/div_66/U2/Y (NOR2X4M)                            0.85       2.28 r
  U0_ALU/div_66/U61/Y (AND3X1M)                           0.77       3.05 r
  U0_ALU/div_66/U23/Y (AND2X2M)                           0.71       3.75 r
  U0_ALU/div_66/U60/Y (AND4X1M)                           0.80       4.56 r
  U0_ALU/div_66/U48/Y (CLKMX2X2M)                         0.62       5.18 r
  U0_ALU/div_66/u_div/u_fa_PartRem_0_6_1/CO (ADDFX2M)     0.71       5.89 r
  U0_ALU/div_66/U22/Y (AND3X2M)                           0.73       6.63 r
  U0_ALU/div_66/U50/Y (CLKMX2X2M)                         0.69       7.32 f
  U0_ALU/div_66/u_div/u_fa_PartRem_0_5_1/CO (ADDFX2M)     0.73       8.05 f
  U0_ALU/div_66/u_div/u_fa_PartRem_0_5_2/CO (ADDFX2M)     0.50       8.55 f
  U0_ALU/div_66/U7/Y (AND2X2M)                            0.55       9.10 f
  U0_ALU/div_66/quotient[5] (ALU_DW_div_uns_0)            0.00       9.10 f
  U0_ALU/U67/Y (AOI222X2M)                                0.96      10.06 r
  U0_ALU/U86/Y (NAND3XLM)                                 0.92      10.97 f
  U0_ALU/ALU_OUT_reg_reg[5]/D (DFFRQX1M)                  0.00      10.97 f
  data arrival time                                                 10.97

  clock ALU_CLK (rise edge)                             100.00     100.00
  clock network delay (ideal)                             0.00     100.00
  clock uncertainty                                      -0.20      99.80
  U0_ALU/ALU_OUT_reg_reg[5]/CK (DFFRQX1M)                 0.00      99.80 r
  library setup time                                     -0.33      99.47
  data required time                                                99.47
  --------------------------------------------------------------------------
  data required time                                                99.47
  data arrival time                                                -10.97
  --------------------------------------------------------------------------
  slack (MET)                                                       88.50


  Startpoint: U0_ALU/A_reg_reg[0]
              (rising edge-triggered flip-flop clocked by ALU_CLK)
  Endpoint: U0_ALU/ALU_OUT_reg_reg[9]
            (rising edge-triggered flip-flop clocked by ALU_CLK)
  Path Group: ALU_CLK
  Path Type: max

  Des/Clust/Port     Wire Load Model       Library
  ------------------------------------------------
  ALU_TOP            tsmc13_wl30           scmetro_tsmc_cl013g_rvt_ss_1p08v_125c

  Point                                                   Incr       Path
  --------------------------------------------------------------------------
  clock ALU_CLK (rise edge)                               0.00       0.00
  clock network delay (ideal)                             0.00       0.00
  U0_ALU/A_reg_reg[0]/CK (DFFRQX1M)                       0.00       0.00 r
  U0_ALU/A_reg_reg[0]/Q (DFFRQX1M)                        0.66       0.66 r
  U0_ALU/U199/Y (INVX2M)                                  0.34       1.00 f
  U0_ALU/U158/Y (INVX4M)                                  0.73       1.72 r
  U0_ALU/mult_63/A[0] (ALU_DW02_mult_0)                   0.00       1.72 r
  U0_ALU/mult_63/U30/Y (INVX4M)                           0.66       2.38 f
  U0_ALU/mult_63/U14/Y (NOR2X2M)                          0.88       3.26 r
  U0_ALU/mult_63/U53/Y (XOR2X1M)                          0.68       3.94 r
  U0_ALU/mult_63/S2_2_1/CO (ADDFX2M)                      0.56       4.50 r
  U0_ALU/mult_63/S2_3_1/CO (ADDFX2M)                      0.77       5.27 r
  U0_ALU/mult_63/S2_4_1/CO (ADDFX2M)                      0.77       6.04 r
  U0_ALU/mult_63/S2_5_1/CO (ADDFX2M)                      0.77       6.80 r
  U0_ALU/mult_63/S2_6_1/CO (ADDFX2M)                      0.77       7.57 r
  U0_ALU/mult_63/S4_1/CO (ADDFX2M)                        0.93       8.51 r
  U0_ALU/mult_63/U32/Y (CLKXOR2X2M)                       0.69       9.19 f
  U0_ALU/mult_63/FS_1/A[7] (ALU_DW01_add_1)               0.00       9.19 f
  U0_ALU/mult_63/FS_1/U9/Y (CLKXOR2X2M)                   0.48       9.67 r
  U0_ALU/mult_63/FS_1/SUM[7] (ALU_DW01_add_1)             0.00       9.67 r
  U0_ALU/mult_63/PRODUCT[9] (ALU_DW02_mult_0)             0.00       9.67 r
  U0_ALU/U95/Y (OAI2BB1XLM)                               0.57      10.24 r
  U0_ALU/ALU_OUT_reg_reg[9]/D (DFFRQX1M)                  0.00      10.24 r
  data arrival time                                                 10.24

  clock ALU_CLK (rise edge)                             100.00     100.00
  clock network delay (ideal)                             0.00     100.00
  clock uncertainty                                      -0.20      99.80
  U0_ALU/ALU_OUT_reg_reg[9]/CK (DFFRQX1M)                 0.00      99.80 r
  library setup time                                     -0.42      99.38
  data required time                                                99.38
  --------------------------------------------------------------------------
  data required time                                                99.38
  data arrival time                                                -10.24
  --------------------------------------------------------------------------
  slack (MET)                                                       89.14


  Startpoint: U0_ALU/A_reg_reg[0]
              (rising edge-triggered flip-flop clocked by ALU_CLK)
  Endpoint: U0_ALU/ALU_OUT_reg_reg[8]
            (rising edge-triggered flip-flop clocked by ALU_CLK)
  Path Group: ALU_CLK
  Path Type: max

  Des/Clust/Port     Wire Load Model       Library
  ------------------------------------------------
  ALU_TOP            tsmc13_wl30           scmetro_tsmc_cl013g_rvt_ss_1p08v_125c

  Point                                                   Incr       Path
  --------------------------------------------------------------------------
  clock ALU_CLK (rise edge)                               0.00       0.00
  clock network delay (ideal)                             0.00       0.00
  U0_ALU/A_reg_reg[0]/CK (DFFRQX1M)                       0.00       0.00 r
  U0_ALU/A_reg_reg[0]/Q (DFFRQX1M)                        0.66       0.66 r
  U0_ALU/U199/Y (INVX2M)                                  0.34       1.00 f
  U0_ALU/U158/Y (INVX4M)                                  0.73       1.72 r
  U0_ALU/mult_63/A[0] (ALU_DW02_mult_0)                   0.00       1.72 r
  U0_ALU/mult_63/U30/Y (INVX4M)                           0.66       2.38 f
  U0_ALU/mult_63/U14/Y (NOR2X2M)                          0.88       3.26 r
  U0_ALU/mult_63/U53/Y (XOR2X1M)                          0.68       3.94 r
  U0_ALU/mult_63/S2_2_1/CO (ADDFX2M)                      0.56       4.50 r
  U0_ALU/mult_63/S2_3_1/CO (ADDFX2M)                      0.77       5.27 r
  U0_ALU/mult_63/S2_4_1/CO (ADDFX2M)                      0.77       6.04 r
  U0_ALU/mult_63/S2_5_1/CO (ADDFX2M)                      0.77       6.80 r
  U0_ALU/mult_63/S2_6_1/CO (ADDFX2M)                      0.77       7.57 r
  U0_ALU/mult_63/S4_1/S (ADDFX2M)                         0.89       8.46 f
  U0_ALU/mult_63/U48/Y (CLKXOR2X2M)                       0.50       8.96 f
  U0_ALU/mult_63/FS_1/A[6] (ALU_DW01_add_1)               0.00       8.96 f
  U0_ALU/mult_63/FS_1/SUM[6] (ALU_DW01_add_1)             0.00       8.96 f
  U0_ALU/mult_63/PRODUCT[8] (ALU_DW02_mult_0)             0.00       8.96 f
  U0_ALU/U125/Y (AOI22X1M)                                0.72       9.68 r
  U0_ALU/U124/Y (OAI2B11X1M)                              0.67      10.35 f
  U0_ALU/ALU_OUT_reg_reg[8]/D (DFFRQX1M)                  0.00      10.35 f
  data arrival time                                                 10.35

  clock ALU_CLK (rise edge)                             100.00     100.00
  clock network delay (ideal)                             0.00     100.00
  clock uncertainty                                      -0.20      99.80
  U0_ALU/ALU_OUT_reg_reg[8]/CK (DFFRQX1M)                 0.00      99.80 r
  library setup time                                     -0.27      99.53
  data required time                                                99.53
  --------------------------------------------------------------------------
  data required time                                                99.53
  data arrival time                                                -10.35
  --------------------------------------------------------------------------
  slack (MET)                                                       89.18


  Startpoint: U0_ALU/A_reg_reg[0]
              (rising edge-triggered flip-flop clocked by ALU_CLK)
  Endpoint: U0_ALU/ALU_OUT_reg_reg[7]
            (rising edge-triggered flip-flop clocked by ALU_CLK)
  Path Group: ALU_CLK
  Path Type: max

  Des/Clust/Port     Wire Load Model       Library
  ------------------------------------------------
  ALU_TOP            tsmc13_wl30           scmetro_tsmc_cl013g_rvt_ss_1p08v_125c

  Point                                                   Incr       Path
  --------------------------------------------------------------------------
  clock ALU_CLK (rise edge)                               0.00       0.00
  clock network delay (ideal)                             0.00       0.00
  U0_ALU/A_reg_reg[0]/CK (DFFRQX1M)                       0.00       0.00 r
  U0_ALU/A_reg_reg[0]/Q (DFFRQX1M)                        0.66       0.66 r
  U0_ALU/U199/Y (INVX2M)                                  0.34       1.00 f
  U0_ALU/U158/Y (INVX4M)                                  0.73       1.72 r
  U0_ALU/mult_63/A[0] (ALU_DW02_mult_0)                   0.00       1.72 r
  U0_ALU/mult_63/U30/Y (INVX4M)                           0.66       2.38 f
  U0_ALU/mult_63/U16/Y (NOR2X2M)                          0.88       3.26 r
  U0_ALU/mult_63/U8/Y (AND2X2M)                           0.41       3.67 r
  U0_ALU/mult_63/S1_2_0/CO (ADDFX2M)                      0.77       4.43 r
  U0_ALU/mult_63/S1_3_0/CO (ADDFX2M)                      0.77       5.20 r
  U0_ALU/mult_63/S1_4_0/CO (ADDFX2M)                      0.77       5.97 r
  U0_ALU/mult_63/S1_5_0/CO (ADDFX2M)                      0.77       6.74 r
  U0_ALU/mult_63/S1_6_0/CO (ADDFX2M)                      0.77       7.51 r
  U0_ALU/mult_63/S4_0/S (ADDFX2M)                         0.78       8.28 f
  U0_ALU/mult_63/FS_1/A[5] (ALU_DW01_add_1)               0.00       8.28 f
  U0_ALU/mult_63/FS_1/SUM[5] (ALU_DW01_add_1)             0.00       8.28 f
  U0_ALU/mult_63/PRODUCT[7] (ALU_DW02_mult_0)             0.00       8.28 f
  U0_ALU/U140/Y (AOI22X1M)                                0.72       9.00 r
  U0_ALU/U137/Y (NAND3X2M)                                0.44       9.44 f
  U0_ALU/ALU_OUT_reg_reg[7]/D (DFFRQX1M)                  0.00       9.44 f
  data arrival time                                                  9.44

  clock ALU_CLK (rise edge)                             100.00     100.00
  clock network delay (ideal)                             0.00     100.00
  clock uncertainty                                      -0.20      99.80
  U0_ALU/ALU_OUT_reg_reg[7]/CK (DFFRQX1M)                 0.00      99.80 r
  library setup time                                     -0.21      99.59
  data required time                                                99.59
  --------------------------------------------------------------------------
  data required time                                                99.59
  data arrival time                                                 -9.44
  --------------------------------------------------------------------------
  slack (MET)                                                       90.14


  Startpoint: U0_ALU/A_reg_reg[0]
              (rising edge-triggered flip-flop clocked by ALU_CLK)
  Endpoint: U0_ALU/ALU_OUT_reg_reg[6]
            (rising edge-triggered flip-flop clocked by ALU_CLK)
  Path Group: ALU_CLK
  Path Type: max

  Des/Clust/Port     Wire Load Model       Library
  ------------------------------------------------
  ALU_TOP            tsmc13_wl30           scmetro_tsmc_cl013g_rvt_ss_1p08v_125c

  Point                                                   Incr       Path
  --------------------------------------------------------------------------
  clock ALU_CLK (rise edge)                               0.00       0.00
  clock network delay (ideal)                             0.00       0.00
  U0_ALU/A_reg_reg[0]/CK (DFFRQX1M)                       0.00       0.00 r
  U0_ALU/A_reg_reg[0]/Q (DFFRQX1M)                        0.66       0.66 r
  U0_ALU/U199/Y (INVX2M)                                  0.34       1.00 f
  U0_ALU/U158/Y (INVX4M)                                  0.73       1.72 r
  U0_ALU/mult_63/A[0] (ALU_DW02_mult_0)                   0.00       1.72 r
  U0_ALU/mult_63/U30/Y (INVX4M)                           0.66       2.38 f
  U0_ALU/mult_63/U16/Y (NOR2X2M)                          0.88       3.26 r
  U0_ALU/mult_63/U8/Y (AND2X2M)                           0.41       3.67 r
  U0_ALU/mult_63/S1_2_0/CO (ADDFX2M)                      0.77       4.43 r
  U0_ALU/mult_63/S1_3_0/CO (ADDFX2M)                      0.77       5.20 r
  U0_ALU/mult_63/S1_4_0/CO (ADDFX2M)                      0.77       5.97 r
  U0_ALU/mult_63/S1_5_0/CO (ADDFX2M)                      0.77       6.74 r
  U0_ALU/mult_63/S1_6_0/S (ADDFX2M)                       0.78       7.52 f
  U0_ALU/mult_63/FS_1/A[4] (ALU_DW01_add_1)               0.00       7.52 f
  U0_ALU/mult_63/FS_1/SUM[4] (ALU_DW01_add_1)             0.00       7.52 f
  U0_ALU/mult_63/PRODUCT[6] (ALU_DW02_mult_0)             0.00       7.52 f
  U0_ALU/U107/Y (AOI222X2M)                               0.80       8.32 r
  U0_ALU/U104/Y (NAND3X2M)                                0.48       8.80 f
  U0_ALU/ALU_OUT_reg_reg[6]/D (DFFRQX1M)                  0.00       8.80 f
  data arrival time                                                  8.80

  clock ALU_CLK (rise edge)                             100.00     100.00
  clock network delay (ideal)                             0.00     100.00
  clock uncertainty                                      -0.20      99.80
  U0_ALU/ALU_OUT_reg_reg[6]/CK (DFFRQX1M)                 0.00      99.80 r
  library setup time                                     -0.22      99.58
  data required time                                                99.58
  --------------------------------------------------------------------------
  data required time                                                99.58
  data arrival time                                                 -8.80
  --------------------------------------------------------------------------
  slack (MET)                                                       90.79


  Startpoint: ALU_Enable (input port clocked by ALU_CLK)
  Endpoint: ALU_VLD (output port clocked by ALU_CLK)
  Path Group: INOUT
  Path Type: max

  Des/Clust/Port     Wire Load Model       Library
  ------------------------------------------------
  ALU_TOP            tsmc13_wl30           scmetro_tsmc_cl013g_rvt_ss_1p08v_125c

  Point                                    Incr       Path
  -----------------------------------------------------------
  clock ALU_CLK (rise edge)                0.00       0.00
  clock network delay (ideal)              0.00       0.00
  input external delay                    20.00      20.00 r
  ALU_Enable (in)                          0.19      20.19 r
  U0_ALU/Enable (ALU)                      0.00      20.19 r
  U0_ALU/U170/Y (BUFX10M)                  0.74      20.93 r
  U0_ALU/U21/Y (AND2X2M)                   0.37      21.30 r
  U0_ALU/U55/Y (CLKINVX1M)                 0.76      22.06 f
  U0_ALU/U56/Y (CLKINVX40M)               14.32      36.37 r
  U0_ALU/OUT_VALID (ALU)                   0.00      36.37 r
  ALU_VLD (out)                            0.00      36.37 r
  data arrival time                                  36.37

  clock ALU_CLK (rise edge)              100.00     100.00
  clock network delay (ideal)              0.00     100.00
  clock uncertainty                       -0.20      99.80
  output external delay                  -20.00      79.80
  data required time                                 79.80
  -----------------------------------------------------------
  data required time                                 79.80
  data arrival time                                 -36.37
  -----------------------------------------------------------
  slack (MET)                                        43.43


  Startpoint: ALU_Enable (input port clocked by ALU_CLK)
  Endpoint: ALU_OUT[15]
            (output port clocked by ALU_CLK)
  Path Group: INOUT
  Path Type: max

  Des/Clust/Port     Wire Load Model       Library
  ------------------------------------------------
  ALU_TOP            tsmc13_wl30           scmetro_tsmc_cl013g_rvt_ss_1p08v_125c

  Point                                    Incr       Path
  -----------------------------------------------------------
  clock ALU_CLK (rise edge)                0.00       0.00
  clock network delay (ideal)              0.00       0.00
  input external delay                    20.00      20.00 r
  ALU_Enable (in)                          0.19      20.19 r
  U0_ALU/Enable (ALU)                      0.00      20.19 r
  U0_ALU/U170/Y (BUFX10M)                  0.74      20.93 r
  U0_ALU/U20/Y (AND2X2M)                   0.37      21.30 r
  U0_ALU/U35/Y (CLKINVX1M)                 0.76      22.06 f
  U0_ALU/U36/Y (CLKINVX40M)               14.32      36.37 r
  U0_ALU/ALU_OUT[15] (ALU)                 0.00      36.37 r
  ALU_OUT[15] (out)                        0.00      36.37 r
  data arrival time                                  36.37

  clock ALU_CLK (rise edge)              100.00     100.00
  clock network delay (ideal)              0.00     100.00
  clock uncertainty                       -0.20      99.80
  output external delay                  -20.00      79.80
  data required time                                 79.80
  -----------------------------------------------------------
  data required time                                 79.80
  data arrival time                                 -36.37
  -----------------------------------------------------------
  slack (MET)                                        43.43


  Startpoint: ALU_Enable (input port clocked by ALU_CLK)
  Endpoint: ALU_OUT[14]
            (output port clocked by ALU_CLK)
  Path Group: INOUT
  Path Type: max

  Des/Clust/Port     Wire Load Model       Library
  ------------------------------------------------
  ALU_TOP            tsmc13_wl30           scmetro_tsmc_cl013g_rvt_ss_1p08v_125c

  Point                                    Incr       Path
  -----------------------------------------------------------
  clock ALU_CLK (rise edge)                0.00       0.00
  clock network delay (ideal)              0.00       0.00
  input external delay                    20.00      20.00 r
  ALU_Enable (in)                          0.19      20.19 r
  U0_ALU/Enable (ALU)                      0.00      20.19 r
  U0_ALU/U170/Y (BUFX10M)                  0.74      20.93 r
  U0_ALU/U19/Y (AND2X2M)                   0.37      21.30 r
  U0_ALU/U33/Y (CLKINVX1M)                 0.76      22.06 f
  U0_ALU/U34/Y (CLKINVX40M)               14.32      36.37 r
  U0_ALU/ALU_OUT[14] (ALU)                 0.00      36.37 r
  ALU_OUT[14] (out)                        0.00      36.37 r
  data arrival time                                  36.37

  clock ALU_CLK (rise edge)              100.00     100.00
  clock network delay (ideal)              0.00     100.00
  clock uncertainty                       -0.20      99.80
  output external delay                  -20.00      79.80
  data required time                                 79.80
  -----------------------------------------------------------
  data required time                                 79.80
  data arrival time                                 -36.37
  -----------------------------------------------------------
  slack (MET)                                        43.43


  Startpoint: ALU_Enable (input port clocked by ALU_CLK)
  Endpoint: ALU_OUT[13]
            (output port clocked by ALU_CLK)
  Path Group: INOUT
  Path Type: max

  Des/Clust/Port     Wire Load Model       Library
  ------------------------------------------------
  ALU_TOP            tsmc13_wl30           scmetro_tsmc_cl013g_rvt_ss_1p08v_125c

  Point                                    Incr       Path
  -----------------------------------------------------------
  clock ALU_CLK (rise edge)                0.00       0.00
  clock network delay (ideal)              0.00       0.00
  input external delay                    20.00      20.00 r
  ALU_Enable (in)                          0.19      20.19 r
  U0_ALU/Enable (ALU)                      0.00      20.19 r
  U0_ALU/U170/Y (BUFX10M)                  0.74      20.93 r
  U0_ALU/U18/Y (AND2X2M)                   0.37      21.30 r
  U0_ALU/U31/Y (CLKINVX1M)                 0.76      22.06 f
  U0_ALU/U32/Y (CLKINVX40M)               14.32      36.37 r
  U0_ALU/ALU_OUT[13] (ALU)                 0.00      36.37 r
  ALU_OUT[13] (out)                        0.00      36.37 r
  data arrival time                                  36.37

  clock ALU_CLK (rise edge)              100.00     100.00
  clock network delay (ideal)              0.00     100.00
  clock uncertainty                       -0.20      99.80
  output external delay                  -20.00      79.80
  data required time                                 79.80
  -----------------------------------------------------------
  data required time                                 79.80
  data arrival time                                 -36.37
  -----------------------------------------------------------
  slack (MET)                                        43.43


  Startpoint: ALU_Enable (input port clocked by ALU_CLK)
  Endpoint: ALU_OUT[12]
            (output port clocked by ALU_CLK)
  Path Group: INOUT
  Path Type: max

  Des/Clust/Port     Wire Load Model       Library
  ------------------------------------------------
  ALU_TOP            tsmc13_wl30           scmetro_tsmc_cl013g_rvt_ss_1p08v_125c

  Point                                    Incr       Path
  -----------------------------------------------------------
  clock ALU_CLK (rise edge)                0.00       0.00
  clock network delay (ideal)              0.00       0.00
  input external delay                    20.00      20.00 r
  ALU_Enable (in)                          0.19      20.19 r
  U0_ALU/Enable (ALU)                      0.00      20.19 r
  U0_ALU/U170/Y (BUFX10M)                  0.74      20.93 r
  U0_ALU/U17/Y (AND2X2M)                   0.37      21.30 r
  U0_ALU/U29/Y (CLKINVX1M)                 0.76      22.06 f
  U0_ALU/U30/Y (CLKINVX40M)               14.32      36.37 r
  U0_ALU/ALU_OUT[12] (ALU)                 0.00      36.37 r
  ALU_OUT[12] (out)                        0.00      36.37 r
  data arrival time                                  36.37

  clock ALU_CLK (rise edge)              100.00     100.00
  clock network delay (ideal)              0.00     100.00
  clock uncertainty                       -0.20      99.80
  output external delay                  -20.00      79.80
  data required time                                 79.80
  -----------------------------------------------------------
  data required time                                 79.80
  data arrival time                                 -36.37
  -----------------------------------------------------------
  slack (MET)                                        43.43


  Startpoint: ALU_Enable (input port clocked by ALU_CLK)
  Endpoint: ALU_OUT[11]
            (output port clocked by ALU_CLK)
  Path Group: INOUT
  Path Type: max

  Des/Clust/Port     Wire Load Model       Library
  ------------------------------------------------
  ALU_TOP            tsmc13_wl30           scmetro_tsmc_cl013g_rvt_ss_1p08v_125c

  Point                                    Incr       Path
  -----------------------------------------------------------
  clock ALU_CLK (rise edge)                0.00       0.00
  clock network delay (ideal)              0.00       0.00
  input external delay                    20.00      20.00 r
  ALU_Enable (in)                          0.19      20.19 r
  U0_ALU/Enable (ALU)                      0.00      20.19 r
  U0_ALU/U170/Y (BUFX10M)                  0.74      20.93 r
  U0_ALU/U16/Y (AND2X2M)                   0.37      21.30 r
  U0_ALU/U27/Y (CLKINVX1M)                 0.76      22.06 f
  U0_ALU/U28/Y (CLKINVX40M)               14.32      36.37 r
  U0_ALU/ALU_OUT[11] (ALU)                 0.00      36.37 r
  ALU_OUT[11] (out)                        0.00      36.37 r
  data arrival time                                  36.37

  clock ALU_CLK (rise edge)              100.00     100.00
  clock network delay (ideal)              0.00     100.00
  clock uncertainty                       -0.20      99.80
  output external delay                  -20.00      79.80
  data required time                                 79.80
  -----------------------------------------------------------
  data required time                                 79.80
  data arrival time                                 -36.37
  -----------------------------------------------------------
  slack (MET)                                        43.43


  Startpoint: ALU_Enable (input port clocked by ALU_CLK)
  Endpoint: ALU_OUT[10]
            (output port clocked by ALU_CLK)
  Path Group: INOUT
  Path Type: max

  Des/Clust/Port     Wire Load Model       Library
  ------------------------------------------------
  ALU_TOP            tsmc13_wl30           scmetro_tsmc_cl013g_rvt_ss_1p08v_125c

  Point                                    Incr       Path
  -----------------------------------------------------------
  clock ALU_CLK (rise edge)                0.00       0.00
  clock network delay (ideal)              0.00       0.00
  input external delay                    20.00      20.00 r
  ALU_Enable (in)                          0.19      20.19 r
  U0_ALU/Enable (ALU)                      0.00      20.19 r
  U0_ALU/U170/Y (BUFX10M)                  0.74      20.93 r
  U0_ALU/U15/Y (AND2X2M)                   0.37      21.30 r
  U0_ALU/U25/Y (CLKINVX1M)                 0.76      22.06 f
  U0_ALU/U26/Y (CLKINVX40M)               14.32      36.37 r
  U0_ALU/ALU_OUT[10] (ALU)                 0.00      36.37 r
  ALU_OUT[10] (out)                        0.00      36.37 r
  data arrival time                                  36.37

  clock ALU_CLK (rise edge)              100.00     100.00
  clock network delay (ideal)              0.00     100.00
  clock uncertainty                       -0.20      99.80
  output external delay                  -20.00      79.80
  data required time                                 79.80
  -----------------------------------------------------------
  data required time                                 79.80
  data arrival time                                 -36.37
  -----------------------------------------------------------
  slack (MET)                                        43.43


  Startpoint: ALU_Enable (input port clocked by ALU_CLK)
  Endpoint: ALU_OUT[9] (output port clocked by ALU_CLK)
  Path Group: INOUT
  Path Type: max

  Des/Clust/Port     Wire Load Model       Library
  ------------------------------------------------
  ALU_TOP            tsmc13_wl30           scmetro_tsmc_cl013g_rvt_ss_1p08v_125c

  Point                                    Incr       Path
  -----------------------------------------------------------
  clock ALU_CLK (rise edge)                0.00       0.00
  clock network delay (ideal)              0.00       0.00
  input external delay                    20.00      20.00 r
  ALU_Enable (in)                          0.19      20.19 r
  U0_ALU/Enable (ALU)                      0.00      20.19 r
  U0_ALU/U170/Y (BUFX10M)                  0.74      20.93 r
  U0_ALU/U14/Y (AND2X2M)                   0.37      21.30 r
  U0_ALU/U53/Y (CLKINVX1M)                 0.76      22.06 f
  U0_ALU/U54/Y (CLKINVX40M)               14.32      36.37 r
  U0_ALU/ALU_OUT[9] (ALU)                  0.00      36.37 r
  ALU_OUT[9] (out)                         0.00      36.37 r
  data arrival time                                  36.37

  clock ALU_CLK (rise edge)              100.00     100.00
  clock network delay (ideal)              0.00     100.00
  clock uncertainty                       -0.20      99.80
  output external delay                  -20.00      79.80
  data required time                                 79.80
  -----------------------------------------------------------
  data required time                                 79.80
  data arrival time                                 -36.37
  -----------------------------------------------------------
  slack (MET)                                        43.43


  Startpoint: ALU_Enable (input port clocked by ALU_CLK)
  Endpoint: ALU_OUT[8] (output port clocked by ALU_CLK)
  Path Group: INOUT
  Path Type: max

  Des/Clust/Port     Wire Load Model       Library
  ------------------------------------------------
  ALU_TOP            tsmc13_wl30           scmetro_tsmc_cl013g_rvt_ss_1p08v_125c

  Point                                    Incr       Path
  -----------------------------------------------------------
  clock ALU_CLK (rise edge)                0.00       0.00
  clock network delay (ideal)              0.00       0.00
  input external delay                    20.00      20.00 r
  ALU_Enable (in)                          0.19      20.19 r
  U0_ALU/Enable (ALU)                      0.00      20.19 r
  U0_ALU/U170/Y (BUFX10M)                  0.74      20.93 r
  U0_ALU/U13/Y (AND2X2M)                   0.37      21.30 r
  U0_ALU/U51/Y (CLKINVX1M)                 0.76      22.06 f
  U0_ALU/U52/Y (CLKINVX40M)               14.32      36.37 r
  U0_ALU/ALU_OUT[8] (ALU)                  0.00      36.37 r
  ALU_OUT[8] (out)                         0.00      36.37 r
  data arrival time                                  36.37

  clock ALU_CLK (rise edge)              100.00     100.00
  clock network delay (ideal)              0.00     100.00
  clock uncertainty                       -0.20      99.80
  output external delay                  -20.00      79.80
  data required time                                 79.80
  -----------------------------------------------------------
  data required time                                 79.80
  data arrival time                                 -36.37
  -----------------------------------------------------------
  slack (MET)                                        43.43


  Startpoint: ALU_Enable (input port clocked by ALU_CLK)
  Endpoint: ALU_OUT[7] (output port clocked by ALU_CLK)
  Path Group: INOUT
  Path Type: max

  Des/Clust/Port     Wire Load Model       Library
  ------------------------------------------------
  ALU_TOP            tsmc13_wl30           scmetro_tsmc_cl013g_rvt_ss_1p08v_125c

  Point                                    Incr       Path
  -----------------------------------------------------------
  clock ALU_CLK (rise edge)                0.00       0.00
  clock network delay (ideal)              0.00       0.00
  input external delay                    20.00      20.00 r
  ALU_Enable (in)                          0.19      20.19 r
  U0_ALU/Enable (ALU)                      0.00      20.19 r
  U0_ALU/U170/Y (BUFX10M)                  0.74      20.93 r
  U0_ALU/U12/Y (AND2X2M)                   0.37      21.30 r
  U0_ALU/U49/Y (CLKINVX1M)                 0.76      22.06 f
  U0_ALU/U50/Y (CLKINVX40M)               14.32      36.37 r
  U0_ALU/ALU_OUT[7] (ALU)                  0.00      36.37 r
  ALU_OUT[7] (out)                         0.00      36.37 r
  data arrival time                                  36.37

  clock ALU_CLK (rise edge)              100.00     100.00
  clock network delay (ideal)              0.00     100.00
  clock uncertainty                       -0.20      99.80
  output external delay                  -20.00      79.80
  data required time                                 79.80
  -----------------------------------------------------------
  data required time                                 79.80
  data arrival time                                 -36.37
  -----------------------------------------------------------
  slack (MET)                                        43.43


  Startpoint: ALU_Enable (input port clocked by ALU_CLK)
  Endpoint: ALU_OUT[6] (output port clocked by ALU_CLK)
  Path Group: INOUT
  Path Type: max

  Des/Clust/Port     Wire Load Model       Library
  ------------------------------------------------
  ALU_TOP            tsmc13_wl30           scmetro_tsmc_cl013g_rvt_ss_1p08v_125c

  Point                                    Incr       Path
  -----------------------------------------------------------
  clock ALU_CLK (rise edge)                0.00       0.00
  clock network delay (ideal)              0.00       0.00
  input external delay                    20.00      20.00 r
  ALU_Enable (in)                          0.19      20.19 r
  U0_ALU/Enable (ALU)                      0.00      20.19 r
  U0_ALU/U170/Y (BUFX10M)                  0.74      20.93 r
  U0_ALU/U11/Y (AND2X2M)                   0.37      21.30 r
  U0_ALU/U47/Y (CLKINVX1M)                 0.76      22.06 f
  U0_ALU/U48/Y (CLKINVX40M)               14.32      36.37 r
  U0_ALU/ALU_OUT[6] (ALU)                  0.00      36.37 r
  ALU_OUT[6] (out)                         0.00      36.37 r
  data arrival time                                  36.37

  clock ALU_CLK (rise edge)              100.00     100.00
  clock network delay (ideal)              0.00     100.00
  clock uncertainty                       -0.20      99.80
  output external delay                  -20.00      79.80
  data required time                                 79.80
  -----------------------------------------------------------
  data required time                                 79.80
  data arrival time                                 -36.37
  -----------------------------------------------------------
  slack (MET)                                        43.43


  Startpoint: ALU_Enable (input port clocked by ALU_CLK)
  Endpoint: ALU_OUT[5] (output port clocked by ALU_CLK)
  Path Group: INOUT
  Path Type: max

  Des/Clust/Port     Wire Load Model       Library
  ------------------------------------------------
  ALU_TOP            tsmc13_wl30           scmetro_tsmc_cl013g_rvt_ss_1p08v_125c

  Point                                    Incr       Path
  -----------------------------------------------------------
  clock ALU_CLK (rise edge)                0.00       0.00
  clock network delay (ideal)              0.00       0.00
  input external delay                    20.00      20.00 r
  ALU_Enable (in)                          0.19      20.19 r
  U0_ALU/Enable (ALU)                      0.00      20.19 r
  U0_ALU/U170/Y (BUFX10M)                  0.74      20.93 r
  U0_ALU/U10/Y (AND2X2M)                   0.37      21.30 r
  U0_ALU/U45/Y (CLKINVX1M)                 0.76      22.06 f
  U0_ALU/U46/Y (CLKINVX40M)               14.32      36.37 r
  U0_ALU/ALU_OUT[5] (ALU)                  0.00      36.37 r
  ALU_OUT[5] (out)                         0.00      36.37 r
  data arrival time                                  36.37

  clock ALU_CLK (rise edge)              100.00     100.00
  clock network delay (ideal)              0.00     100.00
  clock uncertainty                       -0.20      99.80
  output external delay                  -20.00      79.80
  data required time                                 79.80
  -----------------------------------------------------------
  data required time                                 79.80
  data arrival time                                 -36.37
  -----------------------------------------------------------
  slack (MET)                                        43.43


  Startpoint: ALU_Enable (input port clocked by ALU_CLK)
  Endpoint: ALU_OUT[4] (output port clocked by ALU_CLK)
  Path Group: INOUT
  Path Type: max

  Des/Clust/Port     Wire Load Model       Library
  ------------------------------------------------
  ALU_TOP            tsmc13_wl30           scmetro_tsmc_cl013g_rvt_ss_1p08v_125c

  Point                                    Incr       Path
  -----------------------------------------------------------
  clock ALU_CLK (rise edge)                0.00       0.00
  clock network delay (ideal)              0.00       0.00
  input external delay                    20.00      20.00 r
  ALU_Enable (in)                          0.19      20.19 r
  U0_ALU/Enable (ALU)                      0.00      20.19 r
  U0_ALU/U170/Y (BUFX10M)                  0.74      20.93 r
  U0_ALU/U9/Y (AND2X2M)                    0.37      21.30 r
  U0_ALU/U43/Y (CLKINVX1M)                 0.76      22.06 f
  U0_ALU/U44/Y (CLKINVX40M)               14.32      36.37 r
  U0_ALU/ALU_OUT[4] (ALU)                  0.00      36.37 r
  ALU_OUT[4] (out)                         0.00      36.37 r
  data arrival time                                  36.37

  clock ALU_CLK (rise edge)              100.00     100.00
  clock network delay (ideal)              0.00     100.00
  clock uncertainty                       -0.20      99.80
  output external delay                  -20.00      79.80
  data required time                                 79.80
  -----------------------------------------------------------
  data required time                                 79.80
  data arrival time                                 -36.37
  -----------------------------------------------------------
  slack (MET)                                        43.43


  Startpoint: ALU_Enable (input port clocked by ALU_CLK)
  Endpoint: ALU_OUT[3] (output port clocked by ALU_CLK)
  Path Group: INOUT
  Path Type: max

  Des/Clust/Port     Wire Load Model       Library
  ------------------------------------------------
  ALU_TOP            tsmc13_wl30           scmetro_tsmc_cl013g_rvt_ss_1p08v_125c

  Point                                    Incr       Path
  -----------------------------------------------------------
  clock ALU_CLK (rise edge)                0.00       0.00
  clock network delay (ideal)              0.00       0.00
  input external delay                    20.00      20.00 r
  ALU_Enable (in)                          0.19      20.19 r
  U0_ALU/Enable (ALU)                      0.00      20.19 r
  U0_ALU/U170/Y (BUFX10M)                  0.74      20.93 r
  U0_ALU/U8/Y (AND2X2M)                    0.37      21.30 r
  U0_ALU/U41/Y (CLKINVX1M)                 0.76      22.06 f
  U0_ALU/U42/Y (CLKINVX40M)               14.32      36.37 r
  U0_ALU/ALU_OUT[3] (ALU)                  0.00      36.37 r
  ALU_OUT[3] (out)                         0.00      36.37 r
  data arrival time                                  36.37

  clock ALU_CLK (rise edge)              100.00     100.00
  clock network delay (ideal)              0.00     100.00
  clock uncertainty                       -0.20      99.80
  output external delay                  -20.00      79.80
  data required time                                 79.80
  -----------------------------------------------------------
  data required time                                 79.80
  data arrival time                                 -36.37
  -----------------------------------------------------------
  slack (MET)                                        43.43


  Startpoint: ALU_Enable (input port clocked by ALU_CLK)
  Endpoint: ALU_OUT[2] (output port clocked by ALU_CLK)
  Path Group: INOUT
  Path Type: max

  Des/Clust/Port     Wire Load Model       Library
  ------------------------------------------------
  ALU_TOP            tsmc13_wl30           scmetro_tsmc_cl013g_rvt_ss_1p08v_125c

  Point                                    Incr       Path
  -----------------------------------------------------------
  clock ALU_CLK (rise edge)                0.00       0.00
  clock network delay (ideal)              0.00       0.00
  input external delay                    20.00      20.00 r
  ALU_Enable (in)                          0.19      20.19 r
  U0_ALU/Enable (ALU)                      0.00      20.19 r
  U0_ALU/U170/Y (BUFX10M)                  0.74      20.93 r
  U0_ALU/U7/Y (AND2X2M)                    0.37      21.30 r
  U0_ALU/U39/Y (CLKINVX1M)                 0.76      22.06 f
  U0_ALU/U40/Y (CLKINVX40M)               14.32      36.37 r
  U0_ALU/ALU_OUT[2] (ALU)                  0.00      36.37 r
  ALU_OUT[2] (out)                         0.00      36.37 r
  data arrival time                                  36.37

  clock ALU_CLK (rise edge)              100.00     100.00
  clock network delay (ideal)              0.00     100.00
  clock uncertainty                       -0.20      99.80
  output external delay                  -20.00      79.80
  data required time                                 79.80
  -----------------------------------------------------------
  data required time                                 79.80
  data arrival time                                 -36.37
  -----------------------------------------------------------
  slack (MET)                                        43.43


  Startpoint: ALU_Enable (input port clocked by ALU_CLK)
  Endpoint: ALU_OUT[1] (output port clocked by ALU_CLK)
  Path Group: INOUT
  Path Type: max

  Des/Clust/Port     Wire Load Model       Library
  ------------------------------------------------
  ALU_TOP            tsmc13_wl30           scmetro_tsmc_cl013g_rvt_ss_1p08v_125c

  Point                                    Incr       Path
  -----------------------------------------------------------
  clock ALU_CLK (rise edge)                0.00       0.00
  clock network delay (ideal)              0.00       0.00
  input external delay                    20.00      20.00 r
  ALU_Enable (in)                          0.19      20.19 r
  U0_ALU/Enable (ALU)                      0.00      20.19 r
  U0_ALU/U170/Y (BUFX10M)                  0.74      20.93 r
  U0_ALU/U4/Y (AND2X2M)                    0.37      21.30 r
  U0_ALU/U37/Y (CLKINVX1M)                 0.76      22.06 f
  U0_ALU/U38/Y (CLKINVX40M)               14.32      36.37 r
  U0_ALU/ALU_OUT[1] (ALU)                  0.00      36.37 r
  ALU_OUT[1] (out)                         0.00      36.37 r
  data arrival time                                  36.37

  clock ALU_CLK (rise edge)              100.00     100.00
  clock network delay (ideal)              0.00     100.00
  clock uncertainty                       -0.20      99.80
  output external delay                  -20.00      79.80
  data required time                                 79.80
  -----------------------------------------------------------
  data required time                                 79.80
  data arrival time                                 -36.37
  -----------------------------------------------------------
  slack (MET)                                        43.43


  Startpoint: ALU_Enable (input port clocked by ALU_CLK)
  Endpoint: ALU_OUT[0] (output port clocked by ALU_CLK)
  Path Group: INOUT
  Path Type: max

  Des/Clust/Port     Wire Load Model       Library
  ------------------------------------------------
  ALU_TOP            tsmc13_wl30           scmetro_tsmc_cl013g_rvt_ss_1p08v_125c

  Point                                    Incr       Path
  -----------------------------------------------------------
  clock ALU_CLK (rise edge)                0.00       0.00
  clock network delay (ideal)              0.00       0.00
  input external delay                    20.00      20.00 r
  ALU_Enable (in)                          0.19      20.19 r
  U0_ALU/Enable (ALU)                      0.00      20.19 r
  U0_ALU/U170/Y (BUFX10M)                  0.74      20.93 r
  U0_ALU/U3/Y (AND2X2M)                    0.37      21.30 r
  U0_ALU/U23/Y (CLKINVX1M)                 0.76      22.06 f
  U0_ALU/U24/Y (CLKINVX40M)               14.32      36.37 r
  U0_ALU/ALU_OUT[0] (ALU)                  0.00      36.37 r
  ALU_OUT[0] (out)                         0.00      36.37 r
  data arrival time                                  36.37

  clock ALU_CLK (rise edge)              100.00     100.00
  clock network delay (ideal)              0.00     100.00
  clock uncertainty                       -0.20      99.80
  output external delay                  -20.00      79.80
  data required time                                 79.80
  -----------------------------------------------------------
  data required time                                 79.80
  data arrival time                                 -36.37
  -----------------------------------------------------------
  slack (MET)                                        43.43


  Startpoint: ALU_FUN[3] (input port clocked by ALU_CLK)
  Endpoint: U0_ALU/ALU_OUT_reg_reg[5]
            (rising edge-triggered flip-flop clocked by ALU_CLK)
  Path Group: INREG
  Path Type: max

  Des/Clust/Port     Wire Load Model       Library
  ------------------------------------------------
  ALU_TOP            tsmc13_wl30           scmetro_tsmc_cl013g_rvt_ss_1p08v_125c

  Point                                                   Incr       Path
  --------------------------------------------------------------------------
  clock ALU_CLK (rise edge)                               0.00       0.00
  clock network delay (ideal)                             0.00       0.00
  input external delay                                   20.00      20.00 r
  ALU_FUN[3] (in)                                         0.18      20.18 r
  U1/Y (BUFX4M)                                           0.89      21.07 r
  U0_ALU/ALU_FUN[3] (ALU)                                 0.00      21.07 r
  U0_ALU/U80/Y (NOR2X4M)                                  0.53      21.60 f
  U0_ALU/U79/Y (NAND2X2M)                                 0.75      22.35 r
  U0_ALU/U77/Y (INVX8M)                                   0.61      22.96 f
  U0_ALU/U190/Y (AOI221X2M)                               0.86      23.81 r
  U0_ALU/U189/Y (OAI222X1M)                               0.78      24.60 f
  U0_ALU/U136/Y (AOI221X2M)                               0.92      25.52 r
  U0_ALU/U86/Y (NAND3XLM)                                 0.85      26.37 f
  U0_ALU/ALU_OUT_reg_reg[5]/D (DFFRQX1M)                  0.00      26.37 f
  data arrival time                                                 26.37

  clock ALU_CLK (rise edge)                             100.00     100.00
  clock network delay (ideal)                             0.00     100.00
  clock uncertainty                                      -0.20      99.80
  U0_ALU/ALU_OUT_reg_reg[5]/CK (DFFRQX1M)                 0.00      99.80 r
  library setup time                                     -0.33      99.47
  data required time                                                99.47
  --------------------------------------------------------------------------
  data required time                                                99.47
  data arrival time                                                -26.37
  --------------------------------------------------------------------------
  slack (MET)                                                       73.10


  Startpoint: ALU_FUN[3] (input port clocked by ALU_CLK)
  Endpoint: U0_ALU/ALU_OUT_reg_reg[4]
            (rising edge-triggered flip-flop clocked by ALU_CLK)
  Path Group: INREG
  Path Type: max

  Des/Clust/Port     Wire Load Model       Library
  ------------------------------------------------
  ALU_TOP            tsmc13_wl30           scmetro_tsmc_cl013g_rvt_ss_1p08v_125c

  Point                                                   Incr       Path
  --------------------------------------------------------------------------
  clock ALU_CLK (rise edge)                               0.00       0.00
  clock network delay (ideal)                             0.00       0.00
  input external delay                                   20.00      20.00 r
  ALU_FUN[3] (in)                                         0.18      20.18 r
  U1/Y (BUFX4M)                                           0.89      21.07 r
  U0_ALU/ALU_FUN[3] (ALU)                                 0.00      21.07 r
  U0_ALU/U80/Y (NOR2X4M)                                  0.53      21.60 f
  U0_ALU/U79/Y (NAND2X2M)                                 0.75      22.35 r
  U0_ALU/U77/Y (INVX8M)                                   0.61      22.96 f
  U0_ALU/U187/Y (AOI221X2M)                               0.86      23.81 r
  U0_ALU/U186/Y (OAI222X1M)                               0.78      24.60 f
  U0_ALU/U134/Y (AOI221X2M)                               0.92      25.52 r
  U0_ALU/U85/Y (NAND3XLM)                                 0.85      26.37 f
  U0_ALU/ALU_OUT_reg_reg[4]/D (DFFRQX1M)                  0.00      26.37 f
  data arrival time                                                 26.37

  clock ALU_CLK (rise edge)                             100.00     100.00
  clock network delay (ideal)                             0.00     100.00
  clock uncertainty                                      -0.20      99.80
  U0_ALU/ALU_OUT_reg_reg[4]/CK (DFFRQX1M)                 0.00      99.80 r
  library setup time                                     -0.33      99.47
  data required time                                                99.47
  --------------------------------------------------------------------------
  data required time                                                99.47
  data arrival time                                                -26.37
  --------------------------------------------------------------------------
  slack (MET)                                                       73.10


  Startpoint: ALU_FUN[3] (input port clocked by ALU_CLK)
  Endpoint: U0_ALU/ALU_OUT_reg_reg[3]
            (rising edge-triggered flip-flop clocked by ALU_CLK)
  Path Group: INREG
  Path Type: max

  Des/Clust/Port     Wire Load Model       Library
  ------------------------------------------------
  ALU_TOP            tsmc13_wl30           scmetro_tsmc_cl013g_rvt_ss_1p08v_125c

  Point                                                   Incr       Path
  --------------------------------------------------------------------------
  clock ALU_CLK (rise edge)                               0.00       0.00
  clock network delay (ideal)                             0.00       0.00
  input external delay                                   20.00      20.00 r
  ALU_FUN[3] (in)                                         0.18      20.18 r
  U1/Y (BUFX4M)                                           0.89      21.07 r
  U0_ALU/ALU_FUN[3] (ALU)                                 0.00      21.07 r
  U0_ALU/U80/Y (NOR2X4M)                                  0.53      21.60 f
  U0_ALU/U79/Y (NAND2X2M)                                 0.75      22.35 r
  U0_ALU/U77/Y (INVX8M)                                   0.61      22.96 f
  U0_ALU/U184/Y (AOI221X2M)                               0.86      23.81 r
  U0_ALU/U183/Y (OAI222X1M)                               0.78      24.60 f
  U0_ALU/U132/Y (AOI221X2M)                               0.92      25.52 r
  U0_ALU/U84/Y (NAND3XLM)                                 0.85      26.37 f
  U0_ALU/ALU_OUT_reg_reg[3]/D (DFFRQX1M)                  0.00      26.37 f
  data arrival time                                                 26.37

  clock ALU_CLK (rise edge)                             100.00     100.00
  clock network delay (ideal)                             0.00     100.00
  clock uncertainty                                      -0.20      99.80
  U0_ALU/ALU_OUT_reg_reg[3]/CK (DFFRQX1M)                 0.00      99.80 r
  library setup time                                     -0.33      99.47
  data required time                                                99.47
  --------------------------------------------------------------------------
  data required time                                                99.47
  data arrival time                                                -26.37
  --------------------------------------------------------------------------
  slack (MET)                                                       73.10


  Startpoint: ALU_FUN[3] (input port clocked by ALU_CLK)
  Endpoint: U0_ALU/ALU_OUT_reg_reg[2]
            (rising edge-triggered flip-flop clocked by ALU_CLK)
  Path Group: INREG
  Path Type: max

  Des/Clust/Port     Wire Load Model       Library
  ------------------------------------------------
  ALU_TOP            tsmc13_wl30           scmetro_tsmc_cl013g_rvt_ss_1p08v_125c

  Point                                                   Incr       Path
  --------------------------------------------------------------------------
  clock ALU_CLK (rise edge)                               0.00       0.00
  clock network delay (ideal)                             0.00       0.00
  input external delay                                   20.00      20.00 r
  ALU_FUN[3] (in)                                         0.18      20.18 r
  U1/Y (BUFX4M)                                           0.89      21.07 r
  U0_ALU/ALU_FUN[3] (ALU)                                 0.00      21.07 r
  U0_ALU/U80/Y (NOR2X4M)                                  0.53      21.60 f
  U0_ALU/U79/Y (NAND2X2M)                                 0.75      22.35 r
  U0_ALU/U77/Y (INVX8M)                                   0.61      22.96 f
  U0_ALU/U181/Y (AOI221X2M)                               0.86      23.81 r
  U0_ALU/U180/Y (OAI222X1M)                               0.78      24.60 f
  U0_ALU/U130/Y (AOI221X2M)                               0.92      25.52 r
  U0_ALU/U83/Y (NAND3XLM)                                 0.85      26.37 f
  U0_ALU/ALU_OUT_reg_reg[2]/D (DFFRQX1M)                  0.00      26.37 f
  data arrival time                                                 26.37

  clock ALU_CLK (rise edge)                             100.00     100.00
  clock network delay (ideal)                             0.00     100.00
  clock uncertainty                                      -0.20      99.80
  U0_ALU/ALU_OUT_reg_reg[2]/CK (DFFRQX1M)                 0.00      99.80 r
  library setup time                                     -0.33      99.47
  data required time                                                99.47
  --------------------------------------------------------------------------
  data required time                                                99.47
  data arrival time                                                -26.37
  --------------------------------------------------------------------------
  slack (MET)                                                       73.10


  Startpoint: ALU_FUN[3] (input port clocked by ALU_CLK)
  Endpoint: U0_ALU/ALU_OUT_reg_reg[6]
            (rising edge-triggered flip-flop clocked by ALU_CLK)
  Path Group: INREG
  Path Type: max

  Des/Clust/Port     Wire Load Model       Library
  ------------------------------------------------
  ALU_TOP            tsmc13_wl30           scmetro_tsmc_cl013g_rvt_ss_1p08v_125c

  Point                                                   Incr       Path
  --------------------------------------------------------------------------
  clock ALU_CLK (rise edge)                               0.00       0.00
  clock network delay (ideal)                             0.00       0.00
  input external delay                                   20.00      20.00 r
  ALU_FUN[3] (in)                                         0.18      20.18 r
  U1/Y (BUFX4M)                                           0.89      21.07 r
  U0_ALU/ALU_FUN[3] (ALU)                                 0.00      21.07 r
  U0_ALU/U80/Y (NOR2X4M)                                  0.53      21.60 f
  U0_ALU/U79/Y (NAND2X2M)                                 0.75      22.35 r
  U0_ALU/U77/Y (INVX8M)                                   0.61      22.96 f
  U0_ALU/U144/Y (AOI221X2M)                               0.86      23.81 r
  U0_ALU/U143/Y (OAI222X1M)                               0.78      24.60 f
  U0_ALU/U106/Y (AOI221X2M)                               0.95      25.55 r
  U0_ALU/U104/Y (NAND3X2M)                                0.43      25.98 f
  U0_ALU/ALU_OUT_reg_reg[6]/D (DFFRQX1M)                  0.00      25.98 f
  data arrival time                                                 25.98

  clock ALU_CLK (rise edge)                             100.00     100.00
  clock network delay (ideal)                             0.00     100.00
  clock uncertainty                                      -0.20      99.80
  U0_ALU/ALU_OUT_reg_reg[6]/CK (DFFRQX1M)                 0.00      99.80 r
  library setup time                                     -0.22      99.58
  data required time                                                99.58
  --------------------------------------------------------------------------
  data required time                                                99.58
  data arrival time                                                -25.98
  --------------------------------------------------------------------------
  slack (MET)                                                       73.61


  Startpoint: ALU_FUN[3] (input port clocked by ALU_CLK)
  Endpoint: U0_ALU/ALU_OUT_reg_reg[7]
            (rising edge-triggered flip-flop clocked by ALU_CLK)
  Path Group: INREG
  Path Type: max

  Des/Clust/Port     Wire Load Model       Library
  ------------------------------------------------
  ALU_TOP            tsmc13_wl30           scmetro_tsmc_cl013g_rvt_ss_1p08v_125c

  Point                                                   Incr       Path
  --------------------------------------------------------------------------
  clock ALU_CLK (rise edge)                               0.00       0.00
  clock network delay (ideal)                             0.00       0.00
  input external delay                                   20.00      20.00 r
  ALU_FUN[3] (in)                                         0.18      20.18 r
  U1/Y (BUFX4M)                                           0.89      21.07 r
  U0_ALU/ALU_FUN[3] (ALU)                                 0.00      21.07 r
  U0_ALU/U80/Y (NOR2X4M)                                  0.53      21.60 f
  U0_ALU/U79/Y (NAND2X2M)                                 0.75      22.35 r
  U0_ALU/U77/Y (INVX8M)                                   0.61      22.96 f
  U0_ALU/U193/Y (AOI221X2M)                               0.86      23.81 r
  U0_ALU/U192/Y (OAI222X1M)                               0.78      24.60 f
  U0_ALU/U139/Y (AOI221X2M)                               0.95      25.55 r
  U0_ALU/U137/Y (NAND3X2M)                                0.43      25.98 f
  U0_ALU/ALU_OUT_reg_reg[7]/D (DFFRQX1M)                  0.00      25.98 f
  data arrival time                                                 25.98

  clock ALU_CLK (rise edge)                             100.00     100.00
  clock network delay (ideal)                             0.00     100.00
  clock uncertainty                                      -0.20      99.80
  U0_ALU/ALU_OUT_reg_reg[7]/CK (DFFRQX1M)                 0.00      99.80 r
  library setup time                                     -0.21      99.59
  data required time                                                99.59
  --------------------------------------------------------------------------
  data required time                                                99.59
  data arrival time                                                -25.98
  --------------------------------------------------------------------------
  slack (MET)                                                       73.61


  Startpoint: ALU_FUN[2] (input port clocked by ALU_CLK)
  Endpoint: U0_ALU/ALU_OUT_reg_reg[1]
            (rising edge-triggered flip-flop clocked by ALU_CLK)
  Path Group: INREG
  Path Type: max

  Des/Clust/Port     Wire Load Model       Library
  ------------------------------------------------
  ALU_TOP            tsmc13_wl30           scmetro_tsmc_cl013g_rvt_ss_1p08v_125c

  Point                                                   Incr       Path
  --------------------------------------------------------------------------
  clock ALU_CLK (rise edge)                               0.00       0.00
  clock network delay (ideal)                             0.00       0.00
  input external delay                                   20.00      20.00 f
  ALU_FUN[2] (in)                                         0.11      20.11 f
  U3/Y (BUFX4M)                                           0.43      20.53 f
  U0_ALU/ALU_FUN[2] (ALU)                                 0.00      20.53 f
  U0_ALU/U81/Y (NOR2X4M)                                  0.91      21.45 r
  U0_ALU/U128/Y (NAND3X2M)                                0.81      22.26 f
  U0_ALU/U73/Y (OAI2BB1X4M)                               1.05      23.32 r
  U0_ALU/U92/Y (INVX2M)                                   0.52      23.83 f
  U0_ALU/U109/Y (OAI221X1M)                               0.82      24.65 r
  U0_ALU/U177/Y (AOI221X2M)                               0.47      25.12 f
  U0_ALU/U90/Y (NAND4X1M)                                 0.47      25.59 r
  U0_ALU/ALU_OUT_reg_reg[1]/D (DFFRQX1M)                  0.00      25.59 r
  data arrival time                                                 25.59

  clock ALU_CLK (rise edge)                             100.00     100.00
  clock network delay (ideal)                             0.00     100.00
  clock uncertainty                                      -0.20      99.80
  U0_ALU/ALU_OUT_reg_reg[1]/CK (DFFRQX1M)                 0.00      99.80 r
  library setup time                                     -0.39      99.41
  data required time                                                99.41
  --------------------------------------------------------------------------
  data required time                                                99.41
  data arrival time                                                -25.59
  --------------------------------------------------------------------------
  slack (MET)                                                       73.82


  Startpoint: ALU_FUN[2] (input port clocked by ALU_CLK)
  Endpoint: U0_ALU/ALU_OUT_reg_reg[0]
            (rising edge-triggered flip-flop clocked by ALU_CLK)
  Path Group: INREG
  Path Type: max

  Des/Clust/Port     Wire Load Model       Library
  ------------------------------------------------
  ALU_TOP            tsmc13_wl30           scmetro_tsmc_cl013g_rvt_ss_1p08v_125c

  Point                                                   Incr       Path
  --------------------------------------------------------------------------
  clock ALU_CLK (rise edge)                               0.00       0.00
  clock network delay (ideal)                             0.00       0.00
  input external delay                                   20.00      20.00 f
  ALU_FUN[2] (in)                                         0.11      20.11 f
  U3/Y (BUFX4M)                                           0.43      20.53 f
  U0_ALU/ALU_FUN[2] (ALU)                                 0.00      20.53 f
  U0_ALU/U81/Y (NOR2X4M)                                  0.91      21.45 r
  U0_ALU/U128/Y (NAND3X2M)                                0.81      22.26 f
  U0_ALU/U73/Y (OAI2BB1X4M)                               1.05      23.32 r
  U0_ALU/U92/Y (INVX2M)                                   0.52      23.83 f
  U0_ALU/U111/Y (OAI221X1M)                               0.82      24.65 r
  U0_ALU/U174/Y (AOI211X2M)                               0.46      25.11 f
  U0_ALU/U171/Y (NAND4X2M)                                0.38      25.49 r
  U0_ALU/ALU_OUT_reg_reg[0]/D (DFFRQX1M)                  0.00      25.49 r
  data arrival time                                                 25.49

  clock ALU_CLK (rise edge)                             100.00     100.00
  clock network delay (ideal)                             0.00     100.00
  clock uncertainty                                      -0.20      99.80
  U0_ALU/ALU_OUT_reg_reg[0]/CK (DFFRQX1M)                 0.00      99.80 r
  library setup time                                     -0.37      99.43
  data required time                                                99.43
  --------------------------------------------------------------------------
  data required time                                                99.43
  data arrival time                                                -25.49
  --------------------------------------------------------------------------
  slack (MET)                                                       73.94


  Startpoint: ALU_FUN[3] (input port clocked by ALU_CLK)
  Endpoint: U0_ALU/ALU_OUT_reg_reg[8]
            (rising edge-triggered flip-flop clocked by ALU_CLK)
  Path Group: INREG
  Path Type: max

  Des/Clust/Port     Wire Load Model       Library
  ------------------------------------------------
  ALU_TOP            tsmc13_wl30           scmetro_tsmc_cl013g_rvt_ss_1p08v_125c

  Point                                                   Incr       Path
  --------------------------------------------------------------------------
  clock ALU_CLK (rise edge)                               0.00       0.00
  clock network delay (ideal)                             0.00       0.00
  input external delay                                   20.00      20.00 r
  ALU_FUN[3] (in)                                         0.18      20.18 r
  U1/Y (BUFX4M)                                           0.89      21.07 r
  U0_ALU/ALU_FUN[3] (ALU)                                 0.00      21.07 r
  U0_ALU/U82/Y (NOR2X4M)                                  0.50      21.56 f
  U0_ALU/U103/Y (NAND2X2M)                                0.74      22.30 r
  U0_ALU/U91/Y (INVX8M)                                   0.63      22.93 f
  U0_ALU/U71/Y (AOI211X2M)                                0.85      23.78 r
  U0_ALU/U70/Y (BUFX4M)                                   0.88      24.66 r
  U0_ALU/U124/Y (OAI2B11X1M)                              0.74      25.40 f
  U0_ALU/ALU_OUT_reg_reg[8]/D (DFFRQX1M)                  0.00      25.40 f
  data arrival time                                                 25.40

  clock ALU_CLK (rise edge)                             100.00     100.00
  clock network delay (ideal)                             0.00     100.00
  clock uncertainty                                      -0.20      99.80
  U0_ALU/ALU_OUT_reg_reg[8]/CK (DFFRQX1M)                 0.00      99.80 r
  library setup time                                     -0.27      99.53
  data required time                                                99.53
  --------------------------------------------------------------------------
  data required time                                                99.53
  data arrival time                                                -25.40
  --------------------------------------------------------------------------
  slack (MET)                                                       74.13


  Startpoint: ALU_FUN[3] (input port clocked by ALU_CLK)
  Endpoint: U0_ALU/ALU_OUT_reg_reg[15]
            (rising edge-triggered flip-flop clocked by ALU_CLK)
  Path Group: INREG
  Path Type: max

  Des/Clust/Port     Wire Load Model       Library
  ------------------------------------------------
  ALU_TOP            tsmc13_wl30           scmetro_tsmc_cl013g_rvt_ss_1p08v_125c

  Point                                                   Incr       Path
  --------------------------------------------------------------------------
  clock ALU_CLK (rise edge)                               0.00       0.00
  clock network delay (ideal)                             0.00       0.00
  input external delay                                   20.00      20.00 r
  ALU_FUN[3] (in)                                         0.18      20.18 r
  U1/Y (BUFX4M)                                           0.89      21.07 r
  U0_ALU/ALU_FUN[3] (ALU)                                 0.00      21.07 r
  U0_ALU/U82/Y (NOR2X4M)                                  0.50      21.56 f
  U0_ALU/U103/Y (NAND2X2M)                                0.74      22.30 r
  U0_ALU/U91/Y (INVX8M)                                   0.63      22.93 f
  U0_ALU/U71/Y (AOI211X2M)                                0.85      23.78 r
  U0_ALU/U70/Y (BUFX4M)                                   0.88      24.66 r
  U0_ALU/U101/Y (OAI2BB1XLM)                              0.69      25.35 f
  U0_ALU/ALU_OUT_reg_reg[15]/D (DFFRQX1M)                 0.00      25.35 f
  data arrival time                                                 25.35

  clock ALU_CLK (rise edge)                             100.00     100.00
  clock network delay (ideal)                             0.00     100.00
  clock uncertainty                                      -0.20      99.80
  U0_ALU/ALU_OUT_reg_reg[15]/CK (DFFRQX1M)                0.00      99.80 r
  library setup time                                     -0.28      99.52
  data required time                                                99.52
  --------------------------------------------------------------------------
  data required time                                                99.52
  data arrival time                                                -25.35
  --------------------------------------------------------------------------
  slack (MET)                                                       74.18


  Startpoint: ALU_FUN[3] (input port clocked by ALU_CLK)
  Endpoint: U0_ALU/ALU_OUT_reg_reg[14]
            (rising edge-triggered flip-flop clocked by ALU_CLK)
  Path Group: INREG
  Path Type: max

  Des/Clust/Port     Wire Load Model       Library
  ------------------------------------------------
  ALU_TOP            tsmc13_wl30           scmetro_tsmc_cl013g_rvt_ss_1p08v_125c

  Point                                                   Incr       Path
  --------------------------------------------------------------------------
  clock ALU_CLK (rise edge)                               0.00       0.00
  clock network delay (ideal)                             0.00       0.00
  input external delay                                   20.00      20.00 r
  ALU_FUN[3] (in)                                         0.18      20.18 r
  U1/Y (BUFX4M)                                           0.89      21.07 r
  U0_ALU/ALU_FUN[3] (ALU)                                 0.00      21.07 r
  U0_ALU/U82/Y (NOR2X4M)                                  0.50      21.56 f
  U0_ALU/U103/Y (NAND2X2M)                                0.74      22.30 r
  U0_ALU/U91/Y (INVX8M)                                   0.63      22.93 f
  U0_ALU/U71/Y (AOI211X2M)                                0.85      23.78 r
  U0_ALU/U70/Y (BUFX4M)                                   0.88      24.66 r
  U0_ALU/U100/Y (OAI2BB1XLM)                              0.69      25.35 f
  U0_ALU/ALU_OUT_reg_reg[14]/D (DFFRQX1M)                 0.00      25.35 f
  data arrival time                                                 25.35

  clock ALU_CLK (rise edge)                             100.00     100.00
  clock network delay (ideal)                             0.00     100.00
  clock uncertainty                                      -0.20      99.80
  U0_ALU/ALU_OUT_reg_reg[14]/CK (DFFRQX1M)                0.00      99.80 r
  library setup time                                     -0.28      99.52
  data required time                                                99.52
  --------------------------------------------------------------------------
  data required time                                                99.52
  data arrival time                                                -25.35
  --------------------------------------------------------------------------
  slack (MET)                                                       74.18


  Startpoint: ALU_FUN[3] (input port clocked by ALU_CLK)
  Endpoint: U0_ALU/ALU_OUT_reg_reg[13]
            (rising edge-triggered flip-flop clocked by ALU_CLK)
  Path Group: INREG
  Path Type: max

  Des/Clust/Port     Wire Load Model       Library
  ------------------------------------------------
  ALU_TOP            tsmc13_wl30           scmetro_tsmc_cl013g_rvt_ss_1p08v_125c

  Point                                                   Incr       Path
  --------------------------------------------------------------------------
  clock ALU_CLK (rise edge)                               0.00       0.00
  clock network delay (ideal)                             0.00       0.00
  input external delay                                   20.00      20.00 r
  ALU_FUN[3] (in)                                         0.18      20.18 r
  U1/Y (BUFX4M)                                           0.89      21.07 r
  U0_ALU/ALU_FUN[3] (ALU)                                 0.00      21.07 r
  U0_ALU/U82/Y (NOR2X4M)                                  0.50      21.56 f
  U0_ALU/U103/Y (NAND2X2M)                                0.74      22.30 r
  U0_ALU/U91/Y (INVX8M)                                   0.63      22.93 f
  U0_ALU/U71/Y (AOI211X2M)                                0.85      23.78 r
  U0_ALU/U70/Y (BUFX4M)                                   0.88      24.66 r
  U0_ALU/U99/Y (OAI2BB1XLM)                               0.69      25.35 f
  U0_ALU/ALU_OUT_reg_reg[13]/D (DFFRQX1M)                 0.00      25.35 f
  data arrival time                                                 25.35

  clock ALU_CLK (rise edge)                             100.00     100.00
  clock network delay (ideal)                             0.00     100.00
  clock uncertainty                                      -0.20      99.80
  U0_ALU/ALU_OUT_reg_reg[13]/CK (DFFRQX1M)                0.00      99.80 r
  library setup time                                     -0.28      99.52
  data required time                                                99.52
  --------------------------------------------------------------------------
  data required time                                                99.52
  data arrival time                                                -25.35
  --------------------------------------------------------------------------
  slack (MET)                                                       74.18


  Startpoint: ALU_FUN[3] (input port clocked by ALU_CLK)
  Endpoint: U0_ALU/ALU_OUT_reg_reg[12]
            (rising edge-triggered flip-flop clocked by ALU_CLK)
  Path Group: INREG
  Path Type: max

  Des/Clust/Port     Wire Load Model       Library
  ------------------------------------------------
  ALU_TOP            tsmc13_wl30           scmetro_tsmc_cl013g_rvt_ss_1p08v_125c

  Point                                                   Incr       Path
  --------------------------------------------------------------------------
  clock ALU_CLK (rise edge)                               0.00       0.00
  clock network delay (ideal)                             0.00       0.00
  input external delay                                   20.00      20.00 r
  ALU_FUN[3] (in)                                         0.18      20.18 r
  U1/Y (BUFX4M)                                           0.89      21.07 r
  U0_ALU/ALU_FUN[3] (ALU)                                 0.00      21.07 r
  U0_ALU/U82/Y (NOR2X4M)                                  0.50      21.56 f
  U0_ALU/U103/Y (NAND2X2M)                                0.74      22.30 r
  U0_ALU/U91/Y (INVX8M)                                   0.63      22.93 f
  U0_ALU/U71/Y (AOI211X2M)                                0.85      23.78 r
  U0_ALU/U70/Y (BUFX4M)                                   0.88      24.66 r
  U0_ALU/U98/Y (OAI2BB1XLM)                               0.69      25.35 f
  U0_ALU/ALU_OUT_reg_reg[12]/D (DFFRQX1M)                 0.00      25.35 f
  data arrival time                                                 25.35

  clock ALU_CLK (rise edge)                             100.00     100.00
  clock network delay (ideal)                             0.00     100.00
  clock uncertainty                                      -0.20      99.80
  U0_ALU/ALU_OUT_reg_reg[12]/CK (DFFRQX1M)                0.00      99.80 r
  library setup time                                     -0.28      99.52
  data required time                                                99.52
  --------------------------------------------------------------------------
  data required time                                                99.52
  data arrival time                                                -25.35
  --------------------------------------------------------------------------
  slack (MET)                                                       74.18


  Startpoint: ALU_FUN[3] (input port clocked by ALU_CLK)
  Endpoint: U0_ALU/ALU_OUT_reg_reg[11]
            (rising edge-triggered flip-flop clocked by ALU_CLK)
  Path Group: INREG
  Path Type: max

  Des/Clust/Port     Wire Load Model       Library
  ------------------------------------------------
  ALU_TOP            tsmc13_wl30           scmetro_tsmc_cl013g_rvt_ss_1p08v_125c

  Point                                                   Incr       Path
  --------------------------------------------------------------------------
  clock ALU_CLK (rise edge)                               0.00       0.00
  clock network delay (ideal)                             0.00       0.00
  input external delay                                   20.00      20.00 r
  ALU_FUN[3] (in)                                         0.18      20.18 r
  U1/Y (BUFX4M)                                           0.89      21.07 r
  U0_ALU/ALU_FUN[3] (ALU)                                 0.00      21.07 r
  U0_ALU/U82/Y (NOR2X4M)                                  0.50      21.56 f
  U0_ALU/U103/Y (NAND2X2M)                                0.74      22.30 r
  U0_ALU/U91/Y (INVX8M)                                   0.63      22.93 f
  U0_ALU/U71/Y (AOI211X2M)                                0.85      23.78 r
  U0_ALU/U70/Y (BUFX4M)                                   0.88      24.66 r
  U0_ALU/U97/Y (OAI2BB1XLM)                               0.69      25.35 f
  U0_ALU/ALU_OUT_reg_reg[11]/D (DFFRQX1M)                 0.00      25.35 f
  data arrival time                                                 25.35

  clock ALU_CLK (rise edge)                             100.00     100.00
  clock network delay (ideal)                             0.00     100.00
  clock uncertainty                                      -0.20      99.80
  U0_ALU/ALU_OUT_reg_reg[11]/CK (DFFRQX1M)                0.00      99.80 r
  library setup time                                     -0.28      99.52
  data required time                                                99.52
  --------------------------------------------------------------------------
  data required time                                                99.52
  data arrival time                                                -25.35
  --------------------------------------------------------------------------
  slack (MET)                                                       74.18


  Startpoint: ALU_FUN[3] (input port clocked by ALU_CLK)
  Endpoint: U0_ALU/ALU_OUT_reg_reg[10]
            (rising edge-triggered flip-flop clocked by ALU_CLK)
  Path Group: INREG
  Path Type: max

  Des/Clust/Port     Wire Load Model       Library
  ------------------------------------------------
  ALU_TOP            tsmc13_wl30           scmetro_tsmc_cl013g_rvt_ss_1p08v_125c

  Point                                                   Incr       Path
  --------------------------------------------------------------------------
  clock ALU_CLK (rise edge)                               0.00       0.00
  clock network delay (ideal)                             0.00       0.00
  input external delay                                   20.00      20.00 r
  ALU_FUN[3] (in)                                         0.18      20.18 r
  U1/Y (BUFX4M)                                           0.89      21.07 r
  U0_ALU/ALU_FUN[3] (ALU)                                 0.00      21.07 r
  U0_ALU/U82/Y (NOR2X4M)                                  0.50      21.56 f
  U0_ALU/U103/Y (NAND2X2M)                                0.74      22.30 r
  U0_ALU/U91/Y (INVX8M)                                   0.63      22.93 f
  U0_ALU/U71/Y (AOI211X2M)                                0.85      23.78 r
  U0_ALU/U70/Y (BUFX4M)                                   0.88      24.66 r
  U0_ALU/U96/Y (OAI2BB1XLM)                               0.69      25.35 f
  U0_ALU/ALU_OUT_reg_reg[10]/D (DFFRQX1M)                 0.00      25.35 f
  data arrival time                                                 25.35

  clock ALU_CLK (rise edge)                             100.00     100.00
  clock network delay (ideal)                             0.00     100.00
  clock uncertainty                                      -0.20      99.80
  U0_ALU/ALU_OUT_reg_reg[10]/CK (DFFRQX1M)                0.00      99.80 r
  library setup time                                     -0.28      99.52
  data required time                                                99.52
  --------------------------------------------------------------------------
  data required time                                                99.52
  data arrival time                                                -25.35
  --------------------------------------------------------------------------
  slack (MET)                                                       74.18


  Startpoint: ALU_FUN[3] (input port clocked by ALU_CLK)
  Endpoint: U0_ALU/ALU_OUT_reg_reg[9]
            (rising edge-triggered flip-flop clocked by ALU_CLK)
  Path Group: INREG
  Path Type: max

  Des/Clust/Port     Wire Load Model       Library
  ------------------------------------------------
  ALU_TOP            tsmc13_wl30           scmetro_tsmc_cl013g_rvt_ss_1p08v_125c

  Point                                                   Incr       Path
  --------------------------------------------------------------------------
  clock ALU_CLK (rise edge)                               0.00       0.00
  clock network delay (ideal)                             0.00       0.00
  input external delay                                   20.00      20.00 r
  ALU_FUN[3] (in)                                         0.18      20.18 r
  U1/Y (BUFX4M)                                           0.89      21.07 r
  U0_ALU/ALU_FUN[3] (ALU)                                 0.00      21.07 r
  U0_ALU/U82/Y (NOR2X4M)                                  0.50      21.56 f
  U0_ALU/U103/Y (NAND2X2M)                                0.74      22.30 r
  U0_ALU/U91/Y (INVX8M)                                   0.63      22.93 f
  U0_ALU/U71/Y (AOI211X2M)                                0.85      23.78 r
  U0_ALU/U70/Y (BUFX4M)                                   0.88      24.66 r
  U0_ALU/U95/Y (OAI2BB1XLM)                               0.69      25.35 f
  U0_ALU/ALU_OUT_reg_reg[9]/D (DFFRQX1M)                  0.00      25.35 f
  data arrival time                                                 25.35

  clock ALU_CLK (rise edge)                             100.00     100.00
  clock network delay (ideal)                             0.00     100.00
  clock uncertainty                                      -0.20      99.80
  U0_ALU/ALU_OUT_reg_reg[9]/CK (DFFRQX1M)                 0.00      99.80 r
  library setup time                                     -0.28      99.52
  data required time                                                99.52
  --------------------------------------------------------------------------
  data required time                                                99.52
  data arrival time                                                -25.35
  --------------------------------------------------------------------------
  slack (MET)                                                       74.18


  Startpoint: ALU_A[2] (input port clocked by ALU_CLK)
  Endpoint: U0_ALU/A_reg_reg[2]
            (rising edge-triggered flip-flop clocked by ALU_CLK)
  Path Group: INREG
  Path Type: max

  Des/Clust/Port     Wire Load Model       Library
  ------------------------------------------------
  ALU_TOP            tsmc13_wl30           scmetro_tsmc_cl013g_rvt_ss_1p08v_125c

  Point                                    Incr       Path
  -----------------------------------------------------------
  clock ALU_CLK (rise edge)                0.00       0.00
  clock network delay (ideal)              0.00       0.00
  input external delay                    20.00      20.00 r
  ALU_A[2] (in)                            0.17      20.17 r
  U0_ALU/A[2] (ALU)                        0.00      20.17 r
  U0_ALU/A_reg_reg[2]/D (DFFRQX1M)         0.00      20.17 r
  data arrival time                                  20.17

  clock ALU_CLK (rise edge)              100.00     100.00
  clock network delay (ideal)              0.00     100.00
  clock uncertainty                       -0.20      99.80
  U0_ALU/A_reg_reg[2]/CK (DFFRQX1M)        0.00      99.80 r
  library setup time                      -0.36      99.44
  data required time                                 99.44
  -----------------------------------------------------------
  data required time                                 99.44
  data arrival time                                 -20.17
  -----------------------------------------------------------
  slack (MET)                                        79.27


  Startpoint: ALU_A[1] (input port clocked by ALU_CLK)
  Endpoint: U0_ALU/A_reg_reg[1]
            (rising edge-triggered flip-flop clocked by ALU_CLK)
  Path Group: INREG
  Path Type: max

  Des/Clust/Port     Wire Load Model       Library
  ------------------------------------------------
  ALU_TOP            tsmc13_wl30           scmetro_tsmc_cl013g_rvt_ss_1p08v_125c

  Point                                    Incr       Path
  -----------------------------------------------------------
  clock ALU_CLK (rise edge)                0.00       0.00
  clock network delay (ideal)              0.00       0.00
  input external delay                    20.00      20.00 r
  ALU_A[1] (in)                            0.17      20.17 r
  U0_ALU/A[1] (ALU)                        0.00      20.17 r
  U0_ALU/A_reg_reg[1]/D (DFFRQX1M)         0.00      20.17 r
  data arrival time                                  20.17

  clock ALU_CLK (rise edge)              100.00     100.00
  clock network delay (ideal)              0.00     100.00
  clock uncertainty                       -0.20      99.80
  U0_ALU/A_reg_reg[1]/CK (DFFRQX1M)        0.00      99.80 r
  library setup time                      -0.36      99.44
  data required time                                 99.44
  -----------------------------------------------------------
  data required time                                 99.44
  data arrival time                                 -20.17
  -----------------------------------------------------------
  slack (MET)                                        79.27


  Startpoint: ALU_A[0] (input port clocked by ALU_CLK)
  Endpoint: U0_ALU/A_reg_reg[0]
            (rising edge-triggered flip-flop clocked by ALU_CLK)
  Path Group: INREG
  Path Type: max

  Des/Clust/Port     Wire Load Model       Library
  ------------------------------------------------
  ALU_TOP            tsmc13_wl30           scmetro_tsmc_cl013g_rvt_ss_1p08v_125c

  Point                                    Incr       Path
  -----------------------------------------------------------
  clock ALU_CLK (rise edge)                0.00       0.00
  clock network delay (ideal)              0.00       0.00
  input external delay                    20.00      20.00 r
  ALU_A[0] (in)                            0.17      20.17 r
  U0_ALU/A[0] (ALU)                        0.00      20.17 r
  U0_ALU/A_reg_reg[0]/D (DFFRQX1M)         0.00      20.17 r
  data arrival time                                  20.17

  clock ALU_CLK (rise edge)              100.00     100.00
  clock network delay (ideal)              0.00     100.00
  clock uncertainty                       -0.20      99.80
  U0_ALU/A_reg_reg[0]/CK (DFFRQX1M)        0.00      99.80 r
  library setup time                      -0.36      99.44
  data required time                                 99.44
  -----------------------------------------------------------
  data required time                                 99.44
  data arrival time                                 -20.17
  -----------------------------------------------------------
  slack (MET)                                        79.27


  Startpoint: ALU_A[3] (input port clocked by ALU_CLK)
  Endpoint: U0_ALU/A_reg_reg[3]
            (rising edge-triggered flip-flop clocked by ALU_CLK)
  Path Group: INREG
  Path Type: max

  Des/Clust/Port     Wire Load Model       Library
  ------------------------------------------------
  ALU_TOP            tsmc13_wl30           scmetro_tsmc_cl013g_rvt_ss_1p08v_125c

  Point                                    Incr       Path
  -----------------------------------------------------------
  clock ALU_CLK (rise edge)                0.00       0.00
  clock network delay (ideal)              0.00       0.00
  input external delay                    20.00      20.00 r
  ALU_A[3] (in)                            0.17      20.17 r
  U0_ALU/A[3] (ALU)                        0.00      20.17 r
  U0_ALU/A_reg_reg[3]/D (DFFRQX1M)         0.00      20.17 r
  data arrival time                                  20.17

  clock ALU_CLK (rise edge)              100.00     100.00
  clock network delay (ideal)              0.00     100.00
  clock uncertainty                       -0.20      99.80
  U0_ALU/A_reg_reg[3]/CK (DFFRQX1M)        0.00      99.80 r
  library setup time                      -0.36      99.44
  data required time                                 99.44
  -----------------------------------------------------------
  data required time                                 99.44
  data arrival time                                 -20.17
  -----------------------------------------------------------
  slack (MET)                                        79.27


  Startpoint: ALU_A[4] (input port clocked by ALU_CLK)
  Endpoint: U0_ALU/A_reg_reg[4]
            (rising edge-triggered flip-flop clocked by ALU_CLK)
  Path Group: INREG
  Path Type: max

  Des/Clust/Port     Wire Load Model       Library
  ------------------------------------------------
  ALU_TOP            tsmc13_wl30           scmetro_tsmc_cl013g_rvt_ss_1p08v_125c

  Point                                    Incr       Path
  -----------------------------------------------------------
  clock ALU_CLK (rise edge)                0.00       0.00
  clock network delay (ideal)              0.00       0.00
  input external delay                    20.00      20.00 r
  ALU_A[4] (in)                            0.17      20.17 r
  U0_ALU/A[4] (ALU)                        0.00      20.17 r
  U0_ALU/A_reg_reg[4]/D (DFFRQX1M)         0.00      20.17 r
  data arrival time                                  20.17

  clock ALU_CLK (rise edge)              100.00     100.00
  clock network delay (ideal)              0.00     100.00
  clock uncertainty                       -0.20      99.80
  U0_ALU/A_reg_reg[4]/CK (DFFRQX1M)        0.00      99.80 r
  library setup time                      -0.36      99.44
  data required time                                 99.44
  -----------------------------------------------------------
  data required time                                 99.44
  data arrival time                                 -20.17
  -----------------------------------------------------------
  slack (MET)                                        79.27


  Startpoint: ALU_A[5] (input port clocked by ALU_CLK)
  Endpoint: U0_ALU/A_reg_reg[5]
            (rising edge-triggered flip-flop clocked by ALU_CLK)
  Path Group: INREG
  Path Type: max

  Des/Clust/Port     Wire Load Model       Library
  ------------------------------------------------
  ALU_TOP            tsmc13_wl30           scmetro_tsmc_cl013g_rvt_ss_1p08v_125c

  Point                                    Incr       Path
  -----------------------------------------------------------
  clock ALU_CLK (rise edge)                0.00       0.00
  clock network delay (ideal)              0.00       0.00
  input external delay                    20.00      20.00 r
  ALU_A[5] (in)                            0.17      20.17 r
  U0_ALU/A[5] (ALU)                        0.00      20.17 r
  U0_ALU/A_reg_reg[5]/D (DFFRQX1M)         0.00      20.17 r
  data arrival time                                  20.17

  clock ALU_CLK (rise edge)              100.00     100.00
  clock network delay (ideal)              0.00     100.00
  clock uncertainty                       -0.20      99.80
  U0_ALU/A_reg_reg[5]/CK (DFFRQX1M)        0.00      99.80 r
  library setup time                      -0.36      99.44
  data required time                                 99.44
  -----------------------------------------------------------
  data required time                                 99.44
  data arrival time                                 -20.17
  -----------------------------------------------------------
  slack (MET)                                        79.27


  Startpoint: ALU_A[6] (input port clocked by ALU_CLK)
  Endpoint: U0_ALU/A_reg_reg[6]
            (rising edge-triggered flip-flop clocked by ALU_CLK)
  Path Group: INREG
  Path Type: max

  Des/Clust/Port     Wire Load Model       Library
  ------------------------------------------------
  ALU_TOP            tsmc13_wl30           scmetro_tsmc_cl013g_rvt_ss_1p08v_125c

  Point                                    Incr       Path
  -----------------------------------------------------------
  clock ALU_CLK (rise edge)                0.00       0.00
  clock network delay (ideal)              0.00       0.00
  input external delay                    20.00      20.00 r
  ALU_A[6] (in)                            0.17      20.17 r
  U0_ALU/A[6] (ALU)                        0.00      20.17 r
  U0_ALU/A_reg_reg[6]/D (DFFRQX1M)         0.00      20.17 r
  data arrival time                                  20.17

  clock ALU_CLK (rise edge)              100.00     100.00
  clock network delay (ideal)              0.00     100.00
  clock uncertainty                       -0.20      99.80
  U0_ALU/A_reg_reg[6]/CK (DFFRQX1M)        0.00      99.80 r
  library setup time                      -0.36      99.44
  data required time                                 99.44
  -----------------------------------------------------------
  data required time                                 99.44
  data arrival time                                 -20.17
  -----------------------------------------------------------
  slack (MET)                                        79.27


  Startpoint: ALU_A[7] (input port clocked by ALU_CLK)
  Endpoint: U0_ALU/A_reg_reg[7]
            (rising edge-triggered flip-flop clocked by ALU_CLK)
  Path Group: INREG
  Path Type: max

  Des/Clust/Port     Wire Load Model       Library
  ------------------------------------------------
  ALU_TOP            tsmc13_wl30           scmetro_tsmc_cl013g_rvt_ss_1p08v_125c

  Point                                    Incr       Path
  -----------------------------------------------------------
  clock ALU_CLK (rise edge)                0.00       0.00
  clock network delay (ideal)              0.00       0.00
  input external delay                    20.00      20.00 r
  ALU_A[7] (in)                            0.17      20.17 r
  U0_ALU/A[7] (ALU)                        0.00      20.17 r
  U0_ALU/A_reg_reg[7]/D (DFFRQX1M)         0.00      20.17 r
  data arrival time                                  20.17

  clock ALU_CLK (rise edge)              100.00     100.00
  clock network delay (ideal)              0.00     100.00
  clock uncertainty                       -0.20      99.80
  U0_ALU/A_reg_reg[7]/CK (DFFRQX1M)        0.00      99.80 r
  library setup time                      -0.36      99.44
  data required time                                 99.44
  -----------------------------------------------------------
  data required time                                 99.44
  data arrival time                                 -20.17
  -----------------------------------------------------------
  slack (MET)                                        79.27


  Startpoint: ALU_B[6] (input port clocked by ALU_CLK)
  Endpoint: U0_ALU/B_reg_reg[6]
            (rising edge-triggered flip-flop clocked by ALU_CLK)
  Path Group: INREG
  Path Type: max

  Des/Clust/Port     Wire Load Model       Library
  ------------------------------------------------
  ALU_TOP            tsmc13_wl30           scmetro_tsmc_cl013g_rvt_ss_1p08v_125c

  Point                                    Incr       Path
  -----------------------------------------------------------
  clock ALU_CLK (rise edge)                0.00       0.00
  clock network delay (ideal)              0.00       0.00
  input external delay                    20.00      20.00 r
  ALU_B[6] (in)                            0.17      20.17 r
  U0_ALU/B[6] (ALU)                        0.00      20.17 r
  U0_ALU/B_reg_reg[6]/D (DFFRQX1M)         0.00      20.17 r
  data arrival time                                  20.17

  clock ALU_CLK (rise edge)              100.00     100.00
  clock network delay (ideal)              0.00     100.00
  clock uncertainty                       -0.20      99.80
  U0_ALU/B_reg_reg[6]/CK (DFFRQX1M)        0.00      99.80 r
  library setup time                      -0.36      99.44
  data required time                                 99.44
  -----------------------------------------------------------
  data required time                                 99.44
  data arrival time                                 -20.17
  -----------------------------------------------------------
  slack (MET)                                        79.27


  Startpoint: ALU_B[7] (input port clocked by ALU_CLK)
  Endpoint: U0_ALU/B_reg_reg[7]
            (rising edge-triggered flip-flop clocked by ALU_CLK)
  Path Group: INREG
  Path Type: max

  Des/Clust/Port     Wire Load Model       Library
  ------------------------------------------------
  ALU_TOP            tsmc13_wl30           scmetro_tsmc_cl013g_rvt_ss_1p08v_125c

  Point                                    Incr       Path
  -----------------------------------------------------------
  clock ALU_CLK (rise edge)                0.00       0.00
  clock network delay (ideal)              0.00       0.00
  input external delay                    20.00      20.00 r
  ALU_B[7] (in)                            0.17      20.17 r
  U0_ALU/B[7] (ALU)                        0.00      20.17 r
  U0_ALU/B_reg_reg[7]/D (DFFRX4M)          0.00      20.17 r
  data arrival time                                  20.17

  clock ALU_CLK (rise edge)              100.00     100.00
  clock network delay (ideal)              0.00     100.00
  clock uncertainty                       -0.20      99.80
  U0_ALU/B_reg_reg[7]/CK (DFFRX4M)         0.00      99.80 r
  library setup time                      -0.27      99.53
  data required time                                 99.53
  -----------------------------------------------------------
  data required time                                 99.53
  data arrival time                                 -20.17
  -----------------------------------------------------------
  slack (MET)                                        79.36


  Startpoint: ALU_B[0] (input port clocked by ALU_CLK)
  Endpoint: U0_ALU/B_reg_reg[0]
            (rising edge-triggered flip-flop clocked by ALU_CLK)
  Path Group: INREG
  Path Type: max

  Des/Clust/Port     Wire Load Model       Library
  ------------------------------------------------
  ALU_TOP            tsmc13_wl30           scmetro_tsmc_cl013g_rvt_ss_1p08v_125c

  Point                                    Incr       Path
  -----------------------------------------------------------
  clock ALU_CLK (rise edge)                0.00       0.00
  clock network delay (ideal)              0.00       0.00
  input external delay                    20.00      20.00 r
  ALU_B[0] (in)                            0.17      20.17 r
  U0_ALU/B[0] (ALU)                        0.00      20.17 r
  U0_ALU/B_reg_reg[0]/D (DFFRX4M)          0.00      20.17 r
  data arrival time                                  20.17

  clock ALU_CLK (rise edge)              100.00     100.00
  clock network delay (ideal)              0.00     100.00
  clock uncertainty                       -0.20      99.80
  U0_ALU/B_reg_reg[0]/CK (DFFRX4M)         0.00      99.80 r
  library setup time                      -0.27      99.53
  data required time                                 99.53
  -----------------------------------------------------------
  data required time                                 99.53
  data arrival time                                 -20.17
  -----------------------------------------------------------
  slack (MET)                                        79.36


  Startpoint: ALU_B[1] (input port clocked by ALU_CLK)
  Endpoint: U0_ALU/B_reg_reg[1]
            (rising edge-triggered flip-flop clocked by ALU_CLK)
  Path Group: INREG
  Path Type: max

  Des/Clust/Port     Wire Load Model       Library
  ------------------------------------------------
  ALU_TOP            tsmc13_wl30           scmetro_tsmc_cl013g_rvt_ss_1p08v_125c

  Point                                    Incr       Path
  -----------------------------------------------------------
  clock ALU_CLK (rise edge)                0.00       0.00
  clock network delay (ideal)              0.00       0.00
  input external delay                    20.00      20.00 r
  ALU_B[1] (in)                            0.17      20.17 r
  U0_ALU/B[1] (ALU)                        0.00      20.17 r
  U0_ALU/B_reg_reg[1]/D (DFFRX4M)          0.00      20.17 r
  data arrival time                                  20.17

  clock ALU_CLK (rise edge)              100.00     100.00
  clock network delay (ideal)              0.00     100.00
  clock uncertainty                       -0.20      99.80
  U0_ALU/B_reg_reg[1]/CK (DFFRX4M)         0.00      99.80 r
  library setup time                      -0.27      99.53
  data required time                                 99.53
  -----------------------------------------------------------
  data required time                                 99.53
  data arrival time                                 -20.17
  -----------------------------------------------------------
  slack (MET)                                        79.36


  Startpoint: ALU_B[5] (input port clocked by ALU_CLK)
  Endpoint: U0_ALU/B_reg_reg[5]
            (rising edge-triggered flip-flop clocked by ALU_CLK)
  Path Group: INREG
  Path Type: max

  Des/Clust/Port     Wire Load Model       Library
  ------------------------------------------------
  ALU_TOP            tsmc13_wl30           scmetro_tsmc_cl013g_rvt_ss_1p08v_125c

  Point                                    Incr       Path
  -----------------------------------------------------------
  clock ALU_CLK (rise edge)                0.00       0.00
  clock network delay (ideal)              0.00       0.00
  input external delay                    20.00      20.00 r
  ALU_B[5] (in)                            0.17      20.17 r
  U0_ALU/B[5] (ALU)                        0.00      20.17 r
  U0_ALU/B_reg_reg[5]/D (DFFRX4M)          0.00      20.17 r
  data arrival time                                  20.17

  clock ALU_CLK (rise edge)              100.00     100.00
  clock network delay (ideal)              0.00     100.00
  clock uncertainty                       -0.20      99.80
  U0_ALU/B_reg_reg[5]/CK (DFFRX4M)         0.00      99.80 r
  library setup time                      -0.27      99.53
  data required time                                 99.53
  -----------------------------------------------------------
  data required time                                 99.53
  data arrival time                                 -20.17
  -----------------------------------------------------------
  slack (MET)                                        79.36


  Startpoint: ALU_B[4] (input port clocked by ALU_CLK)
  Endpoint: U0_ALU/B_reg_reg[4]
            (rising edge-triggered flip-flop clocked by ALU_CLK)
  Path Group: INREG
  Path Type: max

  Des/Clust/Port     Wire Load Model       Library
  ------------------------------------------------
  ALU_TOP            tsmc13_wl30           scmetro_tsmc_cl013g_rvt_ss_1p08v_125c

  Point                                    Incr       Path
  -----------------------------------------------------------
  clock ALU_CLK (rise edge)                0.00       0.00
  clock network delay (ideal)              0.00       0.00
  input external delay                    20.00      20.00 r
  ALU_B[4] (in)                            0.17      20.17 r
  U0_ALU/B[4] (ALU)                        0.00      20.17 r
  U0_ALU/B_reg_reg[4]/D (DFFRX4M)          0.00      20.17 r
  data arrival time                                  20.17

  clock ALU_CLK (rise edge)              100.00     100.00
  clock network delay (ideal)              0.00     100.00
  clock uncertainty                       -0.20      99.80
  U0_ALU/B_reg_reg[4]/CK (DFFRX4M)         0.00      99.80 r
  library setup time                      -0.27      99.53
  data required time                                 99.53
  -----------------------------------------------------------
  data required time                                 99.53
  data arrival time                                 -20.17
  -----------------------------------------------------------
  slack (MET)                                        79.36


  Startpoint: ALU_B[3] (input port clocked by ALU_CLK)
  Endpoint: U0_ALU/B_reg_reg[3]
            (rising edge-triggered flip-flop clocked by ALU_CLK)
  Path Group: INREG
  Path Type: max

  Des/Clust/Port     Wire Load Model       Library
  ------------------------------------------------
  ALU_TOP            tsmc13_wl30           scmetro_tsmc_cl013g_rvt_ss_1p08v_125c

  Point                                    Incr       Path
  -----------------------------------------------------------
  clock ALU_CLK (rise edge)                0.00       0.00
  clock network delay (ideal)              0.00       0.00
  input external delay                    20.00      20.00 r
  ALU_B[3] (in)                            0.17      20.17 r
  U0_ALU/B[3] (ALU)                        0.00      20.17 r
  U0_ALU/B_reg_reg[3]/D (DFFRX4M)          0.00      20.17 r
  data arrival time                                  20.17

  clock ALU_CLK (rise edge)              100.00     100.00
  clock network delay (ideal)              0.00     100.00
  clock uncertainty                       -0.20      99.80
  U0_ALU/B_reg_reg[3]/CK (DFFRX4M)         0.00      99.80 r
  library setup time                      -0.27      99.53
  data required time                                 99.53
  -----------------------------------------------------------
  data required time                                 99.53
  data arrival time                                 -20.17
  -----------------------------------------------------------
  slack (MET)                                        79.36


  Startpoint: ALU_B[2] (input port clocked by ALU_CLK)
  Endpoint: U0_ALU/B_reg_reg[2]
            (rising edge-triggered flip-flop clocked by ALU_CLK)
  Path Group: INREG
  Path Type: max

  Des/Clust/Port     Wire Load Model       Library
  ------------------------------------------------
  ALU_TOP            tsmc13_wl30           scmetro_tsmc_cl013g_rvt_ss_1p08v_125c

  Point                                    Incr       Path
  -----------------------------------------------------------
  clock ALU_CLK (rise edge)                0.00       0.00
  clock network delay (ideal)              0.00       0.00
  input external delay                    20.00      20.00 r
  ALU_B[2] (in)                            0.17      20.17 r
  U0_ALU/B[2] (ALU)                        0.00      20.17 r
  U0_ALU/B_reg_reg[2]/D (DFFRX4M)          0.00      20.17 r
  data arrival time                                  20.17

  clock ALU_CLK (rise edge)              100.00     100.00
  clock network delay (ideal)              0.00     100.00
  clock uncertainty                       -0.20      99.80
  U0_ALU/B_reg_reg[2]/CK (DFFRX4M)         0.00      99.80 r
  library setup time                      -0.27      99.53
  data required time                                 99.53
  -----------------------------------------------------------
  data required time                                 99.53
  data arrival time                                 -20.17
  -----------------------------------------------------------
  slack (MET)                                        79.36


  Startpoint: U0_ClkDiv/o_div_clk_reg
              (rising edge-triggered flip-flop clocked by MASTER_CLK)
  Endpoint: U0_ClkDiv/o_div_clk_reg
            (rising edge-triggered flip-flop clocked by MASTER_CLK)
  Path Group: MASTER_CLK
  Path Type: max

  Des/Clust/Port     Wire Load Model       Library
  ------------------------------------------------
  ALU_TOP            tsmc13_wl30           scmetro_tsmc_cl013g_rvt_ss_1p08v_125c

  Point                                                   Incr       Path
  --------------------------------------------------------------------------
  clock MASTER_CLK (rise edge)                            0.00       0.00
  clock network delay (ideal)                             0.00       0.00
  U0_ClkDiv/o_div_clk_reg/CK (DFFRX1M)                    0.00       0.00 r
  U0_ClkDiv/o_div_clk_reg/QN (DFFRX1M)                    0.57       0.57 r
  U0_ClkDiv/o_div_clk_reg/D (DFFRX1M)                     0.00       0.57 r
  data arrival time                                                  0.57

  clock MASTER_CLK (rise edge)                           50.00      50.00
  clock network delay (ideal)                             0.00      50.00
  clock uncertainty                                      -0.20      49.80
  U0_ClkDiv/o_div_clk_reg/CK (DFFRX1M)                    0.00      49.80 r
  library setup time                                     -0.29      49.51
  data required time                                                49.51
  --------------------------------------------------------------------------
  data required time                                                49.51
  data arrival time                                                 -0.57
  --------------------------------------------------------------------------
  slack (MET)                                                       48.94


  Startpoint: U0_ALU/OUT_VALID_reg_reg/CK
              (internal path startpoint clocked by ALU_CLK)
  Endpoint: ALU_VLD (output port clocked by ALU_CLK)
  Path Group: REGOUT
  Path Type: max

  Des/Clust/Port     Wire Load Model       Library
  ------------------------------------------------
  ALU_TOP            tsmc13_wl30           scmetro_tsmc_cl013g_rvt_ss_1p08v_125c

  Point                                                   Incr       Path
  --------------------------------------------------------------------------
  clock ALU_CLK (rise edge)                               0.00       0.00
  clock network delay (ideal)                             0.00       0.00
  input external delay                                    0.00       0.00 r
  U0_ALU/OUT_VALID_reg_reg/CK (DFFRQX1M)                  0.00       0.00 r
  U0_ALU/OUT_VALID_reg_reg/Q (DFFRQX1M)                   0.65       0.65 r
  U0_ALU/U21/Y (AND2X2M)                                  0.34       0.99 r
  U0_ALU/U55/Y (CLKINVX1M)                                0.76       1.75 f
  U0_ALU/U56/Y (CLKINVX40M)                              14.32      16.06 r
  U0_ALU/OUT_VALID (ALU)                                  0.00      16.06 r
  ALU_VLD (out)                                           0.00      16.06 r
  data arrival time                                                 16.06

  clock ALU_CLK (rise edge)                             100.00     100.00
  clock network delay (ideal)                             0.00     100.00
  clock uncertainty                                      -0.20      99.80
  output external delay                                 -20.00      79.80
  data required time                                                79.80
  --------------------------------------------------------------------------
  data required time                                                79.80
  data arrival time                                                -16.06
  --------------------------------------------------------------------------
  slack (MET)                                                       63.74


  Startpoint: U0_ALU/ALU_OUT_reg_reg[15]
              (rising edge-triggered flip-flop clocked by ALU_CLK)
  Endpoint: ALU_OUT[15]
            (output port clocked by ALU_CLK)
  Path Group: REGOUT
  Path Type: max

  Des/Clust/Port     Wire Load Model       Library
  ------------------------------------------------
  ALU_TOP            tsmc13_wl30           scmetro_tsmc_cl013g_rvt_ss_1p08v_125c

  Point                                                   Incr       Path
  --------------------------------------------------------------------------
  clock ALU_CLK (rise edge)                               0.00       0.00
  clock network delay (ideal)                             0.00       0.00
  U0_ALU/ALU_OUT_reg_reg[15]/CK (DFFRQX1M)                0.00       0.00 r
  U0_ALU/ALU_OUT_reg_reg[15]/Q (DFFRQX1M)                 0.65       0.65 r
  U0_ALU/U20/Y (AND2X2M)                                  0.34       0.99 r
  U0_ALU/U35/Y (CLKINVX1M)                                0.76       1.75 f
  U0_ALU/U36/Y (CLKINVX40M)                              14.32      16.06 r
  U0_ALU/ALU_OUT[15] (ALU)                                0.00      16.06 r
  ALU_OUT[15] (out)                                       0.00      16.06 r
  data arrival time                                                 16.06

  clock ALU_CLK (rise edge)                             100.00     100.00
  clock network delay (ideal)                             0.00     100.00
  clock uncertainty                                      -0.20      99.80
  output external delay                                 -20.00      79.80
  data required time                                                79.80
  --------------------------------------------------------------------------
  data required time                                                79.80
  data arrival time                                                -16.06
  --------------------------------------------------------------------------
  slack (MET)                                                       63.74


  Startpoint: U0_ALU/ALU_OUT_reg_reg[14]
              (rising edge-triggered flip-flop clocked by ALU_CLK)
  Endpoint: ALU_OUT[14]
            (output port clocked by ALU_CLK)
  Path Group: REGOUT
  Path Type: max

  Des/Clust/Port     Wire Load Model       Library
  ------------------------------------------------
  ALU_TOP            tsmc13_wl30           scmetro_tsmc_cl013g_rvt_ss_1p08v_125c

  Point                                                   Incr       Path
  --------------------------------------------------------------------------
  clock ALU_CLK (rise edge)                               0.00       0.00
  clock network delay (ideal)                             0.00       0.00
  U0_ALU/ALU_OUT_reg_reg[14]/CK (DFFRQX1M)                0.00       0.00 r
  U0_ALU/ALU_OUT_reg_reg[14]/Q (DFFRQX1M)                 0.65       0.65 r
  U0_ALU/U19/Y (AND2X2M)                                  0.34       0.99 r
  U0_ALU/U33/Y (CLKINVX1M)                                0.76       1.75 f
  U0_ALU/U34/Y (CLKINVX40M)                              14.32      16.06 r
  U0_ALU/ALU_OUT[14] (ALU)                                0.00      16.06 r
  ALU_OUT[14] (out)                                       0.00      16.06 r
  data arrival time                                                 16.06

  clock ALU_CLK (rise edge)                             100.00     100.00
  clock network delay (ideal)                             0.00     100.00
  clock uncertainty                                      -0.20      99.80
  output external delay                                 -20.00      79.80
  data required time                                                79.80
  --------------------------------------------------------------------------
  data required time                                                79.80
  data arrival time                                                -16.06
  --------------------------------------------------------------------------
  slack (MET)                                                       63.74


  Startpoint: U0_ALU/ALU_OUT_reg_reg[13]
              (rising edge-triggered flip-flop clocked by ALU_CLK)
  Endpoint: ALU_OUT[13]
            (output port clocked by ALU_CLK)
  Path Group: REGOUT
  Path Type: max

  Des/Clust/Port     Wire Load Model       Library
  ------------------------------------------------
  ALU_TOP            tsmc13_wl30           scmetro_tsmc_cl013g_rvt_ss_1p08v_125c

  Point                                                   Incr       Path
  --------------------------------------------------------------------------
  clock ALU_CLK (rise edge)                               0.00       0.00
  clock network delay (ideal)                             0.00       0.00
  U0_ALU/ALU_OUT_reg_reg[13]/CK (DFFRQX1M)                0.00       0.00 r
  U0_ALU/ALU_OUT_reg_reg[13]/Q (DFFRQX1M)                 0.65       0.65 r
  U0_ALU/U18/Y (AND2X2M)                                  0.34       0.99 r
  U0_ALU/U31/Y (CLKINVX1M)                                0.76       1.75 f
  U0_ALU/U32/Y (CLKINVX40M)                              14.32      16.06 r
  U0_ALU/ALU_OUT[13] (ALU)                                0.00      16.06 r
  ALU_OUT[13] (out)                                       0.00      16.06 r
  data arrival time                                                 16.06

  clock ALU_CLK (rise edge)                             100.00     100.00
  clock network delay (ideal)                             0.00     100.00
  clock uncertainty                                      -0.20      99.80
  output external delay                                 -20.00      79.80
  data required time                                                79.80
  --------------------------------------------------------------------------
  data required time                                                79.80
  data arrival time                                                -16.06
  --------------------------------------------------------------------------
  slack (MET)                                                       63.74


  Startpoint: U0_ALU/ALU_OUT_reg_reg[12]
              (rising edge-triggered flip-flop clocked by ALU_CLK)
  Endpoint: ALU_OUT[12]
            (output port clocked by ALU_CLK)
  Path Group: REGOUT
  Path Type: max

  Des/Clust/Port     Wire Load Model       Library
  ------------------------------------------------
  ALU_TOP            tsmc13_wl30           scmetro_tsmc_cl013g_rvt_ss_1p08v_125c

  Point                                                   Incr       Path
  --------------------------------------------------------------------------
  clock ALU_CLK (rise edge)                               0.00       0.00
  clock network delay (ideal)                             0.00       0.00
  U0_ALU/ALU_OUT_reg_reg[12]/CK (DFFRQX1M)                0.00       0.00 r
  U0_ALU/ALU_OUT_reg_reg[12]/Q (DFFRQX1M)                 0.65       0.65 r
  U0_ALU/U17/Y (AND2X2M)                                  0.34       0.99 r
  U0_ALU/U29/Y (CLKINVX1M)                                0.76       1.75 f
  U0_ALU/U30/Y (CLKINVX40M)                              14.32      16.06 r
  U0_ALU/ALU_OUT[12] (ALU)                                0.00      16.06 r
  ALU_OUT[12] (out)                                       0.00      16.06 r
  data arrival time                                                 16.06

  clock ALU_CLK (rise edge)                             100.00     100.00
  clock network delay (ideal)                             0.00     100.00
  clock uncertainty                                      -0.20      99.80
  output external delay                                 -20.00      79.80
  data required time                                                79.80
  --------------------------------------------------------------------------
  data required time                                                79.80
  data arrival time                                                -16.06
  --------------------------------------------------------------------------
  slack (MET)                                                       63.74


  Startpoint: U0_ALU/ALU_OUT_reg_reg[11]
              (rising edge-triggered flip-flop clocked by ALU_CLK)
  Endpoint: ALU_OUT[11]
            (output port clocked by ALU_CLK)
  Path Group: REGOUT
  Path Type: max

  Des/Clust/Port     Wire Load Model       Library
  ------------------------------------------------
  ALU_TOP            tsmc13_wl30           scmetro_tsmc_cl013g_rvt_ss_1p08v_125c

  Point                                                   Incr       Path
  --------------------------------------------------------------------------
  clock ALU_CLK (rise edge)                               0.00       0.00
  clock network delay (ideal)                             0.00       0.00
  U0_ALU/ALU_OUT_reg_reg[11]/CK (DFFRQX1M)                0.00       0.00 r
  U0_ALU/ALU_OUT_reg_reg[11]/Q (DFFRQX1M)                 0.65       0.65 r
  U0_ALU/U16/Y (AND2X2M)                                  0.34       0.99 r
  U0_ALU/U27/Y (CLKINVX1M)                                0.76       1.75 f
  U0_ALU/U28/Y (CLKINVX40M)                              14.32      16.06 r
  U0_ALU/ALU_OUT[11] (ALU)                                0.00      16.06 r
  ALU_OUT[11] (out)                                       0.00      16.06 r
  data arrival time                                                 16.06

  clock ALU_CLK (rise edge)                             100.00     100.00
  clock network delay (ideal)                             0.00     100.00
  clock uncertainty                                      -0.20      99.80
  output external delay                                 -20.00      79.80
  data required time                                                79.80
  --------------------------------------------------------------------------
  data required time                                                79.80
  data arrival time                                                -16.06
  --------------------------------------------------------------------------
  slack (MET)                                                       63.74


  Startpoint: U0_ALU/ALU_OUT_reg_reg[10]
              (rising edge-triggered flip-flop clocked by ALU_CLK)
  Endpoint: ALU_OUT[10]
            (output port clocked by ALU_CLK)
  Path Group: REGOUT
  Path Type: max

  Des/Clust/Port     Wire Load Model       Library
  ------------------------------------------------
  ALU_TOP            tsmc13_wl30           scmetro_tsmc_cl013g_rvt_ss_1p08v_125c

  Point                                                   Incr       Path
  --------------------------------------------------------------------------
  clock ALU_CLK (rise edge)                               0.00       0.00
  clock network delay (ideal)                             0.00       0.00
  U0_ALU/ALU_OUT_reg_reg[10]/CK (DFFRQX1M)                0.00       0.00 r
  U0_ALU/ALU_OUT_reg_reg[10]/Q (DFFRQX1M)                 0.65       0.65 r
  U0_ALU/U15/Y (AND2X2M)                                  0.34       0.99 r
  U0_ALU/U25/Y (CLKINVX1M)                                0.76       1.75 f
  U0_ALU/U26/Y (CLKINVX40M)                              14.32      16.06 r
  U0_ALU/ALU_OUT[10] (ALU)                                0.00      16.06 r
  ALU_OUT[10] (out)                                       0.00      16.06 r
  data arrival time                                                 16.06

  clock ALU_CLK (rise edge)                             100.00     100.00
  clock network delay (ideal)                             0.00     100.00
  clock uncertainty                                      -0.20      99.80
  output external delay                                 -20.00      79.80
  data required time                                                79.80
  --------------------------------------------------------------------------
  data required time                                                79.80
  data arrival time                                                -16.06
  --------------------------------------------------------------------------
  slack (MET)                                                       63.74


  Startpoint: U0_ALU/ALU_OUT_reg_reg[9]
              (rising edge-triggered flip-flop clocked by ALU_CLK)
  Endpoint: ALU_OUT[9] (output port clocked by ALU_CLK)
  Path Group: REGOUT
  Path Type: max

  Des/Clust/Port     Wire Load Model       Library
  ------------------------------------------------
  ALU_TOP            tsmc13_wl30           scmetro_tsmc_cl013g_rvt_ss_1p08v_125c

  Point                                                   Incr       Path
  --------------------------------------------------------------------------
  clock ALU_CLK (rise edge)                               0.00       0.00
  clock network delay (ideal)                             0.00       0.00
  U0_ALU/ALU_OUT_reg_reg[9]/CK (DFFRQX1M)                 0.00       0.00 r
  U0_ALU/ALU_OUT_reg_reg[9]/Q (DFFRQX1M)                  0.65       0.65 r
  U0_ALU/U14/Y (AND2X2M)                                  0.34       0.99 r
  U0_ALU/U53/Y (CLKINVX1M)                                0.76       1.75 f
  U0_ALU/U54/Y (CLKINVX40M)                              14.32      16.06 r
  U0_ALU/ALU_OUT[9] (ALU)                                 0.00      16.06 r
  ALU_OUT[9] (out)                                        0.00      16.06 r
  data arrival time                                                 16.06

  clock ALU_CLK (rise edge)                             100.00     100.00
  clock network delay (ideal)                             0.00     100.00
  clock uncertainty                                      -0.20      99.80
  output external delay                                 -20.00      79.80
  data required time                                                79.80
  --------------------------------------------------------------------------
  data required time                                                79.80
  data arrival time                                                -16.06
  --------------------------------------------------------------------------
  slack (MET)                                                       63.74


  Startpoint: U0_ALU/ALU_OUT_reg_reg[8]
              (rising edge-triggered flip-flop clocked by ALU_CLK)
  Endpoint: ALU_OUT[8] (output port clocked by ALU_CLK)
  Path Group: REGOUT
  Path Type: max

  Des/Clust/Port     Wire Load Model       Library
  ------------------------------------------------
  ALU_TOP            tsmc13_wl30           scmetro_tsmc_cl013g_rvt_ss_1p08v_125c

  Point                                                   Incr       Path
  --------------------------------------------------------------------------
  clock ALU_CLK (rise edge)                               0.00       0.00
  clock network delay (ideal)                             0.00       0.00
  U0_ALU/ALU_OUT_reg_reg[8]/CK (DFFRQX1M)                 0.00       0.00 r
  U0_ALU/ALU_OUT_reg_reg[8]/Q (DFFRQX1M)                  0.65       0.65 r
  U0_ALU/U13/Y (AND2X2M)                                  0.34       0.99 r
  U0_ALU/U51/Y (CLKINVX1M)                                0.76       1.75 f
  U0_ALU/U52/Y (CLKINVX40M)                              14.32      16.06 r
  U0_ALU/ALU_OUT[8] (ALU)                                 0.00      16.06 r
  ALU_OUT[8] (out)                                        0.00      16.06 r
  data arrival time                                                 16.06

  clock ALU_CLK (rise edge)                             100.00     100.00
  clock network delay (ideal)                             0.00     100.00
  clock uncertainty                                      -0.20      99.80
  output external delay                                 -20.00      79.80
  data required time                                                79.80
  --------------------------------------------------------------------------
  data required time                                                79.80
  data arrival time                                                -16.06
  --------------------------------------------------------------------------
  slack (MET)                                                       63.74


  Startpoint: U0_ALU/ALU_OUT_reg_reg[7]
              (rising edge-triggered flip-flop clocked by ALU_CLK)
  Endpoint: ALU_OUT[7] (output port clocked by ALU_CLK)
  Path Group: REGOUT
  Path Type: max

  Des/Clust/Port     Wire Load Model       Library
  ------------------------------------------------
  ALU_TOP            tsmc13_wl30           scmetro_tsmc_cl013g_rvt_ss_1p08v_125c

  Point                                                   Incr       Path
  --------------------------------------------------------------------------
  clock ALU_CLK (rise edge)                               0.00       0.00
  clock network delay (ideal)                             0.00       0.00
  U0_ALU/ALU_OUT_reg_reg[7]/CK (DFFRQX1M)                 0.00       0.00 r
  U0_ALU/ALU_OUT_reg_reg[7]/Q (DFFRQX1M)                  0.65       0.65 r
  U0_ALU/U12/Y (AND2X2M)                                  0.34       0.99 r
  U0_ALU/U49/Y (CLKINVX1M)                                0.76       1.75 f
  U0_ALU/U50/Y (CLKINVX40M)                              14.32      16.06 r
  U0_ALU/ALU_OUT[7] (ALU)                                 0.00      16.06 r
  ALU_OUT[7] (out)                                        0.00      16.06 r
  data arrival time                                                 16.06

  clock ALU_CLK (rise edge)                             100.00     100.00
  clock network delay (ideal)                             0.00     100.00
  clock uncertainty                                      -0.20      99.80
  output external delay                                 -20.00      79.80
  data required time                                                79.80
  --------------------------------------------------------------------------
  data required time                                                79.80
  data arrival time                                                -16.06
  --------------------------------------------------------------------------
  slack (MET)                                                       63.74


  Startpoint: U0_ALU/ALU_OUT_reg_reg[6]
              (rising edge-triggered flip-flop clocked by ALU_CLK)
  Endpoint: ALU_OUT[6] (output port clocked by ALU_CLK)
  Path Group: REGOUT
  Path Type: max

  Des/Clust/Port     Wire Load Model       Library
  ------------------------------------------------
  ALU_TOP            tsmc13_wl30           scmetro_tsmc_cl013g_rvt_ss_1p08v_125c

  Point                                                   Incr       Path
  --------------------------------------------------------------------------
  clock ALU_CLK (rise edge)                               0.00       0.00
  clock network delay (ideal)                             0.00       0.00
  U0_ALU/ALU_OUT_reg_reg[6]/CK (DFFRQX1M)                 0.00       0.00 r
  U0_ALU/ALU_OUT_reg_reg[6]/Q (DFFRQX1M)                  0.65       0.65 r
  U0_ALU/U11/Y (AND2X2M)                                  0.34       0.99 r
  U0_ALU/U47/Y (CLKINVX1M)                                0.76       1.75 f
  U0_ALU/U48/Y (CLKINVX40M)                              14.32      16.06 r
  U0_ALU/ALU_OUT[6] (ALU)                                 0.00      16.06 r
  ALU_OUT[6] (out)                                        0.00      16.06 r
  data arrival time                                                 16.06

  clock ALU_CLK (rise edge)                             100.00     100.00
  clock network delay (ideal)                             0.00     100.00
  clock uncertainty                                      -0.20      99.80
  output external delay                                 -20.00      79.80
  data required time                                                79.80
  --------------------------------------------------------------------------
  data required time                                                79.80
  data arrival time                                                -16.06
  --------------------------------------------------------------------------
  slack (MET)                                                       63.74


  Startpoint: U0_ALU/ALU_OUT_reg_reg[5]
              (rising edge-triggered flip-flop clocked by ALU_CLK)
  Endpoint: ALU_OUT[5] (output port clocked by ALU_CLK)
  Path Group: REGOUT
  Path Type: max

  Des/Clust/Port     Wire Load Model       Library
  ------------------------------------------------
  ALU_TOP            tsmc13_wl30           scmetro_tsmc_cl013g_rvt_ss_1p08v_125c

  Point                                                   Incr       Path
  --------------------------------------------------------------------------
  clock ALU_CLK (rise edge)                               0.00       0.00
  clock network delay (ideal)                             0.00       0.00
  U0_ALU/ALU_OUT_reg_reg[5]/CK (DFFRQX1M)                 0.00       0.00 r
  U0_ALU/ALU_OUT_reg_reg[5]/Q (DFFRQX1M)                  0.65       0.65 r
  U0_ALU/U10/Y (AND2X2M)                                  0.34       0.99 r
  U0_ALU/U45/Y (CLKINVX1M)                                0.76       1.75 f
  U0_ALU/U46/Y (CLKINVX40M)                              14.32      16.06 r
  U0_ALU/ALU_OUT[5] (ALU)                                 0.00      16.06 r
  ALU_OUT[5] (out)                                        0.00      16.06 r
  data arrival time                                                 16.06

  clock ALU_CLK (rise edge)                             100.00     100.00
  clock network delay (ideal)                             0.00     100.00
  clock uncertainty                                      -0.20      99.80
  output external delay                                 -20.00      79.80
  data required time                                                79.80
  --------------------------------------------------------------------------
  data required time                                                79.80
  data arrival time                                                -16.06
  --------------------------------------------------------------------------
  slack (MET)                                                       63.74


  Startpoint: U0_ALU/ALU_OUT_reg_reg[4]
              (rising edge-triggered flip-flop clocked by ALU_CLK)
  Endpoint: ALU_OUT[4] (output port clocked by ALU_CLK)
  Path Group: REGOUT
  Path Type: max

  Des/Clust/Port     Wire Load Model       Library
  ------------------------------------------------
  ALU_TOP            tsmc13_wl30           scmetro_tsmc_cl013g_rvt_ss_1p08v_125c

  Point                                                   Incr       Path
  --------------------------------------------------------------------------
  clock ALU_CLK (rise edge)                               0.00       0.00
  clock network delay (ideal)                             0.00       0.00
  U0_ALU/ALU_OUT_reg_reg[4]/CK (DFFRQX1M)                 0.00       0.00 r
  U0_ALU/ALU_OUT_reg_reg[4]/Q (DFFRQX1M)                  0.65       0.65 r
  U0_ALU/U9/Y (AND2X2M)                                   0.34       0.99 r
  U0_ALU/U43/Y (CLKINVX1M)                                0.76       1.75 f
  U0_ALU/U44/Y (CLKINVX40M)                              14.32      16.06 r
  U0_ALU/ALU_OUT[4] (ALU)                                 0.00      16.06 r
  ALU_OUT[4] (out)                                        0.00      16.06 r
  data arrival time                                                 16.06

  clock ALU_CLK (rise edge)                             100.00     100.00
  clock network delay (ideal)                             0.00     100.00
  clock uncertainty                                      -0.20      99.80
  output external delay                                 -20.00      79.80
  data required time                                                79.80
  --------------------------------------------------------------------------
  data required time                                                79.80
  data arrival time                                                -16.06
  --------------------------------------------------------------------------
  slack (MET)                                                       63.74


  Startpoint: U0_ALU/ALU_OUT_reg_reg[3]
              (rising edge-triggered flip-flop clocked by ALU_CLK)
  Endpoint: ALU_OUT[3] (output port clocked by ALU_CLK)
  Path Group: REGOUT
  Path Type: max

  Des/Clust/Port     Wire Load Model       Library
  ------------------------------------------------
  ALU_TOP            tsmc13_wl30           scmetro_tsmc_cl013g_rvt_ss_1p08v_125c

  Point                                                   Incr       Path
  --------------------------------------------------------------------------
  clock ALU_CLK (rise edge)                               0.00       0.00
  clock network delay (ideal)                             0.00       0.00
  U0_ALU/ALU_OUT_reg_reg[3]/CK (DFFRQX1M)                 0.00       0.00 r
  U0_ALU/ALU_OUT_reg_reg[3]/Q (DFFRQX1M)                  0.65       0.65 r
  U0_ALU/U8/Y (AND2X2M)                                   0.34       0.99 r
  U0_ALU/U41/Y (CLKINVX1M)                                0.76       1.75 f
  U0_ALU/U42/Y (CLKINVX40M)                              14.32      16.06 r
  U0_ALU/ALU_OUT[3] (ALU)                                 0.00      16.06 r
  ALU_OUT[3] (out)                                        0.00      16.06 r
  data arrival time                                                 16.06

  clock ALU_CLK (rise edge)                             100.00     100.00
  clock network delay (ideal)                             0.00     100.00
  clock uncertainty                                      -0.20      99.80
  output external delay                                 -20.00      79.80
  data required time                                                79.80
  --------------------------------------------------------------------------
  data required time                                                79.80
  data arrival time                                                -16.06
  --------------------------------------------------------------------------
  slack (MET)                                                       63.74


  Startpoint: U0_ALU/ALU_OUT_reg_reg[2]
              (rising edge-triggered flip-flop clocked by ALU_CLK)
  Endpoint: ALU_OUT[2] (output port clocked by ALU_CLK)
  Path Group: REGOUT
  Path Type: max

  Des/Clust/Port     Wire Load Model       Library
  ------------------------------------------------
  ALU_TOP            tsmc13_wl30           scmetro_tsmc_cl013g_rvt_ss_1p08v_125c

  Point                                                   Incr       Path
  --------------------------------------------------------------------------
  clock ALU_CLK (rise edge)                               0.00       0.00
  clock network delay (ideal)                             0.00       0.00
  U0_ALU/ALU_OUT_reg_reg[2]/CK (DFFRQX1M)                 0.00       0.00 r
  U0_ALU/ALU_OUT_reg_reg[2]/Q (DFFRQX1M)                  0.65       0.65 r
  U0_ALU/U7/Y (AND2X2M)                                   0.34       0.99 r
  U0_ALU/U39/Y (CLKINVX1M)                                0.76       1.75 f
  U0_ALU/U40/Y (CLKINVX40M)                              14.32      16.06 r
  U0_ALU/ALU_OUT[2] (ALU)                                 0.00      16.06 r
  ALU_OUT[2] (out)                                        0.00      16.06 r
  data arrival time                                                 16.06

  clock ALU_CLK (rise edge)                             100.00     100.00
  clock network delay (ideal)                             0.00     100.00
  clock uncertainty                                      -0.20      99.80
  output external delay                                 -20.00      79.80
  data required time                                                79.80
  --------------------------------------------------------------------------
  data required time                                                79.80
  data arrival time                                                -16.06
  --------------------------------------------------------------------------
  slack (MET)                                                       63.74


  Startpoint: U0_ALU/ALU_OUT_reg_reg[1]
              (rising edge-triggered flip-flop clocked by ALU_CLK)
  Endpoint: ALU_OUT[1] (output port clocked by ALU_CLK)
  Path Group: REGOUT
  Path Type: max

  Des/Clust/Port     Wire Load Model       Library
  ------------------------------------------------
  ALU_TOP            tsmc13_wl30           scmetro_tsmc_cl013g_rvt_ss_1p08v_125c

  Point                                                   Incr       Path
  --------------------------------------------------------------------------
  clock ALU_CLK (rise edge)                               0.00       0.00
  clock network delay (ideal)                             0.00       0.00
  U0_ALU/ALU_OUT_reg_reg[1]/CK (DFFRQX1M)                 0.00       0.00 r
  U0_ALU/ALU_OUT_reg_reg[1]/Q (DFFRQX1M)                  0.65       0.65 r
  U0_ALU/U4/Y (AND2X2M)                                   0.34       0.99 r
  U0_ALU/U37/Y (CLKINVX1M)                                0.76       1.75 f
  U0_ALU/U38/Y (CLKINVX40M)                              14.32      16.06 r
  U0_ALU/ALU_OUT[1] (ALU)                                 0.00      16.06 r
  ALU_OUT[1] (out)                                        0.00      16.06 r
  data arrival time                                                 16.06

  clock ALU_CLK (rise edge)                             100.00     100.00
  clock network delay (ideal)                             0.00     100.00
  clock uncertainty                                      -0.20      99.80
  output external delay                                 -20.00      79.80
  data required time                                                79.80
  --------------------------------------------------------------------------
  data required time                                                79.80
  data arrival time                                                -16.06
  --------------------------------------------------------------------------
  slack (MET)                                                       63.74


  Startpoint: U0_ALU/ALU_OUT_reg_reg[0]
              (rising edge-triggered flip-flop clocked by ALU_CLK)
  Endpoint: ALU_OUT[0] (output port clocked by ALU_CLK)
  Path Group: REGOUT
  Path Type: max

  Des/Clust/Port     Wire Load Model       Library
  ------------------------------------------------
  ALU_TOP            tsmc13_wl30           scmetro_tsmc_cl013g_rvt_ss_1p08v_125c

  Point                                                   Incr       Path
  --------------------------------------------------------------------------
  clock ALU_CLK (rise edge)                               0.00       0.00
  clock network delay (ideal)                             0.00       0.00
  U0_ALU/ALU_OUT_reg_reg[0]/CK (DFFRQX1M)                 0.00       0.00 r
  U0_ALU/ALU_OUT_reg_reg[0]/Q (DFFRQX1M)                  0.65       0.65 r
  U0_ALU/U3/Y (AND2X2M)                                   0.34       0.99 r
  U0_ALU/U23/Y (CLKINVX1M)                                0.76       1.75 f
  U0_ALU/U24/Y (CLKINVX40M)                              14.32      16.06 r
  U0_ALU/ALU_OUT[0] (ALU)                                 0.00      16.06 r
  ALU_OUT[0] (out)                                        0.00      16.06 r
  data arrival time                                                 16.06

  clock ALU_CLK (rise edge)                             100.00     100.00
  clock network delay (ideal)                             0.00     100.00
  clock uncertainty                                      -0.20      99.80
  output external delay                                 -20.00      79.80
  data required time                                                79.80
  --------------------------------------------------------------------------
  data required time                                                79.80
  data arrival time                                                -16.06
  --------------------------------------------------------------------------
  slack (MET)                                                       63.74


1
