Checking out Encounter license ...
SOC_Encounter_GXL 8.1 license checkout succeeded.
This Encounter release has been compiled with OA version 22.04-p032.
sourcing /usr/Cadence/SOC/etc/fe/rdaDSL.tcl
*******************************************************************
*   Copyright (c)  Cadence Design Systems, Inc.  1996 - 2008.     *
*                     All rights reserved.                        *
*                                                                 *
*                                                                 *
*                                                                 *
* This program contains confidential and trade secret information *
* of Cadence Design Systems, Inc. and is protected by copyright   *
* law and international treaties.  Any reproduction, use,         *
* distribution or disclosure of this program or any portion of it,*
* or any attempt to obtain a human-readable version of this       *
* program, without the express, prior written consent of          *
* Cadence Design Systems, Inc., is strictly prohibited.           *
*                                                                 *
*                 Cadence Design Systems, Inc.                    *
*                    2655 Seely Avenue                            *
*                   San Jose, CA 95134,  USA                      *
*                                                                 *
*                                                                 *
*******************************************************************

@(#)CDS: First Encounter v08.10-p004_1 (32bit) 11/04/2008 14:34 (Linux 2.6)
@(#)CDS: NanoRoute v08.10-p008 NR081027-0018/USR58-UB (database version 2.30, 67.1.1) {superthreading v1.11}
@(#)CDS: CeltIC v08.10-p002_1 (32bit) 10/23/2008 22:04:14 (Linux 2.6.9-67.0.10.ELsmp)
@(#)CDS: CTE v08.10-p016_1 (32bit) Oct 26 2008 15:11:51 (Linux 2.6.9-67.0.10.ELsmp)
@(#)CDS: CPE v08.10-p009
--- Starting "First Encounter v08.10-p004_1" on Tue Sep 16 20:43:19 2025 (mem=62.2M) ---
--- Running on localhost.localdomain (x86_64 w/Linux 2.6.32-431.29.2.el6.x86_64) ---
This version was compiled on Tue Nov 4 14:34:21 PST 2008.
Set DBUPerIGU to 1000.
Set Default Mode Total Cap Scale Factor to 1.00
Set Detail Mode Total Cap Scale Factor to 1.00
Set Coupling Total Cap Scale Factor to 1.00
Set Total Res Scale Factor to 1.00
Set net toggle Scale Factor to 1.00
Set Shrink Factor to 1.00000
<CMD_INTERNAL> setUIVar rda_Input ui_topcell ALU_TOP
<CMD_INTERNAL> setUIVar rda_Input ui_netlist /home/ahesham/Labs/Lab_PNR_1/dft/ALU_TOP.v
<CMD_INTERNAL> setUIVar rda_Input ui_timelib,min /home/ahesham/Labs/Lab_PNR_1/std_cells/libs/scmetro_tsmc_cl013g_rvt_ff_1p32v_m40c.lib
<CMD_INTERNAL> setUIVar rda_Input ui_timelib,max /home/ahesham/Labs/Lab_PNR_1/std_cells/libs/scmetro_tsmc_cl013g_rvt_ss_1p08v_125c.lib
<CMD_INTERNAL> setUIVar rda_Input ui_timelib /home/ahesham/Labs/Lab_PNR_1/std_cells/libs/scmetro_tsmc_cl013g_rvt_tt_1p2v_25c.lib
<CMD_INTERNAL> setUIVar rda_Input ui_leffile {/home/ahesham/Labs/Lab_PNR_1/std_cells/lef/tsmc13fsg_7lm_tech.lef /home/ahesham/Labs/Lab_PNR_1/std_cells/lef/tsmc13_m_macros.lef /home/ahesham/Labs/Lab_PNR_1/pnr/import/ALU.lef}
<CMD_INTERNAL> setUIVar rda_Input ui_captbl_file /home/ahesham/Labs/Lab_PNR_1/std_cells/captables/tsmc13fsg.capTbl
<CMD_INTERNAL> setUIVar rda_Input ui_timingcon_file /home/ahesham/Labs/Lab_PNR_1/dft/ALU_TOP_func.sdc
<CMD_INTERNAL> setUIVar rda_Input ui_pwrnet VDD
<CMD_INTERNAL> setUIVar rda_Input ui_gndnet VSS
<CMD> commitConfig

Loading Lef file /home/ahesham/Labs/Lab_PNR_1/std_cells/lef/tsmc13fsg_7lm_tech.lef...

Loading Lef file /home/ahesham/Labs/Lab_PNR_1/std_cells/lef/tsmc13_m_macros.lef...
Set DBUPerIGU to M2 pitch 820.
Initializing default via types and wire widths ...

Loading Lef file /home/ahesham/Labs/Lab_PNR_1/pnr/import/ALU.lef...
**WARN: (SOCLF-246):	The 'UNITS' attribute should be set
in the first lef file (technology lef). There is an attempt to set it
in subsequent lef files which will be ignored.
**WARN: (SOCLF-46):	Class CORE macro 'ALU_TOP' has no SITE statement defined.
Class CORE macros require a SITE statement. The SITE FE_CORE_0 was
created and will be used for this macro, using height 120.1300 that
matches the macro SIZE height, and width 0.4100 that matches the
m2 routing pitch. Define the site explicitly in the LEF file, to
this message in the future.

Power Planner/ViaGen version 8.1.45 promoted on 09/01/2008.
viaInitial starts at Tue Sep 16 20:43:30 2025
viaInitial ends at Tue Sep 16 20:43:30 2025
Reading netlist ...
Backslashed names will retain backslash and a trailing blank character.
Reading verilog netlist '/home/ahesham/Labs/Lab_PNR_1/dft/ALU_TOP.v'
Inserting temporary buffers to remove assignment statements.
Non-leaf cell ALU_TOP will be treated as a leaf cell.

*** Memory Usage v0.144 (Current mem = 188.273M, initial mem = 62.238M) ***
*** End netlist parsing (cpu=0:00:00.0, real=0:00:00.0, mem=188.3M) ***
Set top cell to ALU_TOP.
Reading max timing library '/home/ahesham/Labs/Lab_PNR_1/std_cells/libs/scmetro_tsmc_cl013g_rvt_ss_1p08v_125c.lib' ...
No function defined for cell 'HOLDX1M'. The cell will only be used for analysis.
 read 618 cells in library 'scmetro_tsmc_cl013g_rvt_ss_1p08v_125c' 
Reading min timing library '/home/ahesham/Labs/Lab_PNR_1/std_cells/libs/scmetro_tsmc_cl013g_rvt_ff_1p32v_m40c.lib' ...
No function defined for cell 'HOLDX1M'. The cell will only be used for analysis.
 read 618 cells in library 'scmetro_tsmc_cl013g_rvt_ff_1p32v_m40c' 
Reading max timing library '/home/ahesham/Labs/Lab_PNR_1/std_cells/libs/scmetro_tsmc_cl013g_rvt_tt_1p2v_25c.lib' ...
No function defined for cell 'HOLDX1M'. The cell will only be used for analysis.
 read 618 cells in library 'scmetro_tsmc_cl013g_rvt_tt_1p2v_25c' 
Reading min timing library '/home/ahesham/Labs/Lab_PNR_1/std_cells/libs/scmetro_tsmc_cl013g_rvt_tt_1p2v_25c.lib' ...
No function defined for cell 'HOLDX1M'. The cell will only be used for analysis.
 read 618 cells in library 'scmetro_tsmc_cl013g_rvt_tt_1p2v_25c' 
**WARN: (SOCSYC-2):	Timing is not defined for cell ALU_TOP.
*** End library_loading (cpu=0.18min, mem=91.2M, fe_cpu=0.24min, fe_mem=279.5M) ***
Starting recursive module instantiation check.
No recursion found.
*****NEW dbFlattenCell is used.
Flattening Cell ALU_TOP ...
*** Netlist is unique.
** info: there are 2499 modules.
** info: there are 630 stdCell insts.

*** Memory Usage v0.144 (Current mem = 279.754M, initial mem = 62.238M) ***
CTE reading timing constraint file '/home/ahesham/Labs/Lab_PNR_1/dft/ALU_TOP_func.sdc' ...
**WARN: (TCLCMD-1013):	The SDC set_operating_conditions assertion is not supported. Please use the Encounter setOpCond command to specify library and operating condition information. Use the setAnalysisMode command to control single vs. bestCase/worstCase vs. on-chip variation timing analysis. (File /home/ahesham/Labs/Lab_PNR_1/dft/ALU_TOP_func.sdc, Line 9).

**WARN: (SOCCTE-286):	Library scmetro_tsmc_cl013g_rvt_ss_1p08v_125c is not in the min library list.
**WARN: (SOCCTE-289):	set_driving_cell :  Use the cell in library scmetro_tsmc_cl013g_rvt_ss_1p08v_125c.
**WARN: (SOCCTE-286):	Library scmetro_tsmc_cl013g_rvt_ss_1p08v_125c is not in the min library list.
**WARN: (SOCCTE-289):	set_driving_cell :  Use the cell in library scmetro_tsmc_cl013g_rvt_ss_1p08v_125c.
**WARN: (SOCCTE-286):	Library scmetro_tsmc_cl013g_rvt_ss_1p08v_125c is not in the min library list.
**WARN: (SOCCTE-289):	set_driving_cell :  Use the cell in library scmetro_tsmc_cl013g_rvt_ss_1p08v_125c.
**WARN: (SOCCTE-286):	Library scmetro_tsmc_cl013g_rvt_ss_1p08v_125c is not in the min library list.
**WARN: (SOCCTE-289):	set_driving_cell :  Use the cell in library scmetro_tsmc_cl013g_rvt_ss_1p08v_125c.
**WARN: (SOCCTE-286):	Library scmetro_tsmc_cl013g_rvt_ss_1p08v_125c is not in the min library list.
**WARN: (SOCCTE-289):	set_driving_cell :  Use the cell in library scmetro_tsmc_cl013g_rvt_ss_1p08v_125c.
**WARN: (SOCCTE-286):	Library scmetro_tsmc_cl013g_rvt_ss_1p08v_125c is not in the min library list.
**WARN: (SOCCTE-289):	set_driving_cell :  Use the cell in library scmetro_tsmc_cl013g_rvt_ss_1p08v_125c.
**WARN: (SOCCTE-286):	Library scmetro_tsmc_cl013g_rvt_ss_1p08v_125c is not in the min library list.
**WARN: (SOCCTE-289):	set_driving_cell :  Use the cell in library scmetro_tsmc_cl013g_rvt_ss_1p08v_125c.
**WARN: (SOCCTE-286):	Library scmetro_tsmc_cl013g_rvt_ss_1p08v_125c is not in the min library list.
**WARN: (SOCCTE-289):	set_driving_cell :  Use the cell in library scmetro_tsmc_cl013g_rvt_ss_1p08v_125c.
**WARN: (SOCCTE-286):	Library scmetro_tsmc_cl013g_rvt_ss_1p08v_125c is not in the min library list.
**WARN: (SOCCTE-289):	set_driving_cell :  Use the cell in library scmetro_tsmc_cl013g_rvt_ss_1p08v_125c.
**WARN: (SOCCTE-286):	Library scmetro_tsmc_cl013g_rvt_ss_1p08v_125c is not in the min library list.
**WARN: (SOCCTE-289):	set_driving_cell :  Use the cell in library scmetro_tsmc_cl013g_rvt_ss_1p08v_125c.
**WARN: (SOCCTE-286):	Library scmetro_tsmc_cl013g_rvt_ss_1p08v_125c is not in the min library list.
**WARN: (SOCCTE-289):	set_driving_cell :  Use the cell in library scmetro_tsmc_cl013g_rvt_ss_1p08v_125c.
**WARN: (SOCCTE-286):	Library scmetro_tsmc_cl013g_rvt_ss_1p08v_125c is not in the min library list.
**WARN: (SOCCTE-289):	set_driving_cell :  Use the cell in library scmetro_tsmc_cl013g_rvt_ss_1p08v_125c.
**WARN: (SOCCTE-286):	Library scmetro_tsmc_cl013g_rvt_ss_1p08v_125c is not in the min library list.
**WARN: (SOCCTE-289):	set_driving_cell :  Use the cell in library scmetro_tsmc_cl013g_rvt_ss_1p08v_125c.
**WARN: (SOCCTE-286):	Library scmetro_tsmc_cl013g_rvt_ss_1p08v_125c is not in the min library list.
**WARN: (SOCCTE-289):	set_driving_cell :  Use the cell in library scmetro_tsmc_cl013g_rvt_ss_1p08v_125c.
**WARN: (SOCCTE-286):	Library scmetro_tsmc_cl013g_rvt_ss_1p08v_125c is not in the min library list.
**WARN: (SOCCTE-289):	set_driving_cell :  Use the cell in library scmetro_tsmc_cl013g_rvt_ss_1p08v_125c.
**WARN: (SOCCTE-286):	Library scmetro_tsmc_cl013g_rvt_ss_1p08v_125c is not in the min library list.
**WARN: (SOCCTE-289):	set_driving_cell :  Use the cell in library scmetro_tsmc_cl013g_rvt_ss_1p08v_125c.
**WARN: (SOCCTE-286):	Library scmetro_tsmc_cl013g_rvt_ss_1p08v_125c is not in the min library list.
**WARN: (SOCCTE-289):	set_driving_cell :  Use the cell in library scmetro_tsmc_cl013g_rvt_ss_1p08v_125c.
**WARN: (SOCCTE-286):	Library scmetro_tsmc_cl013g_rvt_ss_1p08v_125c is not in the min library list.
**WARN: (SOCCTE-289):	set_driving_cell :  Use the cell in library scmetro_tsmc_cl013g_rvt_ss_1p08v_125c.
**WARN: (SOCCTE-286):	Library scmetro_tsmc_cl013g_rvt_ss_1p08v_125c is not in the min library list.
**WARN: (SOCCTE-289):	set_driving_cell :  Use the cell in library scmetro_tsmc_cl013g_rvt_ss_1p08v_125c.
**WARN: (SOCCTE-286):	Library scmetro_tsmc_cl013g_rvt_ss_1p08v_125c is not in the min library list.
**WARN: (SOCCTE-289):	set_driving_cell :  Use the cell in library scmetro_tsmc_cl013g_rvt_ss_1p08v_125c.
**WARN: (EMS-27):	Message (SOCCTE-286) has exceeded the current message display limit of 20.
To increase the message display limit, refer to the product command reference manual.
**WARN: (EMS-27):	Message (SOCCTE-289) has exceeded the current message display limit of 20.
To increase the message display limit, refer to the product command reference manual.
INFO (CTE): read_dc_script finished with  1 WARNING
WARNING (CTE-25): Line: 8 of File /home/ahesham/Labs/Lab_PNR_1/dft/ALU_TOP_func.sdc : Skipped unsupported command: set_units


*** Read timing constraints (cpu=0:00:00.0 mem=282.2M) ***
*info - Done with setDoAssign with 3 assigns removed and 0 assigns could not be removed.
Total number of combinational cells: 433
Total number of sequential cells: 174
Total number of tristate cells: 10
Total number of level shifter cells: 0
Total number of power gating cells: 0
Total number of isolation cells: 0
Total number of power switch cells: 0
Total number of pulse generator cells: 0
Total number of always on buffers: 0
Total number of retention cells: 0
List of usable buffers: BUFX2M BUFX10M BUFX12M BUFX14M BUFX16M BUFX18M BUFX20M BUFX24M BUFX32M BUFX3M CLKBUFX1M BUFX4M BUFX5M BUFX6M BUFX8M CLKBUFX12M CLKBUFX16M CLKBUFX20M CLKBUFX24M CLKBUFX2M CLKBUFX3M CLKBUFX32M CLKBUFX40M CLKBUFX4M CLKBUFX6M CLKBUFX8M
Total number of usable buffers: 26
List of unusable buffers:
Total number of unusable buffers: 0
List of usable inverters: CLKINVX1M CLKINVX12M CLKINVX16M CLKINVX20M CLKINVX24M CLKINVX2M CLKINVX3M CLKINVX32M CLKINVX40M CLKINVX4M CLKINVX6M CLKINVX8M INVX10M INVX12M INVX14M INVX16M INVX18M INVX2M INVX1M INVX20M INVX24M INVX32M INVX4M INVX3M INVX6M INVX5M INVX8M INVXLM
Total number of usable inverters: 28
List of unusable inverters:
Total number of unusable inverters: 0
List of identified usable delay cells: DLY1X1M DLY1X4M DLY2X1M DLY2X4M DLY3X1M DLY3X4M DLY4X1M DLY4X4M
Total number of identified usable delay cells: 8
List of identified unusable delay cells:
Total number of identified unusable delay cells: 0
*info: set bottom ioPad orient R0
Set Using Default Delay Limit as 1000.
Set Default Net Delay as 1000 ps.
Set Default Net Load as 0.5 pF.
**WARN: (SOCDC-1159):	Invalid input transition time. The default 0.1ps input transition time will be used.
Set Input Pin Transition Delay as 0.1 ps.
Reading Capacitance Table File /home/ahesham/Labs/Lab_PNR_1/std_cells/captables/tsmc13fsg.capTbl ...
Cap Table was created using First Encounter 08.10-p004_1.
Process name: tsmc13fsg.
#WARNING (NRDB-21) The number of routing layer 7 in the database does not match with the value of 10 in the Extended Cap Table file.
<CMD> create_library_set -name min_library -timing "../std_cells/libs/scmetro_tsmc_cl013g_rvt_ff_1p32v_m40c.lib"
<CMD> create_library_set -name max_library -timing "../std_cells/libs/scmetro_tsmc_cl013g_rvt_ss_1p08v_125c.lib"
<CMD> create_library_set -name typ_library -timing "../std_cells/libs/scmetro_tsmc_cl013g_rvt_tt_1p2v_25c.lib"
<CMD> create_constraint_mode -name func_mode -sdc_files {../dft/ALU_TOP_func.sdc}
<CMD> create_rc_corner -name RCcorner -cap_table "../std_cells/captables/tsmc13fsg.capTbl"
<CMD> create_delay_corner -name min_corner -library_set min_library -rc_corner RCcorner
<CMD> create_delay_corner -name max_corner -library_set max_library -rc_corner RCcorner
<CMD> create_analysis_view -name setup1_analysis_view -delay_corner max_corner -constraint_mode func_mode
<CMD> create_analysis_view -name hold1_analysis_view  -delay_corner min_corner -constraint_mode func_mode
<CMD> set_analysis_view -setup {setup1_analysis_view} -hold {hold1_analysis_view}
Initializing multi-corner RC extraction with 1 active RC Corners ...
Reading Capacitance Table File ../std_cells/captables/tsmc13fsg.capTbl ...
Cap Table was created using First Encounter 08.10-p004_1.
Process name: tsmc13fsg.
#WARNING (NRDB-21) The number of routing layer 7 in the database does not match with the value of 10 in the Extended Cap Table file.
Importing multi-corner RC tables ... 
Summary of Active RC-Corners : 
 Analysis View: setup1_analysis_view
    RC-Corner Name        : RCcorner
    RC-Corner Index       : 0
    RC-Corner Temperature : 25 Celsius
    RC-Corner Cap Table   : '../std_cells/captables/tsmc13fsg.capTbl'
    RC-Corner Default Res. Factor      : 1
    RC-Corner Detail Res. Factor       : 1
    RC-Corner Default Cap. Factor      : 1
    RC-Corner Detail Cap. Factor       : 1
    RC-Corner Cross Cap. Factor        : 1
 Analysis View: hold1_analysis_view
    RC-Corner Name        : RCcorner
    RC-Corner Index       : 0
    RC-Corner Temperature : 25 Celsius
    RC-Corner Cap Table   : '../std_cells/captables/tsmc13fsg.capTbl'
    RC-Corner Default Res. Factor      : 1
    RC-Corner Detail Res. Factor       : 1
    RC-Corner Default Cap. Factor      : 1
    RC-Corner Detail Cap. Factor       : 1
    RC-Corner Cross Cap. Factor        : 1
*Info: initialize multi-corner CTS.
CTE reading timing constraint file '../dft/ALU_TOP_func.sdc' ...
**WARN: (TCLCMD-1014):	The SDC set_operating_conditions assertion is not supported. Please use the create_delay_corner command to specify the desired operating enviroment. Use the setAnalysisMode command to control single vs. bestCase/worstCase vs. on-chip variation timing analysis. (File ../dft/ALU_TOP_func.sdc, Line 9).

**WARN: (SOCCTE-286):	Library scmetro_tsmc_cl013g_rvt_ss_1p08v_125c is not in the min library list.
**WARN: (SOCCTE-289):	set_driving_cell :  Use the cell in library scmetro_tsmc_cl013g_rvt_ss_1p08v_125c.
**WARN: (SOCCTE-286):	Library scmetro_tsmc_cl013g_rvt_ss_1p08v_125c is not in the min library list.
**WARN: (SOCCTE-289):	set_driving_cell :  Use the cell in library scmetro_tsmc_cl013g_rvt_ss_1p08v_125c.
**WARN: (SOCCTE-286):	Library scmetro_tsmc_cl013g_rvt_ss_1p08v_125c is not in the min library list.
**WARN: (SOCCTE-289):	set_driving_cell :  Use the cell in library scmetro_tsmc_cl013g_rvt_ss_1p08v_125c.
**WARN: (SOCCTE-286):	Library scmetro_tsmc_cl013g_rvt_ss_1p08v_125c is not in the min library list.
**WARN: (SOCCTE-289):	set_driving_cell :  Use the cell in library scmetro_tsmc_cl013g_rvt_ss_1p08v_125c.
**WARN: (SOCCTE-286):	Library scmetro_tsmc_cl013g_rvt_ss_1p08v_125c is not in the min library list.
**WARN: (SOCCTE-289):	set_driving_cell :  Use the cell in library scmetro_tsmc_cl013g_rvt_ss_1p08v_125c.
**WARN: (SOCCTE-286):	Library scmetro_tsmc_cl013g_rvt_ss_1p08v_125c is not in the min library list.
**WARN: (SOCCTE-289):	set_driving_cell :  Use the cell in library scmetro_tsmc_cl013g_rvt_ss_1p08v_125c.
**WARN: (SOCCTE-286):	Library scmetro_tsmc_cl013g_rvt_ss_1p08v_125c is not in the min library list.
**WARN: (SOCCTE-289):	set_driving_cell :  Use the cell in library scmetro_tsmc_cl013g_rvt_ss_1p08v_125c.
**WARN: (SOCCTE-286):	Library scmetro_tsmc_cl013g_rvt_ss_1p08v_125c is not in the min library list.
**WARN: (SOCCTE-289):	set_driving_cell :  Use the cell in library scmetro_tsmc_cl013g_rvt_ss_1p08v_125c.
**WARN: (SOCCTE-286):	Library scmetro_tsmc_cl013g_rvt_ss_1p08v_125c is not in the min library list.
**WARN: (SOCCTE-289):	set_driving_cell :  Use the cell in library scmetro_tsmc_cl013g_rvt_ss_1p08v_125c.
**WARN: (SOCCTE-286):	Library scmetro_tsmc_cl013g_rvt_ss_1p08v_125c is not in the min library list.
**WARN: (SOCCTE-289):	set_driving_cell :  Use the cell in library scmetro_tsmc_cl013g_rvt_ss_1p08v_125c.
**WARN: (SOCCTE-286):	Library scmetro_tsmc_cl013g_rvt_ss_1p08v_125c is not in the min library list.
**WARN: (SOCCTE-289):	set_driving_cell :  Use the cell in library scmetro_tsmc_cl013g_rvt_ss_1p08v_125c.
**WARN: (SOCCTE-286):	Library scmetro_tsmc_cl013g_rvt_ss_1p08v_125c is not in the min library list.
**WARN: (SOCCTE-289):	set_driving_cell :  Use the cell in library scmetro_tsmc_cl013g_rvt_ss_1p08v_125c.
**WARN: (SOCCTE-286):	Library scmetro_tsmc_cl013g_rvt_ss_1p08v_125c is not in the min library list.
**WARN: (SOCCTE-289):	set_driving_cell :  Use the cell in library scmetro_tsmc_cl013g_rvt_ss_1p08v_125c.
**WARN: (SOCCTE-286):	Library scmetro_tsmc_cl013g_rvt_ss_1p08v_125c is not in the min library list.
**WARN: (SOCCTE-289):	set_driving_cell :  Use the cell in library scmetro_tsmc_cl013g_rvt_ss_1p08v_125c.
**WARN: (SOCCTE-286):	Library scmetro_tsmc_cl013g_rvt_ss_1p08v_125c is not in the min library list.
**WARN: (SOCCTE-289):	set_driving_cell :  Use the cell in library scmetro_tsmc_cl013g_rvt_ss_1p08v_125c.
**WARN: (SOCCTE-286):	Library scmetro_tsmc_cl013g_rvt_ss_1p08v_125c is not in the min library list.
**WARN: (SOCCTE-289):	set_driving_cell :  Use the cell in library scmetro_tsmc_cl013g_rvt_ss_1p08v_125c.
**WARN: (SOCCTE-286):	Library scmetro_tsmc_cl013g_rvt_ss_1p08v_125c is not in the min library list.
**WARN: (SOCCTE-289):	set_driving_cell :  Use the cell in library scmetro_tsmc_cl013g_rvt_ss_1p08v_125c.
**WARN: (SOCCTE-286):	Library scmetro_tsmc_cl013g_rvt_ss_1p08v_125c is not in the min library list.
**WARN: (SOCCTE-289):	set_driving_cell :  Use the cell in library scmetro_tsmc_cl013g_rvt_ss_1p08v_125c.
**WARN: (SOCCTE-286):	Library scmetro_tsmc_cl013g_rvt_ss_1p08v_125c is not in the min library list.
**WARN: (SOCCTE-289):	set_driving_cell :  Use the cell in library scmetro_tsmc_cl013g_rvt_ss_1p08v_125c.
**WARN: (SOCCTE-286):	Library scmetro_tsmc_cl013g_rvt_ss_1p08v_125c is not in the min library list.
**WARN: (SOCCTE-289):	set_driving_cell :  Use the cell in library scmetro_tsmc_cl013g_rvt_ss_1p08v_125c.
INFO (CTE): read_dc_script finished with  1 WARNING
WARNING (CTE-25): Line: 8 of File ../dft/ALU_TOP_func.sdc : Skipped unsupported command: set_units


CTE reading timing constraint file '../dft/ALU_TOP_func.sdc' ...
**WARN: (TCLCMD-1014):	The SDC set_operating_conditions assertion is not supported. Please use the create_delay_corner command to specify the desired operating enviroment. Use the setAnalysisMode command to control single vs. bestCase/worstCase vs. on-chip variation timing analysis. (File ../dft/ALU_TOP_func.sdc, Line 9).

INFO (CTE): read_dc_script finished with  1 WARNING
WARNING (CTE-25): Line: 8 of File ../dft/ALU_TOP_func.sdc : Skipped unsupported command: set_units


Total number of combinational cells: 433
Total number of sequential cells: 174
Total number of tristate cells: 10
Total number of level shifter cells: 0
Total number of power gating cells: 0
Total number of isolation cells: 0
Total number of power switch cells: 0
Total number of pulse generator cells: 0
Total number of always on buffers: 0
Total number of retention cells: 0
List of usable buffers: BUFX10M BUFX12M BUFX14M BUFX16M BUFX18M BUFX20M BUFX24M BUFX2M BUFX32M BUFX3M BUFX4M BUFX5M BUFX6M BUFX8M CLKBUFX12M CLKBUFX16M CLKBUFX1M CLKBUFX20M CLKBUFX24M CLKBUFX2M CLKBUFX32M CLKBUFX3M CLKBUFX40M CLKBUFX4M CLKBUFX6M CLKBUFX8M
Total number of usable buffers: 26
List of unusable buffers:
Total number of unusable buffers: 0
List of usable inverters: CLKINVX12M CLKINVX16M CLKINVX1M CLKINVX20M CLKINVX24M CLKINVX2M CLKINVX32M CLKINVX3M CLKINVX40M CLKINVX4M CLKINVX6M CLKINVX8M INVX10M INVX12M INVX14M INVX16M INVX18M INVX1M INVX20M INVX24M INVX2M INVX32M INVX3M INVX4M INVX5M INVX6M INVX8M INVXLM
Total number of usable inverters: 28
List of unusable inverters:
Total number of unusable inverters: 0
List of identified usable delay cells: DLY1X1M DLY1X4M DLY2X1M DLY2X4M DLY3X1M DLY3X4M DLY4X1M DLY4X4M
Total number of identified usable delay cells: 8
List of identified unusable delay cells:
Total number of identified unusable delay cells: 0
<CMD> floorPlan -d 120.13 120.13 3.0 3.0 3.0 3.0
Adjusting Core to Left to: 3.2800. Core to Bottom to: 3.2800.
<CMD> addRing -spacing_bottom 0.5 -width_left 1 -width_bottom 1 -width_top 1 -spacing_top 0.5 -layer_bottom METAL5 -center 1 -stacked_via_top_layer METAL7 -width_right 1 -around core -jog_distance 0.205 -offset_bottom 0.205 -layer_top METAL5 -threshold 0.205 -offset_left 0.205 -spacing_right 0.5 -spacing_left 0.5 -offset_right 0.205 -offset_top 0.205 -layer_right METAL6 -nets {VSS VDD } -stacked_via_bottom_layer METAL1 -layer_left METAL6

**WARN: (SOCPP-573):	The power planner detects a potential spacing violation. Run verifyGeometry to ensure DRC clean.
 	layer METAL5, area (60.00, 0.20) (60.20, 0.39)
**WARN: (SOCPP-573):	The power planner detects a potential spacing violation. Run verifyGeometry to ensure DRC clean.
 	layer METAL5, area (55.00, 0.20) (55.20, 0.39)
**WARN: (SOCPP-573):	The power planner detects a potential spacing violation. Run verifyGeometry to ensure DRC clean.
 	layer METAL5, area (50.00, 0.20) (50.20, 0.39)
**WARN: (SOCPP-573):	The power planner detects a potential spacing violation. Run verifyGeometry to ensure DRC clean.
 	layer METAL5, area (45.00, 0.20) (45.20, 0.39)
**WARN: (SOCPP-573):	The power planner detects a potential spacing violation. Run verifyGeometry to ensure DRC clean.
 	layer METAL5, area (40.00, 0.20) (40.20, 0.39)
**WARN: (SOCPP-573):	The power planner detects a potential spacing violation. Run verifyGeometry to ensure DRC clean.
 	layer METAL5, area (35.00, 0.20) (35.20, 0.39)
**WARN: (SOCPP-573):	The power planner detects a potential spacing violation. Run verifyGeometry to ensure DRC clean.
 	layer METAL5, area (30.00, 0.20) (30.20, 0.39)
**WARN: (SOCPP-573):	The power planner detects a potential spacing violation. Run verifyGeometry to ensure DRC clean.
 	layer METAL5, area (25.00, 0.20) (25.20, 0.39)
**WARN: (SOCPP-573):	The power planner detects a potential spacing violation. Run verifyGeometry to ensure DRC clean.
 	layer METAL5, area (65.00, 0.20) (65.20, 0.39)

The power planner created 8 wires.
**WARN: (SOCPP-582):	9 wires violate design rules.

<CMD> addStripe -block_ring_top_layer_limit METAL7 -max_same_layer_jog_length 0.8 -padcore_ring_bottom_layer_limit METAL5 -set_to_set_distance 40 -stacked_via_top_layer METAL7 -padcore_ring_top_layer_limit METAL7 -spacing 0.5 -merge_stripes_value 0.205 -layer METAL6 -block_ring_bottom_layer_limit METAL5 -width 1 -nets {VSS VDD } -stacked_via_bottom_layer METAL1
**WARN: (SOCPP-2008):	AddStripe option -remove_floating_stripe_over_block is ON so all fragmented stripes within a block will be removed.
  To turn OFF, setAddStripeOption -remove_floating_stripe_over_block 0.

Starting stripe generation ...
Stripe generation is complete.

The power planner created 6 wires.

<CMD> zoomBox -15.376 75.192 62.309 30.494
<CMD> selectWire 4.7800 0.3900 5.7800 118.9200 6 VDD
<CMD> deleteSelectedFromFPlan
<CMD> selectWire 3.2800 1.8900 4.2800 117.4200 6 VSS
<CMD> deleteSelectedFromFPlan
<CMD> sroute -connect { blockPin padPin padRing corePin floatingStripe } -layerChangeRange { 1 7 } -blockPinTarget { nearestRingStripe nearestTarget } -padPinPortConnect { allPort oneGeom } -checkAlignedSecondaryPin 1 -blockPin useLef -allowJogging 1 -crossoverViaBottomLayer 1 -allowLayerChange 1 -targetViaTopLayer 7 -crossoverViaTopLayer 7 -targetViaBottomLayer 1 -nets { VSS VDD }
No routing obstructions were found in the design.
*** Begin SPECIAL ROUTE on Tue Sep 16 20:44:52 2025 ***
Sroute/fcroute version 8.1.45 promoted on 09/01/2008.
SPECIAL ROUTE ran on directory: /home/ahesham/Labs/Lab_PNR_1/pnr
SPECIAL ROUTE ran on machine: localhost.localdomain (Linux 2.6.32-431.29.2.el6.x86_64 x86_64 2.89Ghz)

Begin option processing ...
(from .sroute_6600.conf) srouteConnectPowerBump set to false
(from .sroute_6600.conf) routeSelectNet set to "VSS VDD"
(from .sroute_6600.conf) routeSpecial set to true
(from .sroute_6600.conf) srouteCrossoverViaTopLayer set to 7
(from .sroute_6600.conf) srouteFollowCorePinEnd set to 3
(from .sroute_6600.conf) srouteFollowPadPin set to true
(from .sroute_6600.conf) srouteJogControl set to "preferWithChanges differentLayer"
(from .sroute_6600.conf) sroutePadPinAllPorts set to true
(from .sroute_6600.conf) sroutePreserveExistingRoutes set to true
(from .sroute_6600.conf) srouteTopLayerLimit set to 7
(from .sroute_6600.conf) srouteTopTargetLayerLimit set to 7
End option processing: cpu: 0:00:00, real: 0:00:00, peak: 469.00 megs.

Reading LEF technology information...
Reading floorplan and netlist information...
Finished reading floorplan and netlist information.
   **WARN: CORE MACRO ALU_TOP has no site specification
   A total of 1 warning.
Read in 15 layers, 7 routing layers, 1 overlap layer
Read in 633 macros, 69 used
Read in 68 components
  68 core components: 68 unplaced, 0 placed, 0 fixed
Read in 68 physical pins
  68 physical pins: 0 unplaced, 0 placed, 68 fixed
Read in 68 nets
Read in 2 special nets, 2 routed
Read in 68 terminals
2 nets selected.

Begin power routing ...
**WARN: (SOCSR-1253):	Net VDD does not have standard cells to be routed. Please check net list.
**WARN: (SOCSR-1254):	Net VDD does not have block pins to be routed. Please check net list.
**WARN: (SOCSR-1255):	Net VDD does not have pad pins to create pad ring. Please check net list or port class. (must NOT be CORE class and must not be AREAIO subclass). 
**WARN: (SOCSR-1256):	Net VDD does not have CORE class pad pins to be routed.
	Please check net list or port class.
Net VDD does not have AREAIO class pad pins to be routed.
	Please check net list or port class.
**WARN: (SOCSR-1253):	Net VSS does not have standard cells to be routed. Please check net list.
**WARN: (SOCSR-1254):	Net VSS does not have block pins to be routed. Please check net list.
**WARN: (SOCSR-1255):	Net VSS does not have pad pins to create pad ring. Please check net list or port class. (must NOT be CORE class and must not be AREAIO subclass). 
**WARN: (SOCSR-1256):	Net VSS does not have CORE class pad pins to be routed.
	Please check net list or port class.
Net VSS does not have AREAIO class pad pins to be routed.
	Please check net list or port class.
**WARN: (SOCSR-468):	No core cells defined in COMPONENTS section
 and/or   No core cells defined in SPECIALNETS VDD
**WARN: (SOCSR-468):	No core cells defined in COMPONENTS section
 and/or   No core cells defined in SPECIALNETS VDD
CPU time for FollowPin 0 seconds
**WARN: (SOCSR-468):	No core cells defined in COMPONENTS section
 and/or   No core cells defined in SPECIALNETS VSS
**WARN: (SOCSR-468):	No core cells defined in COMPONENTS section
 and/or   No core cells defined in SPECIALNETS VSS
CPU time for FollowPin 0 seconds
  Number of IO ports routed: 0
  Number of Block ports routed: 0
  Number of Stripe ports routed: 0
  Number of Core ports routed: 80
  Number of Pad ports routed: 0
  Number of Power Bump ports routed: 0
  Number of Followpin connections: 40
End power routing: cpu: 0:00:00, real: 0:00:00, peak: 479.00 megs.



 Begin updating DB with routing results ...
 Updating DB with 68 io pins ...
 Updating DB with 65 via definition ...Extracting standard cell pins and blockage ...... 
Pin and blockage extraction finished


sroute post-processing starts at Tue Sep 16 20:44:53 2025
The viaGen is rebuilding shadow vias for net VSS.
sroute post-processing ends at Tue Sep 16 20:44:53 2025

sroute post-processing starts at Tue Sep 16 20:44:53 2025
The viaGen is rebuilding shadow vias for net VDD.
sroute post-processing ends at Tue Sep 16 20:44:53 2025


sroute: Total CPU time used = 0:0:1
sroute: Total Real time used = 0:0:1
sroute: Total Memory used = 8.96 megs
sroute: Total Peak Memory used = 301.55 megs
<CMD> setDrawView fplan
<CMD> zoomBox -15.181 121.843 149.559 88.270
<CMD_INTERNAL> uiSetTool obstruct
<CMD> createObstruct 0.553 115.687 118.934 118.215
<CMD> zoomBox -8.154 9.023 130.626 -5.421
<CMD> createObstruct 0.052 0.026 119.896 3.418
<CMD_INTERNAL> uiSetTool select
<CMD> selectObstruct 0.0000 0.4100 119.7200 6.1500 defObstructName
<CMD> deleteSelectedFromFPlan
<CMD> zoomBox -1.921 5.154 18.198 -1.395
<CMD_INTERNAL> uiSetTool obstruct
<CMD> panPage 1 0
<CMD> panPage 1 0
<CMD> panPage 1 0
<CMD> panPage 1 0
<CMD> panPage 1 0
<CMD> panPage 1 0
<CMD> panPage 1 0
<CMD> panPage 1 0
<CMD> panPage 1 0
<CMD> panPage 1 0
<CMD> panPage 1 0
<CMD> panPage 1 0
<CMD> panPage -1 0
<CMD> panPage -1 0
<CMD> panPage -1 0
<CMD> panPage -1 0
<CMD> panPage -1 0
<CMD> panPage -1 0
<CMD> createObstruct 0.092 0.570 119.645 2.835
<CMD> placeDesign -inPlaceOpt -prePlaceOpt
*** Starting placeDesign concurrent flow ***
*** Start deleteBufferTree ***
Info: Detect buffers to remove automatically.
Analyzing netlist ...
Updating netlist
*summary: 38 instances (buffers/inverters) removed
*** Finish deleteBufferTree (0:00:00.2) ***
*** Starting "NanoPlace(TM) placement v0.845 (mem=311.1M)" ...
*** Build Buffered Sizing Timing Model (Used Compact Buffer Set) ...(cpu=0:00:13.0 mem=369.6M) ***
*** Build Virtual Sizing Timing Model
(cpu=0:00:13.0 mem=384.7M) ***
Options: timingDriven ignoreScan ignoreSpare pinGuide gpeffort=medium 
**WARN: (SOCDB-2082):	Scan chains were not defined, -ignoreScan option will be ignored. 
Please first define the scan chains before using this option.
**WARN: (SOCCTE-286):	Library scmetro_tsmc_cl013g_rvt_ss_1p08v_125c is not in the min library list.
**WARN: (SOCCTE-289):	set_driving_cell :  Use the cell in library scmetro_tsmc_cl013g_rvt_ss_1p08v_125c.
**WARN: (SOCCTE-286):	Library scmetro_tsmc_cl013g_rvt_ss_1p08v_125c is not in the min library list.
**WARN: (SOCCTE-289):	set_driving_cell :  Use the cell in library scmetro_tsmc_cl013g_rvt_ss_1p08v_125c.
**WARN: (SOCCTE-286):	Library scmetro_tsmc_cl013g_rvt_ss_1p08v_125c is not in the min library list.
**WARN: (SOCCTE-289):	set_driving_cell :  Use the cell in library scmetro_tsmc_cl013g_rvt_ss_1p08v_125c.
**WARN: (SOCCTE-286):	Library scmetro_tsmc_cl013g_rvt_ss_1p08v_125c is not in the min library list.
**WARN: (SOCCTE-289):	set_driving_cell :  Use the cell in library scmetro_tsmc_cl013g_rvt_ss_1p08v_125c.
**WARN: (SOCCTE-286):	Library scmetro_tsmc_cl013g_rvt_ss_1p08v_125c is not in the min library list.
**WARN: (SOCCTE-289):	set_driving_cell :  Use the cell in library scmetro_tsmc_cl013g_rvt_ss_1p08v_125c.
**WARN: (SOCCTE-286):	Library scmetro_tsmc_cl013g_rvt_ss_1p08v_125c is not in the min library list.
**WARN: (SOCCTE-289):	set_driving_cell :  Use the cell in library scmetro_tsmc_cl013g_rvt_ss_1p08v_125c.
**WARN: (SOCCTE-286):	Library scmetro_tsmc_cl013g_rvt_ss_1p08v_125c is not in the min library list.
**WARN: (SOCCTE-289):	set_driving_cell :  Use the cell in library scmetro_tsmc_cl013g_rvt_ss_1p08v_125c.
**WARN: (SOCCTE-286):	Library scmetro_tsmc_cl013g_rvt_ss_1p08v_125c is not in the min library list.
**WARN: (SOCCTE-289):	set_driving_cell :  Use the cell in library scmetro_tsmc_cl013g_rvt_ss_1p08v_125c.
**WARN: (SOCCTE-286):	Library scmetro_tsmc_cl013g_rvt_ss_1p08v_125c is not in the min library list.
**WARN: (SOCCTE-289):	set_driving_cell :  Use the cell in library scmetro_tsmc_cl013g_rvt_ss_1p08v_125c.
**WARN: (SOCCTE-286):	Library scmetro_tsmc_cl013g_rvt_ss_1p08v_125c is not in the min library list.
**WARN: (SOCCTE-289):	set_driving_cell :  Use the cell in library scmetro_tsmc_cl013g_rvt_ss_1p08v_125c.
**WARN: (SOCCTE-286):	Library scmetro_tsmc_cl013g_rvt_ss_1p08v_125c is not in the min library list.
**WARN: (SOCCTE-289):	set_driving_cell :  Use the cell in library scmetro_tsmc_cl013g_rvt_ss_1p08v_125c.
**WARN: (SOCCTE-286):	Library scmetro_tsmc_cl013g_rvt_ss_1p08v_125c is not in the min library list.
**WARN: (SOCCTE-289):	set_driving_cell :  Use the cell in library scmetro_tsmc_cl013g_rvt_ss_1p08v_125c.
**WARN: (SOCCTE-286):	Library scmetro_tsmc_cl013g_rvt_ss_1p08v_125c is not in the min library list.
**WARN: (SOCCTE-289):	set_driving_cell :  Use the cell in library scmetro_tsmc_cl013g_rvt_ss_1p08v_125c.
**WARN: (SOCCTE-286):	Library scmetro_tsmc_cl013g_rvt_ss_1p08v_125c is not in the min library list.
**WARN: (SOCCTE-289):	set_driving_cell :  Use the cell in library scmetro_tsmc_cl013g_rvt_ss_1p08v_125c.
**WARN: (SOCCTE-286):	Library scmetro_tsmc_cl013g_rvt_ss_1p08v_125c is not in the min library list.
**WARN: (SOCCTE-289):	set_driving_cell :  Use the cell in library scmetro_tsmc_cl013g_rvt_ss_1p08v_125c.
**WARN: (SOCCTE-286):	Library scmetro_tsmc_cl013g_rvt_ss_1p08v_125c is not in the min library list.
**WARN: (SOCCTE-289):	set_driving_cell :  Use the cell in library scmetro_tsmc_cl013g_rvt_ss_1p08v_125c.
**WARN: (SOCCTE-286):	Library scmetro_tsmc_cl013g_rvt_ss_1p08v_125c is not in the min library list.
**WARN: (SOCCTE-289):	set_driving_cell :  Use the cell in library scmetro_tsmc_cl013g_rvt_ss_1p08v_125c.
**WARN: (SOCCTE-286):	Library scmetro_tsmc_cl013g_rvt_ss_1p08v_125c is not in the min library list.
**WARN: (SOCCTE-289):	set_driving_cell :  Use the cell in library scmetro_tsmc_cl013g_rvt_ss_1p08v_125c.
**WARN: (SOCCTE-286):	Library scmetro_tsmc_cl013g_rvt_ss_1p08v_125c is not in the min library list.
**WARN: (SOCCTE-289):	set_driving_cell :  Use the cell in library scmetro_tsmc_cl013g_rvt_ss_1p08v_125c.
**WARN: (SOCCTE-286):	Library scmetro_tsmc_cl013g_rvt_ss_1p08v_125c is not in the min library list.
**WARN: (SOCCTE-289):	set_driving_cell :  Use the cell in library scmetro_tsmc_cl013g_rvt_ss_1p08v_125c.
***Info:set default view from current views (1 active views)****
Initializing multi-corner RC extraction with 1 active RC Corners ...
Cleaning up the current multi-corner RC extraction setup...
Reading Capacitance Table File ../std_cells/captables/tsmc13fsg.capTbl ...
Cap Table was created using First Encounter 08.10-p004_1.
Process name: tsmc13fsg.
#WARNING (NRDB-21) The number of routing layer 7 in the database does not match with the value of 10 in the Extended Cap Table file.
Importing multi-corner RC tables ... 
Summary of Active RC-Corners : 
 Analysis View: setup1_analysis_view
    RC-Corner Name        : RCcorner
    RC-Corner Index       : 0
    RC-Corner Temperature : 25 Celsius
    RC-Corner Cap Table   : '../std_cells/captables/tsmc13fsg.capTbl'
    RC-Corner Default Res. Factor      : 1
    RC-Corner Detail Res. Factor       : 1
    RC-Corner Default Cap. Factor      : 1
    RC-Corner Detail Cap. Factor       : 1
    RC-Corner Cross Cap. Factor        : 1
 Analysis View: hold1_analysis_view
    RC-Corner Name        : RCcorner
    RC-Corner Index       : 0
    RC-Corner Temperature : 25 Celsius
    RC-Corner Cap Table   : '../std_cells/captables/tsmc13fsg.capTbl'
    RC-Corner Default Res. Factor      : 1
    RC-Corner Detail Res. Factor       : 1
    RC-Corner Default Cap. Factor      : 1
    RC-Corner Detail Cap. Factor       : 1
    RC-Corner Cross Cap. Factor        : 1
CTE reading timing constraint file '../dft/ALU_TOP_func.sdc' ...
**WARN: (TCLCMD-1014):	The SDC set_operating_conditions assertion is not supported. Please use the create_delay_corner command to specify the desired operating enviroment. Use the setAnalysisMode command to control single vs. bestCase/worstCase vs. on-chip variation timing analysis. (File ../dft/ALU_TOP_func.sdc, Line 9).

INFO (CTE): read_dc_script finished with  1 WARNING
WARNING (CTE-25): Line: 8 of File ../dft/ALU_TOP_func.sdc : Skipped unsupported command: set_units


CTE reading timing constraint file '../dft/ALU_TOP_func.sdc' ...
**WARN: (TCLCMD-1014):	The SDC set_operating_conditions assertion is not supported. Please use the create_delay_corner command to specify the desired operating enviroment. Use the setAnalysisMode command to control single vs. bestCase/worstCase vs. on-chip variation timing analysis. (File ../dft/ALU_TOP_func.sdc, Line 9).

INFO (CTE): read_dc_script finished with  1 WARNING
WARNING (CTE-25): Line: 8 of File ../dft/ALU_TOP_func.sdc : Skipped unsupported command: set_units


#std cell=592 #block=0 (0 floating + 0 preplaced) #ioInst=0 #net=695 #term=2165 #term/net=3.12, #fixedIo=0, #floatIo=0, #fixedPin=68, #floatPin=0
stdCell: 592 single + 0 double + 0 multi
Total standard cell length = 2.6412 (mm), area = 0.0076 (mm^2)
Average module density = 0.596.
Density for the design = 0.596.
       = stdcell_area 6442 (7580 um^2) / alloc_area 10803 (12712 um^2).
Pin Density = 0.336.
            = total # of pins 2165 / total Instance area 6442.
Identified 1 spare or floating instance, with no clusters.
Iteration  1: Total net bbox = 8.060e+03 (4.31e+03 3.75e+03)
              Est.  stn bbox = 8.060e+03 (4.31e+03 3.75e+03)
              cpu = 0:00:00.0 real = 0:00:00.0 mem = 388.1M
Iteration  2: Total net bbox = 8.060e+03 (4.31e+03 3.75e+03)
              Est.  stn bbox = 8.060e+03 (4.31e+03 3.75e+03)
              cpu = 0:00:00.0 real = 0:00:00.0 mem = 388.1M
Iteration  3: Total net bbox = 8.089e+03 (4.33e+03 3.76e+03)
              Est.  stn bbox = 8.089e+03 (4.33e+03 3.76e+03)
              cpu = 0:00:00.0 real = 0:00:00.0 mem = 388.1M
Iteration  4: Total net bbox = 1.009e+04 (4.49e+03 5.60e+03)
              Est.  stn bbox = 1.009e+04 (4.49e+03 5.60e+03)
              cpu = 0:00:00.0 real = 0:00:00.0 mem = 388.1M
Iteration  5: Total net bbox = 1.174e+04 (5.66e+03 6.07e+03)
              Est.  stn bbox = 1.174e+04 (5.66e+03 6.07e+03)
              cpu = 0:00:00.0 real = 0:00:00.0 mem = 388.1M
Iteration  6: Total net bbox = 1.209e+04 (5.75e+03 6.34e+03)
              Est.  stn bbox = 1.209e+04 (5.75e+03 6.34e+03)
              cpu = 0:00:00.0 real = 0:00:00.0 mem = 388.1M
Iteration  7: Total net bbox = 1.239e+04 (5.83e+03 6.56e+03)
              Est.  stn bbox = 1.239e+04 (5.83e+03 6.56e+03)
              cpu = 0:00:00.0 real = 0:00:00.0 mem = 388.1M
Iteration  8: Total net bbox = 1.267e+04 (5.89e+03 6.79e+03)
              Est.  stn bbox = 1.267e+04 (5.89e+03 6.79e+03)
              cpu = 0:00:00.0 real = 0:00:00.0 mem = 388.1M
Iteration  9: Total net bbox = 1.288e+04 (6.05e+03 6.82e+03)
              Est.  stn bbox = 1.288e+04 (6.05e+03 6.82e+03)
              cpu = 0:00:00.0 real = 0:00:00.0 mem = 388.1M
Iteration 10: Total net bbox = 1.344e+04 (6.60e+03 6.84e+03)
              Est.  stn bbox = 1.606e+04 (7.89e+03 8.17e+03)
              cpu = 0:00:00.0 real = 0:00:01.0 mem = 387.8M
Iteration 11: Total net bbox = 1.344e+04 (6.60e+03 6.84e+03)
              Est.  stn bbox = 1.606e+04 (7.89e+03 8.17e+03)
              cpu = 0:00:00.0 real = 0:00:00.0 mem = 387.8M
Iteration 12: Total net bbox = 1.455e+04 (7.62e+03 6.93e+03)
              Est.  stn bbox = 1.720e+04 (8.94e+03 8.25e+03)
              cpu = 0:00:00.0 real = 0:00:00.0 mem = 387.8M
*** cost = 1.455e+04 (7.62e+03 6.93e+03) (cpu for global=0:00:00.0) real=0:00:01.0***
Core Placement runtime cpu: 0:00:00.0 real: 0:00:00.0
Starting refinePlace ...
Placement tweakage begins.
wire length = 1.458e+04 = 7.639e+03 H + 6.944e+03 V
wire length = 1.322e+04 = 6.344e+03 H + 6.880e+03 V
Placement tweakage ends.
Statistics of distance of Instance movement in detailed placement:
  maximum (X+Y) =        42.23 um
  inst (U0_ARITHMETIC_UNIT/div_63/U43) with max move: (43.05, 49.2) -> (3.69, 46.33)
  mean    (X+Y) =         5.98 um
Total instances flipped : 6
Total instances moved : 282
*** cpu=0:00:00.0   mem=375.4M  mem(used)=0.0M***
Total net length = 1.317e+04 (6.349e+03 6.819e+03) (ext = 3.582e+03)
*** End of Placement (cpu=0:00:13.0, real=0:00:10.0, mem=375.4M) ***
default core: bins with density >  0.75 = 12.5 % ( 2 / 16 )
*** Free Virtual Timing Model ...(mem=375.4M)
Starting IO pin assignment...
Initializing multi-corner RC extraction with 1 active RC Corners ...
Cleaning up the current multi-corner RC extraction setup...
Reading Capacitance Table File ../std_cells/captables/tsmc13fsg.capTbl ...
Cap Table was created using First Encounter 08.10-p004_1.
Process name: tsmc13fsg.
#WARNING (NRDB-21) The number of routing layer 7 in the database does not match with the value of 10 in the Extended Cap Table file.
Importing multi-corner RC tables ... 
Summary of Active RC-Corners : 
 Analysis View: setup1_analysis_view
    RC-Corner Name        : RCcorner
    RC-Corner Index       : 0
    RC-Corner Temperature : 25 Celsius
    RC-Corner Cap Table   : '../std_cells/captables/tsmc13fsg.capTbl'
    RC-Corner Default Res. Factor      : 1
    RC-Corner Detail Res. Factor       : 1
    RC-Corner Default Cap. Factor      : 1
    RC-Corner Detail Cap. Factor       : 1
    RC-Corner Cross Cap. Factor        : 1
 Analysis View: hold1_analysis_view
    RC-Corner Name        : RCcorner
    RC-Corner Index       : 0
    RC-Corner Temperature : 25 Celsius
    RC-Corner Cap Table   : '../std_cells/captables/tsmc13fsg.capTbl'
    RC-Corner Default Res. Factor      : 1
    RC-Corner Detail Res. Factor       : 1
    RC-Corner Default Cap. Factor      : 1
    RC-Corner Detail Cap. Factor       : 1
    RC-Corner Cross Cap. Factor        : 1
CTE reading timing constraint file '../dft/ALU_TOP_func.sdc' ...
**WARN: (TCLCMD-1014):	The SDC set_operating_conditions assertion is not supported. Please use the create_delay_corner command to specify the desired operating enviroment. Use the setAnalysisMode command to control single vs. bestCase/worstCase vs. on-chip variation timing analysis. (File ../dft/ALU_TOP_func.sdc, Line 9).

INFO (CTE): read_dc_script finished with  1 WARNING
WARNING (CTE-25): Line: 8 of File ../dft/ALU_TOP_func.sdc : Skipped unsupported command: set_units


CTE reading timing constraint file '../dft/ALU_TOP_func.sdc' ...
**WARN: (TCLCMD-1014):	The SDC set_operating_conditions assertion is not supported. Please use the create_delay_corner command to specify the desired operating enviroment. Use the setAnalysisMode command to control single vs. bestCase/worstCase vs. on-chip variation timing analysis. (File ../dft/ALU_TOP_func.sdc, Line 9).

INFO (CTE): read_dc_script finished with  1 WARNING
WARNING (CTE-25): Line: 8 of File ../dft/ALU_TOP_func.sdc : Skipped unsupported command: set_units


Total number of combinational cells: 433
Total number of sequential cells: 174
Total number of tristate cells: 10
Total number of level shifter cells: 0
Total number of power gating cells: 0
Total number of isolation cells: 0
Total number of power switch cells: 0
Total number of pulse generator cells: 0
Total number of always on buffers: 0
Total number of retention cells: 0
List of usable buffers: BUFX10M BUFX12M BUFX14M BUFX16M BUFX18M BUFX20M BUFX24M BUFX2M BUFX32M BUFX3M BUFX4M BUFX5M BUFX6M BUFX8M CLKBUFX12M CLKBUFX16M CLKBUFX1M CLKBUFX20M CLKBUFX24M CLKBUFX2M CLKBUFX32M CLKBUFX3M CLKBUFX40M CLKBUFX4M CLKBUFX6M CLKBUFX8M
Total number of usable buffers: 26
List of unusable buffers:
Total number of unusable buffers: 0
List of usable inverters: CLKINVX12M CLKINVX16M CLKINVX1M CLKINVX20M CLKINVX24M CLKINVX2M CLKINVX32M CLKINVX3M CLKINVX40M CLKINVX4M CLKINVX6M CLKINVX8M INVX10M INVX12M INVX14M INVX16M INVX18M INVX1M INVX20M INVX24M INVX2M INVX32M INVX3M INVX4M INVX5M INVX6M INVX8M INVXLM
Total number of usable inverters: 28
List of unusable inverters:
Total number of unusable inverters: 0
List of identified usable delay cells: DLY1X1M DLY1X4M DLY2X1M DLY2X4M DLY3X1M DLY3X4M DLY4X1M DLY4X4M
Total number of identified usable delay cells: 8
List of identified unusable delay cells:
Total number of identified unusable delay cells: 0
***Info:reseting back to current views is done ****
**WARN: (SOCSP-9025):	No scan chain specified/traced.
setAnalysisMode  -domain allClockDomain -checkType setup -skew true -usefulSkew false -log true -warn true -caseAnalysis true -sequentialConstProp false -moduleIOCstr true -clockPropagation forcedIdeal -clkSrcPath false -timingSelfLoopsNoSkew false -asyncChecks async -useOutputPinCap true -latch true -latchDelayCalIteration 2 -timeBorrowing true -latchFullDelayCal false -clockGatingCheck true -enableMultipleDriveNet true -analysisType bcWc -cppr false -clkNetsMarking beforeConstProp -honorVirtualPartition false -honorClockDomains true
**optDesign ... cpu = 0:00:00, real = 0:00:00, mem = 375.4M **
Added -handlePreroute to trialRouteMode
*** optDesign -preCTS ***
DRC Margin: user margin 0.0; extra margin 0.2
Setup Target Slack: user slack 0.0; extra slack 0.1
Hold Target Slack: user slack 0.0
*info: Setting setup target slack to 0.100
*info: Hold target slack is 0.000
*** CTE mode ***
*** Starting trialRoute (mem=375.4M) ***

There are 0 pin guide points passed to trialRoute.
Options:  -handlePreroute -noPinGuide

Nr of prerouted/Fixed nets = 0
routingBox: (0 0) (240260 240260)
coreBox:    (6560 6560) (234260 234260)
Number of multi-gpin terms=78, multi-gpins=184, moved blk term=0/42

Phase 1a route (0:00:00.0 375.4M):
Est net length = 1.528e+04um = 7.499e+03H + 7.785e+03V
Usage: (11.0%H 13.8%V) = (9.153e+03um 1.282e+04um) = (4397 4452)
Obstruct: 111 = 0 (0.0%H) + 111 (4.7%V)
Overflow: 1 = 0 (0.00% H) + 1 (0.04% V)
Number obstruct path=10 reroute=0

Phase 1b route (0:00:00.0 375.4M):
Usage: (11.0%H 13.8%V) = (9.163e+03um 1.284e+04um) = (4402 4459)
Overflow: 1 = 0 (0.00% H) + 1 (0.04% V)

Phase 1c route (0:00:00.0 375.4M):
Usage: (10.9%H 13.8%V) = (9.124e+03um 1.282e+04um) = (4383 4453)
Overflow: 1 = 0 (0.00% H) + 1 (0.04% V)

Phase 1d route (0:00:00.0 375.4M):
Usage: (10.9%H 13.8%V) = (9.124e+03um 1.282e+04um) = (4383 4453)
Overflow: 1 = 0 (0.00% H) + 1 (0.04% V)

Phase 1e route (0:00:00.0 375.4M):
Usage: (10.9%H 13.8%V) = (9.124e+03um 1.282e+04um) = (4383 4453)
Overflow: 1 = 0 (0.00% H) + 1 (0.04% V)

Usage: (10.9%H 13.8%V) = (9.124e+03um 1.282e+04um) = (4383 4453)
Overflow: 1 = 0 (0.00% H) + 1 (0.04% V)

Congestion distribution:

Remain	cntH		cntV
--------------------------------------
 -1:	0	 0.00%	1	 0.04%
--------------------------------------
  0:	0	 0.00%	4	 0.18%
  1:	0	 0.00%	9	 0.40%
  2:	0	 0.00%	20	 0.90%
  3:	0	 0.00%	14	 0.63%
  4:	0	 0.00%	19	 0.85%
  5:	0	 0.00%	32	 1.44%
  6:	0	 0.00%	28	 1.26%
  7:	2	 0.09%	10	 0.45%
  8:	2	 0.09%	27	 1.21%
  9:	12	 0.51%	63	 2.83%
 10:	42	 1.80%	110	 4.94%
 11:	63	 2.70%	207	 9.30%
 12:	110	 4.71%	334	15.00%
 13:	194	 8.30%	406	18.24%
 14:	309	13.22%	429	19.27%
 15:	471	20.15%	428	19.23%
 16:	478	20.45%	27	 1.21%
 17:	384	16.43%	37	 1.66%
 18:	213	 9.11%	21	 0.94%
 19:	1	 0.04%	0	 0.00%
 20:	56	 2.40%	0	 0.00%


*** Memory Usage v0.144 (Current mem = 375.387M, initial mem = 62.238M) ***
Phase 1l route (0:00:00.0 375.4M):


*** After '-updateRemainTrks' operation: 

Usage: (11.1%H 14.2%V) = (9.219e+03um 1.324e+04um) = (4444 4596)
Overflow: 3 = 0 (0.00% H) + 3 (0.12% V)

Congestion distribution:

Remain	cntH		cntV
--------------------------------------
 -3:	0	 0.00%	1	 0.04%
 -1:	0	 0.00%	1	 0.04%
--------------------------------------
  0:	0	 0.00%	3	 0.13%
  1:	0	 0.00%	10	 0.45%
  2:	0	 0.00%	19	 0.85%
  3:	0	 0.00%	15	 0.67%
  4:	0	 0.00%	21	 0.94%
  5:	0	 0.00%	32	 1.44%
  6:	1	 0.04%	31	 1.39%
  7:	1	 0.04%	11	 0.49%
  8:	3	 0.13%	34	 1.53%
  9:	17	 0.73%	62	 2.79%
 10:	42	 1.80%	114	 5.12%
 11:	67	 2.87%	206	 9.25%
 12:	94	 4.02%	322	14.47%
 13:	202	 8.64%	406	18.24%
 14:	326	13.95%	431	19.36%
 15:	464	19.85%	423	19.00%
 16:	472	20.20%	26	 1.17%
 17:	382	16.35%	37	 1.66%
 18:	209	 8.94%	21	 0.94%
 19:	1	 0.04%	0	 0.00%
 20:	56	 2.40%	0	 0.00%



*** Completed Phase 1 route (0:00:00.0 375.4M) ***


Total length: 1.576e+04um, number of vias: 4193
M1(H) length: 0.000e+00um, number of vias: 2097
M2(V) length: 6.404e+03um, number of vias: 1850
M3(H) length: 7.104e+03um, number of vias: 215
M4(V) length: 1.935e+03um, number of vias: 31
M5(H) length: 3.145e+02um, number of vias: 0
M6(V) length: 0.000e+00um, number of vias: 0
M7(H) length: 0.000e+00um
*** Completed Phase 2 route (0:00:00.0 375.4M) ***

*** Finished all Phases (cpu=0:00:00.0 mem=375.4M) ***
Peak Memory Usage was 375.4M 
*** Finished trialRoute (cpu=0:00:00.0 mem=375.4M) ***

Default RC Extraction called for design ALU_TOP.
RC Extraction called in multi-corner(1) mode.
RCMode: Default
      RC Corner Indexes            0   
Capacitance Scaling Factor   : 1.00000 
Coupling Cap. Scaling Factor : 1.00000 
Resistance Scaling Factor    : 1.00000 
Shrink Factor                : 1.00000
Default RC extraction is honoring NDR/Shielding/ExtraSpace for clock nets.
Using detail cap. scale factor for clock nets.
Initializing multi-corner capacitance tables ... 
Initializing multi-corner resistance tables ...
Default RC Extraction DONE (CPU Time: 0:00:00.0  Real Time: 0:00:01.0  MEM: 375.387M)
Calculate delays in BcWc mode...
Topological Sorting (CPU = 0:00:00.0, MEM = 375.4M)
Number of Loop : 0
Start delay calculation (mem=375.387M)...
Delay calculation completed.
(0:00:00.0 375.387M 80)
*** CDM Built up (cpu=0:00:00.0  mem= 375.4M) ***
*info: Start fixing DRV (Mem = 375.39M) ...
*info: Options = -maxCap -maxTran -noMaxFanout -sensitivity -backward -reduceBuffer -maxIter 1
*info: Start fixing DRV iteration 1 ...
*** Starting dpFixDRCViolation (375.4M)
*info: 2 clock nets excluded
*info: 2 special nets excluded.
*info: 22 no-driver nets excluded.
*** Starting multi-driver net buffering ***
*summary: 0 non-ignored multi-driver nets.
*** Finished buffering multi-driver nets (CPU=0:00:00.0, MEM=375.4M) ***
*info: There are 80 candidate Buffer cells
*info: There are 80 candidate Inverter cells
Initializing placement sections/sites ...
Density before buffering = 0.596316
Start fixing design rules ... (0:00:00.0 375.4M)
Done fixing design rule (0:00:00.0 375.4M)

Summary:
80 buffers added on 40 nets (with 41 drivers resized)

Density after buffering = 0.671388
*** Completed dpFixDRCViolation (0:00:00.0 375.4M)

*** Starting trialRoute (mem=375.4M) ***

There are 0 pin guide points passed to trialRoute.
Options:  -handlePreroute -keepMarkedOptRoutes -noPinGuide

Nr of prerouted/Fixed nets = 0
routingBox: (0 0) (240260 240260)
coreBox:    (6560 6560) (234260 234260)
Number of multi-gpin terms=126, multi-gpins=302, moved blk term=0/43

Phase 1a route (0:00:00.0 375.4M):
Est net length = 1.541e+04um = 7.624e+03H + 7.785e+03V
Usage: (11.2%H 14.2%V) = (9.367e+03um 1.326e+04um) = (4501 4605)
Obstruct: 111 = 0 (0.0%H) + 111 (4.7%V)
Overflow: 2 = 0 (0.00% H) + 2 (0.09% V)
Number obstruct path=10 reroute=0

Phase 1b route (0:00:00.0 375.4M):
Usage: (11.2%H 14.3%V) = (9.379e+03um 1.328e+04um) = (4507 4612)
Overflow: 2 = 0 (0.00% H) + 2 (0.09% V)

Phase 1c route (0:00:00.0 375.4M):
Usage: (11.2%H 14.2%V) = (9.342e+03um 1.326e+04um) = (4489 4605)
Overflow: 1 = 0 (0.00% H) + 1 (0.04% V)

Phase 1d route (0:00:00.0 375.4M):
Usage: (11.2%H 14.2%V) = (9.342e+03um 1.326e+04um) = (4489 4605)
Overflow: 1 = 0 (0.00% H) + 1 (0.04% V)

Phase 1e route (0:00:00.0 375.4M):
Usage: (11.2%H 14.2%V) = (9.342e+03um 1.326e+04um) = (4489 4605)
Overflow: 1 = 0 (0.00% H) + 1 (0.04% V)

Usage: (11.2%H 14.2%V) = (9.342e+03um 1.326e+04um) = (4489 4605)
Overflow: 1 = 0 (0.00% H) + 1 (0.04% V)

Congestion distribution:

Remain	cntH		cntV
--------------------------------------
 -1:	0	 0.00%	1	 0.04%
--------------------------------------
  0:	0	 0.00%	5	 0.22%
  1:	0	 0.00%	9	 0.40%
  2:	0	 0.00%	21	 0.94%
  3:	0	 0.00%	14	 0.63%
  4:	0	 0.00%	19	 0.85%
  5:	0	 0.00%	32	 1.44%
  6:	0	 0.00%	26	 1.17%
  7:	2	 0.09%	10	 0.45%
  8:	2	 0.09%	27	 1.21%
  9:	10	 0.43%	64	 2.88%
 10:	28	 1.20%	113	 5.08%
 11:	80	 3.42%	223	10.02%
 12:	112	 4.79%	350	15.72%
 13:	196	 8.39%	418	18.78%
 14:	311	13.31%	404	18.15%
 15:	481	20.58%	407	18.28%
 16:	506	21.65%	29	 1.30%
 17:	397	16.99%	36	 1.62%
 18:	155	 6.63%	18	 0.81%
 19:	1	 0.04%	0	 0.00%
 20:	56	 2.40%	0	 0.00%

Using detail cap. scale factor for clock nets.
Initializing multi-corner capacitance tables ... 
Initializing multi-corner resistance tables ...

*** Memory Usage v0.144 (Current mem = 375.387M, initial mem = 62.238M) ***
Phase 1l route (0:00:00.0 375.4M):


*** After '-updateRemainTrks' operation: 

Usage: (11.3%H 14.6%V) = (9.437e+03um 1.359e+04um) = (4550 4721)
Overflow: 3 = 0 (0.00% H) + 3 (0.12% V)

Congestion distribution:

Remain	cntH		cntV
--------------------------------------
 -3:	0	 0.00%	1	 0.04%
 -1:	0	 0.00%	1	 0.04%
--------------------------------------
  0:	0	 0.00%	4	 0.18%
  1:	0	 0.00%	10	 0.45%
  2:	0	 0.00%	19	 0.85%
  3:	0	 0.00%	17	 0.76%
  4:	0	 0.00%	21	 0.94%
  5:	0	 0.00%	30	 1.35%
  6:	1	 0.04%	30	 1.35%
  7:	1	 0.04%	11	 0.49%
  8:	3	 0.13%	33	 1.48%
  9:	11	 0.47%	63	 2.83%
 10:	34	 1.45%	116	 5.21%
 11:	82	 3.51%	214	 9.61%
 12:	96	 4.11%	338	15.18%
 13:	203	 8.69%	426	19.14%
 14:	329	14.08%	407	18.28%
 15:	473	20.24%	402	18.06%
 16:	504	21.57%	29	 1.30%
 17:	393	16.82%	36	 1.62%
 18:	150	 6.42%	18	 0.81%
 19:	1	 0.04%	0	 0.00%
 20:	56	 2.40%	0	 0.00%



*** Completed Phase 1 route (0:00:00.0 375.4M) ***


Total length: 1.591e+04um, number of vias: 4442
M1(H) length: 0.000e+00um, number of vias: 2257
M2(V) length: 6.495e+03um, number of vias: 1938
M3(H) length: 7.192e+03um, number of vias: 216
M4(V) length: 1.909e+03um, number of vias: 31
M5(H) length: 3.153e+02um, number of vias: 0
M6(V) length: 0.000e+00um, number of vias: 0
M7(H) length: 0.000e+00um
*** Completed Phase 2 route (0:00:00.0 375.4M) ***

*** Finished all Phases (cpu=0:00:00.0 mem=375.4M) ***
Peak Memory Usage was 375.4M 
*** Finished trialRoute (cpu=0:00:00.0 mem=375.4M) ***

Default RC Extraction called for design ALU_TOP.
RC Extraction called in multi-corner(1) mode.
RCMode: Default
      RC Corner Indexes            0   
Capacitance Scaling Factor   : 1.00000 
Coupling Cap. Scaling Factor : 1.00000 
Resistance Scaling Factor    : 1.00000 
Shrink Factor                : 1.00000
Default RC extraction is honoring NDR/Shielding/ExtraSpace for clock nets.
Using detail cap. scale factor for clock nets.
Initializing multi-corner capacitance tables ... 
Initializing multi-corner resistance tables ...
Default RC Extraction DONE (CPU Time: 0:00:00.0  Real Time: 0:00:00.0  MEM: 375.387M)
Calculate delays in BcWc mode...
Topological Sorting (CPU = 0:00:00.0, MEM = 375.4M)
Number of Loop : 0
Start delay calculation (mem=375.387M)...
Delay calculation completed.
(0:00:00.0 375.387M 80)
*** CDM Built up (cpu=0:00:00.0  mem= 375.4M) ***
*info: DRV Fixing Iteration 1.
*info: Remaining violations:
*info:   Max cap violations:    40
*info:   Max tran violations:   40
*info:   Prev Max cap violations:    41
*info:   Prev Max tran violations:   97
*info:
*info: Completed fixing DRV (CPU Time = 0:00:00, Mem = 375.39M).
**optDesign ... cpu = 0:00:00, real = 0:00:01, mem = 375.4M **
*** Starting optFanout (375.4M)
*info: 2 clock nets excluded
*info: 2 special nets excluded.
*info: 22 no-driver nets excluded.
*** Starting multi-driver net buffering ***
*summary: 0 non-ignored multi-driver nets.
*** Finished buffering multi-driver nets (CPU=0:00:00.0, MEM=375.4M) ***
Start fixing timing ... (0:00:00.0 375.4M)
*info: Buffered 0 large fanout net (> 100 terms)
Done fixing timing (0:00:00.0 375.4M)

Summary:
0 buffer added on 0 net (with 0 driver resized)

Density after buffering = 0.671388
*** Completed optFanout (0:00:00.0 375.4M)

**optDesign ... cpu = 0:00:00, real = 0:00:01, mem = 375.4M **
*** Timing Is met
*** Check timing (0:00:00.0)
************ Recovering area ***************
Info: 2 clock nets excluded from IPO operation.
*** Starting Area Reclaim ***
** Density before area reclaim = 67.139% **

*** starting 1-st reclaim pass: 629 instances 
*** starting 2-nd reclaim pass: 329 instances 
*** starting 3-rd reclaim pass: 78 instances 
*** starting 4-th reclaim pass: 78 instances 


** Area Reclaim Summary: Buffer Deletion = 0 Declone = 0 Downsize = 160 **
** Density Change = 5.897% **
** Density after area reclaim = 61.242% **
*** Finished Area Reclaim (0:00:00.0) ***
density before resizing = 61.242%
* summary of transition time violation fixes:
*summary:      1 instance  changed cell type
density after resizing = 61.261%
*** Starting trialRoute (mem=375.4M) ***

There are 0 pin guide points passed to trialRoute.
Options:  -handlePreroute -keepMarkedOptRoutes -noPinGuide

Nr of prerouted/Fixed nets = 0
routingBox: (0 0) (240260 240260)
coreBox:    (6560 6560) (234260 234260)
Number of multi-gpin terms=64, multi-gpins=141, moved blk term=0/43

Phase 1a route (0:00:00.0 375.4M):
Est net length = 1.566e+04um = 7.877e+03H + 7.788e+03V
Usage: (11.6%H 14.3%V) = (9.682e+03um 1.329e+04um) = (4652 4616)
Obstruct: 111 = 0 (0.0%H) + 111 (4.7%V)
Overflow: 2 = 0 (0.00% H) + 2 (0.09% V)
Number obstruct path=10 reroute=0

Phase 1b route (0:00:00.0 375.4M):
Usage: (11.6%H 14.3%V) = (9.694e+03um 1.331e+04um) = (4658 4623)
Overflow: 2 = 0 (0.00% H) + 2 (0.09% V)

Phase 1c route (0:00:00.0 375.4M):
Usage: (11.6%H 14.3%V) = (9.661e+03um 1.329e+04um) = (4642 4615)
Overflow: 1 = 0 (0.00% H) + 1 (0.04% V)

Phase 1d route (0:00:00.0 375.4M):
Usage: (11.6%H 14.3%V) = (9.661e+03um 1.329e+04um) = (4642 4615)
Overflow: 1 = 0 (0.00% H) + 1 (0.04% V)

Phase 1e route (0:00:00.0 375.4M):
Usage: (11.6%H 14.3%V) = (9.661e+03um 1.329e+04um) = (4642 4615)
Overflow: 1 = 0 (0.00% H) + 1 (0.04% V)

Usage: (11.6%H 14.3%V) = (9.661e+03um 1.329e+04um) = (4642 4615)
Overflow: 1 = 0 (0.00% H) + 1 (0.04% V)

Congestion distribution:

Remain	cntH		cntV
--------------------------------------
 -1:	0	 0.00%	1	 0.04%
--------------------------------------
  0:	0	 0.00%	5	 0.22%
  1:	0	 0.00%	10	 0.45%
  2:	0	 0.00%	20	 0.90%
  3:	0	 0.00%	14	 0.63%
  4:	0	 0.00%	20	 0.90%
  5:	0	 0.00%	32	 1.44%
  6:	0	 0.00%	25	 1.12%
  7:	2	 0.09%	10	 0.45%
  8:	4	 0.17%	27	 1.21%
  9:	9	 0.39%	64	 2.88%
 10:	28	 1.20%	118	 5.30%
 11:	80	 3.42%	225	10.11%
 12:	112	 4.79%	347	15.59%
 13:	197	 8.43%	412	18.51%
 14:	321	13.74%	409	18.37%
 15:	514	21.99%	399	17.92%
 16:	529	22.64%	31	 1.39%
 17:	349	14.93%	37	 1.66%
 18:	135	 5.78%	20	 0.90%
 19:	1	 0.04%	0	 0.00%
 20:	56	 2.40%	0	 0.00%

Using detail cap. scale factor for clock nets.
Initializing multi-corner capacitance tables ... 
Initializing multi-corner resistance tables ...

*** Memory Usage v0.144 (Current mem = 375.387M, initial mem = 62.238M) ***
Phase 1l route (0:00:00.0 375.4M):


*** After '-updateRemainTrks' operation: 

Usage: (11.7%H 14.7%V) = (9.753e+03um 1.368e+04um) = (4702 4751)
Overflow: 3 = 0 (0.00% H) + 3 (0.12% V)

Congestion distribution:

Remain	cntH		cntV
--------------------------------------
 -3:	0	 0.00%	1	 0.04%
 -1:	0	 0.00%	1	 0.04%
--------------------------------------
  0:	0	 0.00%	4	 0.18%
  1:	0	 0.00%	11	 0.49%
  2:	0	 0.00%	18	 0.81%
  3:	0	 0.00%	17	 0.76%
  4:	0	 0.00%	22	 0.99%
  5:	0	 0.00%	30	 1.35%
  6:	1	 0.04%	29	 1.30%
  7:	1	 0.04%	11	 0.49%
  8:	5	 0.21%	33	 1.48%
  9:	10	 0.43%	65	 2.92%
 10:	36	 1.54%	120	 5.39%
 11:	80	 3.42%	220	 9.88%
 12:	97	 4.15%	341	15.32%
 13:	202	 8.64%	410	18.42%
 14:	339	14.51%	410	18.42%
 15:	507	21.69%	396	17.79%
 16:	526	22.51%	30	 1.35%
 17:	345	14.76%	37	 1.66%
 18:	131	 5.61%	20	 0.90%
 19:	1	 0.04%	0	 0.00%
 20:	56	 2.40%	0	 0.00%



*** Completed Phase 1 route (0:00:00.0 375.4M) ***


Total length: 1.616e+04um, number of vias: 4502
M1(H) length: 4.125e-01um, number of vias: 2257
M2(V) length: 6.586e+03um, number of vias: 2008
M3(H) length: 7.422e+03um, number of vias: 204
M4(V) length: 1.815e+03um, number of vias: 33
M5(H) length: 3.358e+02um, number of vias: 0
M6(V) length: 0.000e+00um, number of vias: 0
M7(H) length: 0.000e+00um
*** Completed Phase 2 route (0:00:00.0 375.4M) ***

*** Finished all Phases (cpu=0:00:00.0 mem=375.4M) ***
Peak Memory Usage was 375.4M 
*** Finished trialRoute (cpu=0:00:00.0 mem=375.4M) ***

Default RC Extraction called for design ALU_TOP.
RC Extraction called in multi-corner(1) mode.
RCMode: Default
      RC Corner Indexes            0   
Capacitance Scaling Factor   : 1.00000 
Coupling Cap. Scaling Factor : 1.00000 
Resistance Scaling Factor    : 1.00000 
Shrink Factor                : 1.00000
Default RC extraction is honoring NDR/Shielding/ExtraSpace for clock nets.
Using detail cap. scale factor for clock nets.
Initializing multi-corner capacitance tables ... 
Initializing multi-corner resistance tables ...
Default RC Extraction DONE (CPU Time: 0:00:00.0  Real Time: 0:00:00.0  MEM: 375.387M)
Calculate delays in BcWc mode...
Topological Sorting (CPU = 0:00:00.0, MEM = 375.4M)
Number of Loop : 0
Start delay calculation (mem=375.387M)...
Delay calculation completed.
(0:00:00.0 375.387M 80)
*** CDM Built up (cpu=0:00:00.0  mem= 375.4M) ***
**optDesign ... cpu = 0:00:00, real = 0:00:02, mem = 375.4M **
*info: Start fixing DRV (Mem = 375.39M) ...
*info: Options = -maxCap -maxTran -noMaxFanout -sensitivity -backward -reduceBuffer -maxIter 1
*info: Start fixing DRV iteration 1 ...
*** Starting dpFixDRCViolation (375.4M)
*info: 2 clock nets excluded
*info: 2 special nets excluded.
*info: 22 no-driver nets excluded.
*** Starting multi-driver net buffering ***
*summary: 0 non-ignored multi-driver nets.
*** Finished buffering multi-driver nets (CPU=0:00:00.0, MEM=375.4M) ***
Start fixing design rules ... (0:00:00.0 375.4M)
Done fixing design rule (0:00:00.0 375.4M)

Summary:
80 buffers added on 40 nets (with 42 drivers resized)

Density after buffering = 0.686661
*** Completed dpFixDRCViolation (0:00:00.0 375.4M)

*** Starting trialRoute (mem=375.4M) ***

There are 0 pin guide points passed to trialRoute.
Options:  -handlePreroute -keepMarkedOptRoutes -noPinGuide

Nr of prerouted/Fixed nets = 0
routingBox: (0 0) (240260 240260)
coreBox:    (6560 6560) (234260 234260)
Number of multi-gpin terms=112, multi-gpins=268, moved blk term=0/43

Phase 1a route (0:00:00.0 375.4M):
Est net length = 1.576e+04um = 7.970e+03H + 7.788e+03V
Usage: (11.8%H 14.8%V) = (9.855e+03um 1.375e+04um) = (4736 4775)
Obstruct: 111 = 0 (0.0%H) + 111 (4.7%V)
Overflow: 2 = 0 (0.00% H) + 2 (0.09% V)
Number obstruct path=10 reroute=0

Phase 1b route (0:00:00.0 375.4M):
Usage: (11.8%H 14.8%V) = (9.867e+03um 1.377e+04um) = (4742 4782)
Overflow: 2 = 0 (0.00% H) + 2 (0.09% V)

Phase 1c route (0:00:00.0 375.4M):
Usage: (11.8%H 14.8%V) = (9.834e+03um 1.374e+04um) = (4726 4774)
Overflow: 1 = 0 (0.00% H) + 1 (0.04% V)

Phase 1d route (0:00:00.0 375.4M):
Usage: (11.8%H 14.8%V) = (9.834e+03um 1.374e+04um) = (4726 4774)
Overflow: 1 = 0 (0.00% H) + 1 (0.04% V)

Phase 1e route (0:00:00.0 375.4M):
Usage: (11.8%H 14.8%V) = (9.834e+03um 1.374e+04um) = (4726 4774)
Overflow: 1 = 0 (0.00% H) + 1 (0.04% V)

Usage: (11.8%H 14.8%V) = (9.834e+03um 1.374e+04um) = (4726 4774)
Overflow: 1 = 0 (0.00% H) + 1 (0.04% V)

Congestion distribution:

Remain	cntH		cntV
--------------------------------------
 -1:	0	 0.00%	1	 0.04%
--------------------------------------
  0:	0	 0.00%	7	 0.31%
  1:	0	 0.00%	11	 0.49%
  2:	0	 0.00%	19	 0.85%
  3:	0	 0.00%	13	 0.58%
  4:	0	 0.00%	19	 0.85%
  5:	0	 0.00%	32	 1.44%
  6:	0	 0.00%	27	 1.21%
  7:	2	 0.09%	11	 0.49%
  8:	4	 0.17%	30	 1.35%
  9:	9	 0.39%	75	 3.37%
 10:	28	 1.20%	121	 5.44%
 11:	81	 3.47%	230	10.33%
 12:	116	 4.96%	349	15.68%
 13:	206	 8.81%	409	18.37%
 14:	317	13.56%	408	18.33%
 15:	527	22.55%	378	16.98%
 16:	525	22.46%	29	 1.30%
 17:	340	14.55%	37	 1.66%
 18:	125	 5.35%	20	 0.90%
 19:	1	 0.04%	0	 0.00%
 20:	56	 2.40%	0	 0.00%

Using detail cap. scale factor for clock nets.
Initializing multi-corner capacitance tables ... 
Initializing multi-corner resistance tables ...

*** Memory Usage v0.144 (Current mem = 375.387M, initial mem = 62.238M) ***
Phase 1l route (0:00:00.0 375.4M):


*** After '-updateRemainTrks' operation: 

Usage: (11.9%H 15.1%V) = (9.930e+03um 1.404e+04um) = (4788 4875)
Overflow: 4 = 0 (0.00% H) + 4 (0.19% V)

Congestion distribution:

Remain	cntH		cntV
--------------------------------------
 -3:	0	 0.00%	1	 0.04%
 -2:	0	 0.00%	1	 0.04%
 -1:	0	 0.00%	1	 0.04%
--------------------------------------
  0:	0	 0.00%	3	 0.13%
  1:	0	 0.00%	13	 0.58%
  2:	0	 0.00%	18	 0.81%
  3:	0	 0.00%	15	 0.67%
  4:	0	 0.00%	22	 0.99%
  5:	0	 0.00%	30	 1.35%
  6:	1	 0.04%	29	 1.30%
  7:	1	 0.04%	12	 0.54%
  8:	5	 0.21%	35	 1.57%
  9:	10	 0.43%	67	 3.01%
 10:	37	 1.58%	125	 5.62%
 11:	80	 3.42%	231	10.38%
 12:	102	 4.36%	348	15.63%
 13:	210	 8.99%	406	18.24%
 14:	335	14.33%	409	18.37%
 15:	520	22.25%	374	16.80%
 16:	523	22.38%	29	 1.30%
 17:	334	14.29%	37	 1.66%
 18:	122	 5.22%	20	 0.90%
 19:	1	 0.04%	0	 0.00%
 20:	56	 2.40%	0	 0.00%



*** Completed Phase 1 route (0:00:00.0 375.4M) ***


Total length: 1.632e+04um, number of vias: 4745
M1(H) length: 4.125e-01um, number of vias: 2417
M2(V) length: 6.645e+03um, number of vias: 2087
M3(H) length: 7.503e+03um, number of vias: 208
M4(V) length: 1.838e+03um, number of vias: 33
M5(H) length: 3.366e+02um, number of vias: 0
M6(V) length: 0.000e+00um, number of vias: 0
M7(H) length: 0.000e+00um
*** Completed Phase 2 route (0:00:00.0 375.4M) ***

*** Finished all Phases (cpu=0:00:00.0 mem=375.4M) ***
Peak Memory Usage was 375.4M 
*** Finished trialRoute (cpu=0:00:00.0 mem=375.4M) ***

Default RC Extraction called for design ALU_TOP.
RC Extraction called in multi-corner(1) mode.
RCMode: Default
      RC Corner Indexes            0   
Capacitance Scaling Factor   : 1.00000 
Coupling Cap. Scaling Factor : 1.00000 
Resistance Scaling Factor    : 1.00000 
Shrink Factor                : 1.00000
Default RC extraction is honoring NDR/Shielding/ExtraSpace for clock nets.
Using detail cap. scale factor for clock nets.
Initializing multi-corner capacitance tables ... 
Initializing multi-corner resistance tables ...
Default RC Extraction DONE (CPU Time: 0:00:00.0  Real Time: 0:00:00.0  MEM: 375.387M)
Calculate delays in BcWc mode...
Topological Sorting (CPU = 0:00:00.0, MEM = 375.4M)
Number of Loop : 0
Start delay calculation (mem=375.387M)...
Delay calculation completed.
(0:00:00.0 375.387M 80)
*** CDM Built up (cpu=0:00:00.0  mem= 375.4M) ***
*info: DRV Fixing Iteration 1.
*info: Remaining violations:
*info:   Max cap violations:    40
*info:   Max tran violations:   40
*info:   Prev Max cap violations:    40
*info:   Prev Max tran violations:   40
*info: Start fixing DRV while maintaining existing placement ...
*** Starting dpFixDRCViolation (375.4M)
*info: 2 clock nets excluded
*info: 2 special nets excluded.
*info: 22 no-driver nets excluded.
*** Starting multi-driver net buffering ***
*summary: 0 non-ignored multi-driver nets.
*** Finished buffering multi-driver nets (CPU=0:00:00.0, MEM=375.4M) ***
Start fixing design rules ... (0:00:00.0 375.4M)
Using detail cap. scale factor for clock nets.
Initializing multi-corner capacitance tables ... 
Initializing multi-corner resistance tables ...
Done fixing design rule (0:00:00.0 375.4M)

Summary:
2 buffers added on 2 nets (with 0 driver resized)

Density after buffering = 0.690734
*** Completed dpFixDRCViolation (0:00:00.0 375.4M)

*** Starting trialRoute (mem=375.4M) ***

There are 0 pin guide points passed to trialRoute.
Options:  -handlePreroute -keepMarkedOptRoutes -noPinGuide

Nr of prerouted/Fixed nets = 0
routingBox: (0 0) (240260 240260)
coreBox:    (6560 6560) (234260 234260)
Number of multi-gpin terms=114, multi-gpins=273, moved blk term=0/43

Phase 1a route (0:00:00.0 375.4M):
Est net length = 1.577e+04um = 7.974e+03H + 7.799e+03V
Usage: (11.8%H 14.8%V) = (9.861e+03um 1.377e+04um) = (4739 4782)
Obstruct: 111 = 0 (0.0%H) + 111 (4.7%V)
Overflow: 2 = 0 (0.00% H) + 2 (0.09% V)
Number obstruct path=10 reroute=0

Phase 1b route (0:00:00.0 375.4M):
Usage: (11.8%H 14.8%V) = (9.873e+03um 1.379e+04um) = (4745 4789)
Overflow: 2 = 0 (0.00% H) + 2 (0.09% V)

Phase 1c route (0:00:00.0 375.4M):
Usage: (11.8%H 14.8%V) = (9.840e+03um 1.376e+04um) = (4729 4781)
Overflow: 1 = 0 (0.00% H) + 1 (0.04% V)

Phase 1d route (0:00:00.0 375.4M):
Usage: (11.8%H 14.8%V) = (9.840e+03um 1.376e+04um) = (4729 4781)
Overflow: 1 = 0 (0.00% H) + 1 (0.04% V)

Phase 1e route (0:00:00.0 375.4M):
Usage: (11.8%H 14.8%V) = (9.840e+03um 1.376e+04um) = (4729 4781)
Overflow: 1 = 0 (0.00% H) + 1 (0.04% V)

Usage: (11.8%H 14.8%V) = (9.840e+03um 1.376e+04um) = (4729 4781)
Overflow: 1 = 0 (0.00% H) + 1 (0.04% V)

Congestion distribution:

Remain	cntH		cntV
--------------------------------------
 -1:	0	 0.00%	1	 0.04%
--------------------------------------
  0:	0	 0.00%	7	 0.31%
  1:	0	 0.00%	11	 0.49%
  2:	0	 0.00%	19	 0.85%
  3:	0	 0.00%	13	 0.58%
  4:	0	 0.00%	19	 0.85%
  5:	0	 0.00%	32	 1.44%
  6:	0	 0.00%	26	 1.17%
  7:	2	 0.09%	12	 0.54%
  8:	4	 0.17%	30	 1.35%
  9:	9	 0.39%	76	 3.41%
 10:	30	 1.28%	121	 5.44%
 11:	79	 3.38%	229	10.29%
 12:	116	 4.96%	351	15.77%
 13:	208	 8.90%	408	18.33%
 14:	314	13.44%	410	18.42%
 15:	528	22.59%	375	16.85%
 16:	525	22.46%	29	 1.30%
 17:	340	14.55%	37	 1.66%
 18:	125	 5.35%	20	 0.90%
 19:	1	 0.04%	0	 0.00%
 20:	56	 2.40%	0	 0.00%

Using detail cap. scale factor for clock nets.
Initializing multi-corner capacitance tables ... 
Initializing multi-corner resistance tables ...

*** Memory Usage v0.144 (Current mem = 375.387M, initial mem = 62.238M) ***
Phase 1l route (0:00:00.0 375.4M):


*** After '-updateRemainTrks' operation: 

Usage: (12.0%H 15.1%V) = (9.939e+03um 1.406e+04um) = (4792 4883)
Overflow: 4 = 0 (0.00% H) + 4 (0.19% V)

Congestion distribution:

Remain	cntH		cntV
--------------------------------------
 -3:	0	 0.00%	1	 0.04%
 -2:	0	 0.00%	1	 0.04%
 -1:	0	 0.00%	1	 0.04%
--------------------------------------
  0:	0	 0.00%	3	 0.13%
  1:	0	 0.00%	13	 0.58%
  2:	0	 0.00%	18	 0.81%
  3:	0	 0.00%	15	 0.67%
  4:	0	 0.00%	22	 0.99%
  5:	0	 0.00%	30	 1.35%
  6:	1	 0.04%	29	 1.30%
  7:	1	 0.04%	11	 0.49%
  8:	5	 0.21%	36	 1.62%
  9:	11	 0.47%	68	 3.05%
 10:	37	 1.58%	125	 5.62%
 11:	79	 3.38%	231	10.38%
 12:	102	 4.36%	348	15.63%
 13:	212	 9.07%	407	18.28%
 14:	332	14.21%	410	18.42%
 15:	521	22.29%	371	16.67%
 16:	524	22.42%	29	 1.30%
 17:	333	14.25%	37	 1.66%
 18:	122	 5.22%	20	 0.90%
 19:	1	 0.04%	0	 0.00%
 20:	56	 2.40%	0	 0.00%



*** Completed Phase 1 route (0:00:00.0 375.4M) ***


Total length: 1.633e+04um, number of vias: 4753
M1(H) length: 4.125e-01um, number of vias: 2421
M2(V) length: 6.646e+03um, number of vias: 2089
M3(H) length: 7.509e+03um, number of vias: 210
M4(V) length: 1.841e+03um, number of vias: 33
M5(H) length: 3.358e+02um, number of vias: 0
M6(V) length: 0.000e+00um, number of vias: 0
M7(H) length: 0.000e+00um
*** Completed Phase 2 route (0:00:00.0 375.4M) ***

*** Finished all Phases (cpu=0:00:00.0 mem=375.4M) ***
Peak Memory Usage was 375.4M 
*** Finished trialRoute (cpu=0:00:00.0 mem=375.4M) ***

Default RC Extraction called for design ALU_TOP.
RC Extraction called in multi-corner(1) mode.
RCMode: Default
      RC Corner Indexes            0   
Capacitance Scaling Factor   : 1.00000 
Coupling Cap. Scaling Factor : 1.00000 
Resistance Scaling Factor    : 1.00000 
Shrink Factor                : 1.00000
Default RC extraction is honoring NDR/Shielding/ExtraSpace for clock nets.
Using detail cap. scale factor for clock nets.
Initializing multi-corner capacitance tables ... 
Initializing multi-corner resistance tables ...
Default RC Extraction DONE (CPU Time: 0:00:00.0  Real Time: 0:00:00.0  MEM: 375.387M)
Calculate delays in BcWc mode...
Topological Sorting (CPU = 0:00:00.0, MEM = 375.4M)
Number of Loop : 0
Start delay calculation (mem=375.387M)...
Delay calculation completed.
(0:00:00.0 375.387M 80)
*** CDM Built up (cpu=0:00:00.0  mem= 375.4M) ***
*info: DRV Fixing Iteration 2.
*info: Remaining violations:
*info:   Max cap violations:    40
*info:   Max tran violations:   40
*info:   Prev Max cap violations:    40
*info:   Prev Max tran violations:   40
*info:
*info: Completed fixing DRV (CPU Time = 0:00:00, Mem = 375.39M).
**optDesign ... cpu = 0:00:00, real = 0:00:03, mem = 375.4M **
*** Timing Is met
*** Check timing (0:00:00.0)
setClockDomains -fromType register -toType register 
**WARN: (SOCCTE-318):	Paths not in the reg2reg domain will be added 1000ns slack adjustment
*** Timing Is met
*** Check timing (0:00:00.0)
**optDesign ... cpu = 0:00:00, real = 0:00:03, mem = 375.4M **
*** Finished optDesign ***
*** Starting "NanoPlace(TM) placement v0.845 (mem=375.4M)" ...
*** Build Buffered Sizing Timing Model (Used Compact Buffer Set) ...(cpu=0:00:03.6 mem=375.4M) ***
*** Build Virtual Sizing Timing Model
(cpu=0:00:03.8 mem=389.8M) ***
Options: timingDriven ignoreSpare pinGuide gpeffort=medium 
***Info:set default view from current views (1 active views)****
Initializing multi-corner RC extraction with 1 active RC Corners ...
Cleaning up the current multi-corner RC extraction setup...
Reading Capacitance Table File ../std_cells/captables/tsmc13fsg.capTbl ...
Cap Table was created using First Encounter 08.10-p004_1.
Process name: tsmc13fsg.
#WARNING (NRDB-21) The number of routing layer 7 in the database does not match with the value of 10 in the Extended Cap Table file.
Importing multi-corner RC tables ... 
Summary of Active RC-Corners : 
 Analysis View: setup1_analysis_view
    RC-Corner Name        : RCcorner
    RC-Corner Index       : 0
    RC-Corner Temperature : 25 Celsius
    RC-Corner Cap Table   : '../std_cells/captables/tsmc13fsg.capTbl'
    RC-Corner Default Res. Factor      : 1
    RC-Corner Detail Res. Factor       : 1
    RC-Corner Default Cap. Factor      : 1
    RC-Corner Detail Cap. Factor       : 1
    RC-Corner Cross Cap. Factor        : 1
 Analysis View: hold1_analysis_view
    RC-Corner Name        : RCcorner
    RC-Corner Index       : 0
    RC-Corner Temperature : 25 Celsius
    RC-Corner Cap Table   : '../std_cells/captables/tsmc13fsg.capTbl'
    RC-Corner Default Res. Factor      : 1
    RC-Corner Detail Res. Factor       : 1
    RC-Corner Default Cap. Factor      : 1
    RC-Corner Detail Cap. Factor       : 1
    RC-Corner Cross Cap. Factor        : 1
CTE reading timing constraint file '../dft/ALU_TOP_func.sdc' ...
**WARN: (TCLCMD-1014):	The SDC set_operating_conditions assertion is not supported. Please use the create_delay_corner command to specify the desired operating enviroment. Use the setAnalysisMode command to control single vs. bestCase/worstCase vs. on-chip variation timing analysis. (File ../dft/ALU_TOP_func.sdc, Line 9).

INFO (CTE): read_dc_script finished with  1 WARNING
WARNING (CTE-25): Line: 8 of File ../dft/ALU_TOP_func.sdc : Skipped unsupported command: set_units


CTE reading timing constraint file '../dft/ALU_TOP_func.sdc' ...
**WARN: (TCLCMD-1014):	The SDC set_operating_conditions assertion is not supported. Please use the create_delay_corner command to specify the desired operating enviroment. Use the setAnalysisMode command to control single vs. bestCase/worstCase vs. on-chip variation timing analysis. (File ../dft/ALU_TOP_func.sdc, Line 9).

INFO (CTE): read_dc_script finished with  1 WARNING
WARNING (CTE-25): Line: 8 of File ../dft/ALU_TOP_func.sdc : Skipped unsupported command: set_units


#std cell=754 #block=0 (0 floating + 0 preplaced) #ioInst=0 #net=857 #term=2489 #term/net=2.90, #fixedIo=0, #floatIo=0, #fixedPin=68, #floatPin=0
stdCell: 754 single + 0 double + 0 multi
Total standard cell length = 3.0594 (mm), area = 0.0088 (mm^2)
Average module density = 0.691.
Density for the design = 0.691.
       = stdcell_area 7462 (8781 um^2) / alloc_area 10803 (12712 um^2).
Pin Density = 0.334.
            = total # of pins 2489 / total Instance area 7462.
Identified 1 spare or floating instance, with no clusters.
Iteration 12: Total net bbox = 1.443e+04 (7.64e+03 6.79e+03)
              Est.  stn bbox = 1.705e+04 (8.93e+03 8.12e+03)
              cpu = 0:00:00.0 real = 0:00:00.0 mem = 391.7M
Iteration 13: Total net bbox = 1.502e+04 (8.04e+03 6.97e+03)
              Est.  stn bbox = 1.766e+04 (9.36e+03 8.30e+03)
              cpu = 0:00:00.0 real = 0:00:00.0 mem = 391.7M
*** cost = 1.502e+04 (8.04e+03 6.97e+03) (cpu for global=0:00:00.0) real=0:00:00.0***
Core Placement runtime cpu: 0:00:00.0 real: 0:00:00.0
Starting refinePlace ...
Placement tweakage begins.
wire length = 1.604e+04 = 8.710e+03 H + 7.330e+03 V
wire length = 1.395e+04 = 6.723e+03 H + 7.226e+03 V
Placement tweakage ends.
Statistics of distance of Instance movement in detailed placement:
  maximum (X+Y) =        38.54 um
  inst (U72) with max move: (14.35, 106.6) -> (47.15, 112.34)
  mean    (X+Y) =         6.22 um
Total instances flipped : 2
Total instances moved : 485
*** cpu=0:00:00.0   mem=390.0M  mem(used)=0.0M***
Total net length = 1.391e+04 (6.731e+03 7.182e+03) (ext = 3.506e+03)
*** End of Placement (cpu=0:00:04.2, real=0:00:04.0, mem=390.0M) ***
default core: bins with density >  0.75 = 37.5 % ( 6 / 16 )
*** Free Virtual Timing Model ...(mem=375.3M)
Starting IO pin assignment...
Initializing multi-corner RC extraction with 1 active RC Corners ...
Cleaning up the current multi-corner RC extraction setup...
Reading Capacitance Table File ../std_cells/captables/tsmc13fsg.capTbl ...
Cap Table was created using First Encounter 08.10-p004_1.
Process name: tsmc13fsg.
#WARNING (NRDB-21) The number of routing layer 7 in the database does not match with the value of 10 in the Extended Cap Table file.
Importing multi-corner RC tables ... 
Summary of Active RC-Corners : 
 Analysis View: setup1_analysis_view
    RC-Corner Name        : RCcorner
    RC-Corner Index       : 0
    RC-Corner Temperature : 25 Celsius
    RC-Corner Cap Table   : '../std_cells/captables/tsmc13fsg.capTbl'
    RC-Corner Default Res. Factor      : 1
    RC-Corner Detail Res. Factor       : 1
    RC-Corner Default Cap. Factor      : 1
    RC-Corner Detail Cap. Factor       : 1
    RC-Corner Cross Cap. Factor        : 1
 Analysis View: hold1_analysis_view
    RC-Corner Name        : RCcorner
    RC-Corner Index       : 0
    RC-Corner Temperature : 25 Celsius
    RC-Corner Cap Table   : '../std_cells/captables/tsmc13fsg.capTbl'
    RC-Corner Default Res. Factor      : 1
    RC-Corner Detail Res. Factor       : 1
    RC-Corner Default Cap. Factor      : 1
    RC-Corner Detail Cap. Factor       : 1
    RC-Corner Cross Cap. Factor        : 1
CTE reading timing constraint file '../dft/ALU_TOP_func.sdc' ...
**WARN: (TCLCMD-1014):	The SDC set_operating_conditions assertion is not supported. Please use the create_delay_corner command to specify the desired operating enviroment. Use the setAnalysisMode command to control single vs. bestCase/worstCase vs. on-chip variation timing analysis. (File ../dft/ALU_TOP_func.sdc, Line 9).

INFO (CTE): read_dc_script finished with  1 WARNING
WARNING (CTE-25): Line: 8 of File ../dft/ALU_TOP_func.sdc : Skipped unsupported command: set_units


CTE reading timing constraint file '../dft/ALU_TOP_func.sdc' ...
**WARN: (TCLCMD-1014):	The SDC set_operating_conditions assertion is not supported. Please use the create_delay_corner command to specify the desired operating enviroment. Use the setAnalysisMode command to control single vs. bestCase/worstCase vs. on-chip variation timing analysis. (File ../dft/ALU_TOP_func.sdc, Line 9).

INFO (CTE): read_dc_script finished with  1 WARNING
WARNING (CTE-25): Line: 8 of File ../dft/ALU_TOP_func.sdc : Skipped unsupported command: set_units


Total number of combinational cells: 433
Total number of sequential cells: 174
Total number of tristate cells: 10
Total number of level shifter cells: 0
Total number of power gating cells: 0
Total number of isolation cells: 0
Total number of power switch cells: 0
Total number of pulse generator cells: 0
Total number of always on buffers: 0
Total number of retention cells: 0
List of usable buffers: BUFX10M BUFX12M BUFX14M BUFX16M BUFX18M BUFX20M BUFX24M BUFX2M BUFX32M BUFX3M BUFX4M BUFX5M BUFX6M BUFX8M CLKBUFX12M CLKBUFX16M CLKBUFX1M CLKBUFX20M CLKBUFX24M CLKBUFX2M CLKBUFX32M CLKBUFX3M CLKBUFX40M CLKBUFX4M CLKBUFX6M CLKBUFX8M
Total number of usable buffers: 26
List of unusable buffers:
Total number of unusable buffers: 0
List of usable inverters: CLKINVX12M CLKINVX16M CLKINVX1M CLKINVX20M CLKINVX24M CLKINVX2M CLKINVX32M CLKINVX3M CLKINVX40M CLKINVX4M CLKINVX6M CLKINVX8M INVX10M INVX12M INVX14M INVX16M INVX18M INVX1M INVX20M INVX24M INVX2M INVX32M INVX3M INVX4M INVX5M INVX6M INVX8M INVXLM
Total number of usable inverters: 28
List of unusable inverters:
Total number of unusable inverters: 0
List of identified usable delay cells: DLY1X1M DLY1X4M DLY2X1M DLY2X4M DLY3X1M DLY3X4M DLY4X1M DLY4X4M
Total number of identified usable delay cells: 8
List of identified unusable delay cells:
Total number of identified unusable delay cells: 0
***Info:reseting back to current views is done ****
**WARN: (SOCSP-9025):	No scan chain specified/traced.
*** Finishing placeDesign concurrent flow ***
**placeDesign ... cpu = 0: 0:18, real = 0: 0:19, mem = 375.3M **
<CMD> addTieHiLo -cell TIELOM -prefix LTIE
No constraint set for distance
No constraint set for fanout
Existing tie instances of cell TIELOM, if found would be deleted
Deleted 0 physical inst  (cell TIELOM / prefix -).
Deleted 0 logical insts of cell TIELOM with prefix LTIE
INFO: Total Number of Tie Cells (TIELOM) placed: 0
<CMD> addTieHiLo -cell TIEHIM -prefix HTIE
No constraint set for distance
No constraint set for fanout
Existing tie instances of cell TIEHIM, if found would be deleted
Deleted 0 physical inst  (cell TIEHIM / prefix -).
Deleted 0 logical insts of cell TIEHIM with prefix HTIE
INFO: Total Number of Tie Cells (TIEHIM) placed: 2
<CMD> globalNetConnect VDD -type pgpin -pin VDD -inst *
<CMD> globalNetConnect VSS -type pgpin -pin VSS -inst *
<CMD> clockDesign -genSpecOnly Clock.ctstch
<clockDesign INFO> 'setCTSMode -routeClkNet true' is set inside clockDesign.

<clockDesign CMD> createClockTreeSpec -output Clock.ctstch

******* createClockTreeSpec begin *******
Options:  -output Clock.ctstch 
createClockTreeSpec extracts the buffer list automatically.
CTE Mode
Total 1 clock roots are extracted.
*** End createClockTreeSpec (cpu=0:00:00.0, real=0:00:00.0, mem=375.3M) ***
<CMD> clockDesign -specFile Clock.ctstch -outDir clock_report -fixedInstBeforeCTS
<clockDesign INFO> 'setCTSMode -routeClkNet true' is set inside clockDesign.

<clockDesign CMD> cleanupSpecifyClockTree
<clockDesign CMD> specifyClockTree -file Clock.ctstch

Reading clock tree spec file 'Clock.ctstch' ...

RouteType               : FE_CTS_DEFAULT
PreferredExtraSpace     : 1
Shield                  : NONE
PreferLayer             : M3 M4 
RC Information for View setup1_analysis_view :
Est. Cap                : 0.146248(V=0.139886 H=0.15261) (ff/um) [7.31238e-05]
Est. Res                : 1.15(V=1.05 H=1.25)(ohm/um) [0.000575]
Est. Via Res            : 4(ohm) [7.75]
Est. Via Cap            : 0.154152(ff)
M1(H) w=0.16(um) s=0.18(um) p=0.41(um) es=0.66(um) cap=0.157(ff/um) res=2.38(ohm/um) viaRes=0(ohm) viaCap=0(ff)
M2(V) w=0.2(um) s=0.21(um) p=0.41(um) es=0.62(um) cap=0.153(ff/um) res=1.25(ohm/um) viaRes=3.75(ohm) viaCap=0.164232(ff)
M3(H) w=0.2(um) s=0.21(um) p=0.41(um) es=0.62(um) cap=0.153(ff/um) res=1.25(ohm/um) viaRes=4(ohm) viaCap=0.160393(ff)
M4(V) w=0.2(um) s=0.21(um) p=0.41(um) es=0.62(um) cap=0.14(ff/um) res=1.05(ohm/um) viaRes=4(ohm) viaCap=0.154152(ff)
M5(H) w=0.2(um) s=0.21(um) p=0.41(um) es=0.62(um) cap=0.106(ff/um) res=1.05(ohm/um) viaRes=2.4(ohm) viaCap=0.130276(ff)
M6(V) w=0.2(um) s=0.21(um) p=0.41(um) es=0.62(um) cap=0.106(ff/um) res=1.05(ohm/um) viaRes=2.4(ohm) viaCap=0.110787(ff)
M7(H) w=0.4(um) s=0.42(um) p=0.82(um) es=1.24(um) cap=0.133(ff/um) res=0.188(ohm/um) viaRes=2.33333(ohm) viaCap=0.220695(ff)

RC Information for View hold1_analysis_view :
Est. Cap                : 0.146248(V=0.139886 H=0.15261) (ff/um) [7.31238e-05]
Est. Res                : 1.15(V=1.05 H=1.25)(ohm/um) [0.000575]
Est. Via Res            : 4(ohm) [7.75]
Est. Via Cap            : 0.154152(ff)
M1(H) w=0.16(um) s=0.18(um) p=0.41(um) es=0.66(um) cap=0.157(ff/um) res=2.38(ohm/um) viaRes=0(ohm) viaCap=0(ff)
M2(V) w=0.2(um) s=0.21(um) p=0.41(um) es=0.62(um) cap=0.153(ff/um) res=1.25(ohm/um) viaRes=3.75(ohm) viaCap=0.164232(ff)
M3(H) w=0.2(um) s=0.21(um) p=0.41(um) es=0.62(um) cap=0.153(ff/um) res=1.25(ohm/um) viaRes=4(ohm) viaCap=0.160393(ff)
M4(V) w=0.2(um) s=0.21(um) p=0.41(um) es=0.62(um) cap=0.14(ff/um) res=1.05(ohm/um) viaRes=4(ohm) viaCap=0.154152(ff)
M5(H) w=0.2(um) s=0.21(um) p=0.41(um) es=0.62(um) cap=0.106(ff/um) res=1.05(ohm/um) viaRes=2.4(ohm) viaCap=0.130276(ff)
M6(V) w=0.2(um) s=0.21(um) p=0.41(um) es=0.62(um) cap=0.106(ff/um) res=1.05(ohm/um) viaRes=2.4(ohm) viaCap=0.110787(ff)
M7(H) w=0.4(um) s=0.42(um) p=0.82(um) es=1.24(um) cap=0.133(ff/um) res=0.188(ohm/um) viaRes=2.33333(ohm) viaCap=0.220695(ff)

RouteType               : FE_CTS_DEFAULT_LEAF
PreferredExtraSpace     : 1
Shield                  : NONE
PreferLayer             : M3 M4 
RC Information for View setup1_analysis_view :
Est. Cap                : 0.146248(V=0.139886 H=0.15261) (ff/um) [7.31238e-05]
Est. Res                : 1.15(V=1.05 H=1.25)(ohm/um) [0.000575]
Est. Via Res            : 4(ohm) [7.75]
Est. Via Cap            : 0.154152(ff)
M1(H) w=0.16(um) s=0.18(um) p=0.41(um) es=0.66(um) cap=0.157(ff/um) res=2.38(ohm/um) viaRes=0(ohm) viaCap=0(ff)
M2(V) w=0.2(um) s=0.21(um) p=0.41(um) es=0.62(um) cap=0.153(ff/um) res=1.25(ohm/um) viaRes=3.75(ohm) viaCap=0.164232(ff)
M3(H) w=0.2(um) s=0.21(um) p=0.41(um) es=0.62(um) cap=0.153(ff/um) res=1.25(ohm/um) viaRes=4(ohm) viaCap=0.160393(ff)
M4(V) w=0.2(um) s=0.21(um) p=0.41(um) es=0.62(um) cap=0.14(ff/um) res=1.05(ohm/um) viaRes=4(ohm) viaCap=0.154152(ff)
M5(H) w=0.2(um) s=0.21(um) p=0.41(um) es=0.62(um) cap=0.106(ff/um) res=1.05(ohm/um) viaRes=2.4(ohm) viaCap=0.130276(ff)
M6(V) w=0.2(um) s=0.21(um) p=0.41(um) es=0.62(um) cap=0.106(ff/um) res=1.05(ohm/um) viaRes=2.4(ohm) viaCap=0.110787(ff)
M7(H) w=0.4(um) s=0.42(um) p=0.82(um) es=1.24(um) cap=0.133(ff/um) res=0.188(ohm/um) viaRes=2.33333(ohm) viaCap=0.220695(ff)

RC Information for View hold1_analysis_view :
Est. Cap                : 0.146248(V=0.139886 H=0.15261) (ff/um) [7.31238e-05]
Est. Res                : 1.15(V=1.05 H=1.25)(ohm/um) [0.000575]
Est. Via Res            : 4(ohm) [7.75]
Est. Via Cap            : 0.154152(ff)
M1(H) w=0.16(um) s=0.18(um) p=0.41(um) es=0.66(um) cap=0.157(ff/um) res=2.38(ohm/um) viaRes=0(ohm) viaCap=0(ff)
M2(V) w=0.2(um) s=0.21(um) p=0.41(um) es=0.62(um) cap=0.153(ff/um) res=1.25(ohm/um) viaRes=3.75(ohm) viaCap=0.164232(ff)
M3(H) w=0.2(um) s=0.21(um) p=0.41(um) es=0.62(um) cap=0.153(ff/um) res=1.25(ohm/um) viaRes=4(ohm) viaCap=0.160393(ff)
M4(V) w=0.2(um) s=0.21(um) p=0.41(um) es=0.62(um) cap=0.14(ff/um) res=1.05(ohm/um) viaRes=4(ohm) viaCap=0.154152(ff)
M5(H) w=0.2(um) s=0.21(um) p=0.41(um) es=0.62(um) cap=0.106(ff/um) res=1.05(ohm/um) viaRes=2.4(ohm) viaCap=0.130276(ff)
M6(V) w=0.2(um) s=0.21(um) p=0.41(um) es=0.62(um) cap=0.106(ff/um) res=1.05(ohm/um) viaRes=2.4(ohm) viaCap=0.110787(ff)
M7(H) w=0.4(um) s=0.42(um) p=0.82(um) es=1.24(um) cap=0.133(ff/um) res=0.188(ohm/um) viaRes=2.33333(ohm) viaCap=0.220695(ff)

Active Analysis Views for CTS are,
#1 setup1_analysis_view
#2 hold1_analysis_view
Default Analysis Views is setup1_analysis_view


****** AutoClockRootPin ******
AutoClockRootPin 1: CLK
# NoGating         NO
# SetDPinAsSync    NO
# SetIoPinAsSync   NO
# SetAsyncSRPinAsSync   NO
# SetTriStEnPinAsSync   NO
# SetBBoxPinAsSync   NO
# RouteClkNet      YES
# PostOpt          YES
# RouteType        FE_CTS_DEFAULT
# LeafRouteType    FE_CTS_DEFAULT_LEAF

***** !! NOTE !! *****

CTS treats D-pins and I/O pins as non-synchronous pins by default.
If you want to change the behavior, you need to use the SetDPinAsSync
or SetIoPinAsSync statement in the clock tree specification file,
or use the setCTSMode -traceDPinAsLeaf {true|false} command,
or use the setCTSMode -traceIoPinAsLeaf {true|false} command
before specifyClockTree command.

*** End specifyClockTree (cpu=0:00:00.0, real=0:00:00.0, mem=375.3M) ***
<clockDesign CMD> changeClockStatus -all -fixedBuffers
Redoing specifyClockTree  -file Clock.ctstch  ...

changeClockStatus Option :  -all -fixedBuffers 
*** Changed status on (40) instances, and (0) nets in Clock CLK.
*** End changeClockStatus (cpu=0:00:00.0, real=0:00:00.0, mem=375.3M) ***
<clockDesign CMD> deleteClockTree -all
Redoing specifyClockTree  -file Clock.ctstch  ...

deleteClockTree Option :  -all 
*** 0 Buffers found to be either having FIXED attribute or constraints on it. deleteClockTree may not delete them.*** 
*** Use changeClockStatus to change the FIXED status. ***
*** Removed (0) buffers and (0) inverters in Clock CLK.
***** Delete Clock Tree Finished (CPU Time: 0:00:00.0  MEM: 375.348M)
*** End deleteClockTree (cpu=0:00:00.0, real=0:00:00.0, mem=375.3M) ***
<clockDesign CMD> ckSynthesis -report clock_report/clock.report -forceReconvergent -breakLoop
Redoing specifyClockTree  -file Clock.ctstch  ...


ckSynthesis Option :  -report clock_report/clock.report -forceReconvergent -breakLoop 
***** Allocate Placement Memory Finished (MEM: 375.348M)

Start to trace clock trees ...
*** Begin Tracer (mem=375.3M) ***
Tracing Clock CLK ...
*** End Tracer (mem=375.4M) ***
***** Allocate Obstruction Memory  Finished (MEM: 375.348M)

****** Clock Tree (CLK) Structure
Max. Skew           : 200(ps)
Max. Sink Transition: 50(ps)
Max. Buf Transition : 50(ps)
Max. Delay          : 0(ps)
Min. Delay          : 0(ps)
Buffer              : (CLKINVX6M) (BUFX8M) (CLKINVX8M) (BUFX10M) (CLKINVX12M) (BUFX12M) (CLKBUFX12M) (BUFX14M) (CLKBUFX16M) (BUFX16M) (CLKINVX16M) (BUFX18M) (BUFX20M) (CLKINVX20M) (CLKBUFX20M) (CLKBUFX24M) (BUFX24M) (CLKINVX24M) (CLKBUFX32M) (BUFX32M) (CLKINVX32M) (CLKBUFX40M) (CLKINVX40M) 
Nr. Subtrees                    : 2
Nr. Sinks                       : 39
Nr.          Rising  Sync Pins  : 39
Nr. Inverter Rising  Sync Pins  : 0
Nr.          Falling Sync Pins  : 0
Nr. Inverter Falling Sync Pins  : 0
***********************************************************
SubTree No: 0

Input_Pin:  (U0_clk_mux/U1/A)
Output_Pin: (U0_clk_mux/U1/Y)
Output_Net: (scan_fun_clk)   
**** CK_START: TopDown Tree Construction for scan_fun_clk (39-leaf) (maxFan=50) (mem=375.3M)

Find 0 route_obs, 2 place_obs, 0 cut_obs  1 fence channel(s), 
 1 channel(s).
Trig. Edge Skew=9[411,420*] trVio=B44(214)S2(37)ps N39 B6 G1 A18(18.4) L[4,4] C2/1 score=54271 cpu=0:00:04.0 mem=375M 

**** CK_END: TopDown Tree Construction for scan_fun_clk (cpu=0:00:04.7, real=0:00:05.0, mem=375.3M)



**** CK_START: Update Database (mem=375.3M)
6 Clock Buffers/Inverters inserted.
**** CK_END: Update Database (cpu=0:00:00.0, real=0:00:00.0, mem=375.3M)
**** CK_START: Macro Models Generation (mem=375.3M)

*  sink: max rise/fall tran=[52,48], (bnd=50ps) 
*buffer: max rise/fall tran=[92,95], (bnd=50ps) 
**** CK_END: Macro Models Generation (cpu=0:00:00.0, real=0:00:00.0, mem=375.3M)
SubTree No: 1

Input_Pin:  (NULL)
Output_Pin: (CLK)
Output_Net: (CLK)   
**** CK_START: TopDown Tree Construction for CLK (1-leaf) (1 macro model) (maxFan=50) (mem=375.3M)

Trig. Edge Skew=8[469,477*] N1 B2 G2 A5(5.4) L[3,3] C3/0 score=53340 cpu=0:00:00.0 mem=375M 

**** CK_END: TopDown Tree Construction for CLK (cpu=0:00:00.0, real=0:00:00.0, mem=375.3M)



**** CK_START: Update Database (mem=375.3M)
2 Clock Buffers/Inverters inserted.
**** CK_END: Update Database (cpu=0:00:00.0, real=0:00:00.0, mem=375.3M)
***** Start Refine Placement.....
Starting refinePlace ...
Statistics of distance of Instance movement in detailed placement:
  maximum (X+Y) =         8.61 um
  inst (scan_fun_clk__L1_I0) with max move: (23.37, 52.07) -> (29.11, 54.94)
  mean    (X+Y) =         2.28 um
Total instances moved : 50
*** cpu=0:00:00.0   mem=375.3M  mem(used)=0.0M***
***** Refine Placement Finished (CPU Time: 0:00:00.0  MEM: 375.348M)
Resetting all latency settings from fanout cone of port 'CLK'
***** Start Refine Placement.....
Starting refinePlace ...
Statistics of distance of Instance movement in detailed placement:
  maximum (X+Y) =         0.00 um
  mean    (X+Y) =         0.00 um
Total instances moved : 0
*** cpu=0:00:00.0   mem=375.4M  mem(used)=0.0M***
***** Refine Placement Finished (CPU Time: 0:00:00.0  MEM: 375.352M)
All-RC-Corners-Per-Net-In-Memory is turned ON...

# Analysis View: setup1_analysis_view
********** Clock CLK Pre-Route Timing Analysis **********
Nr. of Subtrees                : 2
Nr. of Sinks                   : 39
Nr. of Buffer                  : 8
Nr. of Level (including gates) : 6
Root Rise Input Tran           : 0.1(ps)
Root Fall Input Tran           : 0.1(ps)
Max trig. edge delay at sink(R): U0_ARITHMETIC_UNIT/Arith_OUT_reg[14]/CK 481.7(ps)
Min trig. edge delay at sink(R): U0_LOGIC_UNIT/Logic_OUT_reg[0]/CK 473.5(ps)


                                 (Actual)               (Required)          
Rise Phase Delay               : 473.5~481.7(ps)        0~0(ps)             
Fall Phase Delay               : 540.9~549.2(ps)        0~0(ps)             
Trig. Edge Skew                : 8.2(ps)                200(ps)             
Rise Skew                      : 8.2(ps)                
Fall Skew                      : 8.3(ps)                
Max. Rise Buffer Tran.         : 91.5(ps)               50(ps)              
Max. Fall Buffer Tran.         : 97.4(ps)               50(ps)              
Max. Rise Sink Tran.           : 52.6(ps)               50(ps)              
Max. Fall Sink Tran.           : 48.5(ps)               50(ps)              
Min. Rise Buffer Tran.         : 20.5(ps)               0(ps)               
Min. Fall Buffer Tran.         : 19.7(ps)               0(ps)               
Min. Rise Sink Tran.           : 44.7(ps)               0(ps)               
Min. Fall Sink Tran.           : 41(ps)                 0(ps)               

view setup1_analysis_view : skew = 8.2ps (required = 200ps)
view hold1_analysis_view : skew = 6.4ps (required = 200ps)


Clock Analysis (CPU Time 0:00:00.0)


All-RC-Corners-Per-Net-In-Memory is turned OFF...

globalDetailRoute

#Start globalDetailRoute on Tue Sep 16 20:46:24 2025
#
#cpu time = 00:00:00, elapsed time = 00:00:00, memory = 375.00 (Mb)
Using detail cap. scale factor for clock nets.
Initializing multi-corner capacitance tables ... 
Initializing multi-corner resistance tables ...
#NanoRoute Version v08.10-p008 NR081027-0018/USR58-UB
#Merging special wires...
#reading routing guides ......
#Number of eco nets is 0
#
#Start data preparation...
#Auto generating G-grids with size=15 tracks, using layer METAL2's pitch = 0.410.
#Using automatically generated G-grids.
#
#Data preparation is done.
#
#  Resource Analysis:
#
#               Routing  #Avail      #Track     #Total     %Gcell
#  Layer      Direction   Track     Blocked      Gcell    Blocked
#  --------------------------------------------------------------
#  Metal 1        H         293           0         400    70.00%
#  Metal 2        V         293           0         400     2.25%
#  Metal 3        H         293           0         400     0.00%
#  Metal 4        V         293           0         400     2.25%
#  Metal 5        H         293           0         400     0.00%
#  Metal 6        V         293           0         400     5.00%
#  Metal 7        H         146           0         400     0.00%
#  --------------------------------------------------------------
#  Total                   1904       0.00%        2800    11.36%
#
#  10 nets (1.12%) with 1 preferred extra spacing.
#
#
#Routing guide is on
#cpu time = 00:00:00, elapsed time = 00:00:00, memory = 375.00 (Mb)
#
#start global routing iteration 1...
#cpu time = 00:00:00, elapsed time = 00:00:00, memory = 375.00 (Mb)
#
#start global routing iteration 2...
#cpu time = 00:00:00, elapsed time = 00:00:00, memory = 375.00 (Mb)
#
#start global routing iteration 3...
#cpu time = 00:00:00, elapsed time = 00:00:00, memory = 375.00 (Mb)
#
#
#  Congestion Analysis: (blocked Gcells are excluded from the statistics)
#
#                 OverCon          
#                  #Gcell    %Gcell
#     Layer           (1)   OverCon
#  --------------------------------
#   Metal 1      0(0.00%)   (0.00%)
#   Metal 2      0(0.00%)   (0.00%)
#   Metal 3      0(0.00%)   (0.00%)
#   Metal 4      0(0.00%)   (0.00%)
#   Metal 5      0(0.00%)   (0.00%)
#   Metal 6      0(0.00%)   (0.00%)
#   Metal 7      0(0.00%)   (0.00%)
#  --------------------------------
#     Total      0(0.00%)   (0.00%)
#
#  The worst congested Gcell overcon (routing demand over resource in number of tracks) = 1
#
#Complete Global Routing.
#Total wire length = 554 um.
#Total half perimeter of net bounding box = 502 um.
#Total wire length on LAYER METAL1 = 0 um.
#Total wire length on LAYER METAL2 = 6 um.
#Total wire length on LAYER METAL3 = 332 um.
#Total wire length on LAYER METAL4 = 215 um.
#Total wire length on LAYER METAL5 = 0 um.
#Total wire length on LAYER METAL6 = 0 um.
#Total wire length on LAYER METAL7 = 0 um.
#Total number of vias = 133
#Up-Via Summary (total 133):
#           
#-----------------------
#  Metal 1           51
#  Metal 2           50
#  Metal 3           32
#-----------------------
#                   133 
#
#Max overcon = 0 track.
#Total overcon = 0.00%.
#Worst layer Gcell overcon rate = 0.00%.
#Cpu time = 00:00:01
#Elapsed time = 00:00:01
#Increased memory = 0.00 (Mb)
#Total memory = 375.00 (Mb)
#Peak memory = 407.00 (Mb)
#
#Start Detail Routing.
#start initial detail routing ...
# ECO: 0.0% of the total area was rechecked for DRC, and 88.9% required routing.
#    number of violations = 0
#cpu time = 00:00:00, elapsed time = 00:00:00, memory = 375.00 (Mb)
#start 1st optimization iteration ...
#    number of violations = 0
#cpu time = 00:00:00, elapsed time = 00:00:00, memory = 375.00 (Mb)
#Complete Detail Routing.
#Total wire length = 547 um.
#Total half perimeter of net bounding box = 502 um.
#Total wire length on LAYER METAL1 = 0 um.
#Total wire length on LAYER METAL2 = 7 um.
#Total wire length on LAYER METAL3 = 308 um.
#Total wire length on LAYER METAL4 = 231 um.
#Total wire length on LAYER METAL5 = 0 um.
#Total wire length on LAYER METAL6 = 0 um.
#Total wire length on LAYER METAL7 = 0 um.
#Total number of vias = 172
#Up-Via Summary (total 172):
#           
#-----------------------
#  Metal 1           57
#  Metal 2           57
#  Metal 3           58
#-----------------------
#                   172 
#
#Total number of DRC violations = 0
#Total number of violations on LAYER METAL1 = 0
#Total number of violations on LAYER METAL2 = 0
#Total number of violations on LAYER METAL3 = 0
#Total number of violations on LAYER METAL4 = 0
#Total number of violations on LAYER METAL5 = 0
#Total number of violations on LAYER METAL6 = 0
#Total number of violations on LAYER METAL7 = 0
#detailRoute Statistics:
#Cpu time = 00:00:00
#Elapsed time = 00:00:00
#Increased memory = 0.00 (Mb)
#Total memory = 375.00 (Mb)
#Peak memory = 407.00 (Mb)
#
#globalDetailRoute statistics:
#Cpu time = 00:00:02
#Elapsed time = 00:00:02
#Increased memory = 0.00 (Mb)
#Total memory = 375.00 (Mb)
#Peak memory = 407.00 (Mb)
#Number of warnings = 0
#Total number of warnings = 6
#Number of fails = 0
#Total number of fails = 0
#Complete globalDetailRoute on Tue Sep 16 20:46:25 2025
#
*** Look For Un-Routed Clock Tree Net ***
All-RC-Corners-Per-Net-In-Memory is turned ON...

# Analysis View: setup1_analysis_view
********** Clock CLK Clk-Route-Only Timing Analysis **********
Nr. of Subtrees                : 2
Nr. of Sinks                   : 39
Nr. of Buffer                  : 8
Nr. of Level (including gates) : 6
Root Rise Input Tran           : 0.1(ps)
Root Fall Input Tran           : 0.1(ps)
Max trig. edge delay at sink(R): U0_ARITHMETIC_UNIT/Arith_OUT_reg[14]/CK 483.5(ps)
Min trig. edge delay at sink(R): U0_SHIFT_UNIT/Shift_OUT_reg[7]/CK 476.1(ps)


                                 (Actual)               (Required)          
Rise Phase Delay               : 476.1~483.5(ps)        0~0(ps)             
Fall Phase Delay               : 543.9~551.3(ps)        0~0(ps)             
Trig. Edge Skew                : 7.4(ps)                200(ps)             
Rise Skew                      : 7.4(ps)                
Fall Skew                      : 7.4(ps)                
Max. Rise Buffer Tran.         : 90.8(ps)               50(ps)              
Max. Fall Buffer Tran.         : 97.4(ps)               50(ps)              
Max. Rise Sink Tran.           : 52.4(ps)               50(ps)              
Max. Fall Sink Tran.           : 48.3(ps)               50(ps)              
Min. Rise Buffer Tran.         : 19.9(ps)               0(ps)               
Min. Fall Buffer Tran.         : 19.1(ps)               0(ps)               
Min. Rise Sink Tran.           : 45.2(ps)               0(ps)               
Min. Fall Sink Tran.           : 41.5(ps)               0(ps)               

view setup1_analysis_view : skew = 7.4ps (required = 200ps)
view hold1_analysis_view : skew = 5.6ps (required = 200ps)


Clock Analysis (CPU Time 0:00:00.0)


All-RC-Corners-Per-Net-In-Memory is turned OFF...
setting up for view 'setup1_analysis_view'...
setting up for view 'hold1_analysis_view'...
Selecting the worst MMMC view of clock tree 'CLK' ...
resized 0 standard cell(s).
inserted 0 standard cell(s).
*** Gated Clock Tree Optimization (cpu=0:00:00.0 mem=375.4M) ***

None of the clock tree buffers/gates are modified by the skew optimization.

Switching to the default view 'setup1_analysis_view' ...

*** None of the buffer chains at roots are modified by the fine-tune process.

All-RC-Corners-Per-Net-In-Memory is turned ON...
*** Look For Reconvergent Clock Component ***
The clock tree CLK has no reconvergent cell.

# Analysis View: setup1_analysis_view
********** Clock CLK Clk-Route-Only Timing Analysis **********
Nr. of Subtrees                : 2
Nr. of Sinks                   : 39
Nr. of Buffer                  : 8
Nr. of Level (including gates) : 6
Root Rise Input Tran           : 0.1(ps)
Root Fall Input Tran           : 0.1(ps)
Max trig. edge delay at sink(R): U0_ARITHMETIC_UNIT/Arith_OUT_reg[14]/CK 483.5(ps)
Min trig. edge delay at sink(R): U0_SHIFT_UNIT/Shift_OUT_reg[7]/CK 476.1(ps)


                                 (Actual)               (Required)          
Rise Phase Delay               : 476.1~483.5(ps)        0~0(ps)             
Fall Phase Delay               : 543.9~551.3(ps)        0~0(ps)             
Trig. Edge Skew                : 7.4(ps)                200(ps)             
Rise Skew                      : 7.4(ps)                
Fall Skew                      : 7.4(ps)                
Max. Rise Buffer Tran.         : 90.8(ps)               50(ps)              
Max. Fall Buffer Tran.         : 97.4(ps)               50(ps)              
Max. Rise Sink Tran.           : 52.4(ps)               50(ps)              
Max. Fall Sink Tran.           : 48.3(ps)               50(ps)              
Min. Rise Buffer Tran.         : 19.9(ps)               0(ps)               
Min. Fall Buffer Tran.         : 19.1(ps)               0(ps)               
Min. Rise Sink Tran.           : 45.2(ps)               0(ps)               
Min. Fall Sink Tran.           : 41.5(ps)               0(ps)               

view setup1_analysis_view : skew = 7.4ps (required = 200ps)
view hold1_analysis_view : skew = 5.6ps (required = 200ps)


Clock CLK has been routed. Routing guide will not be generated.
enter checking logic.
Generating Clock Analysis Report clock_report/clock.report ....
Generating Clock Routing Guide ALU_TOP.rguide ....
Clock Analysis (CPU Time 0:00:00.0)


All-RC-Corners-Per-Net-In-Memory is turned OFF...
*** End ckSynthesis (cpu=0:00:06.6, real=0:00:06.0, mem=375.4M) ***
<clockDesign CMD> timeDesign -postCTS -outDir clock_report
-engine default                        # enums={feDC signalStorm default}, default=default, user setting
-signOff false                         # bool, default=false
*** Starting trialRoute (mem=375.4M) ***

There are 0 pin guide points passed to trialRoute.
Options:  -handlePreroute -keepMarkedOptRoutes -noPinGuide

Nr of prerouted/Fixed nets = 10
There are 10 nets with 1 extra space.
routingBox: (0 0) (240260 240260)
coreBox:    (6560 6560) (234260 234260)
There are 10 prerouted nets with extraSpace.
Number of multi-gpin terms=122, multi-gpins=306, moved blk term=0/35

Phase 1a route (0:00:00.0 375.4M):
Est net length = 1.556e+04um = 7.713e+03H + 7.848e+03V
Usage: (12.8%H 15.9%V) = (1.069e+04um 1.478e+04um) = (5132 5135)
Obstruct: 111 = 0 (0.0%H) + 111 (4.7%V)
Overflow: 1 = 0 (0.00% H) + 1 (0.04% V)
Number obstruct path=6 reroute=0

There are 10 prerouted nets with extraSpace.
Phase 1b route (0:00:00.0 375.4M):
Usage: (12.8%H 15.9%V) = (1.069e+04um 1.480e+04um) = (5135 5143)
Overflow: 1 = 0 (0.00% H) + 1 (0.04% V)

Phase 1c route (0:00:00.0 375.4M):
Usage: (12.8%H 15.9%V) = (1.068e+04um 1.480e+04um) = (5129 5142)
Overflow: 0 = 0 (0.00% H) + 0 (0.00% V)

Phase 1d route (0:00:00.0 375.4M):
Usage: (12.8%H 15.9%V) = (1.068e+04um 1.480e+04um) = (5130 5143)
Overflow: 0 = 0 (0.00% H) + 0 (0.00% V)

Phase 1e route (0:00:00.0 375.4M):
Usage: (12.8%H 15.9%V) = (1.068e+04um 1.480e+04um) = (5130 5143)
Overflow: 0 = 0 (0.00% H) + 0 (0.00% V)

Usage: (12.8%H 15.9%V) = (1.068e+04um 1.480e+04um) = (5130 5143)
Overflow: 0 = 0 (0.00% H) + 0 (0.00% V)

Congestion distribution:

Remain	cntH		cntV
--------------------------------------
--------------------------------------
  0:	0	 0.00%	10	 0.45%
  1:	0	 0.00%	11	 0.49%
  2:	0	 0.00%	15	 0.67%
  3:	0	 0.00%	17	 0.76%
  4:	0	 0.00%	27	 1.21%
  5:	0	 0.00%	39	 1.75%
  6:	0	 0.00%	21	 0.94%
  7:	0	 0.00%	15	 0.67%
  8:	4	 0.17%	46	 2.07%
  9:	13	 0.56%	85	 3.82%
 10:	63	 2.70%	133	 5.97%
 11:	118	 5.05%	214	 9.61%
 12:	172	 7.36%	339	15.23%
 13:	213	 9.11%	425	19.09%
 14:	312	13.35%	416	18.69%
 15:	397	16.99%	346	15.54%
 16:	443	18.96%	22	 0.99%
 17:	390	16.69%	26	 1.17%
 18:	155	 6.63%	19	 0.85%
 19:	1	 0.04%	0	 0.00%
 20:	56	 2.40%	0	 0.00%

Using detail cap. scale factor for clock nets.
Initializing multi-corner capacitance tables ... 
Initializing multi-corner resistance tables ...

*** Memory Usage v0.144 (Current mem = 379.355M, initial mem = 62.238M) ***
Phase 1l route (0:00:00.1 375.4M):
There are 10 prerouted nets with extraSpace.


*** After '-updateRemainTrks' operation: 

Usage: (12.9%H 16.1%V) = (1.077e+04um 1.502e+04um) = (5185 5218)
Overflow: 3 = 0 (0.00% H) + 3 (0.15% V)

Congestion distribution:

Remain	cntH		cntV
--------------------------------------
 -2:	0	 0.00%	1	 0.04%
 -1:	0	 0.00%	2	 0.09%
--------------------------------------
  0:	0	 0.00%	8	 0.36%
  1:	0	 0.00%	11	 0.49%
  2:	0	 0.00%	12	 0.54%
  3:	0	 0.00%	22	 0.99%
  4:	0	 0.00%	28	 1.26%
  5:	0	 0.00%	38	 1.71%
  6:	0	 0.00%	19	 0.85%
  7:	0	 0.00%	18	 0.81%
  8:	4	 0.17%	58	 2.61%
  9:	16	 0.68%	85	 3.82%
 10:	69	 2.95%	130	 5.84%
 11:	114	 4.88%	184	 8.27%
 12:	166	 7.10%	343	15.41%
 13:	222	 9.50%	436	19.59%
 14:	315	13.48%	424	19.05%
 15:	397	16.99%	341	15.32%
 16:	439	18.78%	21	 0.94%
 17:	385	16.47%	26	 1.17%
 18:	153	 6.55%	19	 0.85%
 19:	1	 0.04%	0	 0.00%
 20:	56	 2.40%	0	 0.00%



*** Completed Phase 1 route (0:00:00.1 375.4M) ***


Total length: 1.689e+04um, number of vias: 4776
M1(H) length: 4.075e-01um, number of vias: 2441
M2(V) length: 7.010e+03um, number of vias: 2042
M3(H) length: 7.852e+03um, number of vias: 274
M4(V) length: 1.873e+03um, number of vias: 19
M5(H) length: 1.579e+02um, number of vias: 0
M6(V) length: 0.000e+00um, number of vias: 0
M7(H) length: 0.000e+00um
*** Completed Phase 2 route (0:00:00.0 375.4M) ***

*** Finished all Phases (cpu=0:00:00.1 mem=375.4M) ***
Peak Memory Usage was 379.4M 
*** Finished trialRoute (cpu=0:00:00.1 mem=375.4M) ***

Default RC Extraction called for design ALU_TOP.
RC Extraction called in multi-corner(1) mode.
RCMode: Default
      RC Corner Indexes            0   
Capacitance Scaling Factor   : 1.00000 
Coupling Cap. Scaling Factor : 1.00000 
Resistance Scaling Factor    : 1.00000 
Shrink Factor                : 1.00000
Default RC extraction is honoring NDR/Shielding/ExtraSpace for clock nets.
Using detail cap. scale factor for clock nets.
Initializing multi-corner capacitance tables ... 
Initializing multi-corner resistance tables ...
Default RC Extraction DONE (CPU Time: 0:00:00.0  Real Time: 0:00:00.0  MEM: 375.352M)
Found active setup analysis view setup1_analysis_view
Found active hold analysis view hold1_analysis_view

------------------------------------------------------------
          timeDesign Summary                             
------------------------------------------------------------

+--------------------+---------+---------+---------+---------+---------+---------+
|     Setup mode     |   all   | reg2reg | in2reg  | reg2out | in2out  | clkgate |
+--------------------+---------+---------+---------+---------+---------+---------+
|           WNS (ns):| 47.190  |   N/A   | 64.376  | 47.190  |   N/A   |   N/A   |
|           TNS (ns):|  0.000  |   N/A   |  0.000  |  0.000  |   N/A   |   N/A   |
|    Violating Paths:|    0    |   N/A   |    0    |    0    |   N/A   |   N/A   |
|          All Paths:|   117   |   N/A   |   78    |   39    |   N/A   |   N/A   |
+--------------------+---------+---------+---------+---------+---------+---------+

+----------------+---------------------------+--------------+
|                |            Real           |     Total    |
|    DRVs        +--------------+------------+--------------|
|                |Nr nets(terms)| Worst Vio  |Nr nets(terms)|
+----------------+--------------+------------+--------------+
|   max_cap      |   40 (40)    |  -72.048   |   40 (40)    |
|   max_tran     |   40 (40)    |  -50.845   |   40 (40)    |
|   max_fanout   |    0 (0)     |     0      |    0 (0)     |
+----------------+--------------+------------+--------------+

Density: 70.230%
Routing Overflow: 0.00% H and 0.15% V
------------------------------------------------------------
Reported timing to dir clock_report
Total CPU time: 0.39 sec
Total Real time: 1.0 sec
Total Memory Usage: 375.351562 Mbytes
<CMD> setDrawView place
<CMD> setNanoRouteMode -quiet -routeTopRoutingLayer 6
<CMD> setNanoRouteMode -quiet -routeWithSiDriven true
<CMD> setNanoRouteMode -quiet -routeSiEffort max
<CMD> routeDesign -globalDetail -viaOpt -wireOpt
Begin checking placement ...
*info: Placed = 716
*info: Unplaced = 0
Placement Density:70.23%(8928/12712)
Redoing specifyClockTree  -file Clock.ctstch  ...

changeUseClockNetStatus Option :  -noFixedNetWires 
*** Changed status on (10) nets in Clock.
*** End changeUseClockNetStatus (cpu=0:00:00.0, real=0:00:00.0, mem=375.4M) ***

globalDetailRoute

#Start globalDetailRoute on Tue Sep 16 20:46:36 2025
#
#Generating timing graph information, please wait...
#868 total nets, 10 already routed, 10 will ignore in trialRoute
#TrialRoute congestion 0.000000 0.134771 -2
#Based on TrialRoute congestion, NR sets routeTdrEffort to 2
#Dump tif for version 2.1
#Write timing file took: cpu time = 00:00:00, elapsed time = 00:00:00, memory = 375.00 (Mb)
#Done generating timing graph information.
#Start reading timing information from file .timing_file.tif ...
#
#The worst setup slack read in is 47.190 
#
#No hold time constraints read in
#Read in timing information for 68 ports, 764 instances from timing file .timing_file.tif.
#NanoRoute Version v08.10-p008 NR081027-0018/USR58-UB
#Merging special wires...
#Using S.M.A.R.T. routing technology.
#
#Start data preparation...
#
#Data preparation is done.
#
#  Resource Analysis:
#
#               Routing  #Avail      #Track     #Total     %Gcell
#  Layer      Direction   Track     Blocked      Gcell    Blocked
#  --------------------------------------------------------------
#  Metal 1        H         293           0         400    70.00%
#  Metal 2        V         293           0         400     2.25%
#  Metal 3        H         293           0         400     0.00%
#  Metal 4        V         293           0         400     2.25%
#  Metal 5        H         293           0         400     0.00%
#  Metal 6        V         293           0         400     5.00%
#  --------------------------------------------------------------
#  Total                   1758       0.00%        2400    13.25%
#
#  10 nets (1.12%) with 1 preferred extra spacing.
#
#
#cpu time = 00:00:00, elapsed time = 00:00:00, memory = 375.00 (Mb)
#
#start global routing iteration 1...
#Worst slack with path group effect 340282346638528859811704183484516925440.000000
#Computing layers for timing driven layer assignment from range: 1 6
#For the given process, RC's between different routing layers does not vary significantly. Layer assignment may not improve timing and hence skipped.
#cpu time = 00:00:00, elapsed time = 00:00:00, memory = 375.00 (Mb)
#
#start global routing iteration 2...
#cpu time = 00:00:00, elapsed time = 00:00:00, memory = 375.00 (Mb)
#
#start global routing iteration 3...
#cpu time = 00:00:00, elapsed time = 00:00:00, memory = 375.00 (Mb)
#
#start global routing iteration 4...
#cpu time = 00:00:00, elapsed time = 00:00:00, memory = 375.00 (Mb)
#
#start global routing iteration 5...
#cpu time = 00:00:00, elapsed time = 00:00:00, memory = 375.00 (Mb)
#
#
#  Congestion Analysis: (blocked Gcells are excluded from the statistics)
#
#                 OverCon       OverCon          
#                  #Gcell        #Gcell    %Gcell
#     Layer           (1)           (2)   OverCon
#  ----------------------------------------------
#   Metal 1      0(0.00%)      0(0.00%)   (0.00%)
#   Metal 2      0(0.00%)      1(0.25%)   (0.25%)
#   Metal 3      0(0.00%)      0(0.00%)   (0.00%)
#   Metal 4      0(0.00%)      0(0.00%)   (0.00%)
#   Metal 5      0(0.00%)      0(0.00%)   (0.00%)
#   Metal 6      0(0.00%)      0(0.00%)   (0.00%)
#  ----------------------------------------------
#     Total      0(0.00%)      1(0.05%)   (0.05%)
#
#  The worst congested Gcell overcon (routing demand over resource in number of tracks) = 2
#
#Complete Global Routing.
#Total wire length = 16042 um.
#Total half perimeter of net bounding box = 16008 um.
#Total wire length on LAYER METAL1 = 6 um.
#Total wire length on LAYER METAL2 = 5653 um.
#Total wire length on LAYER METAL3 = 7402 um.
#Total wire length on LAYER METAL4 = 2488 um.
#Total wire length on LAYER METAL5 = 492 um.
#Total wire length on LAYER METAL6 = 0 um.
#Total wire length on LAYER METAL7 = 0 um.
#Total number of vias = 3481
#Up-Via Summary (total 3481):
#           
#-----------------------
#  Metal 1         1837
#  Metal 2         1377
#  Metal 3          229
#  Metal 4           38
#-----------------------
#                  3481 
#
#Max overcon = 2 tracks.
#Total overcon = 0.05%.
#Worst layer Gcell overcon rate = 0.25%.
#Cpu time = 00:00:00
#Elapsed time = 00:00:00
#Increased memory = 0.00 (Mb)
#Total memory = 375.00 (Mb)
#Peak memory = 407.00 (Mb)
#Worst slack with path group effect 340282346638528859811704183484516925440.000000
#Using S.M.A.R.T. routing technology.
#routeSiEffort set to max
#
#Start Detail Routing.
#start initial detail routing ...
#    number of violations = 34
#cpu time = 00:00:01, elapsed time = 00:00:01, memory = 375.00 (Mb)
#start 1st optimization iteration ...
#    number of violations = 23
#cpu time = 00:00:00, elapsed time = 00:00:00, memory = 375.00 (Mb)
#start 2nd optimization iteration ...
#    number of violations = 23
#cpu time = 00:00:00, elapsed time = 00:00:00, memory = 375.00 (Mb)
#start 3rd optimization iteration ...
#    number of violations = 23
#cpu time = 00:00:00, elapsed time = 00:00:00, memory = 375.00 (Mb)
#start 4th optimization iteration ...
#    number of violations = 23
#cpu time = 00:00:00, elapsed time = 00:00:00, memory = 375.00 (Mb)
#start 5th optimization iteration ...
#    number of violations = 23
#cpu time = 00:00:00, elapsed time = 00:00:00, memory = 375.00 (Mb)
#start 6th optimization iteration ...
#    number of violations = 17
#cpu time = 00:00:01, elapsed time = 00:00:01, memory = 376.00 (Mb)
#start 7th optimization iteration ...
#    number of violations = 23
#cpu time = 00:00:01, elapsed time = 00:00:01, memory = 376.00 (Mb)
#start 8th optimization iteration ...
#    number of violations = 23
#cpu time = 00:00:01, elapsed time = 00:00:01, memory = 376.00 (Mb)
#start 9th optimization iteration ...
#    number of violations = 23
#cpu time = 00:00:01, elapsed time = 00:00:01, memory = 376.00 (Mb)
#start 10th optimization iteration ...
#    number of violations = 23
#cpu time = 00:00:01, elapsed time = 00:00:01, memory = 376.00 (Mb)
#start 11th optimization iteration ...
#    number of violations = 23
#cpu time = 00:00:01, elapsed time = 00:00:01, memory = 375.00 (Mb)
#start 12th optimization iteration ...
#    number of violations = 23
#cpu time = 00:00:01, elapsed time = 00:00:01, memory = 375.00 (Mb)
#start 13th optimization iteration ...
#    number of violations = 23
#cpu time = 00:00:01, elapsed time = 00:00:01, memory = 375.00 (Mb)
#start 14th optimization iteration ...
#    number of violations = 23
#cpu time = 00:00:01, elapsed time = 00:00:01, memory = 375.00 (Mb)
#start 15th optimization iteration ...
#    number of violations = 15
#cpu time = 00:00:01, elapsed time = 00:00:01, memory = 375.00 (Mb)
#start 16th optimization iteration ...
#    number of violations = 23
#cpu time = 00:00:01, elapsed time = 00:00:01, memory = 376.00 (Mb)
#start 17th optimization iteration ...
#    number of violations = 23
#cpu time = 00:00:01, elapsed time = 00:00:01, memory = 376.00 (Mb)
#start 18th optimization iteration ...
#    number of violations = 19
#cpu time = 00:00:01, elapsed time = 00:00:01, memory = 376.00 (Mb)
#start 19th optimization iteration ...
#    number of violations = 23
#cpu time = 00:00:01, elapsed time = 00:00:01, memory = 376.00 (Mb)
#start 20th optimization iteration ...
#    number of violations = 23
#cpu time = 00:00:01, elapsed time = 00:00:01, memory = 376.00 (Mb)
#Complete Detail Routing.
#Total wire length = 16674 um.
#Total half perimeter of net bounding box = 16008 um.
#Total wire length on LAYER METAL1 = 878 um.
#Total wire length on LAYER METAL2 = 5774 um.
#Total wire length on LAYER METAL3 = 6356 um.
#Total wire length on LAYER METAL4 = 2694 um.
#Total wire length on LAYER METAL5 = 971 um.
#Total wire length on LAYER METAL6 = 1 um.
#Total wire length on LAYER METAL7 = 0 um.
#Total number of vias = 5147
#Up-Via Summary (total 5147):
#           
#-----------------------
#  Metal 1         2403
#  Metal 2         2139
#  Metal 3          469
#  Metal 4          134
#  Metal 5            2
#-----------------------
#                  5147 
#
#Total number of DRC violations = 23
#Total number of violations on LAYER METAL1 = 0
#Total number of violations on LAYER METAL2 = 0
#Total number of violations on LAYER METAL3 = 5
#Total number of violations on LAYER METAL4 = 9
#Total number of violations on LAYER METAL5 = 9
#Total number of violations on LAYER METAL6 = 0
#Total number of violations on LAYER METAL7 = 0
#Cpu time = 00:00:16
#Elapsed time = 00:00:16
#Increased memory = 1.00 (Mb)
#Total memory = 376.00 (Mb)
#Peak memory = 410.00 (Mb)
#
#Start Post Routing Optimization.
#start 1st post routing optimization iteration ...
#    number of DRC violations = 15
#cpu time = 00:00:07, elapsed time = 00:00:08, memory = 375.00 (Mb)
#start 2nd post routing optimization iteration ...
#    number of DRC violations = 15
#cpu time = 00:00:07, elapsed time = 00:00:07, memory = 375.00 (Mb)
#start 3rd post routing optimization iteration ...
#    number of DRC violations = 15
#cpu time = 00:00:08, elapsed time = 00:00:08, memory = 375.00 (Mb)
#start 4th post routing optimization iteration ...
#    number of DRC violations = 15
#cpu time = 00:00:07, elapsed time = 00:00:07, memory = 375.00 (Mb)
#Complete Post Routing Optimization.
#Cpu time = 00:00:29
#Elapsed time = 00:00:30
#Increased memory = -1.00 (Mb)
#Total memory = 375.00 (Mb)
#Peak memory = 410.00 (Mb)
#Total wire length = 16672 um.
#Total half perimeter of net bounding box = 16008 um.
#Total wire length on LAYER METAL1 = 870 um.
#Total wire length on LAYER METAL2 = 5794 um.
#Total wire length on LAYER METAL3 = 6354 um.
#Total wire length on LAYER METAL4 = 2634 um.
#Total wire length on LAYER METAL5 = 979 um.
#Total wire length on LAYER METAL6 = 39 um.
#Total wire length on LAYER METAL7 = 0 um.
#Total number of vias = 5163
#Up-Via Summary (total 5163):
#           
#-----------------------
#  Metal 1         2403
#  Metal 2         2138
#  Metal 3          472
#  Metal 4          132
#  Metal 5           18
#-----------------------
#                  5163 
#
#Total number of DRC violations = 15
#Total number of violations on LAYER METAL1 = 0
#Total number of violations on LAYER METAL2 = 0
#Total number of violations on LAYER METAL3 = 5
#Total number of violations on LAYER METAL4 = 1
#Total number of violations on LAYER METAL5 = 9
#Total number of violations on LAYER METAL6 = 0
#Total number of violations on LAYER METAL7 = 0
#
#start routing for process antenna violation fix ...
#Worst slack with path group effect 340282346638528859811704183484516925440.000000
#cpu time = 00:00:00, elapsed time = 00:00:00, memory = 386.00 (Mb)
#
#Total wire length = 16672 um.
#Total half perimeter of net bounding box = 16008 um.
#Total wire length on LAYER METAL1 = 871 um.
#Total wire length on LAYER METAL2 = 5781 um.
#Total wire length on LAYER METAL3 = 6364 um.
#Total wire length on LAYER METAL4 = 2686 um.
#Total wire length on LAYER METAL5 = 970 um.
#Total wire length on LAYER METAL6 = 1 um.
#Total wire length on LAYER METAL7 = 0 um.
#Total number of vias = 5149
#Up-Via Summary (total 5149):
#           
#-----------------------
#  Metal 1         2403
#  Metal 2         2138
#  Metal 3          472
#  Metal 4          134
#  Metal 5            2
#-----------------------
#                  5149 
#
#Total number of DRC violations = 23
#Total number of net violated process antenna rule = 0
#Total number of violations on LAYER METAL1 = 0
#Total number of violations on LAYER METAL2 = 0
#Total number of violations on LAYER METAL3 = 5
#Total number of violations on LAYER METAL4 = 9
#Total number of violations on LAYER METAL5 = 9
#Total number of violations on LAYER METAL6 = 0
#Total number of violations on LAYER METAL7 = 0
#
#detailRoute Statistics:
#Cpu time = 00:00:45
#Elapsed time = 00:00:46
#Increased memory = 11.00 (Mb)
#Total memory = 386.00 (Mb)
#Peak memory = 410.00 (Mb)
#
#globalDetailRoute statistics:
#Cpu time = 00:00:46
#Elapsed time = 00:00:47
#Increased memory = 11.00 (Mb)
#Total memory = 386.00 (Mb)
#Peak memory = 410.00 (Mb)
#Number of warnings = 0
#Total number of warnings = 6
#Number of fails = 0
#Total number of fails = 0
#Complete globalDetailRoute on Tue Sep 16 20:47:22 2025
#

detailRoute

#Start detailRoute on Tue Sep 16 20:47:22 2025
#
Using detail cap. scale factor for clock nets.
Initializing multi-corner capacitance tables ... 
Initializing multi-corner resistance tables ...
#Start reading timing information from file .timing_file.tif ...
#
#The worst setup slack read in is 47.190 
#
#No hold time constraints read in
#Read in timing information for 68 ports, 764 instances from timing file .timing_file.tif.
#NanoRoute Version v08.10-p008 NR081027-0018/USR58-UB
#Merging special wires...
#Worst slack with path group effect 340282346638528859811704183484516925440.000000
#Using S.M.A.R.T. routing technology.
#routeSiEffort set to max
#
#Start Detail Routing.
#start initial detail routing ...
#    number of violations = 32
#cpu time = 00:00:00, elapsed time = 00:00:00, memory = 386.00 (Mb)
#start 1st optimization iteration ...
#    number of violations = 23
#cpu time = 00:00:00, elapsed time = 00:00:00, memory = 386.00 (Mb)
#start 2nd optimization iteration ...
#    number of violations = 23
#cpu time = 00:00:00, elapsed time = 00:00:00, memory = 386.00 (Mb)
#start 3rd optimization iteration ...
#    number of violations = 23
#cpu time = 00:00:00, elapsed time = 00:00:00, memory = 386.00 (Mb)
#start 4th optimization iteration ...
#    number of violations = 23
#cpu time = 00:00:00, elapsed time = 00:00:00, memory = 386.00 (Mb)
#start 5th optimization iteration ...
#    number of violations = 23
#cpu time = 00:00:00, elapsed time = 00:00:00, memory = 386.00 (Mb)
#start 6th optimization iteration ...
#    number of violations = 17
#cpu time = 00:00:01, elapsed time = 00:00:01, memory = 387.00 (Mb)
#start 7th optimization iteration ...
#    number of violations = 23
#cpu time = 00:00:01, elapsed time = 00:00:01, memory = 387.00 (Mb)
#start 8th optimization iteration ...
#    number of violations = 23
#cpu time = 00:00:01, elapsed time = 00:00:01, memory = 387.00 (Mb)
#start 9th optimization iteration ...
#    number of violations = 23
#cpu time = 00:00:01, elapsed time = 00:00:01, memory = 387.00 (Mb)
#start 10th optimization iteration ...
#    number of violations = 23
#cpu time = 00:00:01, elapsed time = 00:00:01, memory = 387.00 (Mb)
#start 11th optimization iteration ...
**INFO (INTERRUPT): The current command will stop at next legal exit point.
**INFO (INTERRUPT): The current script will stop before next command.
**INFO (INTERRUPT): One more Ctrl-C to exit First Encounter ...
#    number of violations = 23
#cpu time = 00:00:01, elapsed time = 00:00:01, memory = 387.00 (Mb)
#WARNING (NRDR-18) detail routing is stopped by user interruption!
#Complete Detail Routing.
#Total wire length = 16672 um.
#Total half perimeter of net bounding box = 16008 um.
#Total wire length on LAYER METAL1 = 871 um.
#Total wire length on LAYER METAL2 = 5767 um.
#Total wire length on LAYER METAL3 = 6366 um.
#Total wire length on LAYER METAL4 = 2695 um.
#Total wire length on LAYER METAL5 = 972 um.
#Total wire length on LAYER METAL6 = 1 um.
#Total wire length on LAYER METAL7 = 0 um.
#Total number of vias = 5141
#Up-Via Summary (total 5141):
#           
#-----------------------
#  Metal 1         2402
#  Metal 2         2132
#  Metal 3          471
#  Metal 4          134
#  Metal 5            2
#-----------------------
#                  5141 
#
#Total number of DRC violations = 23
#Total number of violations on LAYER METAL1 = 0
#Total number of violations on LAYER METAL2 = 0
#Total number of violations on LAYER METAL3 = 5
#Total number of violations on LAYER METAL4 = 9
#Total number of violations on LAYER METAL5 = 9
#Total number of violations on LAYER METAL6 = 0
#Total number of violations on LAYER METAL7 = 0
#WARNING (NRDR-115) Post Routing Optimization is stopped by user interruption!
#
#start routing for via minimization ...
#Total wire length = 16778 um.
#Total half perimeter of net bounding box = 16008 um.
#Total wire length on LAYER METAL1 = 777 um.
#Total wire length on LAYER METAL2 = 7706 um.
#Total wire length on LAYER METAL3 = 5810 um.
#Total wire length on LAYER METAL4 = 1943 um.
#Total wire length on LAYER METAL5 = 542 um.
#Total wire length on LAYER METAL6 = 0 um.
#Total wire length on LAYER METAL7 = 0 um.
#Total number of vias = 4060
#Up-Via Summary (total 4060):
#           
#-----------------------
#  Metal 1         2365
#  Metal 2         1426
#  Metal 3          217
#  Metal 4           52
#-----------------------
#                  4060 
#
#Total number of DRC violations = 23
#Total number of violations on LAYER METAL1 = 0
#Total number of violations on LAYER METAL2 = 0
#Total number of violations on LAYER METAL3 = 5
#Total number of violations on LAYER METAL4 = 9
#Total number of violations on LAYER METAL5 = 9
#Total number of violations on LAYER METAL6 = 0
#Total number of violations on LAYER METAL7 = 0
#Complete routing via minimization.
#WARNING (NRDR-117) Antenna fix is stopped by user interruption!
#
#detailRoute statistics:
#Cpu time = 00:00:12
#Elapsed time = 00:00:14
#Increased memory = 0.00 (Mb)
#Total memory = 386.00 (Mb)
#Peak memory = 410.00 (Mb)
#Number of warnings = 3
#Total number of warnings = 11
#Number of fails = 0
#Total number of fails = 0
#Complete detailRoute on Tue Sep 16 20:47:36 2025
#

detailRoute

#Start detailRoute on Tue Sep 16 20:47:36 2025
#
Using detail cap. scale factor for clock nets.
Initializing multi-corner capacitance tables ... 
Initializing multi-corner resistance tables ...
#Start reading timing information from file .timing_file.tif ...
#
#The worst setup slack read in is 47.190 
#
#No hold time constraints read in
#Read in timing information for 68 ports, 764 instances from timing file .timing_file.tif.
#NanoRoute Version v08.10-p008 NR081027-0018/USR58-UB
#Merging special wires...
#Worst slack with path group effect 340282346638528859811704183484516925440.000000
#    number of violations = 40
#cpu time = 00:00:01, elapsed time = 00:00:01, memory = 390.00 (Mb)
#Start search and repair to fix violations ... Done
#Total wire length = 16777 um.
#Total half perimeter of net bounding box = 16008 um.
#Total wire length on LAYER METAL1 = 777 um.
#Total wire length on LAYER METAL2 = 7712 um.
#Total wire length on LAYER METAL3 = 5810 um.
#Total wire length on LAYER METAL4 = 1935 um.
#Total wire length on LAYER METAL5 = 542 um.
#Total wire length on LAYER METAL6 = 0 um.
#Total wire length on LAYER METAL7 = 0 um.
#Total number of vias = 4059
#Total number of multi-cut vias = 1703 ( 42.0%)
#Total number of single cut vias = 2356 ( 58.0%)
#Up-Via Summary (total 4059):
#                   single-cut          multi-cut      Total
#-----------------------------------------------------------
#  Metal 1        1611 ( 68.1%)       754 ( 31.9%)       2365
#  Metal 2         632 ( 44.3%)       794 ( 55.7%)       1426
#  Metal 3          96 ( 44.4%)       120 ( 55.6%)        216
#  Metal 4          17 ( 32.7%)        35 ( 67.3%)         52
#-----------------------------------------------------------
#                 2356 ( 58.0%)      1703 ( 42.0%)       4059 
#
#    number of violations = 32
#cpu time = 00:00:01, elapsed time = 00:00:01, memory = 388.00 (Mb)
#CELL_VIEW ALU_TOP,init has 32 DRC violations
#Total number of DRC violations = 32
#Total number of net violated process antenna rule = 0
#Total number of violations on LAYER METAL1 = 0
#Total number of violations on LAYER METAL2 = 0
#Total number of violations on LAYER METAL3 = 5
#Total number of violations on LAYER METAL4 = 9
#Total number of violations on LAYER METAL5 = 18
#Total number of violations on LAYER METAL6 = 0
#Total number of violations on LAYER METAL7 = 0
#Post Route via swapping is done.
#
#detailRoute statistics:
#Cpu time = 00:00:01
#Elapsed time = 00:00:01
#Increased memory = 0.00 (Mb)
#Total memory = 386.00 (Mb)
#Peak memory = 410.00 (Mb)
#Number of warnings = 0
#Total number of warnings = 12
#Number of fails = 0
#Total number of fails = 0
#Complete detailRoute on Tue Sep 16 20:47:37 2025
#

detailRoute

#Start detailRoute on Tue Sep 16 20:47:37 2025
#
Using detail cap. scale factor for clock nets.
Initializing multi-corner capacitance tables ... 
Initializing multi-corner resistance tables ...
#Start reading timing information from file .timing_file.tif ...
#
#The worst setup slack read in is 47.190 
#
#No hold time constraints read in
#Read in timing information for 68 ports, 764 instances from timing file .timing_file.tif.
#NanoRoute Version v08.10-p008 NR081027-0018/USR58-UB
#Merging special wires...
#Worst slack with path group effect 340282346638528859811704183484516925440.000000
#Using S.M.A.R.T. routing technology.
#routeSiEffort set to max
#
#Start Detail Routing.
#start initial detail routing ...
#    number of violations = 32
#cpu time = 00:00:00, elapsed time = 00:00:00, memory = 386.00 (Mb)
#WARNING (NRDR-18) detail routing is stopped by user interruption!
#Complete Detail Routing.
#Total wire length = 16777 um.
#Total half perimeter of net bounding box = 16008 um.
#Total wire length on LAYER METAL1 = 777 um.
#Total wire length on LAYER METAL2 = 7712 um.
#Total wire length on LAYER METAL3 = 5810 um.
#Total wire length on LAYER METAL4 = 1935 um.
#Total wire length on LAYER METAL5 = 542 um.
#Total wire length on LAYER METAL6 = 0 um.
#Total wire length on LAYER METAL7 = 0 um.
#Total number of vias = 4059
#Total number of multi-cut vias = 1703 ( 42.0%)
#Total number of single cut vias = 2356 ( 58.0%)
#Up-Via Summary (total 4059):
#                   single-cut          multi-cut      Total
#-----------------------------------------------------------
#  Metal 1        1611 ( 68.1%)       754 ( 31.9%)       2365
#  Metal 2         632 ( 44.3%)       794 ( 55.7%)       1426
#  Metal 3          96 ( 44.4%)       120 ( 55.6%)        216
#  Metal 4          17 ( 32.7%)        35 ( 67.3%)         52
#-----------------------------------------------------------
#                 2356 ( 58.0%)      1703 ( 42.0%)       4059 
#
#Total number of DRC violations = 32
#Total number of violations on LAYER METAL1 = 0
#Total number of violations on LAYER METAL2 = 0
#Total number of violations on LAYER METAL3 = 5
#Total number of violations on LAYER METAL4 = 9
#Total number of violations on LAYER METAL5 = 18
#Total number of violations on LAYER METAL6 = 0
#Total number of violations on LAYER METAL7 = 0
#WARNING (NRDR-115) Post Routing Optimization is stopped by user interruption!
#WARNING (NRDR-117) Antenna fix is stopped by user interruption!
#
#detailRoute statistics:
#Cpu time = 00:00:00
#Elapsed time = 00:00:00
#Increased memory = 0.00 (Mb)
#Total memory = 386.00 (Mb)
#Peak memory = 410.00 (Mb)
#Number of warnings = 3
#Total number of warnings = 16
#Number of fails = 0
#Total number of fails = 0
#Complete detailRoute on Tue Sep 16 20:47:37 2025
#

*** Memory Usage v0.144 (Current mem = 386.312M, initial mem = 62.238M) ***
--- Ending "First Encounter" (totcpu=0:01:58, real=0:05:44, mem=386.3M) ---
