 
****************************************
Report : timing
        -path full
        -delay min
        -max_paths 100
Design : System_Top
Version: O-2018.06-SP1
Date   : Thu Aug 20 20:37:14 2026
****************************************

Operating Conditions: scmetro_tsmc_cl013g_rvt_ff_1p32v_m40c   Library: scmetro_tsmc_cl013g_rvt_ff_1p32v_m40c
Wire Load Model Mode: top

  Startpoint: U0_RegFile/regArr_reg[0][7]
              (rising edge-triggered flip-flop clocked by REG_CLK)
  Endpoint: U0_ALU/ALU_OUT_reg[7]
            (rising edge-triggered flip-flop clocked by ALU_CLK)
  Path Group: ALU_CLK
  Path Type: min

  Point                                                   Incr       Path
  --------------------------------------------------------------------------
  clock REG_CLK (rise edge)                               0.00       0.00
  clock network delay (ideal)                             0.00       0.00
  U0_RegFile/regArr_reg[0][7]/CK (DFFRX1M)                0.00       0.00 r
  U0_RegFile/regArr_reg[0][7]/Q (DFFRX1M)                 0.47       0.47 r
  U0_RegFile/REG0[7] (RegFile)                            0.00       0.47 r
  U0_ALU/A[7] (ALU)                                       0.00       0.47 r
  U0_ALU/U250/Y (BUFX2M)                                  0.27       0.74 r
  U0_ALU/U156/Y (AOI222X1M)                               0.18       0.92 f
  U0_ALU/U154/Y (AOI31X2M)                                0.17       1.09 r
  U0_ALU/ALU_OUT_reg[7]/D (DFFRHQX8M)                     0.00       1.09 r
  data arrival time                                                  1.09

  clock ALU_CLK (rise edge)                               0.00       0.00
  clock network delay (ideal)                             0.00       0.00
  clock uncertainty                                       0.10       0.10
  U0_ALU/ALU_OUT_reg[7]/CK (DFFRHQX8M)                    0.00       0.10 r
  library hold time                                      -0.03       0.07
  data required time                                                 0.07
  --------------------------------------------------------------------------
  data required time                                                 0.07
  data arrival time                                                 -1.09
  --------------------------------------------------------------------------
  slack (MET)                                                        1.02


  Startpoint: U0_RegFile/regArr_reg[1][7]
              (rising edge-triggered flip-flop clocked by REG_CLK)
  Endpoint: U0_ALU/ALU_OUT_reg[0]
            (rising edge-triggered flip-flop clocked by ALU_CLK)
  Path Group: ALU_CLK
  Path Type: min

  Point                                                   Incr       Path
  --------------------------------------------------------------------------
  clock REG_CLK (rise edge)                               0.00       0.00
  clock network delay (ideal)                             0.00       0.00
  U0_RegFile/regArr_reg[1][7]/CK (DFFRX1M)                0.00       0.00 r
  U0_RegFile/regArr_reg[1][7]/Q (DFFRX1M)                 0.64       0.64 f
  U0_RegFile/REG1[7] (RegFile)                            0.00       0.64 f
  U0_ALU/B[7] (ALU)                                       0.00       0.64 f
  U0_ALU/div_51/b[7] (ALU_DW_div_uns_0)                   0.00       0.64 f
  U0_ALU/div_51/U256/Y (OAI32X1M)                         0.17       0.81 r
  U0_ALU/div_51/quotient[0] (ALU_DW_div_uns_0)            0.00       0.81 r
  U0_ALU/U164/Y (AOI222X1M)                               0.13       0.94 f
  U0_ALU/U162/Y (AOI31X2M)                                0.17       1.11 r
  U0_ALU/ALU_OUT_reg[0]/D (DFFRHQX8M)                     0.00       1.11 r
  data arrival time                                                  1.11

  clock ALU_CLK (rise edge)                               0.00       0.00
  clock network delay (ideal)                             0.00       0.00
  clock uncertainty                                       0.10       0.10
  U0_ALU/ALU_OUT_reg[0]/CK (DFFRHQX8M)                    0.00       0.10 r
  library hold time                                      -0.03       0.07
  data required time                                                 0.07
  --------------------------------------------------------------------------
  data required time                                                 0.07
  data arrival time                                                 -1.11
  --------------------------------------------------------------------------
  slack (MET)                                                        1.04


  Startpoint: U0_RegFile/regArr_reg[0][1]
              (rising edge-triggered flip-flop clocked by REG_CLK)
  Endpoint: U0_ALU/ALU_OUT_reg[2]
            (rising edge-triggered flip-flop clocked by ALU_CLK)
  Path Group: ALU_CLK
  Path Type: min

  Point                                                   Incr       Path
  --------------------------------------------------------------------------
  clock REG_CLK (rise edge)                               0.00       0.00
  clock network delay (ideal)                             0.00       0.00
  U0_RegFile/regArr_reg[0][1]/CK (DFFSX1M)                0.00       0.00 r
  U0_RegFile/regArr_reg[0][1]/Q (DFFSX1M)                 0.47       0.47 r
  U0_RegFile/REG0[1] (RegFile)                            0.00       0.47 r
  U0_ALU/A[1] (ALU)                                       0.00       0.47 r
  U0_ALU/U254/Y (BUFX2M)                                  0.35       0.82 r
  U0_ALU/U186/Y (AOI211X2M)                               0.15       0.97 f
  U0_ALU/U183/Y (AOI31X2M)                                0.17       1.15 r
  U0_ALU/ALU_OUT_reg[2]/D (DFFRHQX8M)                     0.00       1.15 r
  data arrival time                                                  1.15

  clock ALU_CLK (rise edge)                               0.00       0.00
  clock network delay (ideal)                             0.00       0.00
  clock uncertainty                                       0.10       0.10
  U0_ALU/ALU_OUT_reg[2]/CK (DFFRHQX8M)                    0.00       0.10 r
  library hold time                                      -0.03       0.07
  data required time                                                 0.07
  --------------------------------------------------------------------------
  data required time                                                 0.07
  data arrival time                                                 -1.15
  --------------------------------------------------------------------------
  slack (MET)                                                        1.08


  Startpoint: U0_RegFile/regArr_reg[0][5]
              (rising edge-triggered flip-flop clocked by REG_CLK)
  Endpoint: U0_ALU/ALU_OUT_reg[6]
            (rising edge-triggered flip-flop clocked by ALU_CLK)
  Path Group: ALU_CLK
  Path Type: min

  Point                                                   Incr       Path
  --------------------------------------------------------------------------
  clock REG_CLK (rise edge)                               0.00       0.00
  clock network delay (ideal)                             0.00       0.00
  U0_RegFile/regArr_reg[0][5]/CK (DFFRX1M)                0.00       0.00 r
  U0_RegFile/regArr_reg[0][5]/Q (DFFRX1M)                 0.47       0.47 r
  U0_RegFile/REG0[5] (RegFile)                            0.00       0.47 r
  U0_ALU/A[5] (ALU)                                       0.00       0.47 r
  U0_ALU/U248/Y (BUFX2M)                                  0.36       0.83 r
  U0_ALU/U169/Y (AOI211X2M)                               0.16       0.98 f
  U0_ALU/U166/Y (AOI31X2M)                                0.17       1.16 r
  U0_ALU/ALU_OUT_reg[6]/D (DFFRHQX8M)                     0.00       1.16 r
  data arrival time                                                  1.16

  clock ALU_CLK (rise edge)                               0.00       0.00
  clock network delay (ideal)                             0.00       0.00
  clock uncertainty                                       0.10       0.10
  U0_ALU/ALU_OUT_reg[6]/CK (DFFRHQX8M)                    0.00       0.10 r
  library hold time                                      -0.03       0.07
  data required time                                                 0.07
  --------------------------------------------------------------------------
  data required time                                                 0.07
  data arrival time                                                 -1.16
  --------------------------------------------------------------------------
  slack (MET)                                                        1.09


  Startpoint: U0_RegFile/regArr_reg[0][3]
              (rising edge-triggered flip-flop clocked by REG_CLK)
  Endpoint: U0_ALU/ALU_OUT_reg[4]
            (rising edge-triggered flip-flop clocked by ALU_CLK)
  Path Group: ALU_CLK
  Path Type: min

  Point                                                   Incr       Path
  --------------------------------------------------------------------------
  clock REG_CLK (rise edge)                               0.00       0.00
  clock network delay (ideal)                             0.00       0.00
  U0_RegFile/regArr_reg[0][3]/CK (DFFRX1M)                0.00       0.00 r
  U0_RegFile/regArr_reg[0][3]/Q (DFFRX1M)                 0.47       0.47 r
  U0_RegFile/REG0[3] (RegFile)                            0.00       0.47 r
  U0_ALU/A[3] (ALU)                                       0.00       0.47 r
  U0_ALU/U252/Y (BUFX2M)                                  0.37       0.83 r
  U0_ALU/U190/Y (AOI211X2M)                               0.16       0.99 f
  U0_ALU/U187/Y (AOI31X2M)                                0.17       1.16 r
  U0_ALU/ALU_OUT_reg[4]/D (DFFRHQX8M)                     0.00       1.16 r
  data arrival time                                                  1.16

  clock ALU_CLK (rise edge)                               0.00       0.00
  clock network delay (ideal)                             0.00       0.00
  clock uncertainty                                       0.10       0.10
  U0_ALU/ALU_OUT_reg[4]/CK (DFFRHQX8M)                    0.00       0.10 r
  library hold time                                      -0.03       0.07
  data required time                                                 0.07
  --------------------------------------------------------------------------
  data required time                                                 0.07
  data arrival time                                                 -1.16
  --------------------------------------------------------------------------
  slack (MET)                                                        1.09


  Startpoint: U0_RegFile/regArr_reg[0][6]
              (rising edge-triggered flip-flop clocked by REG_CLK)
  Endpoint: U0_ALU/ALU_OUT_reg[5]
            (rising edge-triggered flip-flop clocked by ALU_CLK)
  Path Group: ALU_CLK
  Path Type: min

  Point                                                   Incr       Path
  --------------------------------------------------------------------------
  clock REG_CLK (rise edge)                               0.00       0.00
  clock network delay (ideal)                             0.00       0.00
  U0_RegFile/regArr_reg[0][6]/CK (DFFRX1M)                0.00       0.00 r
  U0_RegFile/regArr_reg[0][6]/Q (DFFRX1M)                 0.47       0.47 r
  U0_RegFile/REG0[6] (RegFile)                            0.00       0.47 r
  U0_ALU/A[6] (ALU)                                       0.00       0.47 r
  U0_ALU/U249/Y (BUFX2M)                                  0.33       0.79 r
  U0_ALU/U161/Y (AOI221XLM)                               0.19       0.98 f
  U0_ALU/U158/Y (AOI31X2M)                                0.18       1.17 r
  U0_ALU/ALU_OUT_reg[5]/D (DFFRHQX8M)                     0.00       1.17 r
  data arrival time                                                  1.17

  clock ALU_CLK (rise edge)                               0.00       0.00
  clock network delay (ideal)                             0.00       0.00
  clock uncertainty                                       0.10       0.10
  U0_ALU/ALU_OUT_reg[5]/CK (DFFRHQX8M)                    0.00       0.10 r
  library hold time                                      -0.03       0.07
  data required time                                                 0.07
  --------------------------------------------------------------------------
  data required time                                                 0.07
  data arrival time                                                 -1.17
  --------------------------------------------------------------------------
  slack (MET)                                                        1.10


  Startpoint: U0_RegFile/regArr_reg[0][1]
              (rising edge-triggered flip-flop clocked by REG_CLK)
  Endpoint: U0_ALU/ALU_OUT_reg[1]
            (rising edge-triggered flip-flop clocked by ALU_CLK)
  Path Group: ALU_CLK
  Path Type: min

  Point                                                   Incr       Path
  --------------------------------------------------------------------------
  clock REG_CLK (rise edge)                               0.00       0.00
  clock network delay (ideal)                             0.00       0.00
  U0_RegFile/regArr_reg[0][1]/CK (DFFSX1M)                0.00       0.00 r
  U0_RegFile/regArr_reg[0][1]/Q (DFFSX1M)                 0.48       0.48 f
  U0_RegFile/REG0[1] (RegFile)                            0.00       0.48 f
  U0_ALU/A[1] (ALU)                                       0.00       0.48 f
  U0_ALU/U254/Y (BUFX2M)                                  0.27       0.75 f
  U0_ALU/U214/Y (INVX2M)                                  0.17       0.92 r
  U0_ALU/U182/Y (AOI211X2M)                               0.10       1.02 f
  U0_ALU/U179/Y (AOI31X2M)                                0.17       1.19 r
  U0_ALU/ALU_OUT_reg[1]/D (DFFRHQX8M)                     0.00       1.19 r
  data arrival time                                                  1.19

  clock ALU_CLK (rise edge)                               0.00       0.00
  clock network delay (ideal)                             0.00       0.00
  clock uncertainty                                       0.10       0.10
  U0_ALU/ALU_OUT_reg[1]/CK (DFFRHQX8M)                    0.00       0.10 r
  library hold time                                      -0.03       0.07
  data required time                                                 0.07
  --------------------------------------------------------------------------
  data required time                                                 0.07
  data arrival time                                                 -1.19
  --------------------------------------------------------------------------
  slack (MET)                                                        1.12


  Startpoint: U0_RegFile/regArr_reg[0][3]
              (rising edge-triggered flip-flop clocked by REG_CLK)
  Endpoint: U0_ALU/ALU_OUT_reg[3]
            (rising edge-triggered flip-flop clocked by ALU_CLK)
  Path Group: ALU_CLK
  Path Type: min

  Point                                                   Incr       Path
  --------------------------------------------------------------------------
  clock REG_CLK (rise edge)                               0.00       0.00
  clock network delay (ideal)                             0.00       0.00
  U0_RegFile/regArr_reg[0][3]/CK (DFFRX1M)                0.00       0.00 r
  U0_RegFile/regArr_reg[0][3]/Q (DFFRX1M)                 0.48       0.48 f
  U0_RegFile/REG0[3] (RegFile)                            0.00       0.48 f
  U0_ALU/A[3] (ALU)                                       0.00       0.48 f
  U0_ALU/U252/Y (BUFX2M)                                  0.28       0.76 f
  U0_ALU/U177/Y (AOI222X1M)                               0.30       1.06 r
  U0_ALU/U175/Y (AOI31X2M)                                0.12       1.19 f
  U0_ALU/ALU_OUT_reg[3]/D (DFFRHQX8M)                     0.00       1.19 f
  data arrival time                                                  1.19

  clock ALU_CLK (rise edge)                               0.00       0.00
  clock network delay (ideal)                             0.00       0.00
  clock uncertainty                                       0.10       0.10
  U0_ALU/ALU_OUT_reg[3]/CK (DFFRHQX8M)                    0.00       0.10 r
  library hold time                                      -0.07       0.03
  data required time                                                 0.03
  --------------------------------------------------------------------------
  data required time                                                 0.03
  data arrival time                                                 -1.19
  --------------------------------------------------------------------------
  slack (MET)                                                        1.16


  Startpoint: CLKG_EN (input port clocked by MASTER_CLK)
  Endpoint: U0_CLK_GATE/U0
            (gating element for clock MASTER_CLK)
  Path Group: INREG
  Path Type: min

  Point                                    Incr       Path
  -----------------------------------------------------------
  clock MASTER_CLK (rise edge)             0.00       0.00
  clock network delay (ideal)              0.00       0.00
  input external delay                    10.00      10.00 f
  CLKG_EN (in)                             0.02      10.02 f
  U0_CLK_GATE/CLK_EN (CLK_GATE)            0.00      10.02 f
  U0_CLK_GATE/U0/E (TLATNCAX4M)            0.00      10.02 f
  data arrival time                                  10.02

  clock MASTER_CLK (rise edge)             0.00       0.00
  clock network delay (ideal)              0.00       0.00
  clock uncertainty                        0.10       0.10
  U0_CLK_GATE/U0/CK (TLATNCAX4M)           0.00       0.10 r
  clock gating hold time                   0.08       0.18
  data required time                                  0.18
  -----------------------------------------------------------
  data required time                                  0.18
  data arrival time                                 -10.02
  -----------------------------------------------------------
  slack (MET)                                         9.85


  Startpoint: ALU_Enable (input port clocked by ALU_CLK)
  Endpoint: U0_ALU/OUT_VALID_reg
            (rising edge-triggered flip-flop clocked by ALU_CLK)
  Path Group: INREG
  Path Type: min

  Point                                    Incr       Path
  -----------------------------------------------------------
  clock ALU_CLK (rise edge)                0.00       0.00
  clock network delay (ideal)              0.00       0.00
  input external delay                    10.00      10.00 r
  ALU_Enable (in)                          0.03      10.03 r
  U0_ALU/Enable (ALU)                      0.00      10.03 r
  U0_ALU/OUT_VALID_reg/D (DFFRHQX8M)       0.00      10.03 r
  data arrival time                                  10.03

  clock ALU_CLK (rise edge)                0.00       0.00
  clock network delay (ideal)              0.00       0.00
  clock uncertainty                        0.10       0.10
  U0_ALU/OUT_VALID_reg/CK (DFFRHQX8M)      0.00       0.10 r
  library hold time                       -0.03       0.07
  data required time                                  0.07
  -----------------------------------------------------------
  data required time                                  0.07
  data arrival time                                 -10.03
  -----------------------------------------------------------
  slack (MET)                                         9.97


  Startpoint: ALU_Enable (input port clocked by ALU_CLK)
  Endpoint: U0_ALU/ALU_OUT_reg[5]
            (rising edge-triggered flip-flop clocked by ALU_CLK)
  Path Group: INREG
  Path Type: min

  Point                                    Incr       Path
  -----------------------------------------------------------
  clock ALU_CLK (rise edge)                0.00       0.00
  clock network delay (ideal)              0.00       0.00
  input external delay                    10.00      10.00 r
  ALU_Enable (in)                          0.03      10.03 r
  U0_ALU/Enable (ALU)                      0.00      10.03 r
  U0_ALU/U247/Y (INVX2M)                   0.11      10.14 f
  U0_ALU/U158/Y (AOI31X2M)                 0.09      10.24 r
  U0_ALU/ALU_OUT_reg[5]/D (DFFRHQX8M)      0.00      10.24 r
  data arrival time                                  10.24

  clock ALU_CLK (rise edge)                0.00       0.00
  clock network delay (ideal)              0.00       0.00
  clock uncertainty                        0.10       0.10
  U0_ALU/ALU_OUT_reg[5]/CK (DFFRHQX8M)     0.00       0.10 r
  library hold time                       -0.03       0.07
  data required time                                  0.07
  -----------------------------------------------------------
  data required time                                  0.07
  data arrival time                                 -10.24
  -----------------------------------------------------------
  slack (MET)                                        10.17


  Startpoint: ALU_Enable (input port clocked by ALU_CLK)
  Endpoint: U0_ALU/ALU_OUT_reg[6]
            (rising edge-triggered flip-flop clocked by ALU_CLK)
  Path Group: INREG
  Path Type: min

  Point                                    Incr       Path
  -----------------------------------------------------------
  clock ALU_CLK (rise edge)                0.00       0.00
  clock network delay (ideal)              0.00       0.00
  input external delay                    10.00      10.00 r
  ALU_Enable (in)                          0.03      10.03 r
  U0_ALU/Enable (ALU)                      0.00      10.03 r
  U0_ALU/U247/Y (INVX2M)                   0.11      10.14 f
  U0_ALU/U166/Y (AOI31X2M)                 0.09      10.24 r
  U0_ALU/ALU_OUT_reg[6]/D (DFFRHQX8M)      0.00      10.24 r
  data arrival time                                  10.24

  clock ALU_CLK (rise edge)                0.00       0.00
  clock network delay (ideal)              0.00       0.00
  clock uncertainty                        0.10       0.10
  U0_ALU/ALU_OUT_reg[6]/CK (DFFRHQX8M)     0.00       0.10 r
  library hold time                       -0.03       0.07
  data required time                                  0.07
  -----------------------------------------------------------
  data required time                                  0.07
  data arrival time                                 -10.24
  -----------------------------------------------------------
  slack (MET)                                        10.17


  Startpoint: ALU_Enable (input port clocked by ALU_CLK)
  Endpoint: U0_ALU/ALU_OUT_reg[7]
            (rising edge-triggered flip-flop clocked by ALU_CLK)
  Path Group: INREG
  Path Type: min

  Point                                    Incr       Path
  -----------------------------------------------------------
  clock ALU_CLK (rise edge)                0.00       0.00
  clock network delay (ideal)              0.00       0.00
  input external delay                    10.00      10.00 r
  ALU_Enable (in)                          0.03      10.03 r
  U0_ALU/Enable (ALU)                      0.00      10.03 r
  U0_ALU/U247/Y (INVX2M)                   0.11      10.14 f
  U0_ALU/U154/Y (AOI31X2M)                 0.09      10.24 r
  U0_ALU/ALU_OUT_reg[7]/D (DFFRHQX8M)      0.00      10.24 r
  data arrival time                                  10.24

  clock ALU_CLK (rise edge)                0.00       0.00
  clock network delay (ideal)              0.00       0.00
  clock uncertainty                        0.10       0.10
  U0_ALU/ALU_OUT_reg[7]/CK (DFFRHQX8M)     0.00       0.10 r
  library hold time                       -0.03       0.07
  data required time                                  0.07
  -----------------------------------------------------------
  data required time                                  0.07
  data arrival time                                 -10.24
  -----------------------------------------------------------
  slack (MET)                                        10.17


  Startpoint: ALU_Enable (input port clocked by ALU_CLK)
  Endpoint: U0_ALU/ALU_OUT_reg[4]
            (rising edge-triggered flip-flop clocked by ALU_CLK)
  Path Group: INREG
  Path Type: min

  Point                                    Incr       Path
  -----------------------------------------------------------
  clock ALU_CLK (rise edge)                0.00       0.00
  clock network delay (ideal)              0.00       0.00
  input external delay                    10.00      10.00 r
  ALU_Enable (in)                          0.03      10.03 r
  U0_ALU/Enable (ALU)                      0.00      10.03 r
  U0_ALU/U247/Y (INVX2M)                   0.11      10.14 f
  U0_ALU/U187/Y (AOI31X2M)                 0.09      10.24 r
  U0_ALU/ALU_OUT_reg[4]/D (DFFRHQX8M)      0.00      10.24 r
  data arrival time                                  10.24

  clock ALU_CLK (rise edge)                0.00       0.00
  clock network delay (ideal)              0.00       0.00
  clock uncertainty                        0.10       0.10
  U0_ALU/ALU_OUT_reg[4]/CK (DFFRHQX8M)     0.00       0.10 r
  library hold time                       -0.03       0.07
  data required time                                  0.07
  -----------------------------------------------------------
  data required time                                  0.07
  data arrival time                                 -10.24
  -----------------------------------------------------------
  slack (MET)                                        10.17


  Startpoint: ALU_Enable (input port clocked by ALU_CLK)
  Endpoint: U0_ALU/ALU_OUT_reg[3]
            (rising edge-triggered flip-flop clocked by ALU_CLK)
  Path Group: INREG
  Path Type: min

  Point                                    Incr       Path
  -----------------------------------------------------------
  clock ALU_CLK (rise edge)                0.00       0.00
  clock network delay (ideal)              0.00       0.00
  input external delay                    10.00      10.00 r
  ALU_Enable (in)                          0.03      10.03 r
  U0_ALU/Enable (ALU)                      0.00      10.03 r
  U0_ALU/U247/Y (INVX2M)                   0.11      10.14 f
  U0_ALU/U175/Y (AOI31X2M)                 0.09      10.24 r
  U0_ALU/ALU_OUT_reg[3]/D (DFFRHQX8M)      0.00      10.24 r
  data arrival time                                  10.24

  clock ALU_CLK (rise edge)                0.00       0.00
  clock network delay (ideal)              0.00       0.00
  clock uncertainty                        0.10       0.10
  U0_ALU/ALU_OUT_reg[3]/CK (DFFRHQX8M)     0.00       0.10 r
  library hold time                       -0.03       0.07
  data required time                                  0.07
  -----------------------------------------------------------
  data required time                                  0.07
  data arrival time                                 -10.24
  -----------------------------------------------------------
  slack (MET)                                        10.17


  Startpoint: ALU_Enable (input port clocked by ALU_CLK)
  Endpoint: U0_ALU/ALU_OUT_reg[2]
            (rising edge-triggered flip-flop clocked by ALU_CLK)
  Path Group: INREG
  Path Type: min

  Point                                    Incr       Path
  -----------------------------------------------------------
  clock ALU_CLK (rise edge)                0.00       0.00
  clock network delay (ideal)              0.00       0.00
  input external delay                    10.00      10.00 r
  ALU_Enable (in)                          0.03      10.03 r
  U0_ALU/Enable (ALU)                      0.00      10.03 r
  U0_ALU/U247/Y (INVX2M)                   0.11      10.14 f
  U0_ALU/U183/Y (AOI31X2M)                 0.09      10.24 r
  U0_ALU/ALU_OUT_reg[2]/D (DFFRHQX8M)      0.00      10.24 r
  data arrival time                                  10.24

  clock ALU_CLK (rise edge)                0.00       0.00
  clock network delay (ideal)              0.00       0.00
  clock uncertainty                        0.10       0.10
  U0_ALU/ALU_OUT_reg[2]/CK (DFFRHQX8M)     0.00       0.10 r
  library hold time                       -0.03       0.07
  data required time                                  0.07
  -----------------------------------------------------------
  data required time                                  0.07
  data arrival time                                 -10.24
  -----------------------------------------------------------
  slack (MET)                                        10.17


  Startpoint: ALU_Enable (input port clocked by ALU_CLK)
  Endpoint: U0_ALU/ALU_OUT_reg[1]
            (rising edge-triggered flip-flop clocked by ALU_CLK)
  Path Group: INREG
  Path Type: min

  Point                                    Incr       Path
  -----------------------------------------------------------
  clock ALU_CLK (rise edge)                0.00       0.00
  clock network delay (ideal)              0.00       0.00
  input external delay                    10.00      10.00 r
  ALU_Enable (in)                          0.03      10.03 r
  U0_ALU/Enable (ALU)                      0.00      10.03 r
  U0_ALU/U247/Y (INVX2M)                   0.11      10.14 f
  U0_ALU/U179/Y (AOI31X2M)                 0.09      10.24 r
  U0_ALU/ALU_OUT_reg[1]/D (DFFRHQX8M)      0.00      10.24 r
  data arrival time                                  10.24

  clock ALU_CLK (rise edge)                0.00       0.00
  clock network delay (ideal)              0.00       0.00
  clock uncertainty                        0.10       0.10
  U0_ALU/ALU_OUT_reg[1]/CK (DFFRHQX8M)     0.00       0.10 r
  library hold time                       -0.03       0.07
  data required time                                  0.07
  -----------------------------------------------------------
  data required time                                  0.07
  data arrival time                                 -10.24
  -----------------------------------------------------------
  slack (MET)                                        10.17


  Startpoint: ALU_Enable (input port clocked by ALU_CLK)
  Endpoint: U0_ALU/ALU_OUT_reg[0]
            (rising edge-triggered flip-flop clocked by ALU_CLK)
  Path Group: INREG
  Path Type: min

  Point                                    Incr       Path
  -----------------------------------------------------------
  clock ALU_CLK (rise edge)                0.00       0.00
  clock network delay (ideal)              0.00       0.00
  input external delay                    10.00      10.00 r
  ALU_Enable (in)                          0.03      10.03 r
  U0_ALU/Enable (ALU)                      0.00      10.03 r
  U0_ALU/U247/Y (INVX2M)                   0.11      10.14 f
  U0_ALU/U162/Y (AOI31X2M)                 0.09      10.24 r
  U0_ALU/ALU_OUT_reg[0]/D (DFFRHQX8M)      0.00      10.24 r
  data arrival time                                  10.24

  clock ALU_CLK (rise edge)                0.00       0.00
  clock network delay (ideal)              0.00       0.00
  clock uncertainty                        0.10       0.10
  U0_ALU/ALU_OUT_reg[0]/CK (DFFRHQX8M)     0.00       0.10 r
  library hold time                       -0.03       0.07
  data required time                                  0.07
  -----------------------------------------------------------
  data required time                                  0.07
  data arrival time                                 -10.24
  -----------------------------------------------------------
  slack (MET)                                        10.17


  Startpoint: WrData[1] (input port clocked by REG_CLK)
  Endpoint: U0_RegFile/regArr_reg[0][1]
            (rising edge-triggered flip-flop clocked by REG_CLK)
  Path Group: INREG
  Path Type: min

  Point                                                   Incr       Path
  --------------------------------------------------------------------------
  clock REG_CLK (rise edge)                               0.00       0.00
  clock network delay (ideal)                             0.00       0.00
  input external delay                                   20.00      20.00 f
  WrData[1] (in)                                          0.02      20.02 f
  U0_RegFile/WrData[1] (RegFile)                          0.00      20.02 f
  U0_RegFile/U332/Y (INVX2M)                              0.13      20.15 r
  U0_RegFile/U255/Y (OAI22X1M)                            0.10      20.25 f
  U0_RegFile/regArr_reg[0][1]/D (DFFSX1M)                 0.00      20.25 f
  data arrival time                                                 20.25

  clock REG_CLK (rise edge)                               0.00       0.00
  clock network delay (ideal)                             0.00       0.00
  clock uncertainty                                       0.10       0.10
  U0_RegFile/regArr_reg[0][1]/CK (DFFSX1M)                0.00       0.10 r
  library hold time                                      -0.01       0.09
  data required time                                                 0.09
  --------------------------------------------------------------------------
  data required time                                                 0.09
  data arrival time                                                -20.25
  --------------------------------------------------------------------------
  slack (MET)                                                       20.16


  Startpoint: WrData[3] (input port clocked by REG_CLK)
  Endpoint: U0_RegFile/regArr_reg[1][3]
            (rising edge-triggered flip-flop clocked by REG_CLK)
  Path Group: INREG
  Path Type: min

  Point                                                   Incr       Path
  --------------------------------------------------------------------------
  clock REG_CLK (rise edge)                               0.00       0.00
  clock network delay (ideal)                             0.00       0.00
  input external delay                                   20.00      20.00 f
  WrData[3] (in)                                          0.02      20.02 f
  U0_RegFile/WrData[3] (RegFile)                          0.00      20.02 f
  U0_RegFile/U333/Y (INVX2M)                              0.13      20.15 r
  U0_RegFile/U295/Y (OAI22X1M)                            0.10      20.25 f
  U0_RegFile/regArr_reg[1][3]/D (DFFSX1M)                 0.00      20.25 f
  data arrival time                                                 20.25

  clock REG_CLK (rise edge)                               0.00       0.00
  clock network delay (ideal)                             0.00       0.00
  clock uncertainty                                       0.10       0.10
  U0_RegFile/regArr_reg[1][3]/CK (DFFSX1M)                0.00       0.10 r
  library hold time                                      -0.01       0.09
  data required time                                                 0.09
  --------------------------------------------------------------------------
  data required time                                                 0.09
  data arrival time                                                -20.25
  --------------------------------------------------------------------------
  slack (MET)                                                       20.16


  Startpoint: WrData[2] (input port clocked by REG_CLK)
  Endpoint: U0_RegFile/regArr_reg[2][2]
            (rising edge-triggered flip-flop clocked by REG_CLK)
  Path Group: INREG
  Path Type: min

  Point                                                   Incr       Path
  --------------------------------------------------------------------------
  clock REG_CLK (rise edge)                               0.00       0.00
  clock network delay (ideal)                             0.00       0.00
  input external delay                                   20.00      20.00 f
  WrData[2] (in)                                          0.02      20.02 f
  U0_RegFile/WrData[2] (RegFile)                          0.00      20.02 f
  U0_RegFile/U338/Y (INVX2M)                              0.13      20.15 r
  U0_RegFile/U203/Y (OAI22X1M)                            0.10      20.25 f
  U0_RegFile/regArr_reg[2][2]/D (DFFSX1M)                 0.00      20.25 f
  data arrival time                                                 20.25

  clock REG_CLK (rise edge)                               0.00       0.00
  clock network delay (ideal)                             0.00       0.00
  clock uncertainty                                       0.10       0.10
  U0_RegFile/regArr_reg[2][2]/CK (DFFSX1M)                0.00       0.10 r
  library hold time                                      -0.01       0.09
  data required time                                                 0.09
  --------------------------------------------------------------------------
  data required time                                                 0.09
  data arrival time                                                -20.25
  --------------------------------------------------------------------------
  slack (MET)                                                       20.16


  Startpoint: WrData[7] (input port clocked by REG_CLK)
  Endpoint: U0_RegFile/regArr_reg[5][7]
            (rising edge-triggered flip-flop clocked by REG_CLK)
  Path Group: INREG
  Path Type: min

  Point                                                   Incr       Path
  --------------------------------------------------------------------------
  clock REG_CLK (rise edge)                               0.00       0.00
  clock network delay (ideal)                             0.00       0.00
  input external delay                                   20.00      20.00 f
  WrData[7] (in)                                          0.02      20.02 f
  U0_RegFile/WrData[7] (RegFile)                          0.00      20.02 f
  U0_RegFile/U337/Y (INVX2M)                              0.13      20.15 r
  U0_RegFile/U319/Y (OAI22X1M)                            0.10      20.25 f
  U0_RegFile/regArr_reg[5][7]/D (DFFRX1M)                 0.00      20.25 f
  data arrival time                                                 20.25

  clock REG_CLK (rise edge)                               0.00       0.00
  clock network delay (ideal)                             0.00       0.00
  clock uncertainty                                       0.10       0.10
  U0_RegFile/regArr_reg[5][7]/CK (DFFRX1M)                0.00       0.10 r
  library hold time                                      -0.02       0.08
  data required time                                                 0.08
  --------------------------------------------------------------------------
  data required time                                                 0.08
  data arrival time                                                -20.25
  --------------------------------------------------------------------------
  slack (MET)                                                       20.17


  Startpoint: WrData[6] (input port clocked by REG_CLK)
  Endpoint: U0_RegFile/regArr_reg[5][6]
            (rising edge-triggered flip-flop clocked by REG_CLK)
  Path Group: INREG
  Path Type: min

  Point                                                   Incr       Path
  --------------------------------------------------------------------------
  clock REG_CLK (rise edge)                               0.00       0.00
  clock network delay (ideal)                             0.00       0.00
  input external delay                                   20.00      20.00 f
  WrData[6] (in)                                          0.02      20.02 f
  U0_RegFile/WrData[6] (RegFile)                          0.00      20.02 f
  U0_RegFile/U336/Y (INVX2M)                              0.13      20.15 r
  U0_RegFile/U318/Y (OAI22X1M)                            0.10      20.25 f
  U0_RegFile/regArr_reg[5][6]/D (DFFRX1M)                 0.00      20.25 f
  data arrival time                                                 20.25

  clock REG_CLK (rise edge)                               0.00       0.00
  clock network delay (ideal)                             0.00       0.00
  clock uncertainty                                       0.10       0.10
  U0_RegFile/regArr_reg[5][6]/CK (DFFRX1M)                0.00       0.10 r
  library hold time                                      -0.02       0.08
  data required time                                                 0.08
  --------------------------------------------------------------------------
  data required time                                                 0.08
  data arrival time                                                -20.25
  --------------------------------------------------------------------------
  slack (MET)                                                       20.17


  Startpoint: WrData[5] (input port clocked by REG_CLK)
  Endpoint: U0_RegFile/regArr_reg[5][5]
            (rising edge-triggered flip-flop clocked by REG_CLK)
  Path Group: INREG
  Path Type: min

  Point                                                   Incr       Path
  --------------------------------------------------------------------------
  clock REG_CLK (rise edge)                               0.00       0.00
  clock network delay (ideal)                             0.00       0.00
  input external delay                                   20.00      20.00 f
  WrData[5] (in)                                          0.02      20.02 f
  U0_RegFile/WrData[5] (RegFile)                          0.00      20.02 f
  U0_RegFile/U335/Y (INVX2M)                              0.13      20.15 r
  U0_RegFile/U317/Y (OAI22X1M)                            0.10      20.25 f
  U0_RegFile/regArr_reg[5][5]/D (DFFRX1M)                 0.00      20.25 f
  data arrival time                                                 20.25

  clock REG_CLK (rise edge)                               0.00       0.00
  clock network delay (ideal)                             0.00       0.00
  clock uncertainty                                       0.10       0.10
  U0_RegFile/regArr_reg[5][5]/CK (DFFRX1M)                0.00       0.10 r
  library hold time                                      -0.02       0.08
  data required time                                                 0.08
  --------------------------------------------------------------------------
  data required time                                                 0.08
  data arrival time                                                -20.25
  --------------------------------------------------------------------------
  slack (MET)                                                       20.17


  Startpoint: WrData[4] (input port clocked by REG_CLK)
  Endpoint: U0_RegFile/regArr_reg[5][4]
            (rising edge-triggered flip-flop clocked by REG_CLK)
  Path Group: INREG
  Path Type: min

  Point                                                   Incr       Path
  --------------------------------------------------------------------------
  clock REG_CLK (rise edge)                               0.00       0.00
  clock network delay (ideal)                             0.00       0.00
  input external delay                                   20.00      20.00 f
  WrData[4] (in)                                          0.02      20.02 f
  U0_RegFile/WrData[4] (RegFile)                          0.00      20.02 f
  U0_RegFile/U334/Y (INVX2M)                              0.13      20.15 r
  U0_RegFile/U316/Y (OAI22X1M)                            0.10      20.25 f
  U0_RegFile/regArr_reg[5][4]/D (DFFRX1M)                 0.00      20.25 f
  data arrival time                                                 20.25

  clock REG_CLK (rise edge)                               0.00       0.00
  clock network delay (ideal)                             0.00       0.00
  clock uncertainty                                       0.10       0.10
  U0_RegFile/regArr_reg[5][4]/CK (DFFRX1M)                0.00       0.10 r
  library hold time                                      -0.02       0.08
  data required time                                                 0.08
  --------------------------------------------------------------------------
  data required time                                                 0.08
  data arrival time                                                -20.25
  --------------------------------------------------------------------------
  slack (MET)                                                       20.17


  Startpoint: WrData[3] (input port clocked by REG_CLK)
  Endpoint: U0_RegFile/regArr_reg[5][3]
            (rising edge-triggered flip-flop clocked by REG_CLK)
  Path Group: INREG
  Path Type: min

  Point                                                   Incr       Path
  --------------------------------------------------------------------------
  clock REG_CLK (rise edge)                               0.00       0.00
  clock network delay (ideal)                             0.00       0.00
  input external delay                                   20.00      20.00 f
  WrData[3] (in)                                          0.02      20.02 f
  U0_RegFile/WrData[3] (RegFile)                          0.00      20.02 f
  U0_RegFile/U333/Y (INVX2M)                              0.13      20.15 r
  U0_RegFile/U315/Y (OAI22X1M)                            0.10      20.25 f
  U0_RegFile/regArr_reg[5][3]/D (DFFRX1M)                 0.00      20.25 f
  data arrival time                                                 20.25

  clock REG_CLK (rise edge)                               0.00       0.00
  clock network delay (ideal)                             0.00       0.00
  clock uncertainty                                       0.10       0.10
  U0_RegFile/regArr_reg[5][3]/CK (DFFRX1M)                0.00       0.10 r
  library hold time                                      -0.02       0.08
  data required time                                                 0.08
  --------------------------------------------------------------------------
  data required time                                                 0.08
  data arrival time                                                -20.25
  --------------------------------------------------------------------------
  slack (MET)                                                       20.17


  Startpoint: WrData[2] (input port clocked by REG_CLK)
  Endpoint: U0_RegFile/regArr_reg[5][2]
            (rising edge-triggered flip-flop clocked by REG_CLK)
  Path Group: INREG
  Path Type: min

  Point                                                   Incr       Path
  --------------------------------------------------------------------------
  clock REG_CLK (rise edge)                               0.00       0.00
  clock network delay (ideal)                             0.00       0.00
  input external delay                                   20.00      20.00 f
  WrData[2] (in)                                          0.02      20.02 f
  U0_RegFile/WrData[2] (RegFile)                          0.00      20.02 f
  U0_RegFile/U338/Y (INVX2M)                              0.13      20.15 r
  U0_RegFile/U314/Y (OAI22X1M)                            0.10      20.25 f
  U0_RegFile/regArr_reg[5][2]/D (DFFRX1M)                 0.00      20.25 f
  data arrival time                                                 20.25

  clock REG_CLK (rise edge)                               0.00       0.00
  clock network delay (ideal)                             0.00       0.00
  clock uncertainty                                       0.10       0.10
  U0_RegFile/regArr_reg[5][2]/CK (DFFRX1M)                0.00       0.10 r
  library hold time                                      -0.02       0.08
  data required time                                                 0.08
  --------------------------------------------------------------------------
  data required time                                                 0.08
  data arrival time                                                -20.25
  --------------------------------------------------------------------------
  slack (MET)                                                       20.17


  Startpoint: WrData[1] (input port clocked by REG_CLK)
  Endpoint: U0_RegFile/regArr_reg[5][1]
            (rising edge-triggered flip-flop clocked by REG_CLK)
  Path Group: INREG
  Path Type: min

  Point                                                   Incr       Path
  --------------------------------------------------------------------------
  clock REG_CLK (rise edge)                               0.00       0.00
  clock network delay (ideal)                             0.00       0.00
  input external delay                                   20.00      20.00 f
  WrData[1] (in)                                          0.02      20.02 f
  U0_RegFile/WrData[1] (RegFile)                          0.00      20.02 f
  U0_RegFile/U332/Y (INVX2M)                              0.13      20.15 r
  U0_RegFile/U313/Y (OAI22X1M)                            0.10      20.25 f
  U0_RegFile/regArr_reg[5][1]/D (DFFRX1M)                 0.00      20.25 f
  data arrival time                                                 20.25

  clock REG_CLK (rise edge)                               0.00       0.00
  clock network delay (ideal)                             0.00       0.00
  clock uncertainty                                       0.10       0.10
  U0_RegFile/regArr_reg[5][1]/CK (DFFRX1M)                0.00       0.10 r
  library hold time                                      -0.02       0.08
  data required time                                                 0.08
  --------------------------------------------------------------------------
  data required time                                                 0.08
  data arrival time                                                -20.25
  --------------------------------------------------------------------------
  slack (MET)                                                       20.17


  Startpoint: WrData[0] (input port clocked by REG_CLK)
  Endpoint: U0_RegFile/regArr_reg[5][0]
            (rising edge-triggered flip-flop clocked by REG_CLK)
  Path Group: INREG
  Path Type: min

  Point                                                   Incr       Path
  --------------------------------------------------------------------------
  clock REG_CLK (rise edge)                               0.00       0.00
  clock network delay (ideal)                             0.00       0.00
  input external delay                                   20.00      20.00 f
  WrData[0] (in)                                          0.02      20.02 f
  U0_RegFile/WrData[0] (RegFile)                          0.00      20.02 f
  U0_RegFile/U331/Y (INVX2M)                              0.13      20.15 r
  U0_RegFile/U312/Y (OAI22X1M)                            0.10      20.25 f
  U0_RegFile/regArr_reg[5][0]/D (DFFRX1M)                 0.00      20.25 f
  data arrival time                                                 20.25

  clock REG_CLK (rise edge)                               0.00       0.00
  clock network delay (ideal)                             0.00       0.00
  clock uncertainty                                       0.10       0.10
  U0_RegFile/regArr_reg[5][0]/CK (DFFRX1M)                0.00       0.10 r
  library hold time                                      -0.02       0.08
  data required time                                                 0.08
  --------------------------------------------------------------------------
  data required time                                                 0.08
  data arrival time                                                -20.25
  --------------------------------------------------------------------------
  slack (MET)                                                       20.17


  Startpoint: WrData[7] (input port clocked by REG_CLK)
  Endpoint: U0_RegFile/regArr_reg[4][7]
            (rising edge-triggered flip-flop clocked by REG_CLK)
  Path Group: INREG
  Path Type: min

  Point                                                   Incr       Path
  --------------------------------------------------------------------------
  clock REG_CLK (rise edge)                               0.00       0.00
  clock network delay (ideal)                             0.00       0.00
  input external delay                                   20.00      20.00 f
  WrData[7] (in)                                          0.02      20.02 f
  U0_RegFile/WrData[7] (RegFile)                          0.00      20.02 f
  U0_RegFile/U337/Y (INVX2M)                              0.13      20.15 r
  U0_RegFile/U294/Y (OAI22X1M)                            0.10      20.25 f
  U0_RegFile/regArr_reg[4][7]/D (DFFRX1M)                 0.00      20.25 f
  data arrival time                                                 20.25

  clock REG_CLK (rise edge)                               0.00       0.00
  clock network delay (ideal)                             0.00       0.00
  clock uncertainty                                       0.10       0.10
  U0_RegFile/regArr_reg[4][7]/CK (DFFRX1M)                0.00       0.10 r
  library hold time                                      -0.02       0.08
  data required time                                                 0.08
  --------------------------------------------------------------------------
  data required time                                                 0.08
  data arrival time                                                -20.25
  --------------------------------------------------------------------------
  slack (MET)                                                       20.17


  Startpoint: WrData[6] (input port clocked by REG_CLK)
  Endpoint: U0_RegFile/regArr_reg[4][6]
            (rising edge-triggered flip-flop clocked by REG_CLK)
  Path Group: INREG
  Path Type: min

  Point                                                   Incr       Path
  --------------------------------------------------------------------------
  clock REG_CLK (rise edge)                               0.00       0.00
  clock network delay (ideal)                             0.00       0.00
  input external delay                                   20.00      20.00 f
  WrData[6] (in)                                          0.02      20.02 f
  U0_RegFile/WrData[6] (RegFile)                          0.00      20.02 f
  U0_RegFile/U336/Y (INVX2M)                              0.13      20.15 r
  U0_RegFile/U293/Y (OAI22X1M)                            0.10      20.25 f
  U0_RegFile/regArr_reg[4][6]/D (DFFRX1M)                 0.00      20.25 f
  data arrival time                                                 20.25

  clock REG_CLK (rise edge)                               0.00       0.00
  clock network delay (ideal)                             0.00       0.00
  clock uncertainty                                       0.10       0.10
  U0_RegFile/regArr_reg[4][6]/CK (DFFRX1M)                0.00       0.10 r
  library hold time                                      -0.02       0.08
  data required time                                                 0.08
  --------------------------------------------------------------------------
  data required time                                                 0.08
  data arrival time                                                -20.25
  --------------------------------------------------------------------------
  slack (MET)                                                       20.17


  Startpoint: WrData[5] (input port clocked by REG_CLK)
  Endpoint: U0_RegFile/regArr_reg[4][5]
            (rising edge-triggered flip-flop clocked by REG_CLK)
  Path Group: INREG
  Path Type: min

  Point                                                   Incr       Path
  --------------------------------------------------------------------------
  clock REG_CLK (rise edge)                               0.00       0.00
  clock network delay (ideal)                             0.00       0.00
  input external delay                                   20.00      20.00 f
  WrData[5] (in)                                          0.02      20.02 f
  U0_RegFile/WrData[5] (RegFile)                          0.00      20.02 f
  U0_RegFile/U335/Y (INVX2M)                              0.13      20.15 r
  U0_RegFile/U292/Y (OAI22X1M)                            0.10      20.25 f
  U0_RegFile/regArr_reg[4][5]/D (DFFRX1M)                 0.00      20.25 f
  data arrival time                                                 20.25

  clock REG_CLK (rise edge)                               0.00       0.00
  clock network delay (ideal)                             0.00       0.00
  clock uncertainty                                       0.10       0.10
  U0_RegFile/regArr_reg[4][5]/CK (DFFRX1M)                0.00       0.10 r
  library hold time                                      -0.02       0.08
  data required time                                                 0.08
  --------------------------------------------------------------------------
  data required time                                                 0.08
  data arrival time                                                -20.25
  --------------------------------------------------------------------------
  slack (MET)                                                       20.17


  Startpoint: WrData[4] (input port clocked by REG_CLK)
  Endpoint: U0_RegFile/regArr_reg[4][4]
            (rising edge-triggered flip-flop clocked by REG_CLK)
  Path Group: INREG
  Path Type: min

  Point                                                   Incr       Path
  --------------------------------------------------------------------------
  clock REG_CLK (rise edge)                               0.00       0.00
  clock network delay (ideal)                             0.00       0.00
  input external delay                                   20.00      20.00 f
  WrData[4] (in)                                          0.02      20.02 f
  U0_RegFile/WrData[4] (RegFile)                          0.00      20.02 f
  U0_RegFile/U334/Y (INVX2M)                              0.13      20.15 r
  U0_RegFile/U291/Y (OAI22X1M)                            0.10      20.25 f
  U0_RegFile/regArr_reg[4][4]/D (DFFRX1M)                 0.00      20.25 f
  data arrival time                                                 20.25

  clock REG_CLK (rise edge)                               0.00       0.00
  clock network delay (ideal)                             0.00       0.00
  clock uncertainty                                       0.10       0.10
  U0_RegFile/regArr_reg[4][4]/CK (DFFRX1M)                0.00       0.10 r
  library hold time                                      -0.02       0.08
  data required time                                                 0.08
  --------------------------------------------------------------------------
  data required time                                                 0.08
  data arrival time                                                -20.25
  --------------------------------------------------------------------------
  slack (MET)                                                       20.17


  Startpoint: WrData[3] (input port clocked by REG_CLK)
  Endpoint: U0_RegFile/regArr_reg[4][3]
            (rising edge-triggered flip-flop clocked by REG_CLK)
  Path Group: INREG
  Path Type: min

  Point                                                   Incr       Path
  --------------------------------------------------------------------------
  clock REG_CLK (rise edge)                               0.00       0.00
  clock network delay (ideal)                             0.00       0.00
  input external delay                                   20.00      20.00 f
  WrData[3] (in)                                          0.02      20.02 f
  U0_RegFile/WrData[3] (RegFile)                          0.00      20.02 f
  U0_RegFile/U333/Y (INVX2M)                              0.13      20.15 r
  U0_RegFile/U290/Y (OAI22X1M)                            0.10      20.25 f
  U0_RegFile/regArr_reg[4][3]/D (DFFRX1M)                 0.00      20.25 f
  data arrival time                                                 20.25

  clock REG_CLK (rise edge)                               0.00       0.00
  clock network delay (ideal)                             0.00       0.00
  clock uncertainty                                       0.10       0.10
  U0_RegFile/regArr_reg[4][3]/CK (DFFRX1M)                0.00       0.10 r
  library hold time                                      -0.02       0.08
  data required time                                                 0.08
  --------------------------------------------------------------------------
  data required time                                                 0.08
  data arrival time                                                -20.25
  --------------------------------------------------------------------------
  slack (MET)                                                       20.17


  Startpoint: WrData[2] (input port clocked by REG_CLK)
  Endpoint: U0_RegFile/regArr_reg[4][2]
            (rising edge-triggered flip-flop clocked by REG_CLK)
  Path Group: INREG
  Path Type: min

  Point                                                   Incr       Path
  --------------------------------------------------------------------------
  clock REG_CLK (rise edge)                               0.00       0.00
  clock network delay (ideal)                             0.00       0.00
  input external delay                                   20.00      20.00 f
  WrData[2] (in)                                          0.02      20.02 f
  U0_RegFile/WrData[2] (RegFile)                          0.00      20.02 f
  U0_RegFile/U338/Y (INVX2M)                              0.13      20.15 r
  U0_RegFile/U289/Y (OAI22X1M)                            0.10      20.25 f
  U0_RegFile/regArr_reg[4][2]/D (DFFRX1M)                 0.00      20.25 f
  data arrival time                                                 20.25

  clock REG_CLK (rise edge)                               0.00       0.00
  clock network delay (ideal)                             0.00       0.00
  clock uncertainty                                       0.10       0.10
  U0_RegFile/regArr_reg[4][2]/CK (DFFRX1M)                0.00       0.10 r
  library hold time                                      -0.02       0.08
  data required time                                                 0.08
  --------------------------------------------------------------------------
  data required time                                                 0.08
  data arrival time                                                -20.25
  --------------------------------------------------------------------------
  slack (MET)                                                       20.17


  Startpoint: WrData[1] (input port clocked by REG_CLK)
  Endpoint: U0_RegFile/regArr_reg[4][1]
            (rising edge-triggered flip-flop clocked by REG_CLK)
  Path Group: INREG
  Path Type: min

  Point                                                   Incr       Path
  --------------------------------------------------------------------------
  clock REG_CLK (rise edge)                               0.00       0.00
  clock network delay (ideal)                             0.00       0.00
  input external delay                                   20.00      20.00 f
  WrData[1] (in)                                          0.02      20.02 f
  U0_RegFile/WrData[1] (RegFile)                          0.00      20.02 f
  U0_RegFile/U332/Y (INVX2M)                              0.13      20.15 r
  U0_RegFile/U288/Y (OAI22X1M)                            0.10      20.25 f
  U0_RegFile/regArr_reg[4][1]/D (DFFRX1M)                 0.00      20.25 f
  data arrival time                                                 20.25

  clock REG_CLK (rise edge)                               0.00       0.00
  clock network delay (ideal)                             0.00       0.00
  clock uncertainty                                       0.10       0.10
  U0_RegFile/regArr_reg[4][1]/CK (DFFRX1M)                0.00       0.10 r
  library hold time                                      -0.02       0.08
  data required time                                                 0.08
  --------------------------------------------------------------------------
  data required time                                                 0.08
  data arrival time                                                -20.25
  --------------------------------------------------------------------------
  slack (MET)                                                       20.17


  Startpoint: WrData[0] (input port clocked by REG_CLK)
  Endpoint: U0_RegFile/regArr_reg[4][0]
            (rising edge-triggered flip-flop clocked by REG_CLK)
  Path Group: INREG
  Path Type: min

  Point                                                   Incr       Path
  --------------------------------------------------------------------------
  clock REG_CLK (rise edge)                               0.00       0.00
  clock network delay (ideal)                             0.00       0.00
  input external delay                                   20.00      20.00 f
  WrData[0] (in)                                          0.02      20.02 f
  U0_RegFile/WrData[0] (RegFile)                          0.00      20.02 f
  U0_RegFile/U331/Y (INVX2M)                              0.13      20.15 r
  U0_RegFile/U287/Y (OAI22X1M)                            0.10      20.25 f
  U0_RegFile/regArr_reg[4][0]/D (DFFRX1M)                 0.00      20.25 f
  data arrival time                                                 20.25

  clock REG_CLK (rise edge)                               0.00       0.00
  clock network delay (ideal)                             0.00       0.00
  clock uncertainty                                       0.10       0.10
  U0_RegFile/regArr_reg[4][0]/CK (DFFRX1M)                0.00       0.10 r
  library hold time                                      -0.02       0.08
  data required time                                                 0.08
  --------------------------------------------------------------------------
  data required time                                                 0.08
  data arrival time                                                -20.25
  --------------------------------------------------------------------------
  slack (MET)                                                       20.17


  Startpoint: WrData[7] (input port clocked by REG_CLK)
  Endpoint: U0_RegFile/regArr_reg[6][7]
            (rising edge-triggered flip-flop clocked by REG_CLK)
  Path Group: INREG
  Path Type: min

  Point                                                   Incr       Path
  --------------------------------------------------------------------------
  clock REG_CLK (rise edge)                               0.00       0.00
  clock network delay (ideal)                             0.00       0.00
  input external delay                                   20.00      20.00 f
  WrData[7] (in)                                          0.02      20.02 f
  U0_RegFile/WrData[7] (RegFile)                          0.00      20.02 f
  U0_RegFile/U337/Y (INVX2M)                              0.13      20.15 r
  U0_RegFile/U311/Y (OAI22X1M)                            0.10      20.25 f
  U0_RegFile/regArr_reg[6][7]/D (DFFRX1M)                 0.00      20.25 f
  data arrival time                                                 20.25

  clock REG_CLK (rise edge)                               0.00       0.00
  clock network delay (ideal)                             0.00       0.00
  clock uncertainty                                       0.10       0.10
  U0_RegFile/regArr_reg[6][7]/CK (DFFRX1M)                0.00       0.10 r
  library hold time                                      -0.02       0.08
  data required time                                                 0.08
  --------------------------------------------------------------------------
  data required time                                                 0.08
  data arrival time                                                -20.25
  --------------------------------------------------------------------------
  slack (MET)                                                       20.17


  Startpoint: WrData[6] (input port clocked by REG_CLK)
  Endpoint: U0_RegFile/regArr_reg[6][6]
            (rising edge-triggered flip-flop clocked by REG_CLK)
  Path Group: INREG
  Path Type: min

  Point                                                   Incr       Path
  --------------------------------------------------------------------------
  clock REG_CLK (rise edge)                               0.00       0.00
  clock network delay (ideal)                             0.00       0.00
  input external delay                                   20.00      20.00 f
  WrData[6] (in)                                          0.02      20.02 f
  U0_RegFile/WrData[6] (RegFile)                          0.00      20.02 f
  U0_RegFile/U336/Y (INVX2M)                              0.13      20.15 r
  U0_RegFile/U310/Y (OAI22X1M)                            0.10      20.25 f
  U0_RegFile/regArr_reg[6][6]/D (DFFRX1M)                 0.00      20.25 f
  data arrival time                                                 20.25

  clock REG_CLK (rise edge)                               0.00       0.00
  clock network delay (ideal)                             0.00       0.00
  clock uncertainty                                       0.10       0.10
  U0_RegFile/regArr_reg[6][6]/CK (DFFRX1M)                0.00       0.10 r
  library hold time                                      -0.02       0.08
  data required time                                                 0.08
  --------------------------------------------------------------------------
  data required time                                                 0.08
  data arrival time                                                -20.25
  --------------------------------------------------------------------------
  slack (MET)                                                       20.17


  Startpoint: WrData[5] (input port clocked by REG_CLK)
  Endpoint: U0_RegFile/regArr_reg[6][5]
            (rising edge-triggered flip-flop clocked by REG_CLK)
  Path Group: INREG
  Path Type: min

  Point                                                   Incr       Path
  --------------------------------------------------------------------------
  clock REG_CLK (rise edge)                               0.00       0.00
  clock network delay (ideal)                             0.00       0.00
  input external delay                                   20.00      20.00 f
  WrData[5] (in)                                          0.02      20.02 f
  U0_RegFile/WrData[5] (RegFile)                          0.00      20.02 f
  U0_RegFile/U335/Y (INVX2M)                              0.13      20.15 r
  U0_RegFile/U309/Y (OAI22X1M)                            0.10      20.25 f
  U0_RegFile/regArr_reg[6][5]/D (DFFRX1M)                 0.00      20.25 f
  data arrival time                                                 20.25

  clock REG_CLK (rise edge)                               0.00       0.00
  clock network delay (ideal)                             0.00       0.00
  clock uncertainty                                       0.10       0.10
  U0_RegFile/regArr_reg[6][5]/CK (DFFRX1M)                0.00       0.10 r
  library hold time                                      -0.02       0.08
  data required time                                                 0.08
  --------------------------------------------------------------------------
  data required time                                                 0.08
  data arrival time                                                -20.25
  --------------------------------------------------------------------------
  slack (MET)                                                       20.17


  Startpoint: WrData[4] (input port clocked by REG_CLK)
  Endpoint: U0_RegFile/regArr_reg[6][4]
            (rising edge-triggered flip-flop clocked by REG_CLK)
  Path Group: INREG
  Path Type: min

  Point                                                   Incr       Path
  --------------------------------------------------------------------------
  clock REG_CLK (rise edge)                               0.00       0.00
  clock network delay (ideal)                             0.00       0.00
  input external delay                                   20.00      20.00 f
  WrData[4] (in)                                          0.02      20.02 f
  U0_RegFile/WrData[4] (RegFile)                          0.00      20.02 f
  U0_RegFile/U334/Y (INVX2M)                              0.13      20.15 r
  U0_RegFile/U308/Y (OAI22X1M)                            0.10      20.25 f
  U0_RegFile/regArr_reg[6][4]/D (DFFRX1M)                 0.00      20.25 f
  data arrival time                                                 20.25

  clock REG_CLK (rise edge)                               0.00       0.00
  clock network delay (ideal)                             0.00       0.00
  clock uncertainty                                       0.10       0.10
  U0_RegFile/regArr_reg[6][4]/CK (DFFRX1M)                0.00       0.10 r
  library hold time                                      -0.02       0.08
  data required time                                                 0.08
  --------------------------------------------------------------------------
  data required time                                                 0.08
  data arrival time                                                -20.25
  --------------------------------------------------------------------------
  slack (MET)                                                       20.17


  Startpoint: WrData[3] (input port clocked by REG_CLK)
  Endpoint: U0_RegFile/regArr_reg[6][3]
            (rising edge-triggered flip-flop clocked by REG_CLK)
  Path Group: INREG
  Path Type: min

  Point                                                   Incr       Path
  --------------------------------------------------------------------------
  clock REG_CLK (rise edge)                               0.00       0.00
  clock network delay (ideal)                             0.00       0.00
  input external delay                                   20.00      20.00 f
  WrData[3] (in)                                          0.02      20.02 f
  U0_RegFile/WrData[3] (RegFile)                          0.00      20.02 f
  U0_RegFile/U333/Y (INVX2M)                              0.13      20.15 r
  U0_RegFile/U307/Y (OAI22X1M)                            0.10      20.25 f
  U0_RegFile/regArr_reg[6][3]/D (DFFRX1M)                 0.00      20.25 f
  data arrival time                                                 20.25

  clock REG_CLK (rise edge)                               0.00       0.00
  clock network delay (ideal)                             0.00       0.00
  clock uncertainty                                       0.10       0.10
  U0_RegFile/regArr_reg[6][3]/CK (DFFRX1M)                0.00       0.10 r
  library hold time                                      -0.02       0.08
  data required time                                                 0.08
  --------------------------------------------------------------------------
  data required time                                                 0.08
  data arrival time                                                -20.25
  --------------------------------------------------------------------------
  slack (MET)                                                       20.17


  Startpoint: WrData[2] (input port clocked by REG_CLK)
  Endpoint: U0_RegFile/regArr_reg[6][2]
            (rising edge-triggered flip-flop clocked by REG_CLK)
  Path Group: INREG
  Path Type: min

  Point                                                   Incr       Path
  --------------------------------------------------------------------------
  clock REG_CLK (rise edge)                               0.00       0.00
  clock network delay (ideal)                             0.00       0.00
  input external delay                                   20.00      20.00 f
  WrData[2] (in)                                          0.02      20.02 f
  U0_RegFile/WrData[2] (RegFile)                          0.00      20.02 f
  U0_RegFile/U338/Y (INVX2M)                              0.13      20.15 r
  U0_RegFile/U306/Y (OAI22X1M)                            0.10      20.25 f
  U0_RegFile/regArr_reg[6][2]/D (DFFRX1M)                 0.00      20.25 f
  data arrival time                                                 20.25

  clock REG_CLK (rise edge)                               0.00       0.00
  clock network delay (ideal)                             0.00       0.00
  clock uncertainty                                       0.10       0.10
  U0_RegFile/regArr_reg[6][2]/CK (DFFRX1M)                0.00       0.10 r
  library hold time                                      -0.02       0.08
  data required time                                                 0.08
  --------------------------------------------------------------------------
  data required time                                                 0.08
  data arrival time                                                -20.25
  --------------------------------------------------------------------------
  slack (MET)                                                       20.17


  Startpoint: WrData[1] (input port clocked by REG_CLK)
  Endpoint: U0_RegFile/regArr_reg[6][1]
            (rising edge-triggered flip-flop clocked by REG_CLK)
  Path Group: INREG
  Path Type: min

  Point                                                   Incr       Path
  --------------------------------------------------------------------------
  clock REG_CLK (rise edge)                               0.00       0.00
  clock network delay (ideal)                             0.00       0.00
  input external delay                                   20.00      20.00 f
  WrData[1] (in)                                          0.02      20.02 f
  U0_RegFile/WrData[1] (RegFile)                          0.00      20.02 f
  U0_RegFile/U332/Y (INVX2M)                              0.13      20.15 r
  U0_RegFile/U305/Y (OAI22X1M)                            0.10      20.25 f
  U0_RegFile/regArr_reg[6][1]/D (DFFRX1M)                 0.00      20.25 f
  data arrival time                                                 20.25

  clock REG_CLK (rise edge)                               0.00       0.00
  clock network delay (ideal)                             0.00       0.00
  clock uncertainty                                       0.10       0.10
  U0_RegFile/regArr_reg[6][1]/CK (DFFRX1M)                0.00       0.10 r
  library hold time                                      -0.02       0.08
  data required time                                                 0.08
  --------------------------------------------------------------------------
  data required time                                                 0.08
  data arrival time                                                -20.25
  --------------------------------------------------------------------------
  slack (MET)                                                       20.17


  Startpoint: WrData[0] (input port clocked by REG_CLK)
  Endpoint: U0_RegFile/regArr_reg[6][0]
            (rising edge-triggered flip-flop clocked by REG_CLK)
  Path Group: INREG
  Path Type: min

  Point                                                   Incr       Path
  --------------------------------------------------------------------------
  clock REG_CLK (rise edge)                               0.00       0.00
  clock network delay (ideal)                             0.00       0.00
  input external delay                                   20.00      20.00 f
  WrData[0] (in)                                          0.02      20.02 f
  U0_RegFile/WrData[0] (RegFile)                          0.00      20.02 f
  U0_RegFile/U331/Y (INVX2M)                              0.13      20.15 r
  U0_RegFile/U304/Y (OAI22X1M)                            0.10      20.25 f
  U0_RegFile/regArr_reg[6][0]/D (DFFRX1M)                 0.00      20.25 f
  data arrival time                                                 20.25

  clock REG_CLK (rise edge)                               0.00       0.00
  clock network delay (ideal)                             0.00       0.00
  clock uncertainty                                       0.10       0.10
  U0_RegFile/regArr_reg[6][0]/CK (DFFRX1M)                0.00       0.10 r
  library hold time                                      -0.02       0.08
  data required time                                                 0.08
  --------------------------------------------------------------------------
  data required time                                                 0.08
  data arrival time                                                -20.25
  --------------------------------------------------------------------------
  slack (MET)                                                       20.17


  Startpoint: WrData[0] (input port clocked by REG_CLK)
  Endpoint: U0_RegFile/regArr_reg[2][0]
            (rising edge-triggered flip-flop clocked by REG_CLK)
  Path Group: INREG
  Path Type: min

  Point                                                   Incr       Path
  --------------------------------------------------------------------------
  clock REG_CLK (rise edge)                               0.00       0.00
  clock network delay (ideal)                             0.00       0.00
  input external delay                                   20.00      20.00 f
  WrData[0] (in)                                          0.02      20.02 f
  U0_RegFile/WrData[0] (RegFile)                          0.00      20.02 f
  U0_RegFile/U331/Y (INVX2M)                              0.13      20.15 r
  U0_RegFile/U296/Y (OAI22X1M)                            0.10      20.25 f
  U0_RegFile/regArr_reg[2][0]/D (DFFRX1M)                 0.00      20.25 f
  data arrival time                                                 20.25

  clock REG_CLK (rise edge)                               0.00       0.00
  clock network delay (ideal)                             0.00       0.00
  clock uncertainty                                       0.10       0.10
  U0_RegFile/regArr_reg[2][0]/CK (DFFRX1M)                0.00       0.10 r
  library hold time                                      -0.02       0.08
  data required time                                                 0.08
  --------------------------------------------------------------------------
  data required time                                                 0.08
  data arrival time                                                -20.25
  --------------------------------------------------------------------------
  slack (MET)                                                       20.17


  Startpoint: WrData[4] (input port clocked by REG_CLK)
  Endpoint: U0_RegFile/regArr_reg[1][4]
            (rising edge-triggered flip-flop clocked by REG_CLK)
  Path Group: INREG
  Path Type: min

  Point                                                   Incr       Path
  --------------------------------------------------------------------------
  clock REG_CLK (rise edge)                               0.00       0.00
  clock network delay (ideal)                             0.00       0.00
  input external delay                                   20.00      20.00 f
  WrData[4] (in)                                          0.02      20.02 f
  U0_RegFile/WrData[4] (RegFile)                          0.00      20.02 f
  U0_RegFile/U334/Y (INVX2M)                              0.13      20.15 r
  U0_RegFile/U303/Y (OAI22X1M)                            0.10      20.25 f
  U0_RegFile/regArr_reg[1][4]/D (DFFRX1M)                 0.00      20.25 f
  data arrival time                                                 20.25

  clock REG_CLK (rise edge)                               0.00       0.00
  clock network delay (ideal)                             0.00       0.00
  clock uncertainty                                       0.10       0.10
  U0_RegFile/regArr_reg[1][4]/CK (DFFRX1M)                0.00       0.10 r
  library hold time                                      -0.02       0.08
  data required time                                                 0.08
  --------------------------------------------------------------------------
  data required time                                                 0.08
  data arrival time                                                -20.25
  --------------------------------------------------------------------------
  slack (MET)                                                       20.17


  Startpoint: WrData[2] (input port clocked by REG_CLK)
  Endpoint: U0_RegFile/regArr_reg[1][2]
            (rising edge-triggered flip-flop clocked by REG_CLK)
  Path Group: INREG
  Path Type: min

  Point                                                   Incr       Path
  --------------------------------------------------------------------------
  clock REG_CLK (rise edge)                               0.00       0.00
  clock network delay (ideal)                             0.00       0.00
  input external delay                                   20.00      20.00 f
  WrData[2] (in)                                          0.02      20.02 f
  U0_RegFile/WrData[2] (RegFile)                          0.00      20.02 f
  U0_RegFile/U338/Y (INVX2M)                              0.13      20.15 r
  U0_RegFile/U302/Y (OAI22X1M)                            0.10      20.25 f
  U0_RegFile/regArr_reg[1][2]/D (DFFRX1M)                 0.00      20.25 f
  data arrival time                                                 20.25

  clock REG_CLK (rise edge)                               0.00       0.00
  clock network delay (ideal)                             0.00       0.00
  clock uncertainty                                       0.10       0.10
  U0_RegFile/regArr_reg[1][2]/CK (DFFRX1M)                0.00       0.10 r
  library hold time                                      -0.02       0.08
  data required time                                                 0.08
  --------------------------------------------------------------------------
  data required time                                                 0.08
  data arrival time                                                -20.25
  --------------------------------------------------------------------------
  slack (MET)                                                       20.17


  Startpoint: WrData[1] (input port clocked by REG_CLK)
  Endpoint: U0_RegFile/regArr_reg[1][1]
            (rising edge-triggered flip-flop clocked by REG_CLK)
  Path Group: INREG
  Path Type: min

  Point                                                   Incr       Path
  --------------------------------------------------------------------------
  clock REG_CLK (rise edge)                               0.00       0.00
  clock network delay (ideal)                             0.00       0.00
  input external delay                                   20.00      20.00 f
  WrData[1] (in)                                          0.02      20.02 f
  U0_RegFile/WrData[1] (RegFile)                          0.00      20.02 f
  U0_RegFile/U332/Y (INVX2M)                              0.13      20.15 r
  U0_RegFile/U301/Y (OAI22X1M)                            0.10      20.25 f
  U0_RegFile/regArr_reg[1][1]/D (DFFRX1M)                 0.00      20.25 f
  data arrival time                                                 20.25

  clock REG_CLK (rise edge)                               0.00       0.00
  clock network delay (ideal)                             0.00       0.00
  clock uncertainty                                       0.10       0.10
  U0_RegFile/regArr_reg[1][1]/CK (DFFRX1M)                0.00       0.10 r
  library hold time                                      -0.02       0.08
  data required time                                                 0.08
  --------------------------------------------------------------------------
  data required time                                                 0.08
  data arrival time                                                -20.25
  --------------------------------------------------------------------------
  slack (MET)                                                       20.17


  Startpoint: WrData[0] (input port clocked by REG_CLK)
  Endpoint: U0_RegFile/regArr_reg[1][0]
            (rising edge-triggered flip-flop clocked by REG_CLK)
  Path Group: INREG
  Path Type: min

  Point                                                   Incr       Path
  --------------------------------------------------------------------------
  clock REG_CLK (rise edge)                               0.00       0.00
  clock network delay (ideal)                             0.00       0.00
  input external delay                                   20.00      20.00 f
  WrData[0] (in)                                          0.02      20.02 f
  U0_RegFile/WrData[0] (RegFile)                          0.00      20.02 f
  U0_RegFile/U331/Y (INVX2M)                              0.13      20.15 r
  U0_RegFile/U300/Y (OAI22X1M)                            0.10      20.25 f
  U0_RegFile/regArr_reg[1][0]/D (DFFRX1M)                 0.00      20.25 f
  data arrival time                                                 20.25

  clock REG_CLK (rise edge)                               0.00       0.00
  clock network delay (ideal)                             0.00       0.00
  clock uncertainty                                       0.10       0.10
  U0_RegFile/regArr_reg[1][0]/CK (DFFRX1M)                0.00       0.10 r
  library hold time                                      -0.02       0.08
  data required time                                                 0.08
  --------------------------------------------------------------------------
  data required time                                                 0.08
  data arrival time                                                -20.25
  --------------------------------------------------------------------------
  slack (MET)                                                       20.17


  Startpoint: WrData[7] (input port clocked by REG_CLK)
  Endpoint: U0_RegFile/regArr_reg[1][7]
            (rising edge-triggered flip-flop clocked by REG_CLK)
  Path Group: INREG
  Path Type: min

  Point                                                   Incr       Path
  --------------------------------------------------------------------------
  clock REG_CLK (rise edge)                               0.00       0.00
  clock network delay (ideal)                             0.00       0.00
  input external delay                                   20.00      20.00 f
  WrData[7] (in)                                          0.02      20.02 f
  U0_RegFile/WrData[7] (RegFile)                          0.00      20.02 f
  U0_RegFile/U337/Y (INVX2M)                              0.13      20.15 r
  U0_RegFile/U299/Y (OAI22X1M)                            0.10      20.25 f
  U0_RegFile/regArr_reg[1][7]/D (DFFRX1M)                 0.00      20.25 f
  data arrival time                                                 20.25

  clock REG_CLK (rise edge)                               0.00       0.00
  clock network delay (ideal)                             0.00       0.00
  clock uncertainty                                       0.10       0.10
  U0_RegFile/regArr_reg[1][7]/CK (DFFRX1M)                0.00       0.10 r
  library hold time                                      -0.02       0.08
  data required time                                                 0.08
  --------------------------------------------------------------------------
  data required time                                                 0.08
  data arrival time                                                -20.25
  --------------------------------------------------------------------------
  slack (MET)                                                       20.17


  Startpoint: WrData[6] (input port clocked by REG_CLK)
  Endpoint: U0_RegFile/regArr_reg[1][6]
            (rising edge-triggered flip-flop clocked by REG_CLK)
  Path Group: INREG
  Path Type: min

  Point                                                   Incr       Path
  --------------------------------------------------------------------------
  clock REG_CLK (rise edge)                               0.00       0.00
  clock network delay (ideal)                             0.00       0.00
  input external delay                                   20.00      20.00 f
  WrData[6] (in)                                          0.02      20.02 f
  U0_RegFile/WrData[6] (RegFile)                          0.00      20.02 f
  U0_RegFile/U336/Y (INVX2M)                              0.13      20.15 r
  U0_RegFile/U298/Y (OAI22X1M)                            0.10      20.25 f
  U0_RegFile/regArr_reg[1][6]/D (DFFRX1M)                 0.00      20.25 f
  data arrival time                                                 20.25

  clock REG_CLK (rise edge)                               0.00       0.00
  clock network delay (ideal)                             0.00       0.00
  clock uncertainty                                       0.10       0.10
  U0_RegFile/regArr_reg[1][6]/CK (DFFRX1M)                0.00       0.10 r
  library hold time                                      -0.02       0.08
  data required time                                                 0.08
  --------------------------------------------------------------------------
  data required time                                                 0.08
  data arrival time                                                -20.25
  --------------------------------------------------------------------------
  slack (MET)                                                       20.17


  Startpoint: WrData[5] (input port clocked by REG_CLK)
  Endpoint: U0_RegFile/regArr_reg[1][5]
            (rising edge-triggered flip-flop clocked by REG_CLK)
  Path Group: INREG
  Path Type: min

  Point                                                   Incr       Path
  --------------------------------------------------------------------------
  clock REG_CLK (rise edge)                               0.00       0.00
  clock network delay (ideal)                             0.00       0.00
  input external delay                                   20.00      20.00 f
  WrData[5] (in)                                          0.02      20.02 f
  U0_RegFile/WrData[5] (RegFile)                          0.00      20.02 f
  U0_RegFile/U335/Y (INVX2M)                              0.13      20.15 r
  U0_RegFile/U297/Y (OAI22X1M)                            0.10      20.25 f
  U0_RegFile/regArr_reg[1][5]/D (DFFRX1M)                 0.00      20.25 f
  data arrival time                                                 20.25

  clock REG_CLK (rise edge)                               0.00       0.00
  clock network delay (ideal)                             0.00       0.00
  clock uncertainty                                       0.10       0.10
  U0_RegFile/regArr_reg[1][5]/CK (DFFRX1M)                0.00       0.10 r
  library hold time                                      -0.02       0.08
  data required time                                                 0.08
  --------------------------------------------------------------------------
  data required time                                                 0.08
  data arrival time                                                -20.25
  --------------------------------------------------------------------------
  slack (MET)                                                       20.17


  Startpoint: WrData[7] (input port clocked by REG_CLK)
  Endpoint: U0_RegFile/regArr_reg[0][7]
            (rising edge-triggered flip-flop clocked by REG_CLK)
  Path Group: INREG
  Path Type: min

  Point                                                   Incr       Path
  --------------------------------------------------------------------------
  clock REG_CLK (rise edge)                               0.00       0.00
  clock network delay (ideal)                             0.00       0.00
  input external delay                                   20.00      20.00 f
  WrData[7] (in)                                          0.02      20.02 f
  U0_RegFile/WrData[7] (RegFile)                          0.00      20.02 f
  U0_RegFile/U337/Y (INVX2M)                              0.13      20.15 r
  U0_RegFile/U286/Y (OAI22X1M)                            0.10      20.25 f
  U0_RegFile/regArr_reg[0][7]/D (DFFRX1M)                 0.00      20.25 f
  data arrival time                                                 20.25

  clock REG_CLK (rise edge)                               0.00       0.00
  clock network delay (ideal)                             0.00       0.00
  clock uncertainty                                       0.10       0.10
  U0_RegFile/regArr_reg[0][7]/CK (DFFRX1M)                0.00       0.10 r
  library hold time                                      -0.02       0.08
  data required time                                                 0.08
  --------------------------------------------------------------------------
  data required time                                                 0.08
  data arrival time                                                -20.25
  --------------------------------------------------------------------------
  slack (MET)                                                       20.17


  Startpoint: WrData[6] (input port clocked by REG_CLK)
  Endpoint: U0_RegFile/regArr_reg[0][6]
            (rising edge-triggered flip-flop clocked by REG_CLK)
  Path Group: INREG
  Path Type: min

  Point                                                   Incr       Path
  --------------------------------------------------------------------------
  clock REG_CLK (rise edge)                               0.00       0.00
  clock network delay (ideal)                             0.00       0.00
  input external delay                                   20.00      20.00 f
  WrData[6] (in)                                          0.02      20.02 f
  U0_RegFile/WrData[6] (RegFile)                          0.00      20.02 f
  U0_RegFile/U336/Y (INVX2M)                              0.13      20.15 r
  U0_RegFile/U285/Y (OAI22X1M)                            0.10      20.25 f
  U0_RegFile/regArr_reg[0][6]/D (DFFRX1M)                 0.00      20.25 f
  data arrival time                                                 20.25

  clock REG_CLK (rise edge)                               0.00       0.00
  clock network delay (ideal)                             0.00       0.00
  clock uncertainty                                       0.10       0.10
  U0_RegFile/regArr_reg[0][6]/CK (DFFRX1M)                0.00       0.10 r
  library hold time                                      -0.02       0.08
  data required time                                                 0.08
  --------------------------------------------------------------------------
  data required time                                                 0.08
  data arrival time                                                -20.25
  --------------------------------------------------------------------------
  slack (MET)                                                       20.17


  Startpoint: WrData[5] (input port clocked by REG_CLK)
  Endpoint: U0_RegFile/regArr_reg[0][5]
            (rising edge-triggered flip-flop clocked by REG_CLK)
  Path Group: INREG
  Path Type: min

  Point                                                   Incr       Path
  --------------------------------------------------------------------------
  clock REG_CLK (rise edge)                               0.00       0.00
  clock network delay (ideal)                             0.00       0.00
  input external delay                                   20.00      20.00 f
  WrData[5] (in)                                          0.02      20.02 f
  U0_RegFile/WrData[5] (RegFile)                          0.00      20.02 f
  U0_RegFile/U335/Y (INVX2M)                              0.13      20.15 r
  U0_RegFile/U284/Y (OAI22X1M)                            0.10      20.25 f
  U0_RegFile/regArr_reg[0][5]/D (DFFRX1M)                 0.00      20.25 f
  data arrival time                                                 20.25

  clock REG_CLK (rise edge)                               0.00       0.00
  clock network delay (ideal)                             0.00       0.00
  clock uncertainty                                       0.10       0.10
  U0_RegFile/regArr_reg[0][5]/CK (DFFRX1M)                0.00       0.10 r
  library hold time                                      -0.02       0.08
  data required time                                                 0.08
  --------------------------------------------------------------------------
  data required time                                                 0.08
  data arrival time                                                -20.25
  --------------------------------------------------------------------------
  slack (MET)                                                       20.17


  Startpoint: WrData[4] (input port clocked by REG_CLK)
  Endpoint: U0_RegFile/regArr_reg[0][4]
            (rising edge-triggered flip-flop clocked by REG_CLK)
  Path Group: INREG
  Path Type: min

  Point                                                   Incr       Path
  --------------------------------------------------------------------------
  clock REG_CLK (rise edge)                               0.00       0.00
  clock network delay (ideal)                             0.00       0.00
  input external delay                                   20.00      20.00 f
  WrData[4] (in)                                          0.02      20.02 f
  U0_RegFile/WrData[4] (RegFile)                          0.00      20.02 f
  U0_RegFile/U334/Y (INVX2M)                              0.13      20.15 r
  U0_RegFile/U283/Y (OAI22X1M)                            0.10      20.25 f
  U0_RegFile/regArr_reg[0][4]/D (DFFRX1M)                 0.00      20.25 f
  data arrival time                                                 20.25

  clock REG_CLK (rise edge)                               0.00       0.00
  clock network delay (ideal)                             0.00       0.00
  clock uncertainty                                       0.10       0.10
  U0_RegFile/regArr_reg[0][4]/CK (DFFRX1M)                0.00       0.10 r
  library hold time                                      -0.02       0.08
  data required time                                                 0.08
  --------------------------------------------------------------------------
  data required time                                                 0.08
  data arrival time                                                -20.25
  --------------------------------------------------------------------------
  slack (MET)                                                       20.17


  Startpoint: WrData[3] (input port clocked by REG_CLK)
  Endpoint: U0_RegFile/regArr_reg[0][3]
            (rising edge-triggered flip-flop clocked by REG_CLK)
  Path Group: INREG
  Path Type: min

  Point                                                   Incr       Path
  --------------------------------------------------------------------------
  clock REG_CLK (rise edge)                               0.00       0.00
  clock network delay (ideal)                             0.00       0.00
  input external delay                                   20.00      20.00 f
  WrData[3] (in)                                          0.02      20.02 f
  U0_RegFile/WrData[3] (RegFile)                          0.00      20.02 f
  U0_RegFile/U333/Y (INVX2M)                              0.13      20.15 r
  U0_RegFile/U282/Y (OAI22X1M)                            0.10      20.25 f
  U0_RegFile/regArr_reg[0][3]/D (DFFRX1M)                 0.00      20.25 f
  data arrival time                                                 20.25

  clock REG_CLK (rise edge)                               0.00       0.00
  clock network delay (ideal)                             0.00       0.00
  clock uncertainty                                       0.10       0.10
  U0_RegFile/regArr_reg[0][3]/CK (DFFRX1M)                0.00       0.10 r
  library hold time                                      -0.02       0.08
  data required time                                                 0.08
  --------------------------------------------------------------------------
  data required time                                                 0.08
  data arrival time                                                -20.25
  --------------------------------------------------------------------------
  slack (MET)                                                       20.17


  Startpoint: WrData[2] (input port clocked by REG_CLK)
  Endpoint: U0_RegFile/regArr_reg[0][2]
            (rising edge-triggered flip-flop clocked by REG_CLK)
  Path Group: INREG
  Path Type: min

  Point                                                   Incr       Path
  --------------------------------------------------------------------------
  clock REG_CLK (rise edge)                               0.00       0.00
  clock network delay (ideal)                             0.00       0.00
  input external delay                                   20.00      20.00 f
  WrData[2] (in)                                          0.02      20.02 f
  U0_RegFile/WrData[2] (RegFile)                          0.00      20.02 f
  U0_RegFile/U338/Y (INVX2M)                              0.13      20.15 r
  U0_RegFile/U281/Y (OAI22X1M)                            0.10      20.25 f
  U0_RegFile/regArr_reg[0][2]/D (DFFRX1M)                 0.00      20.25 f
  data arrival time                                                 20.25

  clock REG_CLK (rise edge)                               0.00       0.00
  clock network delay (ideal)                             0.00       0.00
  clock uncertainty                                       0.10       0.10
  U0_RegFile/regArr_reg[0][2]/CK (DFFRX1M)                0.00       0.10 r
  library hold time                                      -0.02       0.08
  data required time                                                 0.08
  --------------------------------------------------------------------------
  data required time                                                 0.08
  data arrival time                                                -20.25
  --------------------------------------------------------------------------
  slack (MET)                                                       20.17


  Startpoint: WrData[0] (input port clocked by REG_CLK)
  Endpoint: U0_RegFile/regArr_reg[0][0]
            (rising edge-triggered flip-flop clocked by REG_CLK)
  Path Group: INREG
  Path Type: min

  Point                                                   Incr       Path
  --------------------------------------------------------------------------
  clock REG_CLK (rise edge)                               0.00       0.00
  clock network delay (ideal)                             0.00       0.00
  input external delay                                   20.00      20.00 f
  WrData[0] (in)                                          0.02      20.02 f
  U0_RegFile/WrData[0] (RegFile)                          0.00      20.02 f
  U0_RegFile/U331/Y (INVX2M)                              0.13      20.15 r
  U0_RegFile/U280/Y (OAI22X1M)                            0.10      20.25 f
  U0_RegFile/regArr_reg[0][0]/D (DFFRX1M)                 0.00      20.25 f
  data arrival time                                                 20.25

  clock REG_CLK (rise edge)                               0.00       0.00
  clock network delay (ideal)                             0.00       0.00
  clock uncertainty                                       0.10       0.10
  U0_RegFile/regArr_reg[0][0]/CK (DFFRX1M)                0.00       0.10 r
  library hold time                                      -0.02       0.08
  data required time                                                 0.08
  --------------------------------------------------------------------------
  data required time                                                 0.08
  data arrival time                                                -20.25
  --------------------------------------------------------------------------
  slack (MET)                                                       20.17


  Startpoint: WrData[7] (input port clocked by REG_CLK)
  Endpoint: U0_RegFile/regArr_reg[3][7]
            (rising edge-triggered flip-flop clocked by REG_CLK)
  Path Group: INREG
  Path Type: min

  Point                                                   Incr       Path
  --------------------------------------------------------------------------
  clock REG_CLK (rise edge)                               0.00       0.00
  clock network delay (ideal)                             0.00       0.00
  input external delay                                   20.00      20.00 f
  WrData[7] (in)                                          0.02      20.02 f
  U0_RegFile/WrData[7] (RegFile)                          0.00      20.02 f
  U0_RegFile/U337/Y (INVX2M)                              0.13      20.15 r
  U0_RegFile/U217/Y (OAI22X1M)                            0.10      20.25 f
  U0_RegFile/regArr_reg[3][7]/D (DFFRX1M)                 0.00      20.25 f
  data arrival time                                                 20.25

  clock REG_CLK (rise edge)                               0.00       0.00
  clock network delay (ideal)                             0.00       0.00
  clock uncertainty                                       0.10       0.10
  U0_RegFile/regArr_reg[3][7]/CK (DFFRX1M)                0.00       0.10 r
  library hold time                                      -0.02       0.08
  data required time                                                 0.08
  --------------------------------------------------------------------------
  data required time                                                 0.08
  data arrival time                                                -20.25
  --------------------------------------------------------------------------
  slack (MET)                                                       20.17


  Startpoint: WrData[6] (input port clocked by REG_CLK)
  Endpoint: U0_RegFile/regArr_reg[3][6]
            (rising edge-triggered flip-flop clocked by REG_CLK)
  Path Group: INREG
  Path Type: min

  Point                                                   Incr       Path
  --------------------------------------------------------------------------
  clock REG_CLK (rise edge)                               0.00       0.00
  clock network delay (ideal)                             0.00       0.00
  input external delay                                   20.00      20.00 f
  WrData[6] (in)                                          0.02      20.02 f
  U0_RegFile/WrData[6] (RegFile)                          0.00      20.02 f
  U0_RegFile/U336/Y (INVX2M)                              0.13      20.15 r
  U0_RegFile/U216/Y (OAI22X1M)                            0.10      20.25 f
  U0_RegFile/regArr_reg[3][6]/D (DFFRX1M)                 0.00      20.25 f
  data arrival time                                                 20.25

  clock REG_CLK (rise edge)                               0.00       0.00
  clock network delay (ideal)                             0.00       0.00
  clock uncertainty                                       0.10       0.10
  U0_RegFile/regArr_reg[3][6]/CK (DFFRX1M)                0.00       0.10 r
  library hold time                                      -0.02       0.08
  data required time                                                 0.08
  --------------------------------------------------------------------------
  data required time                                                 0.08
  data arrival time                                                -20.25
  --------------------------------------------------------------------------
  slack (MET)                                                       20.17


  Startpoint: WrData[5] (input port clocked by REG_CLK)
  Endpoint: U0_RegFile/regArr_reg[3][5]
            (rising edge-triggered flip-flop clocked by REG_CLK)
  Path Group: INREG
  Path Type: min

  Point                                                   Incr       Path
  --------------------------------------------------------------------------
  clock REG_CLK (rise edge)                               0.00       0.00
  clock network delay (ideal)                             0.00       0.00
  input external delay                                   20.00      20.00 f
  WrData[5] (in)                                          0.02      20.02 f
  U0_RegFile/WrData[5] (RegFile)                          0.00      20.02 f
  U0_RegFile/U335/Y (INVX2M)                              0.13      20.15 r
  U0_RegFile/U215/Y (OAI22X1M)                            0.10      20.25 f
  U0_RegFile/regArr_reg[3][5]/D (DFFRX1M)                 0.00      20.25 f
  data arrival time                                                 20.25

  clock REG_CLK (rise edge)                               0.00       0.00
  clock network delay (ideal)                             0.00       0.00
  clock uncertainty                                       0.10       0.10
  U0_RegFile/regArr_reg[3][5]/CK (DFFRX1M)                0.00       0.10 r
  library hold time                                      -0.02       0.08
  data required time                                                 0.08
  --------------------------------------------------------------------------
  data required time                                                 0.08
  data arrival time                                                -20.25
  --------------------------------------------------------------------------
  slack (MET)                                                       20.17


  Startpoint: WrData[4] (input port clocked by REG_CLK)
  Endpoint: U0_RegFile/regArr_reg[3][4]
            (rising edge-triggered flip-flop clocked by REG_CLK)
  Path Group: INREG
  Path Type: min

  Point                                                   Incr       Path
  --------------------------------------------------------------------------
  clock REG_CLK (rise edge)                               0.00       0.00
  clock network delay (ideal)                             0.00       0.00
  input external delay                                   20.00      20.00 f
  WrData[4] (in)                                          0.02      20.02 f
  U0_RegFile/WrData[4] (RegFile)                          0.00      20.02 f
  U0_RegFile/U334/Y (INVX2M)                              0.13      20.15 r
  U0_RegFile/U214/Y (OAI22X1M)                            0.10      20.25 f
  U0_RegFile/regArr_reg[3][4]/D (DFFRX1M)                 0.00      20.25 f
  data arrival time                                                 20.25

  clock REG_CLK (rise edge)                               0.00       0.00
  clock network delay (ideal)                             0.00       0.00
  clock uncertainty                                       0.10       0.10
  U0_RegFile/regArr_reg[3][4]/CK (DFFRX1M)                0.00       0.10 r
  library hold time                                      -0.02       0.08
  data required time                                                 0.08
  --------------------------------------------------------------------------
  data required time                                                 0.08
  data arrival time                                                -20.25
  --------------------------------------------------------------------------
  slack (MET)                                                       20.17


  Startpoint: WrData[3] (input port clocked by REG_CLK)
  Endpoint: U0_RegFile/regArr_reg[3][3]
            (rising edge-triggered flip-flop clocked by REG_CLK)
  Path Group: INREG
  Path Type: min

  Point                                                   Incr       Path
  --------------------------------------------------------------------------
  clock REG_CLK (rise edge)                               0.00       0.00
  clock network delay (ideal)                             0.00       0.00
  input external delay                                   20.00      20.00 f
  WrData[3] (in)                                          0.02      20.02 f
  U0_RegFile/WrData[3] (RegFile)                          0.00      20.02 f
  U0_RegFile/U333/Y (INVX2M)                              0.13      20.15 r
  U0_RegFile/U213/Y (OAI22X1M)                            0.10      20.25 f
  U0_RegFile/regArr_reg[3][3]/D (DFFRX1M)                 0.00      20.25 f
  data arrival time                                                 20.25

  clock REG_CLK (rise edge)                               0.00       0.00
  clock network delay (ideal)                             0.00       0.00
  clock uncertainty                                       0.10       0.10
  U0_RegFile/regArr_reg[3][3]/CK (DFFRX1M)                0.00       0.10 r
  library hold time                                      -0.02       0.08
  data required time                                                 0.08
  --------------------------------------------------------------------------
  data required time                                                 0.08
  data arrival time                                                -20.25
  --------------------------------------------------------------------------
  slack (MET)                                                       20.17


  Startpoint: WrData[2] (input port clocked by REG_CLK)
  Endpoint: U0_RegFile/regArr_reg[3][2]
            (rising edge-triggered flip-flop clocked by REG_CLK)
  Path Group: INREG
  Path Type: min

  Point                                                   Incr       Path
  --------------------------------------------------------------------------
  clock REG_CLK (rise edge)                               0.00       0.00
  clock network delay (ideal)                             0.00       0.00
  input external delay                                   20.00      20.00 f
  WrData[2] (in)                                          0.02      20.02 f
  U0_RegFile/WrData[2] (RegFile)                          0.00      20.02 f
  U0_RegFile/U338/Y (INVX2M)                              0.13      20.15 r
  U0_RegFile/U212/Y (OAI22X1M)                            0.10      20.25 f
  U0_RegFile/regArr_reg[3][2]/D (DFFRX1M)                 0.00      20.25 f
  data arrival time                                                 20.25

  clock REG_CLK (rise edge)                               0.00       0.00
  clock network delay (ideal)                             0.00       0.00
  clock uncertainty                                       0.10       0.10
  U0_RegFile/regArr_reg[3][2]/CK (DFFRX1M)                0.00       0.10 r
  library hold time                                      -0.02       0.08
  data required time                                                 0.08
  --------------------------------------------------------------------------
  data required time                                                 0.08
  data arrival time                                                -20.25
  --------------------------------------------------------------------------
  slack (MET)                                                       20.17


  Startpoint: WrData[1] (input port clocked by REG_CLK)
  Endpoint: U0_RegFile/regArr_reg[3][1]
            (rising edge-triggered flip-flop clocked by REG_CLK)
  Path Group: INREG
  Path Type: min

  Point                                                   Incr       Path
  --------------------------------------------------------------------------
  clock REG_CLK (rise edge)                               0.00       0.00
  clock network delay (ideal)                             0.00       0.00
  input external delay                                   20.00      20.00 f
  WrData[1] (in)                                          0.02      20.02 f
  U0_RegFile/WrData[1] (RegFile)                          0.00      20.02 f
  U0_RegFile/U332/Y (INVX2M)                              0.13      20.15 r
  U0_RegFile/U211/Y (OAI22X1M)                            0.10      20.25 f
  U0_RegFile/regArr_reg[3][1]/D (DFFRX1M)                 0.00      20.25 f
  data arrival time                                                 20.25

  clock REG_CLK (rise edge)                               0.00       0.00
  clock network delay (ideal)                             0.00       0.00
  clock uncertainty                                       0.10       0.10
  U0_RegFile/regArr_reg[3][1]/CK (DFFRX1M)                0.00       0.10 r
  library hold time                                      -0.02       0.08
  data required time                                                 0.08
  --------------------------------------------------------------------------
  data required time                                                 0.08
  data arrival time                                                -20.25
  --------------------------------------------------------------------------
  slack (MET)                                                       20.17


  Startpoint: WrData[0] (input port clocked by REG_CLK)
  Endpoint: U0_RegFile/regArr_reg[3][0]
            (rising edge-triggered flip-flop clocked by REG_CLK)
  Path Group: INREG
  Path Type: min

  Point                                                   Incr       Path
  --------------------------------------------------------------------------
  clock REG_CLK (rise edge)                               0.00       0.00
  clock network delay (ideal)                             0.00       0.00
  input external delay                                   20.00      20.00 f
  WrData[0] (in)                                          0.02      20.02 f
  U0_RegFile/WrData[0] (RegFile)                          0.00      20.02 f
  U0_RegFile/U331/Y (INVX2M)                              0.13      20.15 r
  U0_RegFile/U210/Y (OAI22X1M)                            0.10      20.25 f
  U0_RegFile/regArr_reg[3][0]/D (DFFRX1M)                 0.00      20.25 f
  data arrival time                                                 20.25

  clock REG_CLK (rise edge)                               0.00       0.00
  clock network delay (ideal)                             0.00       0.00
  clock uncertainty                                       0.10       0.10
  U0_RegFile/regArr_reg[3][0]/CK (DFFRX1M)                0.00       0.10 r
  library hold time                                      -0.02       0.08
  data required time                                                 0.08
  --------------------------------------------------------------------------
  data required time                                                 0.08
  data arrival time                                                -20.25
  --------------------------------------------------------------------------
  slack (MET)                                                       20.17


  Startpoint: WrData[7] (input port clocked by REG_CLK)
  Endpoint: U0_RegFile/regArr_reg[2][7]
            (rising edge-triggered flip-flop clocked by REG_CLK)
  Path Group: INREG
  Path Type: min

  Point                                                   Incr       Path
  --------------------------------------------------------------------------
  clock REG_CLK (rise edge)                               0.00       0.00
  clock network delay (ideal)                             0.00       0.00
  input external delay                                   20.00      20.00 f
  WrData[7] (in)                                          0.02      20.02 f
  U0_RegFile/WrData[7] (RegFile)                          0.00      20.02 f
  U0_RegFile/U337/Y (INVX2M)                              0.13      20.15 r
  U0_RegFile/U209/Y (OAI22X1M)                            0.10      20.25 f
  U0_RegFile/regArr_reg[2][7]/D (DFFRX1M)                 0.00      20.25 f
  data arrival time                                                 20.25

  clock REG_CLK (rise edge)                               0.00       0.00
  clock network delay (ideal)                             0.00       0.00
  clock uncertainty                                       0.10       0.10
  U0_RegFile/regArr_reg[2][7]/CK (DFFRX1M)                0.00       0.10 r
  library hold time                                      -0.02       0.08
  data required time                                                 0.08
  --------------------------------------------------------------------------
  data required time                                                 0.08
  data arrival time                                                -20.25
  --------------------------------------------------------------------------
  slack (MET)                                                       20.17


  Startpoint: WrData[6] (input port clocked by REG_CLK)
  Endpoint: U0_RegFile/regArr_reg[2][6]
            (rising edge-triggered flip-flop clocked by REG_CLK)
  Path Group: INREG
  Path Type: min

  Point                                                   Incr       Path
  --------------------------------------------------------------------------
  clock REG_CLK (rise edge)                               0.00       0.00
  clock network delay (ideal)                             0.00       0.00
  input external delay                                   20.00      20.00 f
  WrData[6] (in)                                          0.02      20.02 f
  U0_RegFile/WrData[6] (RegFile)                          0.00      20.02 f
  U0_RegFile/U336/Y (INVX2M)                              0.13      20.15 r
  U0_RegFile/U208/Y (OAI22X1M)                            0.10      20.25 f
  U0_RegFile/regArr_reg[2][6]/D (DFFRX1M)                 0.00      20.25 f
  data arrival time                                                 20.25

  clock REG_CLK (rise edge)                               0.00       0.00
  clock network delay (ideal)                             0.00       0.00
  clock uncertainty                                       0.10       0.10
  U0_RegFile/regArr_reg[2][6]/CK (DFFRX1M)                0.00       0.10 r
  library hold time                                      -0.02       0.08
  data required time                                                 0.08
  --------------------------------------------------------------------------
  data required time                                                 0.08
  data arrival time                                                -20.25
  --------------------------------------------------------------------------
  slack (MET)                                                       20.17


  Startpoint: WrData[5] (input port clocked by REG_CLK)
  Endpoint: U0_RegFile/regArr_reg[2][5]
            (rising edge-triggered flip-flop clocked by REG_CLK)
  Path Group: INREG
  Path Type: min

  Point                                                   Incr       Path
  --------------------------------------------------------------------------
  clock REG_CLK (rise edge)                               0.00       0.00
  clock network delay (ideal)                             0.00       0.00
  input external delay                                   20.00      20.00 f
  WrData[5] (in)                                          0.02      20.02 f
  U0_RegFile/WrData[5] (RegFile)                          0.00      20.02 f
  U0_RegFile/U335/Y (INVX2M)                              0.13      20.15 r
  U0_RegFile/U207/Y (OAI22X1M)                            0.10      20.25 f
  U0_RegFile/regArr_reg[2][5]/D (DFFRX1M)                 0.00      20.25 f
  data arrival time                                                 20.25

  clock REG_CLK (rise edge)                               0.00       0.00
  clock network delay (ideal)                             0.00       0.00
  clock uncertainty                                       0.10       0.10
  U0_RegFile/regArr_reg[2][5]/CK (DFFRX1M)                0.00       0.10 r
  library hold time                                      -0.02       0.08
  data required time                                                 0.08
  --------------------------------------------------------------------------
  data required time                                                 0.08
  data arrival time                                                -20.25
  --------------------------------------------------------------------------
  slack (MET)                                                       20.17


  Startpoint: WrData[4] (input port clocked by REG_CLK)
  Endpoint: U0_RegFile/regArr_reg[2][4]
            (rising edge-triggered flip-flop clocked by REG_CLK)
  Path Group: INREG
  Path Type: min

  Point                                                   Incr       Path
  --------------------------------------------------------------------------
  clock REG_CLK (rise edge)                               0.00       0.00
  clock network delay (ideal)                             0.00       0.00
  input external delay                                   20.00      20.00 f
  WrData[4] (in)                                          0.02      20.02 f
  U0_RegFile/WrData[4] (RegFile)                          0.00      20.02 f
  U0_RegFile/U334/Y (INVX2M)                              0.13      20.15 r
  U0_RegFile/U206/Y (OAI22X1M)                            0.10      20.25 f
  U0_RegFile/regArr_reg[2][4]/D (DFFRX1M)                 0.00      20.25 f
  data arrival time                                                 20.25

  clock REG_CLK (rise edge)                               0.00       0.00
  clock network delay (ideal)                             0.00       0.00
  clock uncertainty                                       0.10       0.10
  U0_RegFile/regArr_reg[2][4]/CK (DFFRX1M)                0.00       0.10 r
  library hold time                                      -0.02       0.08
  data required time                                                 0.08
  --------------------------------------------------------------------------
  data required time                                                 0.08
  data arrival time                                                -20.25
  --------------------------------------------------------------------------
  slack (MET)                                                       20.17


  Startpoint: WrData[3] (input port clocked by REG_CLK)
  Endpoint: U0_RegFile/regArr_reg[2][3]
            (rising edge-triggered flip-flop clocked by REG_CLK)
  Path Group: INREG
  Path Type: min

  Point                                                   Incr       Path
  --------------------------------------------------------------------------
  clock REG_CLK (rise edge)                               0.00       0.00
  clock network delay (ideal)                             0.00       0.00
  input external delay                                   20.00      20.00 f
  WrData[3] (in)                                          0.02      20.02 f
  U0_RegFile/WrData[3] (RegFile)                          0.00      20.02 f
  U0_RegFile/U333/Y (INVX2M)                              0.13      20.15 r
  U0_RegFile/U205/Y (OAI22X1M)                            0.10      20.25 f
  U0_RegFile/regArr_reg[2][3]/D (DFFRX1M)                 0.00      20.25 f
  data arrival time                                                 20.25

  clock REG_CLK (rise edge)                               0.00       0.00
  clock network delay (ideal)                             0.00       0.00
  clock uncertainty                                       0.10       0.10
  U0_RegFile/regArr_reg[2][3]/CK (DFFRX1M)                0.00       0.10 r
  library hold time                                      -0.02       0.08
  data required time                                                 0.08
  --------------------------------------------------------------------------
  data required time                                                 0.08
  data arrival time                                                -20.25
  --------------------------------------------------------------------------
  slack (MET)                                                       20.17


  Startpoint: WrData[1] (input port clocked by REG_CLK)
  Endpoint: U0_RegFile/regArr_reg[2][1]
            (rising edge-triggered flip-flop clocked by REG_CLK)
  Path Group: INREG
  Path Type: min

  Point                                                   Incr       Path
  --------------------------------------------------------------------------
  clock REG_CLK (rise edge)                               0.00       0.00
  clock network delay (ideal)                             0.00       0.00
  input external delay                                   20.00      20.00 f
  WrData[1] (in)                                          0.02      20.02 f
  U0_RegFile/WrData[1] (RegFile)                          0.00      20.02 f
  U0_RegFile/U332/Y (INVX2M)                              0.13      20.15 r
  U0_RegFile/U204/Y (OAI22X1M)                            0.10      20.25 f
  U0_RegFile/regArr_reg[2][1]/D (DFFRX1M)                 0.00      20.25 f
  data arrival time                                                 20.25

  clock REG_CLK (rise edge)                               0.00       0.00
  clock network delay (ideal)                             0.00       0.00
  clock uncertainty                                       0.10       0.10
  U0_RegFile/regArr_reg[2][1]/CK (DFFRX1M)                0.00       0.10 r
  library hold time                                      -0.02       0.08
  data required time                                                 0.08
  --------------------------------------------------------------------------
  data required time                                                 0.08
  data arrival time                                                -20.25
  --------------------------------------------------------------------------
  slack (MET)                                                       20.17


  Startpoint: WrData[7] (input port clocked by REG_CLK)
  Endpoint: U0_RegFile/regArr_reg[7][7]
            (rising edge-triggered flip-flop clocked by REG_CLK)
  Path Group: INREG
  Path Type: min

  Point                                                   Incr       Path
  --------------------------------------------------------------------------
  clock REG_CLK (rise edge)                               0.00       0.00
  clock network delay (ideal)                             0.00       0.00
  input external delay                                   20.00      20.00 f
  WrData[7] (in)                                          0.02      20.02 f
  U0_RegFile/WrData[7] (RegFile)                          0.00      20.02 f
  U0_RegFile/U337/Y (INVX2M)                              0.13      20.15 r
  U0_RegFile/U327/Y (OAI22X1M)                            0.11      20.26 f
  U0_RegFile/regArr_reg[7][7]/D (DFFRX1M)                 0.00      20.26 f
  data arrival time                                                 20.26

  clock REG_CLK (rise edge)                               0.00       0.00
  clock network delay (ideal)                             0.00       0.00
  clock uncertainty                                       0.10       0.10
  U0_RegFile/regArr_reg[7][7]/CK (DFFRX1M)                0.00       0.10 r
  library hold time                                      -0.02       0.08
  data required time                                                 0.08
  --------------------------------------------------------------------------
  data required time                                                 0.08
  data arrival time                                                -20.26
  --------------------------------------------------------------------------
  slack (MET)                                                       20.18


  Startpoint: WrData[6] (input port clocked by REG_CLK)
  Endpoint: U0_RegFile/regArr_reg[7][6]
            (rising edge-triggered flip-flop clocked by REG_CLK)
  Path Group: INREG
  Path Type: min

  Point                                                   Incr       Path
  --------------------------------------------------------------------------
  clock REG_CLK (rise edge)                               0.00       0.00
  clock network delay (ideal)                             0.00       0.00
  input external delay                                   20.00      20.00 f
  WrData[6] (in)                                          0.02      20.02 f
  U0_RegFile/WrData[6] (RegFile)                          0.00      20.02 f
  U0_RegFile/U336/Y (INVX2M)                              0.13      20.15 r
  U0_RegFile/U326/Y (OAI22X1M)                            0.11      20.26 f
  U0_RegFile/regArr_reg[7][6]/D (DFFRX1M)                 0.00      20.26 f
  data arrival time                                                 20.26

  clock REG_CLK (rise edge)                               0.00       0.00
  clock network delay (ideal)                             0.00       0.00
  clock uncertainty                                       0.10       0.10
  U0_RegFile/regArr_reg[7][6]/CK (DFFRX1M)                0.00       0.10 r
  library hold time                                      -0.02       0.08
  data required time                                                 0.08
  --------------------------------------------------------------------------
  data required time                                                 0.08
  data arrival time                                                -20.26
  --------------------------------------------------------------------------
  slack (MET)                                                       20.18


  Startpoint: WrData[5] (input port clocked by REG_CLK)
  Endpoint: U0_RegFile/regArr_reg[7][5]
            (rising edge-triggered flip-flop clocked by REG_CLK)
  Path Group: INREG
  Path Type: min

  Point                                                   Incr       Path
  --------------------------------------------------------------------------
  clock REG_CLK (rise edge)                               0.00       0.00
  clock network delay (ideal)                             0.00       0.00
  input external delay                                   20.00      20.00 f
  WrData[5] (in)                                          0.02      20.02 f
  U0_RegFile/WrData[5] (RegFile)                          0.00      20.02 f
  U0_RegFile/U335/Y (INVX2M)                              0.13      20.15 r
  U0_RegFile/U325/Y (OAI22X1M)                            0.11      20.26 f
  U0_RegFile/regArr_reg[7][5]/D (DFFRX1M)                 0.00      20.26 f
  data arrival time                                                 20.26

  clock REG_CLK (rise edge)                               0.00       0.00
  clock network delay (ideal)                             0.00       0.00
  clock uncertainty                                       0.10       0.10
  U0_RegFile/regArr_reg[7][5]/CK (DFFRX1M)                0.00       0.10 r
  library hold time                                      -0.02       0.08
  data required time                                                 0.08
  --------------------------------------------------------------------------
  data required time                                                 0.08
  data arrival time                                                -20.26
  --------------------------------------------------------------------------
  slack (MET)                                                       20.18


  Startpoint: WrData[4] (input port clocked by REG_CLK)
  Endpoint: U0_RegFile/regArr_reg[7][4]
            (rising edge-triggered flip-flop clocked by REG_CLK)
  Path Group: INREG
  Path Type: min

  Point                                                   Incr       Path
  --------------------------------------------------------------------------
  clock REG_CLK (rise edge)                               0.00       0.00
  clock network delay (ideal)                             0.00       0.00
  input external delay                                   20.00      20.00 f
  WrData[4] (in)                                          0.02      20.02 f
  U0_RegFile/WrData[4] (RegFile)                          0.00      20.02 f
  U0_RegFile/U334/Y (INVX2M)                              0.13      20.15 r
  U0_RegFile/U324/Y (OAI22X1M)                            0.11      20.26 f
  U0_RegFile/regArr_reg[7][4]/D (DFFRX1M)                 0.00      20.26 f
  data arrival time                                                 20.26

  clock REG_CLK (rise edge)                               0.00       0.00
  clock network delay (ideal)                             0.00       0.00
  clock uncertainty                                       0.10       0.10
  U0_RegFile/regArr_reg[7][4]/CK (DFFRX1M)                0.00       0.10 r
  library hold time                                      -0.02       0.08
  data required time                                                 0.08
  --------------------------------------------------------------------------
  data required time                                                 0.08
  data arrival time                                                -20.26
  --------------------------------------------------------------------------
  slack (MET)                                                       20.18


  Startpoint: WrData[3] (input port clocked by REG_CLK)
  Endpoint: U0_RegFile/regArr_reg[7][3]
            (rising edge-triggered flip-flop clocked by REG_CLK)
  Path Group: INREG
  Path Type: min

  Point                                                   Incr       Path
  --------------------------------------------------------------------------
  clock REG_CLK (rise edge)                               0.00       0.00
  clock network delay (ideal)                             0.00       0.00
  input external delay                                   20.00      20.00 f
  WrData[3] (in)                                          0.02      20.02 f
  U0_RegFile/WrData[3] (RegFile)                          0.00      20.02 f
  U0_RegFile/U333/Y (INVX2M)                              0.13      20.15 r
  U0_RegFile/U323/Y (OAI22X1M)                            0.11      20.26 f
  U0_RegFile/regArr_reg[7][3]/D (DFFRX1M)                 0.00      20.26 f
  data arrival time                                                 20.26

  clock REG_CLK (rise edge)                               0.00       0.00
  clock network delay (ideal)                             0.00       0.00
  clock uncertainty                                       0.10       0.10
  U0_RegFile/regArr_reg[7][3]/CK (DFFRX1M)                0.00       0.10 r
  library hold time                                      -0.02       0.08
  data required time                                                 0.08
  --------------------------------------------------------------------------
  data required time                                                 0.08
  data arrival time                                                -20.26
  --------------------------------------------------------------------------
  slack (MET)                                                       20.18


  Startpoint: WrData[2] (input port clocked by REG_CLK)
  Endpoint: U0_RegFile/regArr_reg[7][2]
            (rising edge-triggered flip-flop clocked by REG_CLK)
  Path Group: INREG
  Path Type: min

  Point                                                   Incr       Path
  --------------------------------------------------------------------------
  clock REG_CLK (rise edge)                               0.00       0.00
  clock network delay (ideal)                             0.00       0.00
  input external delay                                   20.00      20.00 f
  WrData[2] (in)                                          0.02      20.02 f
  U0_RegFile/WrData[2] (RegFile)                          0.00      20.02 f
  U0_RegFile/U338/Y (INVX2M)                              0.13      20.15 r
  U0_RegFile/U322/Y (OAI22X1M)                            0.11      20.26 f
  U0_RegFile/regArr_reg[7][2]/D (DFFRX1M)                 0.00      20.26 f
  data arrival time                                                 20.26

  clock REG_CLK (rise edge)                               0.00       0.00
  clock network delay (ideal)                             0.00       0.00
  clock uncertainty                                       0.10       0.10
  U0_RegFile/regArr_reg[7][2]/CK (DFFRX1M)                0.00       0.10 r
  library hold time                                      -0.02       0.08
  data required time                                                 0.08
  --------------------------------------------------------------------------
  data required time                                                 0.08
  data arrival time                                                -20.26
  --------------------------------------------------------------------------
  slack (MET)                                                       20.18


  Startpoint: WrData[1] (input port clocked by REG_CLK)
  Endpoint: U0_RegFile/regArr_reg[7][1]
            (rising edge-triggered flip-flop clocked by REG_CLK)
  Path Group: INREG
  Path Type: min

  Point                                                   Incr       Path
  --------------------------------------------------------------------------
  clock REG_CLK (rise edge)                               0.00       0.00
  clock network delay (ideal)                             0.00       0.00
  input external delay                                   20.00      20.00 f
  WrData[1] (in)                                          0.02      20.02 f
  U0_RegFile/WrData[1] (RegFile)                          0.00      20.02 f
  U0_RegFile/U332/Y (INVX2M)                              0.13      20.15 r
  U0_RegFile/U321/Y (OAI22X1M)                            0.11      20.26 f
  U0_RegFile/regArr_reg[7][1]/D (DFFRX1M)                 0.00      20.26 f
  data arrival time                                                 20.26

  clock REG_CLK (rise edge)                               0.00       0.00
  clock network delay (ideal)                             0.00       0.00
  clock uncertainty                                       0.10       0.10
  U0_RegFile/regArr_reg[7][1]/CK (DFFRX1M)                0.00       0.10 r
  library hold time                                      -0.02       0.08
  data required time                                                 0.08
  --------------------------------------------------------------------------
  data required time                                                 0.08
  data arrival time                                                -20.26
  --------------------------------------------------------------------------
  slack (MET)                                                       20.18


  Startpoint: WrData[0] (input port clocked by REG_CLK)
  Endpoint: U0_RegFile/regArr_reg[7][0]
            (rising edge-triggered flip-flop clocked by REG_CLK)
  Path Group: INREG
  Path Type: min

  Point                                                   Incr       Path
  --------------------------------------------------------------------------
  clock REG_CLK (rise edge)                               0.00       0.00
  clock network delay (ideal)                             0.00       0.00
  input external delay                                   20.00      20.00 f
  WrData[0] (in)                                          0.02      20.02 f
  U0_RegFile/WrData[0] (RegFile)                          0.00      20.02 f
  U0_RegFile/U331/Y (INVX2M)                              0.13      20.15 r
  U0_RegFile/U320/Y (OAI22X1M)                            0.11      20.26 f
  U0_RegFile/regArr_reg[7][0]/D (DFFRX1M)                 0.00      20.26 f
  data arrival time                                                 20.26

  clock REG_CLK (rise edge)                               0.00       0.00
  clock network delay (ideal)                             0.00       0.00
  clock uncertainty                                       0.10       0.10
  U0_RegFile/regArr_reg[7][0]/CK (DFFRX1M)                0.00       0.10 r
  library hold time                                      -0.02       0.08
  data required time                                                 0.08
  --------------------------------------------------------------------------
  data required time                                                 0.08
  data arrival time                                                -20.26
  --------------------------------------------------------------------------
  slack (MET)                                                       20.18


  Startpoint: RdEn (input port clocked by REG_CLK)
  Endpoint: U0_RegFile/RdData_reg[7]
            (rising edge-triggered flip-flop clocked by REG_CLK)
  Path Group: INREG
  Path Type: min

  Point                                                   Incr       Path
  --------------------------------------------------------------------------
  clock REG_CLK (rise edge)                               0.00       0.00
  clock network delay (ideal)                             0.00       0.00
  input external delay                                   20.00      20.00 f
  RdEn (in)                                               0.03      20.03 f
  U0_RegFile/RdEn (RegFile)                               0.00      20.03 f
  U0_RegFile/U101/Y (NAND3X2M)                            0.09      20.12 r
  U0_RegFile/U100/Y (INVX2M)                              0.10      20.22 f
  U0_RegFile/RdData_reg[7]/E (EDFFHQX8M)                  0.00      20.22 f
  data arrival time                                                 20.22

  clock REG_CLK (rise edge)                               0.00       0.00
  clock network delay (ideal)                             0.00       0.00
  clock uncertainty                                       0.10       0.10
  U0_RegFile/RdData_reg[7]/CK (EDFFHQX8M)                 0.00       0.10 r
  library hold time                                      -0.29      -0.19
  data required time                                                -0.19
  --------------------------------------------------------------------------
  data required time                                                -0.19
  data arrival time                                                -20.22
  --------------------------------------------------------------------------
  slack (MET)                                                       20.41


  Startpoint: RdEn (input port clocked by REG_CLK)
  Endpoint: U0_RegFile/RdData_reg[6]
            (rising edge-triggered flip-flop clocked by REG_CLK)
  Path Group: INREG
  Path Type: min

  Point                                                   Incr       Path
  --------------------------------------------------------------------------
  clock REG_CLK (rise edge)                               0.00       0.00
  clock network delay (ideal)                             0.00       0.00
  input external delay                                   20.00      20.00 f
  RdEn (in)                                               0.03      20.03 f
  U0_RegFile/RdEn (RegFile)                               0.00      20.03 f
  U0_RegFile/U101/Y (NAND3X2M)                            0.09      20.12 r
  U0_RegFile/U100/Y (INVX2M)                              0.10      20.22 f
  U0_RegFile/RdData_reg[6]/E (EDFFHQX8M)                  0.00      20.22 f
  data arrival time                                                 20.22

  clock REG_CLK (rise edge)                               0.00       0.00
  clock network delay (ideal)                             0.00       0.00
  clock uncertainty                                       0.10       0.10
  U0_RegFile/RdData_reg[6]/CK (EDFFHQX8M)                 0.00       0.10 r
  library hold time                                      -0.29      -0.19
  data required time                                                -0.19
  --------------------------------------------------------------------------
  data required time                                                -0.19
  data arrival time                                                -20.22
  --------------------------------------------------------------------------
  slack (MET)                                                       20.41


  Startpoint: RdEn (input port clocked by REG_CLK)
  Endpoint: U0_RegFile/RdData_reg[5]
            (rising edge-triggered flip-flop clocked by REG_CLK)
  Path Group: INREG
  Path Type: min

  Point                                                   Incr       Path
  --------------------------------------------------------------------------
  clock REG_CLK (rise edge)                               0.00       0.00
  clock network delay (ideal)                             0.00       0.00
  input external delay                                   20.00      20.00 f
  RdEn (in)                                               0.03      20.03 f
  U0_RegFile/RdEn (RegFile)                               0.00      20.03 f
  U0_RegFile/U101/Y (NAND3X2M)                            0.09      20.12 r
  U0_RegFile/U100/Y (INVX2M)                              0.10      20.22 f
  U0_RegFile/RdData_reg[5]/E (EDFFHQX8M)                  0.00      20.22 f
  data arrival time                                                 20.22

  clock REG_CLK (rise edge)                               0.00       0.00
  clock network delay (ideal)                             0.00       0.00
  clock uncertainty                                       0.10       0.10
  U0_RegFile/RdData_reg[5]/CK (EDFFHQX8M)                 0.00       0.10 r
  library hold time                                      -0.29      -0.19
  data required time                                                -0.19
  --------------------------------------------------------------------------
  data required time                                                -0.19
  data arrival time                                                -20.22
  --------------------------------------------------------------------------
  slack (MET)                                                       20.41


  Startpoint: RdEn (input port clocked by REG_CLK)
  Endpoint: U0_RegFile/RdData_reg[4]
            (rising edge-triggered flip-flop clocked by REG_CLK)
  Path Group: INREG
  Path Type: min

  Point                                                   Incr       Path
  --------------------------------------------------------------------------
  clock REG_CLK (rise edge)                               0.00       0.00
  clock network delay (ideal)                             0.00       0.00
  input external delay                                   20.00      20.00 f
  RdEn (in)                                               0.03      20.03 f
  U0_RegFile/RdEn (RegFile)                               0.00      20.03 f
  U0_RegFile/U101/Y (NAND3X2M)                            0.09      20.12 r
  U0_RegFile/U100/Y (INVX2M)                              0.10      20.22 f
  U0_RegFile/RdData_reg[4]/E (EDFFHQX8M)                  0.00      20.22 f
  data arrival time                                                 20.22

  clock REG_CLK (rise edge)                               0.00       0.00
  clock network delay (ideal)                             0.00       0.00
  clock uncertainty                                       0.10       0.10
  U0_RegFile/RdData_reg[4]/CK (EDFFHQX8M)                 0.00       0.10 r
  library hold time                                      -0.29      -0.19
  data required time                                                -0.19
  --------------------------------------------------------------------------
  data required time                                                -0.19
  data arrival time                                                -20.22
  --------------------------------------------------------------------------
  slack (MET)                                                       20.41


  Startpoint: RdEn (input port clocked by REG_CLK)
  Endpoint: U0_RegFile/RdData_reg[3]
            (rising edge-triggered flip-flop clocked by REG_CLK)
  Path Group: INREG
  Path Type: min

  Point                                                   Incr       Path
  --------------------------------------------------------------------------
  clock REG_CLK (rise edge)                               0.00       0.00
  clock network delay (ideal)                             0.00       0.00
  input external delay                                   20.00      20.00 f
  RdEn (in)                                               0.03      20.03 f
  U0_RegFile/RdEn (RegFile)                               0.00      20.03 f
  U0_RegFile/U101/Y (NAND3X2M)                            0.09      20.12 r
  U0_RegFile/U100/Y (INVX2M)                              0.10      20.22 f
  U0_RegFile/RdData_reg[3]/E (EDFFHQX8M)                  0.00      20.22 f
  data arrival time                                                 20.22

  clock REG_CLK (rise edge)                               0.00       0.00
  clock network delay (ideal)                             0.00       0.00
  clock uncertainty                                       0.10       0.10
  U0_RegFile/RdData_reg[3]/CK (EDFFHQX8M)                 0.00       0.10 r
  library hold time                                      -0.29      -0.19
  data required time                                                -0.19
  --------------------------------------------------------------------------
  data required time                                                -0.19
  data arrival time                                                -20.22
  --------------------------------------------------------------------------
  slack (MET)                                                       20.41


  Startpoint: RdEn (input port clocked by REG_CLK)
  Endpoint: U0_RegFile/RdData_reg[2]
            (rising edge-triggered flip-flop clocked by REG_CLK)
  Path Group: INREG
  Path Type: min

  Point                                                   Incr       Path
  --------------------------------------------------------------------------
  clock REG_CLK (rise edge)                               0.00       0.00
  clock network delay (ideal)                             0.00       0.00
  input external delay                                   20.00      20.00 f
  RdEn (in)                                               0.03      20.03 f
  U0_RegFile/RdEn (RegFile)                               0.00      20.03 f
  U0_RegFile/U101/Y (NAND3X2M)                            0.09      20.12 r
  U0_RegFile/U100/Y (INVX2M)                              0.10      20.22 f
  U0_RegFile/RdData_reg[2]/E (EDFFHQX8M)                  0.00      20.22 f
  data arrival time                                                 20.22

  clock REG_CLK (rise edge)                               0.00       0.00
  clock network delay (ideal)                             0.00       0.00
  clock uncertainty                                       0.10       0.10
  U0_RegFile/RdData_reg[2]/CK (EDFFHQX8M)                 0.00       0.10 r
  library hold time                                      -0.29      -0.19
  data required time                                                -0.19
  --------------------------------------------------------------------------
  data required time                                                -0.19
  data arrival time                                                -20.22
  --------------------------------------------------------------------------
  slack (MET)                                                       20.41


  Startpoint: RdEn (input port clocked by REG_CLK)
  Endpoint: U0_RegFile/RdData_reg[1]
            (rising edge-triggered flip-flop clocked by REG_CLK)
  Path Group: INREG
  Path Type: min

  Point                                                   Incr       Path
  --------------------------------------------------------------------------
  clock REG_CLK (rise edge)                               0.00       0.00
  clock network delay (ideal)                             0.00       0.00
  input external delay                                   20.00      20.00 f
  RdEn (in)                                               0.03      20.03 f
  U0_RegFile/RdEn (RegFile)                               0.00      20.03 f
  U0_RegFile/U101/Y (NAND3X2M)                            0.09      20.12 r
  U0_RegFile/U100/Y (INVX2M)                              0.10      20.22 f
  U0_RegFile/RdData_reg[1]/E (EDFFHQX8M)                  0.00      20.22 f
  data arrival time                                                 20.22

  clock REG_CLK (rise edge)                               0.00       0.00
  clock network delay (ideal)                             0.00       0.00
  clock uncertainty                                       0.10       0.10
  U0_RegFile/RdData_reg[1]/CK (EDFFHQX8M)                 0.00       0.10 r
  library hold time                                      -0.29      -0.19
  data required time                                                -0.19
  --------------------------------------------------------------------------
  data required time                                                -0.19
  data arrival time                                                -20.22
  --------------------------------------------------------------------------
  slack (MET)                                                       20.41


  Startpoint: RdEn (input port clocked by REG_CLK)
  Endpoint: U0_RegFile/RdData_reg[0]
            (rising edge-triggered flip-flop clocked by REG_CLK)
  Path Group: INREG
  Path Type: min

  Point                                                   Incr       Path
  --------------------------------------------------------------------------
  clock REG_CLK (rise edge)                               0.00       0.00
  clock network delay (ideal)                             0.00       0.00
  input external delay                                   20.00      20.00 f
  RdEn (in)                                               0.03      20.03 f
  U0_RegFile/RdEn (RegFile)                               0.00      20.03 f
  U0_RegFile/U101/Y (NAND3X2M)                            0.09      20.12 r
  U0_RegFile/U100/Y (INVX2M)                              0.10      20.22 f
  U0_RegFile/RdData_reg[0]/E (EDFFHQX8M)                  0.00      20.22 f
  data arrival time                                                 20.22

  clock REG_CLK (rise edge)                               0.00       0.00
  clock network delay (ideal)                             0.00       0.00
  clock uncertainty                                       0.10       0.10
  U0_RegFile/RdData_reg[0]/CK (EDFFHQX8M)                 0.00       0.10 r
  library hold time                                      -0.29      -0.19
  data required time                                                -0.19
  --------------------------------------------------------------------------
  data required time                                                -0.19
  data arrival time                                                -20.22
  --------------------------------------------------------------------------
  slack (MET)                                                       20.41


  Startpoint: Address[0] (input port clocked by REG_CLK)
  Endpoint: U0_RegFile/RdData_reg[7]
            (rising edge-triggered flip-flop clocked by REG_CLK)
  Path Group: INREG
  Path Type: min

  Point                                                   Incr       Path
  --------------------------------------------------------------------------
  clock REG_CLK (rise edge)                               0.00       0.00
  clock network delay (ideal)                             0.00       0.00
  input external delay                                   20.00      20.00 f
  Address[0] (in)                                         0.01      20.01 f
  U0_RegFile/Address[0] (RegFile)                         0.00      20.01 f
  U0_RegFile/U189/Y (BUFX2M)                              0.23      20.24 f
  U0_RegFile/U277/Y (OAI22X1M)                            0.22      20.45 r
  U0_RegFile/RdData_reg[7]/D (EDFFHQX8M)                  0.00      20.45 r
  data arrival time                                                 20.45

  clock REG_CLK (rise edge)                               0.00       0.00
  clock network delay (ideal)                             0.00       0.00
  clock uncertainty                                       0.10       0.10
  U0_RegFile/RdData_reg[7]/CK (EDFFHQX8M)                 0.00       0.10 r
  library hold time                                      -0.11      -0.01
  data required time                                                -0.01
  --------------------------------------------------------------------------
  data required time                                                -0.01
  data arrival time                                                -20.45
  --------------------------------------------------------------------------
  slack (MET)                                                       20.46


  Startpoint: Address[0] (input port clocked by REG_CLK)
  Endpoint: U0_RegFile/RdData_reg[6]
            (rising edge-triggered flip-flop clocked by REG_CLK)
  Path Group: INREG
  Path Type: min

  Point                                                   Incr       Path
  --------------------------------------------------------------------------
  clock REG_CLK (rise edge)                               0.00       0.00
  clock network delay (ideal)                             0.00       0.00
  input external delay                                   20.00      20.00 f
  Address[0] (in)                                         0.01      20.01 f
  U0_RegFile/Address[0] (RegFile)                         0.00      20.01 f
  U0_RegFile/U189/Y (BUFX2M)                              0.23      20.24 f
  U0_RegFile/U274/Y (OAI22X1M)                            0.22      20.45 r
  U0_RegFile/RdData_reg[6]/D (EDFFHQX8M)                  0.00      20.45 r
  data arrival time                                                 20.45

  clock REG_CLK (rise edge)                               0.00       0.00
  clock network delay (ideal)                             0.00       0.00
  clock uncertainty                                       0.10       0.10
  U0_RegFile/RdData_reg[6]/CK (EDFFHQX8M)                 0.00       0.10 r
  library hold time                                      -0.11      -0.01
  data required time                                                -0.01
  --------------------------------------------------------------------------
  data required time                                                -0.01
  data arrival time                                                -20.45
  --------------------------------------------------------------------------
  slack (MET)                                                       20.46


  Startpoint: Address[0] (input port clocked by REG_CLK)
  Endpoint: U0_RegFile/RdData_reg[5]
            (rising edge-triggered flip-flop clocked by REG_CLK)
  Path Group: INREG
  Path Type: min

  Point                                                   Incr       Path
  --------------------------------------------------------------------------
  clock REG_CLK (rise edge)                               0.00       0.00
  clock network delay (ideal)                             0.00       0.00
  input external delay                                   20.00      20.00 f
  Address[0] (in)                                         0.01      20.01 f
  U0_RegFile/Address[0] (RegFile)                         0.00      20.01 f
  U0_RegFile/U189/Y (BUFX2M)                              0.23      20.24 f
  U0_RegFile/U271/Y (OAI22X1M)                            0.22      20.45 r
  U0_RegFile/RdData_reg[5]/D (EDFFHQX8M)                  0.00      20.45 r
  data arrival time                                                 20.45

  clock REG_CLK (rise edge)                               0.00       0.00
  clock network delay (ideal)                             0.00       0.00
  clock uncertainty                                       0.10       0.10
  U0_RegFile/RdData_reg[5]/CK (EDFFHQX8M)                 0.00       0.10 r
  library hold time                                      -0.11      -0.01
  data required time                                                -0.01
  --------------------------------------------------------------------------
  data required time                                                -0.01
  data arrival time                                                -20.45
  --------------------------------------------------------------------------
  slack (MET)                                                       20.46


  Startpoint: Address[0] (input port clocked by REG_CLK)
  Endpoint: U0_RegFile/RdData_reg[4]
            (rising edge-triggered flip-flop clocked by REG_CLK)
  Path Group: INREG
  Path Type: min

  Point                                                   Incr       Path
  --------------------------------------------------------------------------
  clock REG_CLK (rise edge)                               0.00       0.00
  clock network delay (ideal)                             0.00       0.00
  input external delay                                   20.00      20.00 f
  Address[0] (in)                                         0.01      20.01 f
  U0_RegFile/Address[0] (RegFile)                         0.00      20.01 f
  U0_RegFile/U189/Y (BUFX2M)                              0.23      20.24 f
  U0_RegFile/U268/Y (OAI22X1M)                            0.22      20.45 r
  U0_RegFile/RdData_reg[4]/D (EDFFHQX8M)                  0.00      20.45 r
  data arrival time                                                 20.45

  clock REG_CLK (rise edge)                               0.00       0.00
  clock network delay (ideal)                             0.00       0.00
  clock uncertainty                                       0.10       0.10
  U0_RegFile/RdData_reg[4]/CK (EDFFHQX8M)                 0.00       0.10 r
  library hold time                                      -0.11      -0.01
  data required time                                                -0.01
  --------------------------------------------------------------------------
  data required time                                                -0.01
  data arrival time                                                -20.45
  --------------------------------------------------------------------------
  slack (MET)                                                       20.46


  Startpoint: Address[0] (input port clocked by REG_CLK)
  Endpoint: U0_RegFile/RdData_reg[3]
            (rising edge-triggered flip-flop clocked by REG_CLK)
  Path Group: INREG
  Path Type: min

  Point                                                   Incr       Path
  --------------------------------------------------------------------------
  clock REG_CLK (rise edge)                               0.00       0.00
  clock network delay (ideal)                             0.00       0.00
  input external delay                                   20.00      20.00 f
  Address[0] (in)                                         0.01      20.01 f
  U0_RegFile/Address[0] (RegFile)                         0.00      20.01 f
  U0_RegFile/U189/Y (BUFX2M)                              0.23      20.24 f
  U0_RegFile/U265/Y (OAI22X1M)                            0.22      20.45 r
  U0_RegFile/RdData_reg[3]/D (EDFFHQX8M)                  0.00      20.45 r
  data arrival time                                                 20.45

  clock REG_CLK (rise edge)                               0.00       0.00
  clock network delay (ideal)                             0.00       0.00
  clock uncertainty                                       0.10       0.10
  U0_RegFile/RdData_reg[3]/CK (EDFFHQX8M)                 0.00       0.10 r
  library hold time                                      -0.11      -0.01
  data required time                                                -0.01
  --------------------------------------------------------------------------
  data required time                                                -0.01
  data arrival time                                                -20.45
  --------------------------------------------------------------------------
  slack (MET)                                                       20.46


  Startpoint: Address[0] (input port clocked by REG_CLK)
  Endpoint: U0_RegFile/RdData_reg[2]
            (rising edge-triggered flip-flop clocked by REG_CLK)
  Path Group: INREG
  Path Type: min

  Point                                                   Incr       Path
  --------------------------------------------------------------------------
  clock REG_CLK (rise edge)                               0.00       0.00
  clock network delay (ideal)                             0.00       0.00
  input external delay                                   20.00      20.00 f
  Address[0] (in)                                         0.01      20.01 f
  U0_RegFile/Address[0] (RegFile)                         0.00      20.01 f
  U0_RegFile/U189/Y (BUFX2M)                              0.23      20.24 f
  U0_RegFile/U262/Y (OAI22X1M)                            0.22      20.45 r
  U0_RegFile/RdData_reg[2]/D (EDFFHQX8M)                  0.00      20.45 r
  data arrival time                                                 20.45

  clock REG_CLK (rise edge)                               0.00       0.00
  clock network delay (ideal)                             0.00       0.00
  clock uncertainty                                       0.10       0.10
  U0_RegFile/RdData_reg[2]/CK (EDFFHQX8M)                 0.00       0.10 r
  library hold time                                      -0.11      -0.01
  data required time                                                -0.01
  --------------------------------------------------------------------------
  data required time                                                -0.01
  data arrival time                                                -20.45
  --------------------------------------------------------------------------
  slack (MET)                                                       20.46


  Startpoint: Address[0] (input port clocked by REG_CLK)
  Endpoint: U0_RegFile/RdData_reg[1]
            (rising edge-triggered flip-flop clocked by REG_CLK)
  Path Group: INREG
  Path Type: min

  Point                                                   Incr       Path
  --------------------------------------------------------------------------
  clock REG_CLK (rise edge)                               0.00       0.00
  clock network delay (ideal)                             0.00       0.00
  input external delay                                   20.00      20.00 f
  Address[0] (in)                                         0.01      20.01 f
  U0_RegFile/Address[0] (RegFile)                         0.00      20.01 f
  U0_RegFile/U189/Y (BUFX2M)                              0.23      20.24 f
  U0_RegFile/U259/Y (OAI22X1M)                            0.22      20.45 r
  U0_RegFile/RdData_reg[1]/D (EDFFHQX8M)                  0.00      20.45 r
  data arrival time                                                 20.45

  clock REG_CLK (rise edge)                               0.00       0.00
  clock network delay (ideal)                             0.00       0.00
  clock uncertainty                                       0.10       0.10
  U0_RegFile/RdData_reg[1]/CK (EDFFHQX8M)                 0.00       0.10 r
  library hold time                                      -0.11      -0.01
  data required time                                                -0.01
  --------------------------------------------------------------------------
  data required time                                                -0.01
  data arrival time                                                -20.45
  --------------------------------------------------------------------------
  slack (MET)                                                       20.46


  Startpoint: Address[0] (input port clocked by REG_CLK)
  Endpoint: U0_RegFile/RdData_reg[0]
            (rising edge-triggered flip-flop clocked by REG_CLK)
  Path Group: INREG
  Path Type: min

  Point                                                   Incr       Path
  --------------------------------------------------------------------------
  clock REG_CLK (rise edge)                               0.00       0.00
  clock network delay (ideal)                             0.00       0.00
  input external delay                                   20.00      20.00 f
  Address[0] (in)                                         0.01      20.01 f
  U0_RegFile/Address[0] (RegFile)                         0.00      20.01 f
  U0_RegFile/U189/Y (BUFX2M)                              0.23      20.24 f
  U0_RegFile/U256/Y (OAI22X1M)                            0.22      20.45 r
  U0_RegFile/RdData_reg[0]/D (EDFFHQX8M)                  0.00      20.45 r
  data arrival time                                                 20.45

  clock REG_CLK (rise edge)                               0.00       0.00
  clock network delay (ideal)                             0.00       0.00
  clock uncertainty                                       0.10       0.10
  U0_RegFile/RdData_reg[0]/CK (EDFFHQX8M)                 0.00       0.10 r
  library hold time                                      -0.11      -0.01
  data required time                                                -0.01
  --------------------------------------------------------------------------
  data required time                                                -0.01
  data arrival time                                                -20.45
  --------------------------------------------------------------------------
  slack (MET)                                                       20.46


  Startpoint: U0_ClkDiv/div_clk_reg
              (rising edge-triggered flip-flop clocked by MASTER_CLK)
  Endpoint: U0_ClkDiv/div_clk_reg
            (rising edge-triggered flip-flop clocked by MASTER_CLK)
  Path Group: MASTER_CLK
  Path Type: min

  Point                                    Incr       Path
  -----------------------------------------------------------
  clock MASTER_CLK (rise edge)             0.00       0.00
  clock network delay (ideal)              0.00       0.00
  U0_ClkDiv/div_clk_reg/CK (DFFRX1M)       0.00       0.00 r
  U0_ClkDiv/div_clk_reg/QN (DFFRX1M)       0.30       0.30 f
  U0_ClkDiv/div_clk_reg/D (DFFRX1M)        0.00       0.30 f
  data arrival time                                   0.30

  clock MASTER_CLK (rise edge)             0.00       0.00
  clock network delay (ideal)              0.00       0.00
  clock uncertainty                        0.10       0.10
  U0_ClkDiv/div_clk_reg/CK (DFFRX1M)       0.00       0.10 r
  library hold time                       -0.02       0.08
  data required time                                  0.08
  -----------------------------------------------------------
  data required time                                  0.08
  data arrival time                                  -0.30
  -----------------------------------------------------------
  slack (MET)                                         0.21


  Startpoint: U0_RegFile/regArr_reg[2][0]
              (rising edge-triggered flip-flop clocked by REG_CLK)
  Endpoint: U0_ClkDiv/i_clk_en_reg_reg
            (rising edge-triggered flip-flop clocked by MASTER_CLK)
  Path Group: MASTER_CLK
  Path Type: min

  Point                                                   Incr       Path
  --------------------------------------------------------------------------
  clock REG_CLK (rise edge)                               0.00       0.00
  clock network delay (ideal)                             0.00       0.00
  U0_RegFile/regArr_reg[2][0]/CK (DFFRX1M)                0.00       0.00 r
  U0_RegFile/regArr_reg[2][0]/Q (DFFRX1M)                 0.47       0.47 f
  U0_RegFile/REG2 (RegFile)                               0.00       0.47 f
  U0_ClkDiv/i_clk_en (ClkDiv)                             0.00       0.47 f
  U0_ClkDiv/i_clk_en_reg_reg/D (DFFRQX2M)                 0.00       0.47 f
  data arrival time                                                  0.47

  clock MASTER_CLK (rise edge)                            0.00       0.00
  clock network delay (ideal)                             0.00       0.00
  clock uncertainty                                       0.10       0.10
  U0_ClkDiv/i_clk_en_reg_reg/CK (DFFRQX2M)                0.00       0.10 r
  library hold time                                      -0.02       0.08
  data required time                                                 0.08
  --------------------------------------------------------------------------
  data required time                                                 0.08
  data arrival time                                                 -0.47
  --------------------------------------------------------------------------
  slack (MET)                                                        0.39


  Startpoint: U0_ALU/OUT_VALID_reg
              (rising edge-triggered flip-flop clocked by ALU_CLK)
  Endpoint: ALU_VLD (output port clocked by ALU_CLK)
  Path Group: REGOUT
  Path Type: min

  Point                                    Incr       Path
  -----------------------------------------------------------
  clock ALU_CLK (rise edge)                0.00       0.00
  clock network delay (ideal)              0.00       0.00
  U0_ALU/OUT_VALID_reg/CK (DFFRHQX8M)      0.00       0.00 r
  U0_ALU/OUT_VALID_reg/Q (DFFRHQX8M)       0.67       0.67 f
  U0_ALU/OUT_VALID (ALU)                   0.00       0.67 f
  ALU_VLD (out)                            0.00       0.67 f
  data arrival time                                   0.67

  clock ALU_CLK (rise edge)                0.00       0.00
  clock network delay (ideal)              0.00       0.00
  clock uncertainty                        0.10       0.10
  output external delay                  -10.00      -9.90
  data required time                                 -9.90
  -----------------------------------------------------------
  data required time                                 -9.90
  data arrival time                                  -0.67
  -----------------------------------------------------------
  slack (MET)                                        10.57


  Startpoint: U0_ALU/ALU_OUT_reg[7]
              (rising edge-triggered flip-flop clocked by ALU_CLK)
  Endpoint: ALU_OUT[7] (output port clocked by ALU_CLK)
  Path Group: REGOUT
  Path Type: min

  Point                                                   Incr       Path
  --------------------------------------------------------------------------
  clock ALU_CLK (rise edge)                               0.00       0.00
  clock network delay (ideal)                             0.00       0.00
  U0_ALU/ALU_OUT_reg[7]/CK (DFFRHQX8M)                    0.00       0.00 r
  U0_ALU/ALU_OUT_reg[7]/Q (DFFRHQX8M)                     0.67       0.67 f
  U0_ALU/ALU_OUT[7] (ALU)                                 0.00       0.67 f
  ALU_OUT[7] (out)                                        0.00       0.67 f
  data arrival time                                                  0.67

  clock ALU_CLK (rise edge)                               0.00       0.00
  clock network delay (ideal)                             0.00       0.00
  clock uncertainty                                       0.10       0.10
  output external delay                                 -10.00      -9.90
  data required time                                                -9.90
  --------------------------------------------------------------------------
  data required time                                                -9.90
  data arrival time                                                 -0.67
  --------------------------------------------------------------------------
  slack (MET)                                                       10.57


  Startpoint: U0_ALU/ALU_OUT_reg[6]
              (rising edge-triggered flip-flop clocked by ALU_CLK)
  Endpoint: ALU_OUT[6] (output port clocked by ALU_CLK)
  Path Group: REGOUT
  Path Type: min

  Point                                                   Incr       Path
  --------------------------------------------------------------------------
  clock ALU_CLK (rise edge)                               0.00       0.00
  clock network delay (ideal)                             0.00       0.00
  U0_ALU/ALU_OUT_reg[6]/CK (DFFRHQX8M)                    0.00       0.00 r
  U0_ALU/ALU_OUT_reg[6]/Q (DFFRHQX8M)                     0.67       0.67 f
  U0_ALU/ALU_OUT[6] (ALU)                                 0.00       0.67 f
  ALU_OUT[6] (out)                                        0.00       0.67 f
  data arrival time                                                  0.67

  clock ALU_CLK (rise edge)                               0.00       0.00
  clock network delay (ideal)                             0.00       0.00
  clock uncertainty                                       0.10       0.10
  output external delay                                 -10.00      -9.90
  data required time                                                -9.90
  --------------------------------------------------------------------------
  data required time                                                -9.90
  data arrival time                                                 -0.67
  --------------------------------------------------------------------------
  slack (MET)                                                       10.57


  Startpoint: U0_ALU/ALU_OUT_reg[5]
              (rising edge-triggered flip-flop clocked by ALU_CLK)
  Endpoint: ALU_OUT[5] (output port clocked by ALU_CLK)
  Path Group: REGOUT
  Path Type: min

  Point                                                   Incr       Path
  --------------------------------------------------------------------------
  clock ALU_CLK (rise edge)                               0.00       0.00
  clock network delay (ideal)                             0.00       0.00
  U0_ALU/ALU_OUT_reg[5]/CK (DFFRHQX8M)                    0.00       0.00 r
  U0_ALU/ALU_OUT_reg[5]/Q (DFFRHQX8M)                     0.67       0.67 f
  U0_ALU/ALU_OUT[5] (ALU)                                 0.00       0.67 f
  ALU_OUT[5] (out)                                        0.00       0.67 f
  data arrival time                                                  0.67

  clock ALU_CLK (rise edge)                               0.00       0.00
  clock network delay (ideal)                             0.00       0.00
  clock uncertainty                                       0.10       0.10
  output external delay                                 -10.00      -9.90
  data required time                                                -9.90
  --------------------------------------------------------------------------
  data required time                                                -9.90
  data arrival time                                                 -0.67
  --------------------------------------------------------------------------
  slack (MET)                                                       10.57


  Startpoint: U0_ALU/ALU_OUT_reg[4]
              (rising edge-triggered flip-flop clocked by ALU_CLK)
  Endpoint: ALU_OUT[4] (output port clocked by ALU_CLK)
  Path Group: REGOUT
  Path Type: min

  Point                                                   Incr       Path
  --------------------------------------------------------------------------
  clock ALU_CLK (rise edge)                               0.00       0.00
  clock network delay (ideal)                             0.00       0.00
  U0_ALU/ALU_OUT_reg[4]/CK (DFFRHQX8M)                    0.00       0.00 r
  U0_ALU/ALU_OUT_reg[4]/Q (DFFRHQX8M)                     0.67       0.67 f
  U0_ALU/ALU_OUT[4] (ALU)                                 0.00       0.67 f
  ALU_OUT[4] (out)                                        0.00       0.67 f
  data arrival time                                                  0.67

  clock ALU_CLK (rise edge)                               0.00       0.00
  clock network delay (ideal)                             0.00       0.00
  clock uncertainty                                       0.10       0.10
  output external delay                                 -10.00      -9.90
  data required time                                                -9.90
  --------------------------------------------------------------------------
  data required time                                                -9.90
  data arrival time                                                 -0.67
  --------------------------------------------------------------------------
  slack (MET)                                                       10.57


  Startpoint: U0_ALU/ALU_OUT_reg[3]
              (rising edge-triggered flip-flop clocked by ALU_CLK)
  Endpoint: ALU_OUT[3] (output port clocked by ALU_CLK)
  Path Group: REGOUT
  Path Type: min

  Point                                                   Incr       Path
  --------------------------------------------------------------------------
  clock ALU_CLK (rise edge)                               0.00       0.00
  clock network delay (ideal)                             0.00       0.00
  U0_ALU/ALU_OUT_reg[3]/CK (DFFRHQX8M)                    0.00       0.00 r
  U0_ALU/ALU_OUT_reg[3]/Q (DFFRHQX8M)                     0.67       0.67 f
  U0_ALU/ALU_OUT[3] (ALU)                                 0.00       0.67 f
  ALU_OUT[3] (out)                                        0.00       0.67 f
  data arrival time                                                  0.67

  clock ALU_CLK (rise edge)                               0.00       0.00
  clock network delay (ideal)                             0.00       0.00
  clock uncertainty                                       0.10       0.10
  output external delay                                 -10.00      -9.90
  data required time                                                -9.90
  --------------------------------------------------------------------------
  data required time                                                -9.90
  data arrival time                                                 -0.67
  --------------------------------------------------------------------------
  slack (MET)                                                       10.57


  Startpoint: U0_ALU/ALU_OUT_reg[2]
              (rising edge-triggered flip-flop clocked by ALU_CLK)
  Endpoint: ALU_OUT[2] (output port clocked by ALU_CLK)
  Path Group: REGOUT
  Path Type: min

  Point                                                   Incr       Path
  --------------------------------------------------------------------------
  clock ALU_CLK (rise edge)                               0.00       0.00
  clock network delay (ideal)                             0.00       0.00
  U0_ALU/ALU_OUT_reg[2]/CK (DFFRHQX8M)                    0.00       0.00 r
  U0_ALU/ALU_OUT_reg[2]/Q (DFFRHQX8M)                     0.67       0.67 f
  U0_ALU/ALU_OUT[2] (ALU)                                 0.00       0.67 f
  ALU_OUT[2] (out)                                        0.00       0.67 f
  data arrival time                                                  0.67

  clock ALU_CLK (rise edge)                               0.00       0.00
  clock network delay (ideal)                             0.00       0.00
  clock uncertainty                                       0.10       0.10
  output external delay                                 -10.00      -9.90
  data required time                                                -9.90
  --------------------------------------------------------------------------
  data required time                                                -9.90
  data arrival time                                                 -0.67
  --------------------------------------------------------------------------
  slack (MET)                                                       10.57


  Startpoint: U0_ALU/ALU_OUT_reg[1]
              (rising edge-triggered flip-flop clocked by ALU_CLK)
  Endpoint: ALU_OUT[1] (output port clocked by ALU_CLK)
  Path Group: REGOUT
  Path Type: min

  Point                                                   Incr       Path
  --------------------------------------------------------------------------
  clock ALU_CLK (rise edge)                               0.00       0.00
  clock network delay (ideal)                             0.00       0.00
  U0_ALU/ALU_OUT_reg[1]/CK (DFFRHQX8M)                    0.00       0.00 r
  U0_ALU/ALU_OUT_reg[1]/Q (DFFRHQX8M)                     0.67       0.67 f
  U0_ALU/ALU_OUT[1] (ALU)                                 0.00       0.67 f
  ALU_OUT[1] (out)                                        0.00       0.67 f
  data arrival time                                                  0.67

  clock ALU_CLK (rise edge)                               0.00       0.00
  clock network delay (ideal)                             0.00       0.00
  clock uncertainty                                       0.10       0.10
  output external delay                                 -10.00      -9.90
  data required time                                                -9.90
  --------------------------------------------------------------------------
  data required time                                                -9.90
  data arrival time                                                 -0.67
  --------------------------------------------------------------------------
  slack (MET)                                                       10.57


  Startpoint: U0_ALU/ALU_OUT_reg[0]
              (rising edge-triggered flip-flop clocked by ALU_CLK)
  Endpoint: ALU_OUT[0] (output port clocked by ALU_CLK)
  Path Group: REGOUT
  Path Type: min

  Point                                                   Incr       Path
  --------------------------------------------------------------------------
  clock ALU_CLK (rise edge)                               0.00       0.00
  clock network delay (ideal)                             0.00       0.00
  U0_ALU/ALU_OUT_reg[0]/CK (DFFRHQX8M)                    0.00       0.00 r
  U0_ALU/ALU_OUT_reg[0]/Q (DFFRHQX8M)                     0.67       0.67 f
  U0_ALU/ALU_OUT[0] (ALU)                                 0.00       0.67 f
  ALU_OUT[0] (out)                                        0.00       0.67 f
  data arrival time                                                  0.67

  clock ALU_CLK (rise edge)                               0.00       0.00
  clock network delay (ideal)                             0.00       0.00
  clock uncertainty                                       0.10       0.10
  output external delay                                 -10.00      -9.90
  data required time                                                -9.90
  --------------------------------------------------------------------------
  data required time                                                -9.90
  data arrival time                                                 -0.67
  --------------------------------------------------------------------------
  slack (MET)                                                       10.57


  Startpoint: U0_RegFile/RdData_reg[7]
              (rising edge-triggered flip-flop clocked by REG_CLK)
  Endpoint: RdData[7] (output port clocked by REG_CLK)
  Path Group: REGOUT
  Path Type: min

  Point                                                   Incr       Path
  --------------------------------------------------------------------------
  clock REG_CLK (rise edge)                               0.00       0.00
  clock network delay (ideal)                             0.00       0.00
  U0_RegFile/RdData_reg[7]/CK (EDFFHQX8M)                 0.00       0.00 r
  U0_RegFile/RdData_reg[7]/Q (EDFFHQX8M)                  0.69       0.69 f
  U0_RegFile/RdData[7] (RegFile)                          0.00       0.69 f
  RdData[7] (out)                                         0.00       0.69 f
  data arrival time                                                  0.69

  clock REG_CLK (rise edge)                               0.00       0.00
  clock network delay (ideal)                             0.00       0.00
  clock uncertainty                                       0.10       0.10
  output external delay                                 -20.00     -19.90
  data required time                                               -19.90
  --------------------------------------------------------------------------
  data required time                                               -19.90
  data arrival time                                                 -0.69
  --------------------------------------------------------------------------
  slack (MET)                                                       20.59


  Startpoint: U0_RegFile/RdData_reg[6]
              (rising edge-triggered flip-flop clocked by REG_CLK)
  Endpoint: RdData[6] (output port clocked by REG_CLK)
  Path Group: REGOUT
  Path Type: min

  Point                                                   Incr       Path
  --------------------------------------------------------------------------
  clock REG_CLK (rise edge)                               0.00       0.00
  clock network delay (ideal)                             0.00       0.00
  U0_RegFile/RdData_reg[6]/CK (EDFFHQX8M)                 0.00       0.00 r
  U0_RegFile/RdData_reg[6]/Q (EDFFHQX8M)                  0.69       0.69 f
  U0_RegFile/RdData[6] (RegFile)                          0.00       0.69 f
  RdData[6] (out)                                         0.00       0.69 f
  data arrival time                                                  0.69

  clock REG_CLK (rise edge)                               0.00       0.00
  clock network delay (ideal)                             0.00       0.00
  clock uncertainty                                       0.10       0.10
  output external delay                                 -20.00     -19.90
  data required time                                               -19.90
  --------------------------------------------------------------------------
  data required time                                               -19.90
  data arrival time                                                 -0.69
  --------------------------------------------------------------------------
  slack (MET)                                                       20.59


  Startpoint: U0_RegFile/RdData_reg[5]
              (rising edge-triggered flip-flop clocked by REG_CLK)
  Endpoint: RdData[5] (output port clocked by REG_CLK)
  Path Group: REGOUT
  Path Type: min

  Point                                                   Incr       Path
  --------------------------------------------------------------------------
  clock REG_CLK (rise edge)                               0.00       0.00
  clock network delay (ideal)                             0.00       0.00
  U0_RegFile/RdData_reg[5]/CK (EDFFHQX8M)                 0.00       0.00 r
  U0_RegFile/RdData_reg[5]/Q (EDFFHQX8M)                  0.69       0.69 f
  U0_RegFile/RdData[5] (RegFile)                          0.00       0.69 f
  RdData[5] (out)                                         0.00       0.69 f
  data arrival time                                                  0.69

  clock REG_CLK (rise edge)                               0.00       0.00
  clock network delay (ideal)                             0.00       0.00
  clock uncertainty                                       0.10       0.10
  output external delay                                 -20.00     -19.90
  data required time                                               -19.90
  --------------------------------------------------------------------------
  data required time                                               -19.90
  data arrival time                                                 -0.69
  --------------------------------------------------------------------------
  slack (MET)                                                       20.59


  Startpoint: U0_RegFile/RdData_reg[4]
              (rising edge-triggered flip-flop clocked by REG_CLK)
  Endpoint: RdData[4] (output port clocked by REG_CLK)
  Path Group: REGOUT
  Path Type: min

  Point                                                   Incr       Path
  --------------------------------------------------------------------------
  clock REG_CLK (rise edge)                               0.00       0.00
  clock network delay (ideal)                             0.00       0.00
  U0_RegFile/RdData_reg[4]/CK (EDFFHQX8M)                 0.00       0.00 r
  U0_RegFile/RdData_reg[4]/Q (EDFFHQX8M)                  0.69       0.69 f
  U0_RegFile/RdData[4] (RegFile)                          0.00       0.69 f
  RdData[4] (out)                                         0.00       0.69 f
  data arrival time                                                  0.69

  clock REG_CLK (rise edge)                               0.00       0.00
  clock network delay (ideal)                             0.00       0.00
  clock uncertainty                                       0.10       0.10
  output external delay                                 -20.00     -19.90
  data required time                                               -19.90
  --------------------------------------------------------------------------
  data required time                                               -19.90
  data arrival time                                                 -0.69
  --------------------------------------------------------------------------
  slack (MET)                                                       20.59


  Startpoint: U0_RegFile/RdData_reg[3]
              (rising edge-triggered flip-flop clocked by REG_CLK)
  Endpoint: RdData[3] (output port clocked by REG_CLK)
  Path Group: REGOUT
  Path Type: min

  Point                                                   Incr       Path
  --------------------------------------------------------------------------
  clock REG_CLK (rise edge)                               0.00       0.00
  clock network delay (ideal)                             0.00       0.00
  U0_RegFile/RdData_reg[3]/CK (EDFFHQX8M)                 0.00       0.00 r
  U0_RegFile/RdData_reg[3]/Q (EDFFHQX8M)                  0.69       0.69 f
  U0_RegFile/RdData[3] (RegFile)                          0.00       0.69 f
  RdData[3] (out)                                         0.00       0.69 f
  data arrival time                                                  0.69

  clock REG_CLK (rise edge)                               0.00       0.00
  clock network delay (ideal)                             0.00       0.00
  clock uncertainty                                       0.10       0.10
  output external delay                                 -20.00     -19.90
  data required time                                               -19.90
  --------------------------------------------------------------------------
  data required time                                               -19.90
  data arrival time                                                 -0.69
  --------------------------------------------------------------------------
  slack (MET)                                                       20.59


  Startpoint: U0_RegFile/RdData_reg[2]
              (rising edge-triggered flip-flop clocked by REG_CLK)
  Endpoint: RdData[2] (output port clocked by REG_CLK)
  Path Group: REGOUT
  Path Type: min

  Point                                                   Incr       Path
  --------------------------------------------------------------------------
  clock REG_CLK (rise edge)                               0.00       0.00
  clock network delay (ideal)                             0.00       0.00
  U0_RegFile/RdData_reg[2]/CK (EDFFHQX8M)                 0.00       0.00 r
  U0_RegFile/RdData_reg[2]/Q (EDFFHQX8M)                  0.69       0.69 f
  U0_RegFile/RdData[2] (RegFile)                          0.00       0.69 f
  RdData[2] (out)                                         0.00       0.69 f
  data arrival time                                                  0.69

  clock REG_CLK (rise edge)                               0.00       0.00
  clock network delay (ideal)                             0.00       0.00
  clock uncertainty                                       0.10       0.10
  output external delay                                 -20.00     -19.90
  data required time                                               -19.90
  --------------------------------------------------------------------------
  data required time                                               -19.90
  data arrival time                                                 -0.69
  --------------------------------------------------------------------------
  slack (MET)                                                       20.59


  Startpoint: U0_RegFile/RdData_reg[1]
              (rising edge-triggered flip-flop clocked by REG_CLK)
  Endpoint: RdData[1] (output port clocked by REG_CLK)
  Path Group: REGOUT
  Path Type: min

  Point                                                   Incr       Path
  --------------------------------------------------------------------------
  clock REG_CLK (rise edge)                               0.00       0.00
  clock network delay (ideal)                             0.00       0.00
  U0_RegFile/RdData_reg[1]/CK (EDFFHQX8M)                 0.00       0.00 r
  U0_RegFile/RdData_reg[1]/Q (EDFFHQX8M)                  0.69       0.69 f
  U0_RegFile/RdData[1] (RegFile)                          0.00       0.69 f
  RdData[1] (out)                                         0.00       0.69 f
  data arrival time                                                  0.69

  clock REG_CLK (rise edge)                               0.00       0.00
  clock network delay (ideal)                             0.00       0.00
  clock uncertainty                                       0.10       0.10
  output external delay                                 -20.00     -19.90
  data required time                                               -19.90
  --------------------------------------------------------------------------
  data required time                                               -19.90
  data arrival time                                                 -0.69
  --------------------------------------------------------------------------
  slack (MET)                                                       20.59


  Startpoint: U0_RegFile/RdData_reg[0]
              (rising edge-triggered flip-flop clocked by REG_CLK)
  Endpoint: RdData[0] (output port clocked by REG_CLK)
  Path Group: REGOUT
  Path Type: min

  Point                                                   Incr       Path
  --------------------------------------------------------------------------
  clock REG_CLK (rise edge)                               0.00       0.00
  clock network delay (ideal)                             0.00       0.00
  U0_RegFile/RdData_reg[0]/CK (EDFFHQX8M)                 0.00       0.00 r
  U0_RegFile/RdData_reg[0]/Q (EDFFHQX8M)                  0.69       0.69 f
  U0_RegFile/RdData[0] (RegFile)                          0.00       0.69 f
  RdData[0] (out)                                         0.00       0.69 f
  data arrival time                                                  0.69

  clock REG_CLK (rise edge)                               0.00       0.00
  clock network delay (ideal)                             0.00       0.00
  clock uncertainty                                       0.10       0.10
  output external delay                                 -20.00     -19.90
  data required time                                               -19.90
  --------------------------------------------------------------------------
  data required time                                               -19.90
  data arrival time                                                 -0.69
  --------------------------------------------------------------------------
  slack (MET)                                                       20.59


  Startpoint: U0_RegFile/regArr_reg[5][7]
              (rising edge-triggered flip-flop clocked by REG_CLK)
  Endpoint: U0_RegFile/regArr_reg[5][7]
            (rising edge-triggered flip-flop clocked by REG_CLK)
  Path Group: REG_CLK
  Path Type: min

  Point                                                   Incr       Path
  --------------------------------------------------------------------------
  clock REG_CLK (rise edge)                               0.00       0.00
  clock network delay (ideal)                             0.00       0.00
  U0_RegFile/regArr_reg[5][7]/CK (DFFRX1M)                0.00       0.00 r
  U0_RegFile/regArr_reg[5][7]/QN (DFFRX1M)                0.32       0.32 r
  U0_RegFile/U319/Y (OAI22X1M)                            0.06       0.37 f
  U0_RegFile/regArr_reg[5][7]/D (DFFRX1M)                 0.00       0.37 f
  data arrival time                                                  0.37

  clock REG_CLK (rise edge)                               0.00       0.00
  clock network delay (ideal)                             0.00       0.00
  clock uncertainty                                       0.10       0.10
  U0_RegFile/regArr_reg[5][7]/CK (DFFRX1M)                0.00       0.10 r
  library hold time                                      -0.02       0.08
  data required time                                                 0.08
  --------------------------------------------------------------------------
  data required time                                                 0.08
  data arrival time                                                 -0.37
  --------------------------------------------------------------------------
  slack (MET)                                                        0.29


  Startpoint: U0_RegFile/regArr_reg[5][6]
              (rising edge-triggered flip-flop clocked by REG_CLK)
  Endpoint: U0_RegFile/regArr_reg[5][6]
            (rising edge-triggered flip-flop clocked by REG_CLK)
  Path Group: REG_CLK
  Path Type: min

  Point                                                   Incr       Path
  --------------------------------------------------------------------------
  clock REG_CLK (rise edge)                               0.00       0.00
  clock network delay (ideal)                             0.00       0.00
  U0_RegFile/regArr_reg[5][6]/CK (DFFRX1M)                0.00       0.00 r
  U0_RegFile/regArr_reg[5][6]/QN (DFFRX1M)                0.32       0.32 r
  U0_RegFile/U318/Y (OAI22X1M)                            0.06       0.37 f
  U0_RegFile/regArr_reg[5][6]/D (DFFRX1M)                 0.00       0.37 f
  data arrival time                                                  0.37

  clock REG_CLK (rise edge)                               0.00       0.00
  clock network delay (ideal)                             0.00       0.00
  clock uncertainty                                       0.10       0.10
  U0_RegFile/regArr_reg[5][6]/CK (DFFRX1M)                0.00       0.10 r
  library hold time                                      -0.02       0.08
  data required time                                                 0.08
  --------------------------------------------------------------------------
  data required time                                                 0.08
  data arrival time                                                 -0.37
  --------------------------------------------------------------------------
  slack (MET)                                                        0.29


  Startpoint: U0_RegFile/regArr_reg[5][5]
              (rising edge-triggered flip-flop clocked by REG_CLK)
  Endpoint: U0_RegFile/regArr_reg[5][5]
            (rising edge-triggered flip-flop clocked by REG_CLK)
  Path Group: REG_CLK
  Path Type: min

  Point                                                   Incr       Path
  --------------------------------------------------------------------------
  clock REG_CLK (rise edge)                               0.00       0.00
  clock network delay (ideal)                             0.00       0.00
  U0_RegFile/regArr_reg[5][5]/CK (DFFRX1M)                0.00       0.00 r
  U0_RegFile/regArr_reg[5][5]/QN (DFFRX1M)                0.32       0.32 r
  U0_RegFile/U317/Y (OAI22X1M)                            0.06       0.37 f
  U0_RegFile/regArr_reg[5][5]/D (DFFRX1M)                 0.00       0.37 f
  data arrival time                                                  0.37

  clock REG_CLK (rise edge)                               0.00       0.00
  clock network delay (ideal)                             0.00       0.00
  clock uncertainty                                       0.10       0.10
  U0_RegFile/regArr_reg[5][5]/CK (DFFRX1M)                0.00       0.10 r
  library hold time                                      -0.02       0.08
  data required time                                                 0.08
  --------------------------------------------------------------------------
  data required time                                                 0.08
  data arrival time                                                 -0.37
  --------------------------------------------------------------------------
  slack (MET)                                                        0.29


  Startpoint: U0_RegFile/regArr_reg[5][4]
              (rising edge-triggered flip-flop clocked by REG_CLK)
  Endpoint: U0_RegFile/regArr_reg[5][4]
            (rising edge-triggered flip-flop clocked by REG_CLK)
  Path Group: REG_CLK
  Path Type: min

  Point                                                   Incr       Path
  --------------------------------------------------------------------------
  clock REG_CLK (rise edge)                               0.00       0.00
  clock network delay (ideal)                             0.00       0.00
  U0_RegFile/regArr_reg[5][4]/CK (DFFRX1M)                0.00       0.00 r
  U0_RegFile/regArr_reg[5][4]/QN (DFFRX1M)                0.32       0.32 r
  U0_RegFile/U316/Y (OAI22X1M)                            0.06       0.37 f
  U0_RegFile/regArr_reg[5][4]/D (DFFRX1M)                 0.00       0.37 f
  data arrival time                                                  0.37

  clock REG_CLK (rise edge)                               0.00       0.00
  clock network delay (ideal)                             0.00       0.00
  clock uncertainty                                       0.10       0.10
  U0_RegFile/regArr_reg[5][4]/CK (DFFRX1M)                0.00       0.10 r
  library hold time                                      -0.02       0.08
  data required time                                                 0.08
  --------------------------------------------------------------------------
  data required time                                                 0.08
  data arrival time                                                 -0.37
  --------------------------------------------------------------------------
  slack (MET)                                                        0.29


  Startpoint: U0_RegFile/regArr_reg[5][3]
              (rising edge-triggered flip-flop clocked by REG_CLK)
  Endpoint: U0_RegFile/regArr_reg[5][3]
            (rising edge-triggered flip-flop clocked by REG_CLK)
  Path Group: REG_CLK
  Path Type: min

  Point                                                   Incr       Path
  --------------------------------------------------------------------------
  clock REG_CLK (rise edge)                               0.00       0.00
  clock network delay (ideal)                             0.00       0.00
  U0_RegFile/regArr_reg[5][3]/CK (DFFRX1M)                0.00       0.00 r
  U0_RegFile/regArr_reg[5][3]/QN (DFFRX1M)                0.32       0.32 r
  U0_RegFile/U315/Y (OAI22X1M)                            0.06       0.37 f
  U0_RegFile/regArr_reg[5][3]/D (DFFRX1M)                 0.00       0.37 f
  data arrival time                                                  0.37

  clock REG_CLK (rise edge)                               0.00       0.00
  clock network delay (ideal)                             0.00       0.00
  clock uncertainty                                       0.10       0.10
  U0_RegFile/regArr_reg[5][3]/CK (DFFRX1M)                0.00       0.10 r
  library hold time                                      -0.02       0.08
  data required time                                                 0.08
  --------------------------------------------------------------------------
  data required time                                                 0.08
  data arrival time                                                 -0.37
  --------------------------------------------------------------------------
  slack (MET)                                                        0.29


  Startpoint: U0_RegFile/regArr_reg[5][2]
              (rising edge-triggered flip-flop clocked by REG_CLK)
  Endpoint: U0_RegFile/regArr_reg[5][2]
            (rising edge-triggered flip-flop clocked by REG_CLK)
  Path Group: REG_CLK
  Path Type: min

  Point                                                   Incr       Path
  --------------------------------------------------------------------------
  clock REG_CLK (rise edge)                               0.00       0.00
  clock network delay (ideal)                             0.00       0.00
  U0_RegFile/regArr_reg[5][2]/CK (DFFRX1M)                0.00       0.00 r
  U0_RegFile/regArr_reg[5][2]/QN (DFFRX1M)                0.32       0.32 r
  U0_RegFile/U314/Y (OAI22X1M)                            0.06       0.37 f
  U0_RegFile/regArr_reg[5][2]/D (DFFRX1M)                 0.00       0.37 f
  data arrival time                                                  0.37

  clock REG_CLK (rise edge)                               0.00       0.00
  clock network delay (ideal)                             0.00       0.00
  clock uncertainty                                       0.10       0.10
  U0_RegFile/regArr_reg[5][2]/CK (DFFRX1M)                0.00       0.10 r
  library hold time                                      -0.02       0.08
  data required time                                                 0.08
  --------------------------------------------------------------------------
  data required time                                                 0.08
  data arrival time                                                 -0.37
  --------------------------------------------------------------------------
  slack (MET)                                                        0.29


  Startpoint: U0_RegFile/regArr_reg[5][1]
              (rising edge-triggered flip-flop clocked by REG_CLK)
  Endpoint: U0_RegFile/regArr_reg[5][1]
            (rising edge-triggered flip-flop clocked by REG_CLK)
  Path Group: REG_CLK
  Path Type: min

  Point                                                   Incr       Path
  --------------------------------------------------------------------------
  clock REG_CLK (rise edge)                               0.00       0.00
  clock network delay (ideal)                             0.00       0.00
  U0_RegFile/regArr_reg[5][1]/CK (DFFRX1M)                0.00       0.00 r
  U0_RegFile/regArr_reg[5][1]/QN (DFFRX1M)                0.32       0.32 r
  U0_RegFile/U313/Y (OAI22X1M)                            0.06       0.37 f
  U0_RegFile/regArr_reg[5][1]/D (DFFRX1M)                 0.00       0.37 f
  data arrival time                                                  0.37

  clock REG_CLK (rise edge)                               0.00       0.00
  clock network delay (ideal)                             0.00       0.00
  clock uncertainty                                       0.10       0.10
  U0_RegFile/regArr_reg[5][1]/CK (DFFRX1M)                0.00       0.10 r
  library hold time                                      -0.02       0.08
  data required time                                                 0.08
  --------------------------------------------------------------------------
  data required time                                                 0.08
  data arrival time                                                 -0.37
  --------------------------------------------------------------------------
  slack (MET)                                                        0.29


  Startpoint: U0_RegFile/regArr_reg[5][0]
              (rising edge-triggered flip-flop clocked by REG_CLK)
  Endpoint: U0_RegFile/regArr_reg[5][0]
            (rising edge-triggered flip-flop clocked by REG_CLK)
  Path Group: REG_CLK
  Path Type: min

  Point                                                   Incr       Path
  --------------------------------------------------------------------------
  clock REG_CLK (rise edge)                               0.00       0.00
  clock network delay (ideal)                             0.00       0.00
  U0_RegFile/regArr_reg[5][0]/CK (DFFRX1M)                0.00       0.00 r
  U0_RegFile/regArr_reg[5][0]/QN (DFFRX1M)                0.32       0.32 r
  U0_RegFile/U312/Y (OAI22X1M)                            0.06       0.37 f
  U0_RegFile/regArr_reg[5][0]/D (DFFRX1M)                 0.00       0.37 f
  data arrival time                                                  0.37

  clock REG_CLK (rise edge)                               0.00       0.00
  clock network delay (ideal)                             0.00       0.00
  clock uncertainty                                       0.10       0.10
  U0_RegFile/regArr_reg[5][0]/CK (DFFRX1M)                0.00       0.10 r
  library hold time                                      -0.02       0.08
  data required time                                                 0.08
  --------------------------------------------------------------------------
  data required time                                                 0.08
  data arrival time                                                 -0.37
  --------------------------------------------------------------------------
  slack (MET)                                                        0.29


  Startpoint: U0_RegFile/regArr_reg[7][7]
              (rising edge-triggered flip-flop clocked by REG_CLK)
  Endpoint: U0_RegFile/regArr_reg[7][7]
            (rising edge-triggered flip-flop clocked by REG_CLK)
  Path Group: REG_CLK
  Path Type: min

  Point                                                   Incr       Path
  --------------------------------------------------------------------------
  clock REG_CLK (rise edge)                               0.00       0.00
  clock network delay (ideal)                             0.00       0.00
  U0_RegFile/regArr_reg[7][7]/CK (DFFRX1M)                0.00       0.00 r
  U0_RegFile/regArr_reg[7][7]/QN (DFFRX1M)                0.32       0.32 r
  U0_RegFile/U327/Y (OAI22X1M)                            0.06       0.37 f
  U0_RegFile/regArr_reg[7][7]/D (DFFRX1M)                 0.00       0.37 f
  data arrival time                                                  0.37

  clock REG_CLK (rise edge)                               0.00       0.00
  clock network delay (ideal)                             0.00       0.00
  clock uncertainty                                       0.10       0.10
  U0_RegFile/regArr_reg[7][7]/CK (DFFRX1M)                0.00       0.10 r
  library hold time                                      -0.02       0.08
  data required time                                                 0.08
  --------------------------------------------------------------------------
  data required time                                                 0.08
  data arrival time                                                 -0.37
  --------------------------------------------------------------------------
  slack (MET)                                                        0.29


  Startpoint: U0_RegFile/regArr_reg[7][6]
              (rising edge-triggered flip-flop clocked by REG_CLK)
  Endpoint: U0_RegFile/regArr_reg[7][6]
            (rising edge-triggered flip-flop clocked by REG_CLK)
  Path Group: REG_CLK
  Path Type: min

  Point                                                   Incr       Path
  --------------------------------------------------------------------------
  clock REG_CLK (rise edge)                               0.00       0.00
  clock network delay (ideal)                             0.00       0.00
  U0_RegFile/regArr_reg[7][6]/CK (DFFRX1M)                0.00       0.00 r
  U0_RegFile/regArr_reg[7][6]/QN (DFFRX1M)                0.32       0.32 r
  U0_RegFile/U326/Y (OAI22X1M)                            0.06       0.37 f
  U0_RegFile/regArr_reg[7][6]/D (DFFRX1M)                 0.00       0.37 f
  data arrival time                                                  0.37

  clock REG_CLK (rise edge)                               0.00       0.00
  clock network delay (ideal)                             0.00       0.00
  clock uncertainty                                       0.10       0.10
  U0_RegFile/regArr_reg[7][6]/CK (DFFRX1M)                0.00       0.10 r
  library hold time                                      -0.02       0.08
  data required time                                                 0.08
  --------------------------------------------------------------------------
  data required time                                                 0.08
  data arrival time                                                 -0.37
  --------------------------------------------------------------------------
  slack (MET)                                                        0.29


  Startpoint: U0_RegFile/regArr_reg[7][5]
              (rising edge-triggered flip-flop clocked by REG_CLK)
  Endpoint: U0_RegFile/regArr_reg[7][5]
            (rising edge-triggered flip-flop clocked by REG_CLK)
  Path Group: REG_CLK
  Path Type: min

  Point                                                   Incr       Path
  --------------------------------------------------------------------------
  clock REG_CLK (rise edge)                               0.00       0.00
  clock network delay (ideal)                             0.00       0.00
  U0_RegFile/regArr_reg[7][5]/CK (DFFRX1M)                0.00       0.00 r
  U0_RegFile/regArr_reg[7][5]/QN (DFFRX1M)                0.32       0.32 r
  U0_RegFile/U325/Y (OAI22X1M)                            0.06       0.37 f
  U0_RegFile/regArr_reg[7][5]/D (DFFRX1M)                 0.00       0.37 f
  data arrival time                                                  0.37

  clock REG_CLK (rise edge)                               0.00       0.00
  clock network delay (ideal)                             0.00       0.00
  clock uncertainty                                       0.10       0.10
  U0_RegFile/regArr_reg[7][5]/CK (DFFRX1M)                0.00       0.10 r
  library hold time                                      -0.02       0.08
  data required time                                                 0.08
  --------------------------------------------------------------------------
  data required time                                                 0.08
  data arrival time                                                 -0.37
  --------------------------------------------------------------------------
  slack (MET)                                                        0.29


  Startpoint: U0_RegFile/regArr_reg[7][4]
              (rising edge-triggered flip-flop clocked by REG_CLK)
  Endpoint: U0_RegFile/regArr_reg[7][4]
            (rising edge-triggered flip-flop clocked by REG_CLK)
  Path Group: REG_CLK
  Path Type: min

  Point                                                   Incr       Path
  --------------------------------------------------------------------------
  clock REG_CLK (rise edge)                               0.00       0.00
  clock network delay (ideal)                             0.00       0.00
  U0_RegFile/regArr_reg[7][4]/CK (DFFRX1M)                0.00       0.00 r
  U0_RegFile/regArr_reg[7][4]/QN (DFFRX1M)                0.32       0.32 r
  U0_RegFile/U324/Y (OAI22X1M)                            0.06       0.37 f
  U0_RegFile/regArr_reg[7][4]/D (DFFRX1M)                 0.00       0.37 f
  data arrival time                                                  0.37

  clock REG_CLK (rise edge)                               0.00       0.00
  clock network delay (ideal)                             0.00       0.00
  clock uncertainty                                       0.10       0.10
  U0_RegFile/regArr_reg[7][4]/CK (DFFRX1M)                0.00       0.10 r
  library hold time                                      -0.02       0.08
  data required time                                                 0.08
  --------------------------------------------------------------------------
  data required time                                                 0.08
  data arrival time                                                 -0.37
  --------------------------------------------------------------------------
  slack (MET)                                                        0.29


  Startpoint: U0_RegFile/regArr_reg[7][3]
              (rising edge-triggered flip-flop clocked by REG_CLK)
  Endpoint: U0_RegFile/regArr_reg[7][3]
            (rising edge-triggered flip-flop clocked by REG_CLK)
  Path Group: REG_CLK
  Path Type: min

  Point                                                   Incr       Path
  --------------------------------------------------------------------------
  clock REG_CLK (rise edge)                               0.00       0.00
  clock network delay (ideal)                             0.00       0.00
  U0_RegFile/regArr_reg[7][3]/CK (DFFRX1M)                0.00       0.00 r
  U0_RegFile/regArr_reg[7][3]/QN (DFFRX1M)                0.32       0.32 r
  U0_RegFile/U323/Y (OAI22X1M)                            0.06       0.37 f
  U0_RegFile/regArr_reg[7][3]/D (DFFRX1M)                 0.00       0.37 f
  data arrival time                                                  0.37

  clock REG_CLK (rise edge)                               0.00       0.00
  clock network delay (ideal)                             0.00       0.00
  clock uncertainty                                       0.10       0.10
  U0_RegFile/regArr_reg[7][3]/CK (DFFRX1M)                0.00       0.10 r
  library hold time                                      -0.02       0.08
  data required time                                                 0.08
  --------------------------------------------------------------------------
  data required time                                                 0.08
  data arrival time                                                 -0.37
  --------------------------------------------------------------------------
  slack (MET)                                                        0.29


  Startpoint: U0_RegFile/regArr_reg[7][2]
              (rising edge-triggered flip-flop clocked by REG_CLK)
  Endpoint: U0_RegFile/regArr_reg[7][2]
            (rising edge-triggered flip-flop clocked by REG_CLK)
  Path Group: REG_CLK
  Path Type: min

  Point                                                   Incr       Path
  --------------------------------------------------------------------------
  clock REG_CLK (rise edge)                               0.00       0.00
  clock network delay (ideal)                             0.00       0.00
  U0_RegFile/regArr_reg[7][2]/CK (DFFRX1M)                0.00       0.00 r
  U0_RegFile/regArr_reg[7][2]/QN (DFFRX1M)                0.32       0.32 r
  U0_RegFile/U322/Y (OAI22X1M)                            0.06       0.37 f
  U0_RegFile/regArr_reg[7][2]/D (DFFRX1M)                 0.00       0.37 f
  data arrival time                                                  0.37

  clock REG_CLK (rise edge)                               0.00       0.00
  clock network delay (ideal)                             0.00       0.00
  clock uncertainty                                       0.10       0.10
  U0_RegFile/regArr_reg[7][2]/CK (DFFRX1M)                0.00       0.10 r
  library hold time                                      -0.02       0.08
  data required time                                                 0.08
  --------------------------------------------------------------------------
  data required time                                                 0.08
  data arrival time                                                 -0.37
  --------------------------------------------------------------------------
  slack (MET)                                                        0.29


  Startpoint: U0_RegFile/regArr_reg[7][1]
              (rising edge-triggered flip-flop clocked by REG_CLK)
  Endpoint: U0_RegFile/regArr_reg[7][1]
            (rising edge-triggered flip-flop clocked by REG_CLK)
  Path Group: REG_CLK
  Path Type: min

  Point                                                   Incr       Path
  --------------------------------------------------------------------------
  clock REG_CLK (rise edge)                               0.00       0.00
  clock network delay (ideal)                             0.00       0.00
  U0_RegFile/regArr_reg[7][1]/CK (DFFRX1M)                0.00       0.00 r
  U0_RegFile/regArr_reg[7][1]/QN (DFFRX1M)                0.32       0.32 r
  U0_RegFile/U321/Y (OAI22X1M)                            0.06       0.37 f
  U0_RegFile/regArr_reg[7][1]/D (DFFRX1M)                 0.00       0.37 f
  data arrival time                                                  0.37

  clock REG_CLK (rise edge)                               0.00       0.00
  clock network delay (ideal)                             0.00       0.00
  clock uncertainty                                       0.10       0.10
  U0_RegFile/regArr_reg[7][1]/CK (DFFRX1M)                0.00       0.10 r
  library hold time                                      -0.02       0.08
  data required time                                                 0.08
  --------------------------------------------------------------------------
  data required time                                                 0.08
  data arrival time                                                 -0.37
  --------------------------------------------------------------------------
  slack (MET)                                                        0.29


  Startpoint: U0_RegFile/regArr_reg[7][0]
              (rising edge-triggered flip-flop clocked by REG_CLK)
  Endpoint: U0_RegFile/regArr_reg[7][0]
            (rising edge-triggered flip-flop clocked by REG_CLK)
  Path Group: REG_CLK
  Path Type: min

  Point                                                   Incr       Path
  --------------------------------------------------------------------------
  clock REG_CLK (rise edge)                               0.00       0.00
  clock network delay (ideal)                             0.00       0.00
  U0_RegFile/regArr_reg[7][0]/CK (DFFRX1M)                0.00       0.00 r
  U0_RegFile/regArr_reg[7][0]/QN (DFFRX1M)                0.32       0.32 r
  U0_RegFile/U320/Y (OAI22X1M)                            0.06       0.37 f
  U0_RegFile/regArr_reg[7][0]/D (DFFRX1M)                 0.00       0.37 f
  data arrival time                                                  0.37

  clock REG_CLK (rise edge)                               0.00       0.00
  clock network delay (ideal)                             0.00       0.00
  clock uncertainty                                       0.10       0.10
  U0_RegFile/regArr_reg[7][0]/CK (DFFRX1M)                0.00       0.10 r
  library hold time                                      -0.02       0.08
  data required time                                                 0.08
  --------------------------------------------------------------------------
  data required time                                                 0.08
  data arrival time                                                 -0.37
  --------------------------------------------------------------------------
  slack (MET)                                                        0.29


  Startpoint: U0_RegFile/regArr_reg[4][7]
              (rising edge-triggered flip-flop clocked by REG_CLK)
  Endpoint: U0_RegFile/regArr_reg[4][7]
            (rising edge-triggered flip-flop clocked by REG_CLK)
  Path Group: REG_CLK
  Path Type: min

  Point                                                   Incr       Path
  --------------------------------------------------------------------------
  clock REG_CLK (rise edge)                               0.00       0.00
  clock network delay (ideal)                             0.00       0.00
  U0_RegFile/regArr_reg[4][7]/CK (DFFRX1M)                0.00       0.00 r
  U0_RegFile/regArr_reg[4][7]/QN (DFFRX1M)                0.32       0.32 r
  U0_RegFile/U294/Y (OAI22X1M)                            0.06       0.37 f
  U0_RegFile/regArr_reg[4][7]/D (DFFRX1M)                 0.00       0.37 f
  data arrival time                                                  0.37

  clock REG_CLK (rise edge)                               0.00       0.00
  clock network delay (ideal)                             0.00       0.00
  clock uncertainty                                       0.10       0.10
  U0_RegFile/regArr_reg[4][7]/CK (DFFRX1M)                0.00       0.10 r
  library hold time                                      -0.02       0.08
  data required time                                                 0.08
  --------------------------------------------------------------------------
  data required time                                                 0.08
  data arrival time                                                 -0.37
  --------------------------------------------------------------------------
  slack (MET)                                                        0.29


  Startpoint: U0_RegFile/regArr_reg[4][6]
              (rising edge-triggered flip-flop clocked by REG_CLK)
  Endpoint: U0_RegFile/regArr_reg[4][6]
            (rising edge-triggered flip-flop clocked by REG_CLK)
  Path Group: REG_CLK
  Path Type: min

  Point                                                   Incr       Path
  --------------------------------------------------------------------------
  clock REG_CLK (rise edge)                               0.00       0.00
  clock network delay (ideal)                             0.00       0.00
  U0_RegFile/regArr_reg[4][6]/CK (DFFRX1M)                0.00       0.00 r
  U0_RegFile/regArr_reg[4][6]/QN (DFFRX1M)                0.32       0.32 r
  U0_RegFile/U293/Y (OAI22X1M)                            0.06       0.37 f
  U0_RegFile/regArr_reg[4][6]/D (DFFRX1M)                 0.00       0.37 f
  data arrival time                                                  0.37

  clock REG_CLK (rise edge)                               0.00       0.00
  clock network delay (ideal)                             0.00       0.00
  clock uncertainty                                       0.10       0.10
  U0_RegFile/regArr_reg[4][6]/CK (DFFRX1M)                0.00       0.10 r
  library hold time                                      -0.02       0.08
  data required time                                                 0.08
  --------------------------------------------------------------------------
  data required time                                                 0.08
  data arrival time                                                 -0.37
  --------------------------------------------------------------------------
  slack (MET)                                                        0.29


  Startpoint: U0_RegFile/regArr_reg[4][5]
              (rising edge-triggered flip-flop clocked by REG_CLK)
  Endpoint: U0_RegFile/regArr_reg[4][5]
            (rising edge-triggered flip-flop clocked by REG_CLK)
  Path Group: REG_CLK
  Path Type: min

  Point                                                   Incr       Path
  --------------------------------------------------------------------------
  clock REG_CLK (rise edge)                               0.00       0.00
  clock network delay (ideal)                             0.00       0.00
  U0_RegFile/regArr_reg[4][5]/CK (DFFRX1M)                0.00       0.00 r
  U0_RegFile/regArr_reg[4][5]/QN (DFFRX1M)                0.32       0.32 r
  U0_RegFile/U292/Y (OAI22X1M)                            0.06       0.37 f
  U0_RegFile/regArr_reg[4][5]/D (DFFRX1M)                 0.00       0.37 f
  data arrival time                                                  0.37

  clock REG_CLK (rise edge)                               0.00       0.00
  clock network delay (ideal)                             0.00       0.00
  clock uncertainty                                       0.10       0.10
  U0_RegFile/regArr_reg[4][5]/CK (DFFRX1M)                0.00       0.10 r
  library hold time                                      -0.02       0.08
  data required time                                                 0.08
  --------------------------------------------------------------------------
  data required time                                                 0.08
  data arrival time                                                 -0.37
  --------------------------------------------------------------------------
  slack (MET)                                                        0.29


  Startpoint: U0_RegFile/regArr_reg[4][4]
              (rising edge-triggered flip-flop clocked by REG_CLK)
  Endpoint: U0_RegFile/regArr_reg[4][4]
            (rising edge-triggered flip-flop clocked by REG_CLK)
  Path Group: REG_CLK
  Path Type: min

  Point                                                   Incr       Path
  --------------------------------------------------------------------------
  clock REG_CLK (rise edge)                               0.00       0.00
  clock network delay (ideal)                             0.00       0.00
  U0_RegFile/regArr_reg[4][4]/CK (DFFRX1M)                0.00       0.00 r
  U0_RegFile/regArr_reg[4][4]/QN (DFFRX1M)                0.32       0.32 r
  U0_RegFile/U291/Y (OAI22X1M)                            0.06       0.37 f
  U0_RegFile/regArr_reg[4][4]/D (DFFRX1M)                 0.00       0.37 f
  data arrival time                                                  0.37

  clock REG_CLK (rise edge)                               0.00       0.00
  clock network delay (ideal)                             0.00       0.00
  clock uncertainty                                       0.10       0.10
  U0_RegFile/regArr_reg[4][4]/CK (DFFRX1M)                0.00       0.10 r
  library hold time                                      -0.02       0.08
  data required time                                                 0.08
  --------------------------------------------------------------------------
  data required time                                                 0.08
  data arrival time                                                 -0.37
  --------------------------------------------------------------------------
  slack (MET)                                                        0.29


  Startpoint: U0_RegFile/regArr_reg[4][3]
              (rising edge-triggered flip-flop clocked by REG_CLK)
  Endpoint: U0_RegFile/regArr_reg[4][3]
            (rising edge-triggered flip-flop clocked by REG_CLK)
  Path Group: REG_CLK
  Path Type: min

  Point                                                   Incr       Path
  --------------------------------------------------------------------------
  clock REG_CLK (rise edge)                               0.00       0.00
  clock network delay (ideal)                             0.00       0.00
  U0_RegFile/regArr_reg[4][3]/CK (DFFRX1M)                0.00       0.00 r
  U0_RegFile/regArr_reg[4][3]/QN (DFFRX1M)                0.32       0.32 r
  U0_RegFile/U290/Y (OAI22X1M)                            0.06       0.37 f
  U0_RegFile/regArr_reg[4][3]/D (DFFRX1M)                 0.00       0.37 f
  data arrival time                                                  0.37

  clock REG_CLK (rise edge)                               0.00       0.00
  clock network delay (ideal)                             0.00       0.00
  clock uncertainty                                       0.10       0.10
  U0_RegFile/regArr_reg[4][3]/CK (DFFRX1M)                0.00       0.10 r
  library hold time                                      -0.02       0.08
  data required time                                                 0.08
  --------------------------------------------------------------------------
  data required time                                                 0.08
  data arrival time                                                 -0.37
  --------------------------------------------------------------------------
  slack (MET)                                                        0.29


  Startpoint: U0_RegFile/regArr_reg[4][2]
              (rising edge-triggered flip-flop clocked by REG_CLK)
  Endpoint: U0_RegFile/regArr_reg[4][2]
            (rising edge-triggered flip-flop clocked by REG_CLK)
  Path Group: REG_CLK
  Path Type: min

  Point                                                   Incr       Path
  --------------------------------------------------------------------------
  clock REG_CLK (rise edge)                               0.00       0.00
  clock network delay (ideal)                             0.00       0.00
  U0_RegFile/regArr_reg[4][2]/CK (DFFRX1M)                0.00       0.00 r
  U0_RegFile/regArr_reg[4][2]/QN (DFFRX1M)                0.32       0.32 r
  U0_RegFile/U289/Y (OAI22X1M)                            0.06       0.37 f
  U0_RegFile/regArr_reg[4][2]/D (DFFRX1M)                 0.00       0.37 f
  data arrival time                                                  0.37

  clock REG_CLK (rise edge)                               0.00       0.00
  clock network delay (ideal)                             0.00       0.00
  clock uncertainty                                       0.10       0.10
  U0_RegFile/regArr_reg[4][2]/CK (DFFRX1M)                0.00       0.10 r
  library hold time                                      -0.02       0.08
  data required time                                                 0.08
  --------------------------------------------------------------------------
  data required time                                                 0.08
  data arrival time                                                 -0.37
  --------------------------------------------------------------------------
  slack (MET)                                                        0.29


  Startpoint: U0_RegFile/regArr_reg[4][1]
              (rising edge-triggered flip-flop clocked by REG_CLK)
  Endpoint: U0_RegFile/regArr_reg[4][1]
            (rising edge-triggered flip-flop clocked by REG_CLK)
  Path Group: REG_CLK
  Path Type: min

  Point                                                   Incr       Path
  --------------------------------------------------------------------------
  clock REG_CLK (rise edge)                               0.00       0.00
  clock network delay (ideal)                             0.00       0.00
  U0_RegFile/regArr_reg[4][1]/CK (DFFRX1M)                0.00       0.00 r
  U0_RegFile/regArr_reg[4][1]/QN (DFFRX1M)                0.32       0.32 r
  U0_RegFile/U288/Y (OAI22X1M)                            0.06       0.37 f
  U0_RegFile/regArr_reg[4][1]/D (DFFRX1M)                 0.00       0.37 f
  data arrival time                                                  0.37

  clock REG_CLK (rise edge)                               0.00       0.00
  clock network delay (ideal)                             0.00       0.00
  clock uncertainty                                       0.10       0.10
  U0_RegFile/regArr_reg[4][1]/CK (DFFRX1M)                0.00       0.10 r
  library hold time                                      -0.02       0.08
  data required time                                                 0.08
  --------------------------------------------------------------------------
  data required time                                                 0.08
  data arrival time                                                 -0.37
  --------------------------------------------------------------------------
  slack (MET)                                                        0.29


  Startpoint: U0_RegFile/regArr_reg[4][0]
              (rising edge-triggered flip-flop clocked by REG_CLK)
  Endpoint: U0_RegFile/regArr_reg[4][0]
            (rising edge-triggered flip-flop clocked by REG_CLK)
  Path Group: REG_CLK
  Path Type: min

  Point                                                   Incr       Path
  --------------------------------------------------------------------------
  clock REG_CLK (rise edge)                               0.00       0.00
  clock network delay (ideal)                             0.00       0.00
  U0_RegFile/regArr_reg[4][0]/CK (DFFRX1M)                0.00       0.00 r
  U0_RegFile/regArr_reg[4][0]/QN (DFFRX1M)                0.32       0.32 r
  U0_RegFile/U287/Y (OAI22X1M)                            0.06       0.37 f
  U0_RegFile/regArr_reg[4][0]/D (DFFRX1M)                 0.00       0.37 f
  data arrival time                                                  0.37

  clock REG_CLK (rise edge)                               0.00       0.00
  clock network delay (ideal)                             0.00       0.00
  clock uncertainty                                       0.10       0.10
  U0_RegFile/regArr_reg[4][0]/CK (DFFRX1M)                0.00       0.10 r
  library hold time                                      -0.02       0.08
  data required time                                                 0.08
  --------------------------------------------------------------------------
  data required time                                                 0.08
  data arrival time                                                 -0.37
  --------------------------------------------------------------------------
  slack (MET)                                                        0.29


  Startpoint: U0_RegFile/regArr_reg[6][7]
              (rising edge-triggered flip-flop clocked by REG_CLK)
  Endpoint: U0_RegFile/regArr_reg[6][7]
            (rising edge-triggered flip-flop clocked by REG_CLK)
  Path Group: REG_CLK
  Path Type: min

  Point                                                   Incr       Path
  --------------------------------------------------------------------------
  clock REG_CLK (rise edge)                               0.00       0.00
  clock network delay (ideal)                             0.00       0.00
  U0_RegFile/regArr_reg[6][7]/CK (DFFRX1M)                0.00       0.00 r
  U0_RegFile/regArr_reg[6][7]/QN (DFFRX1M)                0.32       0.32 r
  U0_RegFile/U311/Y (OAI22X1M)                            0.06       0.37 f
  U0_RegFile/regArr_reg[6][7]/D (DFFRX1M)                 0.00       0.37 f
  data arrival time                                                  0.37

  clock REG_CLK (rise edge)                               0.00       0.00
  clock network delay (ideal)                             0.00       0.00
  clock uncertainty                                       0.10       0.10
  U0_RegFile/regArr_reg[6][7]/CK (DFFRX1M)                0.00       0.10 r
  library hold time                                      -0.02       0.08
  data required time                                                 0.08
  --------------------------------------------------------------------------
  data required time                                                 0.08
  data arrival time                                                 -0.37
  --------------------------------------------------------------------------
  slack (MET)                                                        0.29


  Startpoint: U0_RegFile/regArr_reg[6][6]
              (rising edge-triggered flip-flop clocked by REG_CLK)
  Endpoint: U0_RegFile/regArr_reg[6][6]
            (rising edge-triggered flip-flop clocked by REG_CLK)
  Path Group: REG_CLK
  Path Type: min

  Point                                                   Incr       Path
  --------------------------------------------------------------------------
  clock REG_CLK (rise edge)                               0.00       0.00
  clock network delay (ideal)                             0.00       0.00
  U0_RegFile/regArr_reg[6][6]/CK (DFFRX1M)                0.00       0.00 r
  U0_RegFile/regArr_reg[6][6]/QN (DFFRX1M)                0.32       0.32 r
  U0_RegFile/U310/Y (OAI22X1M)                            0.06       0.37 f
  U0_RegFile/regArr_reg[6][6]/D (DFFRX1M)                 0.00       0.37 f
  data arrival time                                                  0.37

  clock REG_CLK (rise edge)                               0.00       0.00
  clock network delay (ideal)                             0.00       0.00
  clock uncertainty                                       0.10       0.10
  U0_RegFile/regArr_reg[6][6]/CK (DFFRX1M)                0.00       0.10 r
  library hold time                                      -0.02       0.08
  data required time                                                 0.08
  --------------------------------------------------------------------------
  data required time                                                 0.08
  data arrival time                                                 -0.37
  --------------------------------------------------------------------------
  slack (MET)                                                        0.29


  Startpoint: U0_RegFile/regArr_reg[6][5]
              (rising edge-triggered flip-flop clocked by REG_CLK)
  Endpoint: U0_RegFile/regArr_reg[6][5]
            (rising edge-triggered flip-flop clocked by REG_CLK)
  Path Group: REG_CLK
  Path Type: min

  Point                                                   Incr       Path
  --------------------------------------------------------------------------
  clock REG_CLK (rise edge)                               0.00       0.00
  clock network delay (ideal)                             0.00       0.00
  U0_RegFile/regArr_reg[6][5]/CK (DFFRX1M)                0.00       0.00 r
  U0_RegFile/regArr_reg[6][5]/QN (DFFRX1M)                0.32       0.32 r
  U0_RegFile/U309/Y (OAI22X1M)                            0.06       0.37 f
  U0_RegFile/regArr_reg[6][5]/D (DFFRX1M)                 0.00       0.37 f
  data arrival time                                                  0.37

  clock REG_CLK (rise edge)                               0.00       0.00
  clock network delay (ideal)                             0.00       0.00
  clock uncertainty                                       0.10       0.10
  U0_RegFile/regArr_reg[6][5]/CK (DFFRX1M)                0.00       0.10 r
  library hold time                                      -0.02       0.08
  data required time                                                 0.08
  --------------------------------------------------------------------------
  data required time                                                 0.08
  data arrival time                                                 -0.37
  --------------------------------------------------------------------------
  slack (MET)                                                        0.29


  Startpoint: U0_RegFile/regArr_reg[6][4]
              (rising edge-triggered flip-flop clocked by REG_CLK)
  Endpoint: U0_RegFile/regArr_reg[6][4]
            (rising edge-triggered flip-flop clocked by REG_CLK)
  Path Group: REG_CLK
  Path Type: min

  Point                                                   Incr       Path
  --------------------------------------------------------------------------
  clock REG_CLK (rise edge)                               0.00       0.00
  clock network delay (ideal)                             0.00       0.00
  U0_RegFile/regArr_reg[6][4]/CK (DFFRX1M)                0.00       0.00 r
  U0_RegFile/regArr_reg[6][4]/QN (DFFRX1M)                0.32       0.32 r
  U0_RegFile/U308/Y (OAI22X1M)                            0.06       0.37 f
  U0_RegFile/regArr_reg[6][4]/D (DFFRX1M)                 0.00       0.37 f
  data arrival time                                                  0.37

  clock REG_CLK (rise edge)                               0.00       0.00
  clock network delay (ideal)                             0.00       0.00
  clock uncertainty                                       0.10       0.10
  U0_RegFile/regArr_reg[6][4]/CK (DFFRX1M)                0.00       0.10 r
  library hold time                                      -0.02       0.08
  data required time                                                 0.08
  --------------------------------------------------------------------------
  data required time                                                 0.08
  data arrival time                                                 -0.37
  --------------------------------------------------------------------------
  slack (MET)                                                        0.29


  Startpoint: U0_RegFile/regArr_reg[6][3]
              (rising edge-triggered flip-flop clocked by REG_CLK)
  Endpoint: U0_RegFile/regArr_reg[6][3]
            (rising edge-triggered flip-flop clocked by REG_CLK)
  Path Group: REG_CLK
  Path Type: min

  Point                                                   Incr       Path
  --------------------------------------------------------------------------
  clock REG_CLK (rise edge)                               0.00       0.00
  clock network delay (ideal)                             0.00       0.00
  U0_RegFile/regArr_reg[6][3]/CK (DFFRX1M)                0.00       0.00 r
  U0_RegFile/regArr_reg[6][3]/QN (DFFRX1M)                0.32       0.32 r
  U0_RegFile/U307/Y (OAI22X1M)                            0.06       0.37 f
  U0_RegFile/regArr_reg[6][3]/D (DFFRX1M)                 0.00       0.37 f
  data arrival time                                                  0.37

  clock REG_CLK (rise edge)                               0.00       0.00
  clock network delay (ideal)                             0.00       0.00
  clock uncertainty                                       0.10       0.10
  U0_RegFile/regArr_reg[6][3]/CK (DFFRX1M)                0.00       0.10 r
  library hold time                                      -0.02       0.08
  data required time                                                 0.08
  --------------------------------------------------------------------------
  data required time                                                 0.08
  data arrival time                                                 -0.37
  --------------------------------------------------------------------------
  slack (MET)                                                        0.29


  Startpoint: U0_RegFile/regArr_reg[6][2]
              (rising edge-triggered flip-flop clocked by REG_CLK)
  Endpoint: U0_RegFile/regArr_reg[6][2]
            (rising edge-triggered flip-flop clocked by REG_CLK)
  Path Group: REG_CLK
  Path Type: min

  Point                                                   Incr       Path
  --------------------------------------------------------------------------
  clock REG_CLK (rise edge)                               0.00       0.00
  clock network delay (ideal)                             0.00       0.00
  U0_RegFile/regArr_reg[6][2]/CK (DFFRX1M)                0.00       0.00 r
  U0_RegFile/regArr_reg[6][2]/QN (DFFRX1M)                0.32       0.32 r
  U0_RegFile/U306/Y (OAI22X1M)                            0.06       0.37 f
  U0_RegFile/regArr_reg[6][2]/D (DFFRX1M)                 0.00       0.37 f
  data arrival time                                                  0.37

  clock REG_CLK (rise edge)                               0.00       0.00
  clock network delay (ideal)                             0.00       0.00
  clock uncertainty                                       0.10       0.10
  U0_RegFile/regArr_reg[6][2]/CK (DFFRX1M)                0.00       0.10 r
  library hold time                                      -0.02       0.08
  data required time                                                 0.08
  --------------------------------------------------------------------------
  data required time                                                 0.08
  data arrival time                                                 -0.37
  --------------------------------------------------------------------------
  slack (MET)                                                        0.29


  Startpoint: U0_RegFile/regArr_reg[6][1]
              (rising edge-triggered flip-flop clocked by REG_CLK)
  Endpoint: U0_RegFile/regArr_reg[6][1]
            (rising edge-triggered flip-flop clocked by REG_CLK)
  Path Group: REG_CLK
  Path Type: min

  Point                                                   Incr       Path
  --------------------------------------------------------------------------
  clock REG_CLK (rise edge)                               0.00       0.00
  clock network delay (ideal)                             0.00       0.00
  U0_RegFile/regArr_reg[6][1]/CK (DFFRX1M)                0.00       0.00 r
  U0_RegFile/regArr_reg[6][1]/QN (DFFRX1M)                0.32       0.32 r
  U0_RegFile/U305/Y (OAI22X1M)                            0.06       0.37 f
  U0_RegFile/regArr_reg[6][1]/D (DFFRX1M)                 0.00       0.37 f
  data arrival time                                                  0.37

  clock REG_CLK (rise edge)                               0.00       0.00
  clock network delay (ideal)                             0.00       0.00
  clock uncertainty                                       0.10       0.10
  U0_RegFile/regArr_reg[6][1]/CK (DFFRX1M)                0.00       0.10 r
  library hold time                                      -0.02       0.08
  data required time                                                 0.08
  --------------------------------------------------------------------------
  data required time                                                 0.08
  data arrival time                                                 -0.37
  --------------------------------------------------------------------------
  slack (MET)                                                        0.29


  Startpoint: U0_RegFile/regArr_reg[6][0]
              (rising edge-triggered flip-flop clocked by REG_CLK)
  Endpoint: U0_RegFile/regArr_reg[6][0]
            (rising edge-triggered flip-flop clocked by REG_CLK)
  Path Group: REG_CLK
  Path Type: min

  Point                                                   Incr       Path
  --------------------------------------------------------------------------
  clock REG_CLK (rise edge)                               0.00       0.00
  clock network delay (ideal)                             0.00       0.00
  U0_RegFile/regArr_reg[6][0]/CK (DFFRX1M)                0.00       0.00 r
  U0_RegFile/regArr_reg[6][0]/QN (DFFRX1M)                0.32       0.32 r
  U0_RegFile/U304/Y (OAI22X1M)                            0.06       0.37 f
  U0_RegFile/regArr_reg[6][0]/D (DFFRX1M)                 0.00       0.37 f
  data arrival time                                                  0.37

  clock REG_CLK (rise edge)                               0.00       0.00
  clock network delay (ideal)                             0.00       0.00
  clock uncertainty                                       0.10       0.10
  U0_RegFile/regArr_reg[6][0]/CK (DFFRX1M)                0.00       0.10 r
  library hold time                                      -0.02       0.08
  data required time                                                 0.08
  --------------------------------------------------------------------------
  data required time                                                 0.08
  data arrival time                                                 -0.37
  --------------------------------------------------------------------------
  slack (MET)                                                        0.29


  Startpoint: U0_RegFile/regArr_reg[2][0]
              (rising edge-triggered flip-flop clocked by REG_CLK)
  Endpoint: U0_RegFile/regArr_reg[2][0]
            (rising edge-triggered flip-flop clocked by REG_CLK)
  Path Group: REG_CLK
  Path Type: min

  Point                                                   Incr       Path
  --------------------------------------------------------------------------
  clock REG_CLK (rise edge)                               0.00       0.00
  clock network delay (ideal)                             0.00       0.00
  U0_RegFile/regArr_reg[2][0]/CK (DFFRX1M)                0.00       0.00 r
  U0_RegFile/regArr_reg[2][0]/QN (DFFRX1M)                0.34       0.34 r
  U0_RegFile/U296/Y (OAI22X1M)                            0.06       0.40 f
  U0_RegFile/regArr_reg[2][0]/D (DFFRX1M)                 0.00       0.40 f
  data arrival time                                                  0.40

  clock REG_CLK (rise edge)                               0.00       0.00
  clock network delay (ideal)                             0.00       0.00
  clock uncertainty                                       0.10       0.10
  U0_RegFile/regArr_reg[2][0]/CK (DFFRX1M)                0.00       0.10 r
  library hold time                                      -0.02       0.08
  data required time                                                 0.08
  --------------------------------------------------------------------------
  data required time                                                 0.08
  data arrival time                                                 -0.40
  --------------------------------------------------------------------------
  slack (MET)                                                        0.33


  Startpoint: U0_RegFile/regArr_reg[1][4]
              (rising edge-triggered flip-flop clocked by REG_CLK)
  Endpoint: U0_RegFile/regArr_reg[1][4]
            (rising edge-triggered flip-flop clocked by REG_CLK)
  Path Group: REG_CLK
  Path Type: min

  Point                                                   Incr       Path
  --------------------------------------------------------------------------
  clock REG_CLK (rise edge)                               0.00       0.00
  clock network delay (ideal)                             0.00       0.00
  U0_RegFile/regArr_reg[1][4]/CK (DFFRX1M)                0.00       0.00 r
  U0_RegFile/regArr_reg[1][4]/QN (DFFRX1M)                0.34       0.34 r
  U0_RegFile/U303/Y (OAI22X1M)                            0.06       0.41 f
  U0_RegFile/regArr_reg[1][4]/D (DFFRX1M)                 0.00       0.41 f
  data arrival time                                                  0.41

  clock REG_CLK (rise edge)                               0.00       0.00
  clock network delay (ideal)                             0.00       0.00
  clock uncertainty                                       0.10       0.10
  U0_RegFile/regArr_reg[1][4]/CK (DFFRX1M)                0.00       0.10 r
  library hold time                                      -0.02       0.08
  data required time                                                 0.08
  --------------------------------------------------------------------------
  data required time                                                 0.08
  data arrival time                                                 -0.41
  --------------------------------------------------------------------------
  slack (MET)                                                        0.33


  Startpoint: U0_RegFile/regArr_reg[1][2]
              (rising edge-triggered flip-flop clocked by REG_CLK)
  Endpoint: U0_RegFile/regArr_reg[1][2]
            (rising edge-triggered flip-flop clocked by REG_CLK)
  Path Group: REG_CLK
  Path Type: min

  Point                                                   Incr       Path
  --------------------------------------------------------------------------
  clock REG_CLK (rise edge)                               0.00       0.00
  clock network delay (ideal)                             0.00       0.00
  U0_RegFile/regArr_reg[1][2]/CK (DFFRX1M)                0.00       0.00 r
  U0_RegFile/regArr_reg[1][2]/QN (DFFRX1M)                0.34       0.34 r
  U0_RegFile/U302/Y (OAI22X1M)                            0.06       0.41 f
  U0_RegFile/regArr_reg[1][2]/D (DFFRX1M)                 0.00       0.41 f
  data arrival time                                                  0.41

  clock REG_CLK (rise edge)                               0.00       0.00
  clock network delay (ideal)                             0.00       0.00
  clock uncertainty                                       0.10       0.10
  U0_RegFile/regArr_reg[1][2]/CK (DFFRX1M)                0.00       0.10 r
  library hold time                                      -0.02       0.08
  data required time                                                 0.08
  --------------------------------------------------------------------------
  data required time                                                 0.08
  data arrival time                                                 -0.41
  --------------------------------------------------------------------------
  slack (MET)                                                        0.33


  Startpoint: U0_RegFile/regArr_reg[1][1]
              (rising edge-triggered flip-flop clocked by REG_CLK)
  Endpoint: U0_RegFile/regArr_reg[1][1]
            (rising edge-triggered flip-flop clocked by REG_CLK)
  Path Group: REG_CLK
  Path Type: min

  Point                                                   Incr       Path
  --------------------------------------------------------------------------
  clock REG_CLK (rise edge)                               0.00       0.00
  clock network delay (ideal)                             0.00       0.00
  U0_RegFile/regArr_reg[1][1]/CK (DFFRX1M)                0.00       0.00 r
  U0_RegFile/regArr_reg[1][1]/QN (DFFRX1M)                0.34       0.34 r
  U0_RegFile/U301/Y (OAI22X1M)                            0.06       0.41 f
  U0_RegFile/regArr_reg[1][1]/D (DFFRX1M)                 0.00       0.41 f
  data arrival time                                                  0.41

  clock REG_CLK (rise edge)                               0.00       0.00
  clock network delay (ideal)                             0.00       0.00
  clock uncertainty                                       0.10       0.10
  U0_RegFile/regArr_reg[1][1]/CK (DFFRX1M)                0.00       0.10 r
  library hold time                                      -0.02       0.08
  data required time                                                 0.08
  --------------------------------------------------------------------------
  data required time                                                 0.08
  data arrival time                                                 -0.41
  --------------------------------------------------------------------------
  slack (MET)                                                        0.33


  Startpoint: U0_RegFile/regArr_reg[1][0]
              (rising edge-triggered flip-flop clocked by REG_CLK)
  Endpoint: U0_RegFile/regArr_reg[1][0]
            (rising edge-triggered flip-flop clocked by REG_CLK)
  Path Group: REG_CLK
  Path Type: min

  Point                                                   Incr       Path
  --------------------------------------------------------------------------
  clock REG_CLK (rise edge)                               0.00       0.00
  clock network delay (ideal)                             0.00       0.00
  U0_RegFile/regArr_reg[1][0]/CK (DFFRX1M)                0.00       0.00 r
  U0_RegFile/regArr_reg[1][0]/QN (DFFRX1M)                0.34       0.34 r
  U0_RegFile/U300/Y (OAI22X1M)                            0.06       0.41 f
  U0_RegFile/regArr_reg[1][0]/D (DFFRX1M)                 0.00       0.41 f
  data arrival time                                                  0.41

  clock REG_CLK (rise edge)                               0.00       0.00
  clock network delay (ideal)                             0.00       0.00
  clock uncertainty                                       0.10       0.10
  U0_RegFile/regArr_reg[1][0]/CK (DFFRX1M)                0.00       0.10 r
  library hold time                                      -0.02       0.08
  data required time                                                 0.08
  --------------------------------------------------------------------------
  data required time                                                 0.08
  data arrival time                                                 -0.41
  --------------------------------------------------------------------------
  slack (MET)                                                        0.33


  Startpoint: U0_RegFile/regArr_reg[1][7]
              (rising edge-triggered flip-flop clocked by REG_CLK)
  Endpoint: U0_RegFile/regArr_reg[1][7]
            (rising edge-triggered flip-flop clocked by REG_CLK)
  Path Group: REG_CLK
  Path Type: min

  Point                                                   Incr       Path
  --------------------------------------------------------------------------
  clock REG_CLK (rise edge)                               0.00       0.00
  clock network delay (ideal)                             0.00       0.00
  U0_RegFile/regArr_reg[1][7]/CK (DFFRX1M)                0.00       0.00 r
  U0_RegFile/regArr_reg[1][7]/QN (DFFRX1M)                0.34       0.34 r
  U0_RegFile/U299/Y (OAI22X1M)                            0.06       0.41 f
  U0_RegFile/regArr_reg[1][7]/D (DFFRX1M)                 0.00       0.41 f
  data arrival time                                                  0.41

  clock REG_CLK (rise edge)                               0.00       0.00
  clock network delay (ideal)                             0.00       0.00
  clock uncertainty                                       0.10       0.10
  U0_RegFile/regArr_reg[1][7]/CK (DFFRX1M)                0.00       0.10 r
  library hold time                                      -0.02       0.08
  data required time                                                 0.08
  --------------------------------------------------------------------------
  data required time                                                 0.08
  data arrival time                                                 -0.41
  --------------------------------------------------------------------------
  slack (MET)                                                        0.33


  Startpoint: U0_RegFile/regArr_reg[1][6]
              (rising edge-triggered flip-flop clocked by REG_CLK)
  Endpoint: U0_RegFile/regArr_reg[1][6]
            (rising edge-triggered flip-flop clocked by REG_CLK)
  Path Group: REG_CLK
  Path Type: min

  Point                                                   Incr       Path
  --------------------------------------------------------------------------
  clock REG_CLK (rise edge)                               0.00       0.00
  clock network delay (ideal)                             0.00       0.00
  U0_RegFile/regArr_reg[1][6]/CK (DFFRX1M)                0.00       0.00 r
  U0_RegFile/regArr_reg[1][6]/QN (DFFRX1M)                0.34       0.34 r
  U0_RegFile/U298/Y (OAI22X1M)                            0.06       0.41 f
  U0_RegFile/regArr_reg[1][6]/D (DFFRX1M)                 0.00       0.41 f
  data arrival time                                                  0.41

  clock REG_CLK (rise edge)                               0.00       0.00
  clock network delay (ideal)                             0.00       0.00
  clock uncertainty                                       0.10       0.10
  U0_RegFile/regArr_reg[1][6]/CK (DFFRX1M)                0.00       0.10 r
  library hold time                                      -0.02       0.08
  data required time                                                 0.08
  --------------------------------------------------------------------------
  data required time                                                 0.08
  data arrival time                                                 -0.41
  --------------------------------------------------------------------------
  slack (MET)                                                        0.33


  Startpoint: U0_RegFile/regArr_reg[1][5]
              (rising edge-triggered flip-flop clocked by REG_CLK)
  Endpoint: U0_RegFile/regArr_reg[1][5]
            (rising edge-triggered flip-flop clocked by REG_CLK)
  Path Group: REG_CLK
  Path Type: min

  Point                                                   Incr       Path
  --------------------------------------------------------------------------
  clock REG_CLK (rise edge)                               0.00       0.00
  clock network delay (ideal)                             0.00       0.00
  U0_RegFile/regArr_reg[1][5]/CK (DFFRX1M)                0.00       0.00 r
  U0_RegFile/regArr_reg[1][5]/QN (DFFRX1M)                0.34       0.34 r
  U0_RegFile/U297/Y (OAI22X1M)                            0.06       0.41 f
  U0_RegFile/regArr_reg[1][5]/D (DFFRX1M)                 0.00       0.41 f
  data arrival time                                                  0.41

  clock REG_CLK (rise edge)                               0.00       0.00
  clock network delay (ideal)                             0.00       0.00
  clock uncertainty                                       0.10       0.10
  U0_RegFile/regArr_reg[1][5]/CK (DFFRX1M)                0.00       0.10 r
  library hold time                                      -0.02       0.08
  data required time                                                 0.08
  --------------------------------------------------------------------------
  data required time                                                 0.08
  data arrival time                                                 -0.41
  --------------------------------------------------------------------------
  slack (MET)                                                        0.33


  Startpoint: U0_RegFile/regArr_reg[0][7]
              (rising edge-triggered flip-flop clocked by REG_CLK)
  Endpoint: U0_RegFile/regArr_reg[0][7]
            (rising edge-triggered flip-flop clocked by REG_CLK)
  Path Group: REG_CLK
  Path Type: min

  Point                                                   Incr       Path
  --------------------------------------------------------------------------
  clock REG_CLK (rise edge)                               0.00       0.00
  clock network delay (ideal)                             0.00       0.00
  U0_RegFile/regArr_reg[0][7]/CK (DFFRX1M)                0.00       0.00 r
  U0_RegFile/regArr_reg[0][7]/QN (DFFRX1M)                0.34       0.34 r
  U0_RegFile/U286/Y (OAI22X1M)                            0.06       0.41 f
  U0_RegFile/regArr_reg[0][7]/D (DFFRX1M)                 0.00       0.41 f
  data arrival time                                                  0.41

  clock REG_CLK (rise edge)                               0.00       0.00
  clock network delay (ideal)                             0.00       0.00
  clock uncertainty                                       0.10       0.10
  U0_RegFile/regArr_reg[0][7]/CK (DFFRX1M)                0.00       0.10 r
  library hold time                                      -0.02       0.08
  data required time                                                 0.08
  --------------------------------------------------------------------------
  data required time                                                 0.08
  data arrival time                                                 -0.41
  --------------------------------------------------------------------------
  slack (MET)                                                        0.33


  Startpoint: U0_RegFile/regArr_reg[0][6]
              (rising edge-triggered flip-flop clocked by REG_CLK)
  Endpoint: U0_RegFile/regArr_reg[0][6]
            (rising edge-triggered flip-flop clocked by REG_CLK)
  Path Group: REG_CLK
  Path Type: min

  Point                                                   Incr       Path
  --------------------------------------------------------------------------
  clock REG_CLK (rise edge)                               0.00       0.00
  clock network delay (ideal)                             0.00       0.00
  U0_RegFile/regArr_reg[0][6]/CK (DFFRX1M)                0.00       0.00 r
  U0_RegFile/regArr_reg[0][6]/QN (DFFRX1M)                0.34       0.34 r
  U0_RegFile/U285/Y (OAI22X1M)                            0.06       0.41 f
  U0_RegFile/regArr_reg[0][6]/D (DFFRX1M)                 0.00       0.41 f
  data arrival time                                                  0.41

  clock REG_CLK (rise edge)                               0.00       0.00
  clock network delay (ideal)                             0.00       0.00
  clock uncertainty                                       0.10       0.10
  U0_RegFile/regArr_reg[0][6]/CK (DFFRX1M)                0.00       0.10 r
  library hold time                                      -0.02       0.08
  data required time                                                 0.08
  --------------------------------------------------------------------------
  data required time                                                 0.08
  data arrival time                                                 -0.41
  --------------------------------------------------------------------------
  slack (MET)                                                        0.33


  Startpoint: U0_RegFile/regArr_reg[0][5]
              (rising edge-triggered flip-flop clocked by REG_CLK)
  Endpoint: U0_RegFile/regArr_reg[0][5]
            (rising edge-triggered flip-flop clocked by REG_CLK)
  Path Group: REG_CLK
  Path Type: min

  Point                                                   Incr       Path
  --------------------------------------------------------------------------
  clock REG_CLK (rise edge)                               0.00       0.00
  clock network delay (ideal)                             0.00       0.00
  U0_RegFile/regArr_reg[0][5]/CK (DFFRX1M)                0.00       0.00 r
  U0_RegFile/regArr_reg[0][5]/QN (DFFRX1M)                0.34       0.34 r
  U0_RegFile/U284/Y (OAI22X1M)                            0.06       0.41 f
  U0_RegFile/regArr_reg[0][5]/D (DFFRX1M)                 0.00       0.41 f
  data arrival time                                                  0.41

  clock REG_CLK (rise edge)                               0.00       0.00
  clock network delay (ideal)                             0.00       0.00
  clock uncertainty                                       0.10       0.10
  U0_RegFile/regArr_reg[0][5]/CK (DFFRX1M)                0.00       0.10 r
  library hold time                                      -0.02       0.08
  data required time                                                 0.08
  --------------------------------------------------------------------------
  data required time                                                 0.08
  data arrival time                                                 -0.41
  --------------------------------------------------------------------------
  slack (MET)                                                        0.33


  Startpoint: U0_RegFile/regArr_reg[0][4]
              (rising edge-triggered flip-flop clocked by REG_CLK)
  Endpoint: U0_RegFile/regArr_reg[0][4]
            (rising edge-triggered flip-flop clocked by REG_CLK)
  Path Group: REG_CLK
  Path Type: min

  Point                                                   Incr       Path
  --------------------------------------------------------------------------
  clock REG_CLK (rise edge)                               0.00       0.00
  clock network delay (ideal)                             0.00       0.00
  U0_RegFile/regArr_reg[0][4]/CK (DFFRX1M)                0.00       0.00 r
  U0_RegFile/regArr_reg[0][4]/QN (DFFRX1M)                0.34       0.34 r
  U0_RegFile/U283/Y (OAI22X1M)                            0.06       0.41 f
  U0_RegFile/regArr_reg[0][4]/D (DFFRX1M)                 0.00       0.41 f
  data arrival time                                                  0.41

  clock REG_CLK (rise edge)                               0.00       0.00
  clock network delay (ideal)                             0.00       0.00
  clock uncertainty                                       0.10       0.10
  U0_RegFile/regArr_reg[0][4]/CK (DFFRX1M)                0.00       0.10 r
  library hold time                                      -0.02       0.08
  data required time                                                 0.08
  --------------------------------------------------------------------------
  data required time                                                 0.08
  data arrival time                                                 -0.41
  --------------------------------------------------------------------------
  slack (MET)                                                        0.33


  Startpoint: U0_RegFile/regArr_reg[0][3]
              (rising edge-triggered flip-flop clocked by REG_CLK)
  Endpoint: U0_RegFile/regArr_reg[0][3]
            (rising edge-triggered flip-flop clocked by REG_CLK)
  Path Group: REG_CLK
  Path Type: min

  Point                                                   Incr       Path
  --------------------------------------------------------------------------
  clock REG_CLK (rise edge)                               0.00       0.00
  clock network delay (ideal)                             0.00       0.00
  U0_RegFile/regArr_reg[0][3]/CK (DFFRX1M)                0.00       0.00 r
  U0_RegFile/regArr_reg[0][3]/QN (DFFRX1M)                0.34       0.34 r
  U0_RegFile/U282/Y (OAI22X1M)                            0.06       0.41 f
  U0_RegFile/regArr_reg[0][3]/D (DFFRX1M)                 0.00       0.41 f
  data arrival time                                                  0.41

  clock REG_CLK (rise edge)                               0.00       0.00
  clock network delay (ideal)                             0.00       0.00
  clock uncertainty                                       0.10       0.10
  U0_RegFile/regArr_reg[0][3]/CK (DFFRX1M)                0.00       0.10 r
  library hold time                                      -0.02       0.08
  data required time                                                 0.08
  --------------------------------------------------------------------------
  data required time                                                 0.08
  data arrival time                                                 -0.41
  --------------------------------------------------------------------------
  slack (MET)                                                        0.33


  Startpoint: U0_RegFile/regArr_reg[0][2]
              (rising edge-triggered flip-flop clocked by REG_CLK)
  Endpoint: U0_RegFile/regArr_reg[0][2]
            (rising edge-triggered flip-flop clocked by REG_CLK)
  Path Group: REG_CLK
  Path Type: min

  Point                                                   Incr       Path
  --------------------------------------------------------------------------
  clock REG_CLK (rise edge)                               0.00       0.00
  clock network delay (ideal)                             0.00       0.00
  U0_RegFile/regArr_reg[0][2]/CK (DFFRX1M)                0.00       0.00 r
  U0_RegFile/regArr_reg[0][2]/QN (DFFRX1M)                0.34       0.34 r
  U0_RegFile/U281/Y (OAI22X1M)                            0.06       0.41 f
  U0_RegFile/regArr_reg[0][2]/D (DFFRX1M)                 0.00       0.41 f
  data arrival time                                                  0.41

  clock REG_CLK (rise edge)                               0.00       0.00
  clock network delay (ideal)                             0.00       0.00
  clock uncertainty                                       0.10       0.10
  U0_RegFile/regArr_reg[0][2]/CK (DFFRX1M)                0.00       0.10 r
  library hold time                                      -0.02       0.08
  data required time                                                 0.08
  --------------------------------------------------------------------------
  data required time                                                 0.08
  data arrival time                                                 -0.41
  --------------------------------------------------------------------------
  slack (MET)                                                        0.33


  Startpoint: U0_RegFile/regArr_reg[0][0]
              (rising edge-triggered flip-flop clocked by REG_CLK)
  Endpoint: U0_RegFile/regArr_reg[0][0]
            (rising edge-triggered flip-flop clocked by REG_CLK)
  Path Group: REG_CLK
  Path Type: min

  Point                                                   Incr       Path
  --------------------------------------------------------------------------
  clock REG_CLK (rise edge)                               0.00       0.00
  clock network delay (ideal)                             0.00       0.00
  U0_RegFile/regArr_reg[0][0]/CK (DFFRX1M)                0.00       0.00 r
  U0_RegFile/regArr_reg[0][0]/QN (DFFRX1M)                0.34       0.34 r
  U0_RegFile/U280/Y (OAI22X1M)                            0.06       0.41 f
  U0_RegFile/regArr_reg[0][0]/D (DFFRX1M)                 0.00       0.41 f
  data arrival time                                                  0.41

  clock REG_CLK (rise edge)                               0.00       0.00
  clock network delay (ideal)                             0.00       0.00
  clock uncertainty                                       0.10       0.10
  U0_RegFile/regArr_reg[0][0]/CK (DFFRX1M)                0.00       0.10 r
  library hold time                                      -0.02       0.08
  data required time                                                 0.08
  --------------------------------------------------------------------------
  data required time                                                 0.08
  data arrival time                                                 -0.41
  --------------------------------------------------------------------------
  slack (MET)                                                        0.33


  Startpoint: U0_RegFile/regArr_reg[0][1]
              (rising edge-triggered flip-flop clocked by REG_CLK)
  Endpoint: U0_RegFile/regArr_reg[0][1]
            (rising edge-triggered flip-flop clocked by REG_CLK)
  Path Group: REG_CLK
  Path Type: min

  Point                                                   Incr       Path
  --------------------------------------------------------------------------
  clock REG_CLK (rise edge)                               0.00       0.00
  clock network delay (ideal)                             0.00       0.00
  U0_RegFile/regArr_reg[0][1]/CK (DFFSX1M)                0.00       0.00 r
  U0_RegFile/regArr_reg[0][1]/QN (DFFSX1M)                0.35       0.35 r
  U0_RegFile/U255/Y (OAI22X1M)                            0.07       0.42 f
  U0_RegFile/regArr_reg[0][1]/D (DFFSX1M)                 0.00       0.42 f
  data arrival time                                                  0.42

  clock REG_CLK (rise edge)                               0.00       0.00
  clock network delay (ideal)                             0.00       0.00
  clock uncertainty                                       0.10       0.10
  U0_RegFile/regArr_reg[0][1]/CK (DFFSX1M)                0.00       0.10 r
  library hold time                                      -0.01       0.09
  data required time                                                 0.09
  --------------------------------------------------------------------------
  data required time                                                 0.09
  data arrival time                                                 -0.42
  --------------------------------------------------------------------------
  slack (MET)                                                        0.33


  Startpoint: U0_RegFile/regArr_reg[1][3]
              (rising edge-triggered flip-flop clocked by REG_CLK)
  Endpoint: U0_RegFile/regArr_reg[1][3]
            (rising edge-triggered flip-flop clocked by REG_CLK)
  Path Group: REG_CLK
  Path Type: min

  Point                                                   Incr       Path
  --------------------------------------------------------------------------
  clock REG_CLK (rise edge)                               0.00       0.00
  clock network delay (ideal)                             0.00       0.00
  U0_RegFile/regArr_reg[1][3]/CK (DFFSX1M)                0.00       0.00 r
  U0_RegFile/regArr_reg[1][3]/QN (DFFSX1M)                0.35       0.35 r
  U0_RegFile/U295/Y (OAI22X1M)                            0.07       0.42 f
  U0_RegFile/regArr_reg[1][3]/D (DFFSX1M)                 0.00       0.42 f
  data arrival time                                                  0.42

  clock REG_CLK (rise edge)                               0.00       0.00
  clock network delay (ideal)                             0.00       0.00
  clock uncertainty                                       0.10       0.10
  U0_RegFile/regArr_reg[1][3]/CK (DFFSX1M)                0.00       0.10 r
  library hold time                                      -0.01       0.09
  data required time                                                 0.09
  --------------------------------------------------------------------------
  data required time                                                 0.09
  data arrival time                                                 -0.42
  --------------------------------------------------------------------------
  slack (MET)                                                        0.33


  Startpoint: U0_RegFile/regArr_reg[3][7]
              (rising edge-triggered flip-flop clocked by REG_CLK)
  Endpoint: U0_RegFile/regArr_reg[3][7]
            (rising edge-triggered flip-flop clocked by REG_CLK)
  Path Group: REG_CLK
  Path Type: min

  Point                                                   Incr       Path
  --------------------------------------------------------------------------
  clock REG_CLK (rise edge)                               0.00       0.00
  clock network delay (ideal)                             0.00       0.00
  U0_RegFile/regArr_reg[3][7]/CK (DFFRX1M)                0.00       0.00 r
  U0_RegFile/regArr_reg[3][7]/QN (DFFRX1M)                0.34       0.34 r
  U0_RegFile/U217/Y (OAI22X1M)                            0.07       0.41 f
  U0_RegFile/regArr_reg[3][7]/D (DFFRX1M)                 0.00       0.41 f
  data arrival time                                                  0.41

  clock REG_CLK (rise edge)                               0.00       0.00
  clock network delay (ideal)                             0.00       0.00
  clock uncertainty                                       0.10       0.10
  U0_RegFile/regArr_reg[3][7]/CK (DFFRX1M)                0.00       0.10 r
  library hold time                                      -0.02       0.08
  data required time                                                 0.08
  --------------------------------------------------------------------------
  data required time                                                 0.08
  data arrival time                                                 -0.41
  --------------------------------------------------------------------------
  slack (MET)                                                        0.33


  Startpoint: U0_RegFile/regArr_reg[3][6]
              (rising edge-triggered flip-flop clocked by REG_CLK)
  Endpoint: U0_RegFile/regArr_reg[3][6]
            (rising edge-triggered flip-flop clocked by REG_CLK)
  Path Group: REG_CLK
  Path Type: min

  Point                                                   Incr       Path
  --------------------------------------------------------------------------
  clock REG_CLK (rise edge)                               0.00       0.00
  clock network delay (ideal)                             0.00       0.00
  U0_RegFile/regArr_reg[3][6]/CK (DFFRX1M)                0.00       0.00 r
  U0_RegFile/regArr_reg[3][6]/QN (DFFRX1M)                0.34       0.34 r
  U0_RegFile/U216/Y (OAI22X1M)                            0.07       0.41 f
  U0_RegFile/regArr_reg[3][6]/D (DFFRX1M)                 0.00       0.41 f
  data arrival time                                                  0.41

  clock REG_CLK (rise edge)                               0.00       0.00
  clock network delay (ideal)                             0.00       0.00
  clock uncertainty                                       0.10       0.10
  U0_RegFile/regArr_reg[3][6]/CK (DFFRX1M)                0.00       0.10 r
  library hold time                                      -0.02       0.08
  data required time                                                 0.08
  --------------------------------------------------------------------------
  data required time                                                 0.08
  data arrival time                                                 -0.41
  --------------------------------------------------------------------------
  slack (MET)                                                        0.33


  Startpoint: U0_RegFile/regArr_reg[3][5]
              (rising edge-triggered flip-flop clocked by REG_CLK)
  Endpoint: U0_RegFile/regArr_reg[3][5]
            (rising edge-triggered flip-flop clocked by REG_CLK)
  Path Group: REG_CLK
  Path Type: min

  Point                                                   Incr       Path
  --------------------------------------------------------------------------
  clock REG_CLK (rise edge)                               0.00       0.00
  clock network delay (ideal)                             0.00       0.00
  U0_RegFile/regArr_reg[3][5]/CK (DFFRX1M)                0.00       0.00 r
  U0_RegFile/regArr_reg[3][5]/QN (DFFRX1M)                0.34       0.34 r
  U0_RegFile/U215/Y (OAI22X1M)                            0.07       0.41 f
  U0_RegFile/regArr_reg[3][5]/D (DFFRX1M)                 0.00       0.41 f
  data arrival time                                                  0.41

  clock REG_CLK (rise edge)                               0.00       0.00
  clock network delay (ideal)                             0.00       0.00
  clock uncertainty                                       0.10       0.10
  U0_RegFile/regArr_reg[3][5]/CK (DFFRX1M)                0.00       0.10 r
  library hold time                                      -0.02       0.08
  data required time                                                 0.08
  --------------------------------------------------------------------------
  data required time                                                 0.08
  data arrival time                                                 -0.41
  --------------------------------------------------------------------------
  slack (MET)                                                        0.33


  Startpoint: U0_RegFile/regArr_reg[3][4]
              (rising edge-triggered flip-flop clocked by REG_CLK)
  Endpoint: U0_RegFile/regArr_reg[3][4]
            (rising edge-triggered flip-flop clocked by REG_CLK)
  Path Group: REG_CLK
  Path Type: min

  Point                                                   Incr       Path
  --------------------------------------------------------------------------
  clock REG_CLK (rise edge)                               0.00       0.00
  clock network delay (ideal)                             0.00       0.00
  U0_RegFile/regArr_reg[3][4]/CK (DFFRX1M)                0.00       0.00 r
  U0_RegFile/regArr_reg[3][4]/QN (DFFRX1M)                0.34       0.34 r
  U0_RegFile/U214/Y (OAI22X1M)                            0.07       0.41 f
  U0_RegFile/regArr_reg[3][4]/D (DFFRX1M)                 0.00       0.41 f
  data arrival time                                                  0.41

  clock REG_CLK (rise edge)                               0.00       0.00
  clock network delay (ideal)                             0.00       0.00
  clock uncertainty                                       0.10       0.10
  U0_RegFile/regArr_reg[3][4]/CK (DFFRX1M)                0.00       0.10 r
  library hold time                                      -0.02       0.08
  data required time                                                 0.08
  --------------------------------------------------------------------------
  data required time                                                 0.08
  data arrival time                                                 -0.41
  --------------------------------------------------------------------------
  slack (MET)                                                        0.33


  Startpoint: U0_RegFile/regArr_reg[3][3]
              (rising edge-triggered flip-flop clocked by REG_CLK)
  Endpoint: U0_RegFile/regArr_reg[3][3]
            (rising edge-triggered flip-flop clocked by REG_CLK)
  Path Group: REG_CLK
  Path Type: min

  Point                                                   Incr       Path
  --------------------------------------------------------------------------
  clock REG_CLK (rise edge)                               0.00       0.00
  clock network delay (ideal)                             0.00       0.00
  U0_RegFile/regArr_reg[3][3]/CK (DFFRX1M)                0.00       0.00 r
  U0_RegFile/regArr_reg[3][3]/QN (DFFRX1M)                0.34       0.34 r
  U0_RegFile/U213/Y (OAI22X1M)                            0.07       0.41 f
  U0_RegFile/regArr_reg[3][3]/D (DFFRX1M)                 0.00       0.41 f
  data arrival time                                                  0.41

  clock REG_CLK (rise edge)                               0.00       0.00
  clock network delay (ideal)                             0.00       0.00
  clock uncertainty                                       0.10       0.10
  U0_RegFile/regArr_reg[3][3]/CK (DFFRX1M)                0.00       0.10 r
  library hold time                                      -0.02       0.08
  data required time                                                 0.08
  --------------------------------------------------------------------------
  data required time                                                 0.08
  data arrival time                                                 -0.41
  --------------------------------------------------------------------------
  slack (MET)                                                        0.33


  Startpoint: U0_RegFile/regArr_reg[3][2]
              (rising edge-triggered flip-flop clocked by REG_CLK)
  Endpoint: U0_RegFile/regArr_reg[3][2]
            (rising edge-triggered flip-flop clocked by REG_CLK)
  Path Group: REG_CLK
  Path Type: min

  Point                                                   Incr       Path
  --------------------------------------------------------------------------
  clock REG_CLK (rise edge)                               0.00       0.00
  clock network delay (ideal)                             0.00       0.00
  U0_RegFile/regArr_reg[3][2]/CK (DFFRX1M)                0.00       0.00 r
  U0_RegFile/regArr_reg[3][2]/QN (DFFRX1M)                0.34       0.34 r
  U0_RegFile/U212/Y (OAI22X1M)                            0.07       0.41 f
  U0_RegFile/regArr_reg[3][2]/D (DFFRX1M)                 0.00       0.41 f
  data arrival time                                                  0.41

  clock REG_CLK (rise edge)                               0.00       0.00
  clock network delay (ideal)                             0.00       0.00
  clock uncertainty                                       0.10       0.10
  U0_RegFile/regArr_reg[3][2]/CK (DFFRX1M)                0.00       0.10 r
  library hold time                                      -0.02       0.08
  data required time                                                 0.08
  --------------------------------------------------------------------------
  data required time                                                 0.08
  data arrival time                                                 -0.41
  --------------------------------------------------------------------------
  slack (MET)                                                        0.33


  Startpoint: U0_RegFile/regArr_reg[3][1]
              (rising edge-triggered flip-flop clocked by REG_CLK)
  Endpoint: U0_RegFile/regArr_reg[3][1]
            (rising edge-triggered flip-flop clocked by REG_CLK)
  Path Group: REG_CLK
  Path Type: min

  Point                                                   Incr       Path
  --------------------------------------------------------------------------
  clock REG_CLK (rise edge)                               0.00       0.00
  clock network delay (ideal)                             0.00       0.00
  U0_RegFile/regArr_reg[3][1]/CK (DFFRX1M)                0.00       0.00 r
  U0_RegFile/regArr_reg[3][1]/QN (DFFRX1M)                0.34       0.34 r
  U0_RegFile/U211/Y (OAI22X1M)                            0.07       0.41 f
  U0_RegFile/regArr_reg[3][1]/D (DFFRX1M)                 0.00       0.41 f
  data arrival time                                                  0.41

  clock REG_CLK (rise edge)                               0.00       0.00
  clock network delay (ideal)                             0.00       0.00
  clock uncertainty                                       0.10       0.10
  U0_RegFile/regArr_reg[3][1]/CK (DFFRX1M)                0.00       0.10 r
  library hold time                                      -0.02       0.08
  data required time                                                 0.08
  --------------------------------------------------------------------------
  data required time                                                 0.08
  data arrival time                                                 -0.41
  --------------------------------------------------------------------------
  slack (MET)                                                        0.33


  Startpoint: U0_RegFile/regArr_reg[3][0]
              (rising edge-triggered flip-flop clocked by REG_CLK)
  Endpoint: U0_RegFile/regArr_reg[3][0]
            (rising edge-triggered flip-flop clocked by REG_CLK)
  Path Group: REG_CLK
  Path Type: min

  Point                                                   Incr       Path
  --------------------------------------------------------------------------
  clock REG_CLK (rise edge)                               0.00       0.00
  clock network delay (ideal)                             0.00       0.00
  U0_RegFile/regArr_reg[3][0]/CK (DFFRX1M)                0.00       0.00 r
  U0_RegFile/regArr_reg[3][0]/QN (DFFRX1M)                0.34       0.34 r
  U0_RegFile/U210/Y (OAI22X1M)                            0.07       0.41 f
  U0_RegFile/regArr_reg[3][0]/D (DFFRX1M)                 0.00       0.41 f
  data arrival time                                                  0.41

  clock REG_CLK (rise edge)                               0.00       0.00
  clock network delay (ideal)                             0.00       0.00
  clock uncertainty                                       0.10       0.10
  U0_RegFile/regArr_reg[3][0]/CK (DFFRX1M)                0.00       0.10 r
  library hold time                                      -0.02       0.08
  data required time                                                 0.08
  --------------------------------------------------------------------------
  data required time                                                 0.08
  data arrival time                                                 -0.41
  --------------------------------------------------------------------------
  slack (MET)                                                        0.33


  Startpoint: U0_RegFile/regArr_reg[2][7]
              (rising edge-triggered flip-flop clocked by REG_CLK)
  Endpoint: U0_RegFile/regArr_reg[2][7]
            (rising edge-triggered flip-flop clocked by REG_CLK)
  Path Group: REG_CLK
  Path Type: min

  Point                                                   Incr       Path
  --------------------------------------------------------------------------
  clock REG_CLK (rise edge)                               0.00       0.00
  clock network delay (ideal)                             0.00       0.00
  U0_RegFile/regArr_reg[2][7]/CK (DFFRX1M)                0.00       0.00 r
  U0_RegFile/regArr_reg[2][7]/QN (DFFRX1M)                0.34       0.34 r
  U0_RegFile/U209/Y (OAI22X1M)                            0.07       0.41 f
  U0_RegFile/regArr_reg[2][7]/D (DFFRX1M)                 0.00       0.41 f
  data arrival time                                                  0.41

  clock REG_CLK (rise edge)                               0.00       0.00
  clock network delay (ideal)                             0.00       0.00
  clock uncertainty                                       0.10       0.10
  U0_RegFile/regArr_reg[2][7]/CK (DFFRX1M)                0.00       0.10 r
  library hold time                                      -0.02       0.08
  data required time                                                 0.08
  --------------------------------------------------------------------------
  data required time                                                 0.08
  data arrival time                                                 -0.41
  --------------------------------------------------------------------------
  slack (MET)                                                        0.33


  Startpoint: U0_RegFile/regArr_reg[2][6]
              (rising edge-triggered flip-flop clocked by REG_CLK)
  Endpoint: U0_RegFile/regArr_reg[2][6]
            (rising edge-triggered flip-flop clocked by REG_CLK)
  Path Group: REG_CLK
  Path Type: min

  Point                                                   Incr       Path
  --------------------------------------------------------------------------
  clock REG_CLK (rise edge)                               0.00       0.00
  clock network delay (ideal)                             0.00       0.00
  U0_RegFile/regArr_reg[2][6]/CK (DFFRX1M)                0.00       0.00 r
  U0_RegFile/regArr_reg[2][6]/QN (DFFRX1M)                0.34       0.34 r
  U0_RegFile/U208/Y (OAI22X1M)                            0.07       0.41 f
  U0_RegFile/regArr_reg[2][6]/D (DFFRX1M)                 0.00       0.41 f
  data arrival time                                                  0.41

  clock REG_CLK (rise edge)                               0.00       0.00
  clock network delay (ideal)                             0.00       0.00
  clock uncertainty                                       0.10       0.10
  U0_RegFile/regArr_reg[2][6]/CK (DFFRX1M)                0.00       0.10 r
  library hold time                                      -0.02       0.08
  data required time                                                 0.08
  --------------------------------------------------------------------------
  data required time                                                 0.08
  data arrival time                                                 -0.41
  --------------------------------------------------------------------------
  slack (MET)                                                        0.33


  Startpoint: U0_RegFile/regArr_reg[2][5]
              (rising edge-triggered flip-flop clocked by REG_CLK)
  Endpoint: U0_RegFile/regArr_reg[2][5]
            (rising edge-triggered flip-flop clocked by REG_CLK)
  Path Group: REG_CLK
  Path Type: min

  Point                                                   Incr       Path
  --------------------------------------------------------------------------
  clock REG_CLK (rise edge)                               0.00       0.00
  clock network delay (ideal)                             0.00       0.00
  U0_RegFile/regArr_reg[2][5]/CK (DFFRX1M)                0.00       0.00 r
  U0_RegFile/regArr_reg[2][5]/QN (DFFRX1M)                0.34       0.34 r
  U0_RegFile/U207/Y (OAI22X1M)                            0.07       0.41 f
  U0_RegFile/regArr_reg[2][5]/D (DFFRX1M)                 0.00       0.41 f
  data arrival time                                                  0.41

  clock REG_CLK (rise edge)                               0.00       0.00
  clock network delay (ideal)                             0.00       0.00
  clock uncertainty                                       0.10       0.10
  U0_RegFile/regArr_reg[2][5]/CK (DFFRX1M)                0.00       0.10 r
  library hold time                                      -0.02       0.08
  data required time                                                 0.08
  --------------------------------------------------------------------------
  data required time                                                 0.08
  data arrival time                                                 -0.41
  --------------------------------------------------------------------------
  slack (MET)                                                        0.33


  Startpoint: U0_RegFile/regArr_reg[2][4]
              (rising edge-triggered flip-flop clocked by REG_CLK)
  Endpoint: U0_RegFile/regArr_reg[2][4]
            (rising edge-triggered flip-flop clocked by REG_CLK)
  Path Group: REG_CLK
  Path Type: min

  Point                                                   Incr       Path
  --------------------------------------------------------------------------
  clock REG_CLK (rise edge)                               0.00       0.00
  clock network delay (ideal)                             0.00       0.00
  U0_RegFile/regArr_reg[2][4]/CK (DFFRX1M)                0.00       0.00 r
  U0_RegFile/regArr_reg[2][4]/QN (DFFRX1M)                0.34       0.34 r
  U0_RegFile/U206/Y (OAI22X1M)                            0.07       0.41 f
  U0_RegFile/regArr_reg[2][4]/D (DFFRX1M)                 0.00       0.41 f
  data arrival time                                                  0.41

  clock REG_CLK (rise edge)                               0.00       0.00
  clock network delay (ideal)                             0.00       0.00
  clock uncertainty                                       0.10       0.10
  U0_RegFile/regArr_reg[2][4]/CK (DFFRX1M)                0.00       0.10 r
  library hold time                                      -0.02       0.08
  data required time                                                 0.08
  --------------------------------------------------------------------------
  data required time                                                 0.08
  data arrival time                                                 -0.41
  --------------------------------------------------------------------------
  slack (MET)                                                        0.33


  Startpoint: U0_RegFile/regArr_reg[2][3]
              (rising edge-triggered flip-flop clocked by REG_CLK)
  Endpoint: U0_RegFile/regArr_reg[2][3]
            (rising edge-triggered flip-flop clocked by REG_CLK)
  Path Group: REG_CLK
  Path Type: min

  Point                                                   Incr       Path
  --------------------------------------------------------------------------
  clock REG_CLK (rise edge)                               0.00       0.00
  clock network delay (ideal)                             0.00       0.00
  U0_RegFile/regArr_reg[2][3]/CK (DFFRX1M)                0.00       0.00 r
  U0_RegFile/regArr_reg[2][3]/QN (DFFRX1M)                0.34       0.34 r
  U0_RegFile/U205/Y (OAI22X1M)                            0.07       0.41 f
  U0_RegFile/regArr_reg[2][3]/D (DFFRX1M)                 0.00       0.41 f
  data arrival time                                                  0.41

  clock REG_CLK (rise edge)                               0.00       0.00
  clock network delay (ideal)                             0.00       0.00
  clock uncertainty                                       0.10       0.10
  U0_RegFile/regArr_reg[2][3]/CK (DFFRX1M)                0.00       0.10 r
  library hold time                                      -0.02       0.08
  data required time                                                 0.08
  --------------------------------------------------------------------------
  data required time                                                 0.08
  data arrival time                                                 -0.41
  --------------------------------------------------------------------------
  slack (MET)                                                        0.33


  Startpoint: U0_RegFile/regArr_reg[2][1]
              (rising edge-triggered flip-flop clocked by REG_CLK)
  Endpoint: U0_RegFile/regArr_reg[2][1]
            (rising edge-triggered flip-flop clocked by REG_CLK)
  Path Group: REG_CLK
  Path Type: min

  Point                                                   Incr       Path
  --------------------------------------------------------------------------
  clock REG_CLK (rise edge)                               0.00       0.00
  clock network delay (ideal)                             0.00       0.00
  U0_RegFile/regArr_reg[2][1]/CK (DFFRX1M)                0.00       0.00 r
  U0_RegFile/regArr_reg[2][1]/QN (DFFRX1M)                0.34       0.34 r
  U0_RegFile/U204/Y (OAI22X1M)                            0.07       0.41 f
  U0_RegFile/regArr_reg[2][1]/D (DFFRX1M)                 0.00       0.41 f
  data arrival time                                                  0.41

  clock REG_CLK (rise edge)                               0.00       0.00
  clock network delay (ideal)                             0.00       0.00
  clock uncertainty                                       0.10       0.10
  U0_RegFile/regArr_reg[2][1]/CK (DFFRX1M)                0.00       0.10 r
  library hold time                                      -0.02       0.08
  data required time                                                 0.08
  --------------------------------------------------------------------------
  data required time                                                 0.08
  data arrival time                                                 -0.41
  --------------------------------------------------------------------------
  slack (MET)                                                        0.33


  Startpoint: U0_RegFile/regArr_reg[2][2]
              (rising edge-triggered flip-flop clocked by REG_CLK)
  Endpoint: U0_RegFile/regArr_reg[2][2]
            (rising edge-triggered flip-flop clocked by REG_CLK)
  Path Group: REG_CLK
  Path Type: min

  Point                                                   Incr       Path
  --------------------------------------------------------------------------
  clock REG_CLK (rise edge)                               0.00       0.00
  clock network delay (ideal)                             0.00       0.00
  U0_RegFile/regArr_reg[2][2]/CK (DFFSX1M)                0.00       0.00 r
  U0_RegFile/regArr_reg[2][2]/QN (DFFSX1M)                0.35       0.35 r
  U0_RegFile/U203/Y (OAI22X1M)                            0.08       0.43 f
  U0_RegFile/regArr_reg[2][2]/D (DFFSX1M)                 0.00       0.43 f
  data arrival time                                                  0.43

  clock REG_CLK (rise edge)                               0.00       0.00
  clock network delay (ideal)                             0.00       0.00
  clock uncertainty                                       0.10       0.10
  U0_RegFile/regArr_reg[2][2]/CK (DFFSX1M)                0.00       0.10 r
  library hold time                                      -0.01       0.09
  data required time                                                 0.09
  --------------------------------------------------------------------------
  data required time                                                 0.09
  data arrival time                                                 -0.43
  --------------------------------------------------------------------------
  slack (MET)                                                        0.34


  Startpoint: U0_RegFile/regArr_reg[1][7]
              (rising edge-triggered flip-flop clocked by REG_CLK)
  Endpoint: U0_RegFile/RdData_reg[7]
            (rising edge-triggered flip-flop clocked by REG_CLK)
  Path Group: REG_CLK
  Path Type: min

  Point                                                   Incr       Path
  --------------------------------------------------------------------------
  clock REG_CLK (rise edge)                               0.00       0.00
  clock network delay (ideal)                             0.00       0.00
  U0_RegFile/regArr_reg[1][7]/CK (DFFRX1M)                0.00       0.00 r
  U0_RegFile/regArr_reg[1][7]/QN (DFFRX1M)                0.32       0.32 f
  U0_RegFile/U253/Y (OAI22X1M)                            0.12       0.45 r
  U0_RegFile/U278/Y (AOI221XLM)                           0.09       0.53 f
  U0_RegFile/U277/Y (OAI22X1M)                            0.13       0.66 r
  U0_RegFile/RdData_reg[7]/D (EDFFHQX8M)                  0.00       0.66 r
  data arrival time                                                  0.66

  clock REG_CLK (rise edge)                               0.00       0.00
  clock network delay (ideal)                             0.00       0.00
  clock uncertainty                                       0.10       0.10
  U0_RegFile/RdData_reg[7]/CK (EDFFHQX8M)                 0.00       0.10 r
  library hold time                                      -0.11      -0.01
  data required time                                                -0.01
  --------------------------------------------------------------------------
  data required time                                                -0.01
  data arrival time                                                 -0.66
  --------------------------------------------------------------------------
  slack (MET)                                                        0.67


  Startpoint: U0_RegFile/regArr_reg[1][6]
              (rising edge-triggered flip-flop clocked by REG_CLK)
  Endpoint: U0_RegFile/RdData_reg[6]
            (rising edge-triggered flip-flop clocked by REG_CLK)
  Path Group: REG_CLK
  Path Type: min

  Point                                                   Incr       Path
  --------------------------------------------------------------------------
  clock REG_CLK (rise edge)                               0.00       0.00
  clock network delay (ideal)                             0.00       0.00
  U0_RegFile/regArr_reg[1][6]/CK (DFFRX1M)                0.00       0.00 r
  U0_RegFile/regArr_reg[1][6]/QN (DFFRX1M)                0.32       0.32 f
  U0_RegFile/U251/Y (OAI22X1M)                            0.12       0.45 r
  U0_RegFile/U275/Y (AOI221XLM)                           0.09       0.53 f
  U0_RegFile/U274/Y (OAI22X1M)                            0.13       0.66 r
  U0_RegFile/RdData_reg[6]/D (EDFFHQX8M)                  0.00       0.66 r
  data arrival time                                                  0.66

  clock REG_CLK (rise edge)                               0.00       0.00
  clock network delay (ideal)                             0.00       0.00
  clock uncertainty                                       0.10       0.10
  U0_RegFile/RdData_reg[6]/CK (EDFFHQX8M)                 0.00       0.10 r
  library hold time                                      -0.11      -0.01
  data required time                                                -0.01
  --------------------------------------------------------------------------
  data required time                                                -0.01
  data arrival time                                                 -0.66
  --------------------------------------------------------------------------
  slack (MET)                                                        0.67


  Startpoint: U0_RegFile/regArr_reg[1][5]
              (rising edge-triggered flip-flop clocked by REG_CLK)
  Endpoint: U0_RegFile/RdData_reg[5]
            (rising edge-triggered flip-flop clocked by REG_CLK)
  Path Group: REG_CLK
  Path Type: min

  Point                                                   Incr       Path
  --------------------------------------------------------------------------
  clock REG_CLK (rise edge)                               0.00       0.00
  clock network delay (ideal)                             0.00       0.00
  U0_RegFile/regArr_reg[1][5]/CK (DFFRX1M)                0.00       0.00 r
  U0_RegFile/regArr_reg[1][5]/QN (DFFRX1M)                0.32       0.32 f
  U0_RegFile/U249/Y (OAI22X1M)                            0.12       0.45 r
  U0_RegFile/U272/Y (AOI221XLM)                           0.09       0.53 f
  U0_RegFile/U271/Y (OAI22X1M)                            0.13       0.66 r
  U0_RegFile/RdData_reg[5]/D (EDFFHQX8M)                  0.00       0.66 r
  data arrival time                                                  0.66

  clock REG_CLK (rise edge)                               0.00       0.00
  clock network delay (ideal)                             0.00       0.00
  clock uncertainty                                       0.10       0.10
  U0_RegFile/RdData_reg[5]/CK (EDFFHQX8M)                 0.00       0.10 r
  library hold time                                      -0.11      -0.01
  data required time                                                -0.01
  --------------------------------------------------------------------------
  data required time                                                -0.01
  data arrival time                                                 -0.66
  --------------------------------------------------------------------------
  slack (MET)                                                        0.67


  Startpoint: U0_RegFile/regArr_reg[1][4]
              (rising edge-triggered flip-flop clocked by REG_CLK)
  Endpoint: U0_RegFile/RdData_reg[4]
            (rising edge-triggered flip-flop clocked by REG_CLK)
  Path Group: REG_CLK
  Path Type: min

  Point                                                   Incr       Path
  --------------------------------------------------------------------------
  clock REG_CLK (rise edge)                               0.00       0.00
  clock network delay (ideal)                             0.00       0.00
  U0_RegFile/regArr_reg[1][4]/CK (DFFRX1M)                0.00       0.00 r
  U0_RegFile/regArr_reg[1][4]/QN (DFFRX1M)                0.32       0.32 f
  U0_RegFile/U247/Y (OAI22X1M)                            0.12       0.45 r
  U0_RegFile/U269/Y (AOI221XLM)                           0.09       0.53 f
  U0_RegFile/U268/Y (OAI22X1M)                            0.13       0.66 r
  U0_RegFile/RdData_reg[4]/D (EDFFHQX8M)                  0.00       0.66 r
  data arrival time                                                  0.66

  clock REG_CLK (rise edge)                               0.00       0.00
  clock network delay (ideal)                             0.00       0.00
  clock uncertainty                                       0.10       0.10
  U0_RegFile/RdData_reg[4]/CK (EDFFHQX8M)                 0.00       0.10 r
  library hold time                                      -0.11      -0.01
  data required time                                                -0.01
  --------------------------------------------------------------------------
  data required time                                                -0.01
  data arrival time                                                 -0.66
  --------------------------------------------------------------------------
  slack (MET)                                                        0.67


  Startpoint: U0_RegFile/regArr_reg[1][2]
              (rising edge-triggered flip-flop clocked by REG_CLK)
  Endpoint: U0_RegFile/RdData_reg[2]
            (rising edge-triggered flip-flop clocked by REG_CLK)
  Path Group: REG_CLK
  Path Type: min

  Point                                                   Incr       Path
  --------------------------------------------------------------------------
  clock REG_CLK (rise edge)                               0.00       0.00
  clock network delay (ideal)                             0.00       0.00
  U0_RegFile/regArr_reg[1][2]/CK (DFFRX1M)                0.00       0.00 r
  U0_RegFile/regArr_reg[1][2]/QN (DFFRX1M)                0.32       0.32 f
  U0_RegFile/U243/Y (OAI22X1M)                            0.12       0.45 r
  U0_RegFile/U263/Y (AOI221XLM)                           0.09       0.53 f
  U0_RegFile/U262/Y (OAI22X1M)                            0.13       0.66 r
  U0_RegFile/RdData_reg[2]/D (EDFFHQX8M)                  0.00       0.66 r
  data arrival time                                                  0.66

  clock REG_CLK (rise edge)                               0.00       0.00
  clock network delay (ideal)                             0.00       0.00
  clock uncertainty                                       0.10       0.10
  U0_RegFile/RdData_reg[2]/CK (EDFFHQX8M)                 0.00       0.10 r
  library hold time                                      -0.11      -0.01
  data required time                                                -0.01
  --------------------------------------------------------------------------
  data required time                                                -0.01
  data arrival time                                                 -0.66
  --------------------------------------------------------------------------
  slack (MET)                                                        0.67


  Startpoint: U0_RegFile/regArr_reg[1][1]
              (rising edge-triggered flip-flop clocked by REG_CLK)
  Endpoint: U0_RegFile/RdData_reg[1]
            (rising edge-triggered flip-flop clocked by REG_CLK)
  Path Group: REG_CLK
  Path Type: min

  Point                                                   Incr       Path
  --------------------------------------------------------------------------
  clock REG_CLK (rise edge)                               0.00       0.00
  clock network delay (ideal)                             0.00       0.00
  U0_RegFile/regArr_reg[1][1]/CK (DFFRX1M)                0.00       0.00 r
  U0_RegFile/regArr_reg[1][1]/QN (DFFRX1M)                0.32       0.32 f
  U0_RegFile/U241/Y (OAI22X1M)                            0.12       0.45 r
  U0_RegFile/U260/Y (AOI221XLM)                           0.09       0.53 f
  U0_RegFile/U259/Y (OAI22X1M)                            0.13       0.66 r
  U0_RegFile/RdData_reg[1]/D (EDFFHQX8M)                  0.00       0.66 r
  data arrival time                                                  0.66

  clock REG_CLK (rise edge)                               0.00       0.00
  clock network delay (ideal)                             0.00       0.00
  clock uncertainty                                       0.10       0.10
  U0_RegFile/RdData_reg[1]/CK (EDFFHQX8M)                 0.00       0.10 r
  library hold time                                      -0.11      -0.01
  data required time                                                -0.01
  --------------------------------------------------------------------------
  data required time                                                -0.01
  data arrival time                                                 -0.66
  --------------------------------------------------------------------------
  slack (MET)                                                        0.67


  Startpoint: U0_RegFile/regArr_reg[1][0]
              (rising edge-triggered flip-flop clocked by REG_CLK)
  Endpoint: U0_RegFile/RdData_reg[0]
            (rising edge-triggered flip-flop clocked by REG_CLK)
  Path Group: REG_CLK
  Path Type: min

  Point                                                   Incr       Path
  --------------------------------------------------------------------------
  clock REG_CLK (rise edge)                               0.00       0.00
  clock network delay (ideal)                             0.00       0.00
  U0_RegFile/regArr_reg[1][0]/CK (DFFRX1M)                0.00       0.00 r
  U0_RegFile/regArr_reg[1][0]/QN (DFFRX1M)                0.32       0.32 f
  U0_RegFile/U239/Y (OAI22X1M)                            0.12       0.45 r
  U0_RegFile/U257/Y (AOI221XLM)                           0.09       0.53 f
  U0_RegFile/U256/Y (OAI22X1M)                            0.13       0.66 r
  U0_RegFile/RdData_reg[0]/D (EDFFHQX8M)                  0.00       0.66 r
  data arrival time                                                  0.66

  clock REG_CLK (rise edge)                               0.00       0.00
  clock network delay (ideal)                             0.00       0.00
  clock uncertainty                                       0.10       0.10
  U0_RegFile/RdData_reg[0]/CK (EDFFHQX8M)                 0.00       0.10 r
  library hold time                                      -0.11      -0.01
  data required time                                                -0.01
  --------------------------------------------------------------------------
  data required time                                                -0.01
  data arrival time                                                 -0.66
  --------------------------------------------------------------------------
  slack (MET)                                                        0.67


  Startpoint: U0_RegFile/regArr_reg[3][3]
              (rising edge-triggered flip-flop clocked by REG_CLK)
  Endpoint: U0_RegFile/RdData_reg[3]
            (rising edge-triggered flip-flop clocked by REG_CLK)
  Path Group: REG_CLK
  Path Type: min

  Point                                                   Incr       Path
  --------------------------------------------------------------------------
  clock REG_CLK (rise edge)                               0.00       0.00
  clock network delay (ideal)                             0.00       0.00
  U0_RegFile/regArr_reg[3][3]/CK (DFFRX1M)                0.00       0.00 r
  U0_RegFile/regArr_reg[3][3]/QN (DFFRX1M)                0.32       0.32 f
  U0_RegFile/U245/Y (OAI22X1M)                            0.18       0.50 r
  U0_RegFile/U266/Y (AOI221XLM)                           0.09       0.59 f
  U0_RegFile/U265/Y (OAI22X1M)                            0.13       0.72 r
  U0_RegFile/RdData_reg[3]/D (EDFFHQX8M)                  0.00       0.72 r
  data arrival time                                                  0.72

  clock REG_CLK (rise edge)                               0.00       0.00
  clock network delay (ideal)                             0.00       0.00
  clock uncertainty                                       0.10       0.10
  U0_RegFile/RdData_reg[3]/CK (EDFFHQX8M)                 0.00       0.10 r
  library hold time                                      -0.11      -0.01
  data required time                                                -0.01
  --------------------------------------------------------------------------
  data required time                                                -0.01
  data arrival time                                                 -0.72
  --------------------------------------------------------------------------
  slack (MET)                                                        0.73


1
