 
****************************************
Report : timing
        -path full
        -delay max
        -max_paths 100
Design : System_Top
Version: O-2018.06-SP1
Date   : Thu Aug 20 20:37:14 2026
****************************************

Operating Conditions: scmetro_tsmc_cl013g_rvt_ss_1p08v_125c   Library: scmetro_tsmc_cl013g_rvt_ss_1p08v_125c
Wire Load Model Mode: top

  Startpoint: U0_RegFile/regArr_reg[1][1]
              (rising edge-triggered flip-flop clocked by REG_CLK)
  Endpoint: U0_ALU/ALU_OUT_reg[0]
            (rising edge-triggered flip-flop clocked by ALU_CLK)
  Path Group: ALU_CLK
  Path Type: max

  Point                                                   Incr       Path
  --------------------------------------------------------------------------
  clock REG_CLK (rise edge)                               0.00       0.00
  clock network delay (ideal)                             0.00       0.00
  U0_RegFile/regArr_reg[1][1]/CK (DFFRX1M)                0.00       0.00 r
  U0_RegFile/regArr_reg[1][1]/Q (DFFRX1M)                 0.92       0.92 r
  U0_RegFile/REG1[1] (RegFile)                            0.00       0.92 r
  U0_ALU/B[1] (ALU)                                       0.00       0.92 r
  U0_ALU/div_51/b[1] (ALU_DW_div_uns_0)                   0.00       0.92 r
  U0_ALU/div_51/U230/Y (INVX2M)                           0.29       1.21 f
  U0_ALU/div_51/U216/Y (OAI211X2M)                        0.32       1.53 r
  U0_ALU/div_51/U163/Y (OAI21X2M)                         0.15       1.68 f
  U0_ALU/div_51/U251/Y (OAI21X2M)                         0.17       1.85 r
  U0_ALU/div_51/U238/Y (OAI2BB1X2M)                       0.08       1.93 f
  U0_ALU/div_51/U237/Y (OAI2BB1X2M)                       0.18       2.11 f
  U0_ALU/div_51/U236/Y (OAI32X1M)                         0.28       2.39 r
  U0_ALU/div_51/U235/Y (NAND2X2M)                         0.15       2.54 f
  U0_ALU/div_51/U183/Y (INVX2M)                           0.11       2.65 r
  U0_ALU/div_51/U154/Y (AO21XLM)                          0.18       2.83 r
  U0_ALU/div_51/U153/Y (OAI31X1M)                         0.13       2.96 f
  U0_ALU/div_51/U219/Y (AND2X2M)                          0.17       3.14 f
  U0_ALU/div_51/U218/Y (OAI22X1M)                         0.28       3.42 r
  U0_ALU/div_51/U196/Y (AO21XLM)                          0.25       3.67 r
  U0_ALU/div_51/U152/Y (OAI21X2M)                         0.08       3.75 f
  U0_ALU/div_51/U142/Y (OAI31X1M)                         0.62       4.38 r
  U0_ALU/div_51/U232/Y (AOI21XLM)                         0.21       4.58 f
  U0_ALU/div_51/U231/Y (AOI31X1M)                         0.28       4.87 r
  U0_ALU/div_51/U166/Y (OAI2BB1X2M)                       0.21       5.07 r
  U0_ALU/div_51/U255/Y (NOR2X2M)                          0.05       5.13 f
  U0_ALU/div_51/U254/Y (OAI2BB2X1M)                       0.25       5.37 r
  U0_ALU/div_51/U252/Y (OAI2BB1X2M)                       0.18       5.56 r
  U0_ALU/div_51/U242/Y (OAI21X2M)                         0.09       5.65 f
  U0_ALU/div_51/U241/Y (AOI211XLM)                        0.39       6.04 r
  U0_ALU/div_51/U239/Y (OAI21X2M)                         0.13       6.17 f
  U0_ALU/div_51/U180/Y (INVX2M)                           0.15       6.33 r
  U0_ALU/div_51/U156/Y (AO21XLM)                          0.20       6.52 r
  U0_ALU/div_51/U155/Y (OAI31X1M)                         0.14       6.66 f
  U0_ALU/div_51/U165/Y (OAI2BB1X2M)                       0.22       6.88 f
  U0_ALU/div_51/U164/Y (OAI21X2M)                         0.09       6.97 r
  U0_ALU/div_51/U172/Y (OAI21X2M)                         0.11       7.08 f
  U0_ALU/div_51/U171/Y (OAI2BB1X2M)                       0.10       7.18 r
  U0_ALU/div_51/U223/Y (NOR2X2M)                          0.05       7.24 f
  U0_ALU/div_51/U222/Y (OAI2BB2X1M)                       0.24       7.47 r
  U0_ALU/div_51/U181/Y (NOR2X2M)                          0.08       7.55 f
  U0_ALU/div_51/U246/Y (OAI2BB2X1M)                       0.21       7.76 r
  U0_ALU/div_51/U244/Y (NAND4BBX1M)                       0.22       7.99 f
  U0_ALU/div_51/U243/Y (NAND2X2M)                         0.22       8.20 r
  U0_ALU/div_51/U182/Y (INVX2M)                           0.09       8.29 f
  U0_ALU/div_51/U179/Y (OAI21X2M)                         0.15       8.44 r
  U0_ALU/div_51/U178/Y (OAI21X2M)                         0.11       8.55 f
  U0_ALU/div_51/U174/Y (OAI21X2M)                         0.15       8.70 r
  U0_ALU/div_51/U173/Y (OAI2BB1X2M)                       0.10       8.80 f
  U0_ALU/div_51/U177/Y (OAI21X2M)                         0.16       8.96 r
  U0_ALU/div_51/U176/Y (OAI2BB1X2M)                       0.11       9.07 f
  U0_ALU/div_51/U229/Y (OAI2BB1X2M)                       0.19       9.26 f
  U0_ALU/div_51/U228/Y (OAI21X2M)                         0.11       9.37 r
  U0_ALU/div_51/U234/Y (AO21XLM)                          0.23       9.60 r
  U0_ALU/div_51/U233/Y (OAI21X2M)                         0.10       9.71 f
  U0_ALU/div_51/U253/Y (OAI2BB1X2M)                       0.19       9.90 f
  U0_ALU/div_51/U263/Y (OAI21X2M)                         0.08       9.99 r
  U0_ALU/div_51/U262/Y (AOI2BB2XLM)                       0.27      10.26 r
  U0_ALU/div_51/U261/Y (AOI211X2M)                        0.07      10.33 f
  U0_ALU/div_51/U260/Y (BUFX2M)                           0.23      10.56 f
  U0_ALU/div_51/U175/Y (AOI2BB2XLM)                       0.22      10.79 r
  U0_ALU/div_51/U187/Y (NOR2X2M)                          0.06      10.85 f
  U0_ALU/div_51/U185/Y (OA21X2M)                          0.33      11.18 f
  U0_ALU/div_51/U144/Y (AND2X2M)                          0.17      11.35 f
  U0_ALU/div_51/U226/Y (OAI22X1M)                         0.24      11.59 r
  U0_ALU/div_51/U225/Y (OAI2BB1X2M)                       0.18      11.77 r
  U0_ALU/div_51/U224/Y (OAI21X2M)                         0.09      11.86 f
  U0_ALU/div_51/U267/Y (AO21XLM)                          0.31      12.17 f
  U0_ALU/div_51/U249/Y (OAI21X2M)                         0.09      12.26 r
  U0_ALU/div_51/U248/Y (NOR2X2M)                          0.07      12.33 f
  U0_ALU/div_51/U247/Y (OAI2BB2X1M)                       0.20      12.53 r
  U0_ALU/div_51/U259/Y (OAI2BB1X2M)                       0.17      12.70 r
  U0_ALU/div_51/U258/Y (OAI21X2M)                         0.08      12.78 f
  U0_ALU/div_51/U257/Y (OAI2BB1X2M)                       0.18      12.95 f
  U0_ALU/div_51/U256/Y (OAI32X1M)                         0.26      13.21 r
  U0_ALU/div_51/quotient[0] (ALU_DW_div_uns_0)            0.00      13.21 r
  U0_ALU/U164/Y (AOI222X1M)                               0.21      13.42 f
  U0_ALU/U162/Y (AOI31X2M)                                0.20      13.62 r
  U0_ALU/ALU_OUT_reg[0]/D (DFFRHQX8M)                     0.00      13.62 r
  data arrival time                                                 13.62

  clock ALU_CLK (rise edge)                             100.00     100.00
  clock network delay (ideal)                             0.00     100.00
  clock uncertainty                                      -0.20      99.80
  U0_ALU/ALU_OUT_reg[0]/CK (DFFRHQX8M)                    0.00      99.80 r
  library setup time                                     -0.18      99.62
  data required time                                                99.62
  --------------------------------------------------------------------------
  data required time                                                99.62
  data arrival time                                                -13.62
  --------------------------------------------------------------------------
  slack (MET)                                                       86.00


  Startpoint: U0_RegFile/regArr_reg[1][1]
              (rising edge-triggered flip-flop clocked by REG_CLK)
  Endpoint: U0_ALU/ALU_OUT_reg[1]
            (rising edge-triggered flip-flop clocked by ALU_CLK)
  Path Group: ALU_CLK
  Path Type: max

  Point                                                   Incr       Path
  --------------------------------------------------------------------------
  clock REG_CLK (rise edge)                               0.00       0.00
  clock network delay (ideal)                             0.00       0.00
  U0_RegFile/regArr_reg[1][1]/CK (DFFRX1M)                0.00       0.00 r
  U0_RegFile/regArr_reg[1][1]/Q (DFFRX1M)                 0.92       0.92 r
  U0_RegFile/REG1[1] (RegFile)                            0.00       0.92 r
  U0_ALU/B[1] (ALU)                                       0.00       0.92 r
  U0_ALU/div_51/b[1] (ALU_DW_div_uns_0)                   0.00       0.92 r
  U0_ALU/div_51/U230/Y (INVX2M)                           0.29       1.21 f
  U0_ALU/div_51/U216/Y (OAI211X2M)                        0.32       1.53 r
  U0_ALU/div_51/U163/Y (OAI21X2M)                         0.15       1.68 f
  U0_ALU/div_51/U251/Y (OAI21X2M)                         0.17       1.85 r
  U0_ALU/div_51/U238/Y (OAI2BB1X2M)                       0.08       1.93 f
  U0_ALU/div_51/U237/Y (OAI2BB1X2M)                       0.18       2.11 f
  U0_ALU/div_51/U236/Y (OAI32X1M)                         0.28       2.39 r
  U0_ALU/div_51/U235/Y (NAND2X2M)                         0.15       2.54 f
  U0_ALU/div_51/U183/Y (INVX2M)                           0.11       2.65 r
  U0_ALU/div_51/U154/Y (AO21XLM)                          0.18       2.83 r
  U0_ALU/div_51/U153/Y (OAI31X1M)                         0.13       2.96 f
  U0_ALU/div_51/U219/Y (AND2X2M)                          0.17       3.14 f
  U0_ALU/div_51/U218/Y (OAI22X1M)                         0.28       3.42 r
  U0_ALU/div_51/U196/Y (AO21XLM)                          0.25       3.67 r
  U0_ALU/div_51/U152/Y (OAI21X2M)                         0.08       3.75 f
  U0_ALU/div_51/U142/Y (OAI31X1M)                         0.62       4.38 r
  U0_ALU/div_51/U232/Y (AOI21XLM)                         0.21       4.58 f
  U0_ALU/div_51/U231/Y (AOI31X1M)                         0.28       4.87 r
  U0_ALU/div_51/U166/Y (OAI2BB1X2M)                       0.21       5.07 r
  U0_ALU/div_51/U255/Y (NOR2X2M)                          0.05       5.13 f
  U0_ALU/div_51/U254/Y (OAI2BB2X1M)                       0.25       5.37 r
  U0_ALU/div_51/U252/Y (OAI2BB1X2M)                       0.18       5.56 r
  U0_ALU/div_51/U242/Y (OAI21X2M)                         0.09       5.65 f
  U0_ALU/div_51/U241/Y (AOI211XLM)                        0.39       6.04 r
  U0_ALU/div_51/U239/Y (OAI21X2M)                         0.13       6.17 f
  U0_ALU/div_51/U180/Y (INVX2M)                           0.15       6.33 r
  U0_ALU/div_51/U156/Y (AO21XLM)                          0.20       6.52 r
  U0_ALU/div_51/U155/Y (OAI31X1M)                         0.14       6.66 f
  U0_ALU/div_51/U165/Y (OAI2BB1X2M)                       0.22       6.88 f
  U0_ALU/div_51/U164/Y (OAI21X2M)                         0.09       6.97 r
  U0_ALU/div_51/U172/Y (OAI21X2M)                         0.11       7.08 f
  U0_ALU/div_51/U171/Y (OAI2BB1X2M)                       0.10       7.18 r
  U0_ALU/div_51/U223/Y (NOR2X2M)                          0.05       7.24 f
  U0_ALU/div_51/U222/Y (OAI2BB2X1M)                       0.24       7.47 r
  U0_ALU/div_51/U181/Y (NOR2X2M)                          0.08       7.55 f
  U0_ALU/div_51/U246/Y (OAI2BB2X1M)                       0.21       7.76 r
  U0_ALU/div_51/U244/Y (NAND4BBX1M)                       0.22       7.99 f
  U0_ALU/div_51/U243/Y (NAND2X2M)                         0.22       8.20 r
  U0_ALU/div_51/U182/Y (INVX2M)                           0.09       8.29 f
  U0_ALU/div_51/U179/Y (OAI21X2M)                         0.15       8.44 r
  U0_ALU/div_51/U178/Y (OAI21X2M)                         0.11       8.55 f
  U0_ALU/div_51/U174/Y (OAI21X2M)                         0.15       8.70 r
  U0_ALU/div_51/U173/Y (OAI2BB1X2M)                       0.10       8.80 f
  U0_ALU/div_51/U177/Y (OAI21X2M)                         0.16       8.96 r
  U0_ALU/div_51/U176/Y (OAI2BB1X2M)                       0.11       9.07 f
  U0_ALU/div_51/U229/Y (OAI2BB1X2M)                       0.19       9.26 f
  U0_ALU/div_51/U228/Y (OAI21X2M)                         0.11       9.37 r
  U0_ALU/div_51/U234/Y (AO21XLM)                          0.23       9.60 r
  U0_ALU/div_51/U233/Y (OAI21X2M)                         0.10       9.71 f
  U0_ALU/div_51/U253/Y (OAI2BB1X2M)                       0.19       9.90 f
  U0_ALU/div_51/U263/Y (OAI21X2M)                         0.08       9.99 r
  U0_ALU/div_51/U262/Y (AOI2BB2XLM)                       0.27      10.26 r
  U0_ALU/div_51/U261/Y (AOI211X2M)                        0.07      10.33 f
  U0_ALU/div_51/U260/Y (BUFX2M)                           0.23      10.56 f
  U0_ALU/div_51/quotient[1] (ALU_DW_div_uns_0)            0.00      10.56 f
  U0_ALU/U181/Y (AOI222X1M)                               0.37      10.93 r
  U0_ALU/U179/Y (AOI31X2M)                                0.15      11.09 f
  U0_ALU/ALU_OUT_reg[1]/D (DFFRHQX8M)                     0.00      11.09 f
  data arrival time                                                 11.09

  clock ALU_CLK (rise edge)                             100.00     100.00
  clock network delay (ideal)                             0.00     100.00
  clock uncertainty                                      -0.20      99.80
  U0_ALU/ALU_OUT_reg[1]/CK (DFFRHQX8M)                    0.00      99.80 r
  library setup time                                     -0.19      99.61
  data required time                                                99.61
  --------------------------------------------------------------------------
  data required time                                                99.61
  data arrival time                                                -11.09
  --------------------------------------------------------------------------
  slack (MET)                                                       88.52


  Startpoint: U0_RegFile/regArr_reg[1][1]
              (rising edge-triggered flip-flop clocked by REG_CLK)
  Endpoint: U0_ALU/ALU_OUT_reg[2]
            (rising edge-triggered flip-flop clocked by ALU_CLK)
  Path Group: ALU_CLK
  Path Type: max

  Point                                                   Incr       Path
  --------------------------------------------------------------------------
  clock REG_CLK (rise edge)                               0.00       0.00
  clock network delay (ideal)                             0.00       0.00
  U0_RegFile/regArr_reg[1][1]/CK (DFFRX1M)                0.00       0.00 r
  U0_RegFile/regArr_reg[1][1]/Q (DFFRX1M)                 0.92       0.92 r
  U0_RegFile/REG1[1] (RegFile)                            0.00       0.92 r
  U0_ALU/B[1] (ALU)                                       0.00       0.92 r
  U0_ALU/div_51/b[1] (ALU_DW_div_uns_0)                   0.00       0.92 r
  U0_ALU/div_51/U230/Y (INVX2M)                           0.29       1.21 f
  U0_ALU/div_51/U216/Y (OAI211X2M)                        0.32       1.53 r
  U0_ALU/div_51/U163/Y (OAI21X2M)                         0.15       1.68 f
  U0_ALU/div_51/U251/Y (OAI21X2M)                         0.17       1.85 r
  U0_ALU/div_51/U238/Y (OAI2BB1X2M)                       0.08       1.93 f
  U0_ALU/div_51/U237/Y (OAI2BB1X2M)                       0.18       2.11 f
  U0_ALU/div_51/U236/Y (OAI32X1M)                         0.28       2.39 r
  U0_ALU/div_51/U235/Y (NAND2X2M)                         0.15       2.54 f
  U0_ALU/div_51/U183/Y (INVX2M)                           0.11       2.65 r
  U0_ALU/div_51/U154/Y (AO21XLM)                          0.18       2.83 r
  U0_ALU/div_51/U153/Y (OAI31X1M)                         0.13       2.96 f
  U0_ALU/div_51/U219/Y (AND2X2M)                          0.17       3.14 f
  U0_ALU/div_51/U218/Y (OAI22X1M)                         0.28       3.42 r
  U0_ALU/div_51/U196/Y (AO21XLM)                          0.25       3.67 r
  U0_ALU/div_51/U152/Y (OAI21X2M)                         0.08       3.75 f
  U0_ALU/div_51/U142/Y (OAI31X1M)                         0.62       4.38 r
  U0_ALU/div_51/U231/Y (AOI31X1M)                         0.30       4.68 f
  U0_ALU/div_51/U167/Y (OAI21X2M)                         0.21       4.89 r
  U0_ALU/div_51/U166/Y (OAI2BB1X2M)                       0.10       4.99 f
  U0_ALU/div_51/U254/Y (OAI2BB2X1M)                       0.31       5.30 f
  U0_ALU/div_51/U252/Y (OAI2BB1X2M)                       0.23       5.53 f
  U0_ALU/div_51/U242/Y (OAI21X2M)                         0.09       5.62 r
  U0_ALU/div_51/U241/Y (AOI211XLM)                        0.17       5.79 f
  U0_ALU/div_51/U239/Y (OAI21X2M)                         0.23       6.02 r
  U0_ALU/div_51/U180/Y (INVX2M)                           0.12       6.14 f
  U0_ALU/div_51/U156/Y (AO21XLM)                          0.32       6.46 f
  U0_ALU/div_51/U155/Y (OAI31X1M)                         0.12       6.58 r
  U0_ALU/div_51/U165/Y (OAI2BB1X2M)                       0.19       6.77 r
  U0_ALU/div_51/U164/Y (OAI21X2M)                         0.09       6.86 f
  U0_ALU/div_51/U172/Y (OAI21X2M)                         0.17       7.03 r
  U0_ALU/div_51/U171/Y (OAI2BB1X2M)                       0.11       7.13 f
  U0_ALU/div_51/U222/Y (OAI2BB2X1M)                       0.30       7.43 f
  U0_ALU/div_51/U246/Y (OAI2BB2X1M)                       0.32       7.75 f
  U0_ALU/div_51/U245/Y (OAI21X2M)                         0.19       7.94 r
  U0_ALU/div_51/U243/Y (NAND2X2M)                         0.17       8.10 f
  U0_ALU/div_51/quotient[2] (ALU_DW_div_uns_0)            0.00       8.10 f
  U0_ALU/U185/Y (AOI222X1M)                               0.38       8.48 r
  U0_ALU/U183/Y (AOI31X2M)                                0.15       8.64 f
  U0_ALU/ALU_OUT_reg[2]/D (DFFRHQX8M)                     0.00       8.64 f
  data arrival time                                                  8.64

  clock ALU_CLK (rise edge)                             100.00     100.00
  clock network delay (ideal)                             0.00     100.00
  clock uncertainty                                      -0.20      99.80
  U0_ALU/ALU_OUT_reg[2]/CK (DFFRHQX8M)                    0.00      99.80 r
  library setup time                                     -0.19      99.61
  data required time                                                99.61
  --------------------------------------------------------------------------
  data required time                                                99.61
  data arrival time                                                 -8.64
  --------------------------------------------------------------------------
  slack (MET)                                                       90.97


  Startpoint: U0_RegFile/regArr_reg[1][1]
              (rising edge-triggered flip-flop clocked by REG_CLK)
  Endpoint: U0_ALU/ALU_OUT_reg[3]
            (rising edge-triggered flip-flop clocked by ALU_CLK)
  Path Group: ALU_CLK
  Path Type: max

  Point                                                   Incr       Path
  --------------------------------------------------------------------------
  clock REG_CLK (rise edge)                               0.00       0.00
  clock network delay (ideal)                             0.00       0.00
  U0_RegFile/regArr_reg[1][1]/CK (DFFRX1M)                0.00       0.00 r
  U0_RegFile/regArr_reg[1][1]/Q (DFFRX1M)                 0.92       0.92 r
  U0_RegFile/REG1[1] (RegFile)                            0.00       0.92 r
  U0_ALU/B[1] (ALU)                                       0.00       0.92 r
  U0_ALU/div_51/b[1] (ALU_DW_div_uns_0)                   0.00       0.92 r
  U0_ALU/div_51/U230/Y (INVX2M)                           0.29       1.21 f
  U0_ALU/div_51/U216/Y (OAI211X2M)                        0.32       1.53 r
  U0_ALU/div_51/U163/Y (OAI21X2M)                         0.15       1.68 f
  U0_ALU/div_51/U251/Y (OAI21X2M)                         0.17       1.85 r
  U0_ALU/div_51/U238/Y (OAI2BB1X2M)                       0.08       1.93 f
  U0_ALU/div_51/U237/Y (OAI2BB1X2M)                       0.18       2.11 f
  U0_ALU/div_51/U236/Y (OAI32X1M)                         0.28       2.39 r
  U0_ALU/div_51/U235/Y (NAND2X2M)                         0.15       2.54 f
  U0_ALU/div_51/U183/Y (INVX2M)                           0.11       2.65 r
  U0_ALU/div_51/U154/Y (AO21XLM)                          0.18       2.83 r
  U0_ALU/div_51/U153/Y (OAI31X1M)                         0.13       2.96 f
  U0_ALU/div_51/U219/Y (AND2X2M)                          0.17       3.14 f
  U0_ALU/div_51/U218/Y (OAI22X1M)                         0.28       3.42 r
  U0_ALU/div_51/U196/Y (AO21XLM)                          0.25       3.67 r
  U0_ALU/div_51/U152/Y (OAI21X2M)                         0.08       3.75 f
  U0_ALU/div_51/U142/Y (OAI31X1M)                         0.62       4.38 r
  U0_ALU/div_51/U232/Y (AOI21XLM)                         0.21       4.58 f
  U0_ALU/div_51/U231/Y (AOI31X1M)                         0.28       4.87 r
  U0_ALU/div_51/U166/Y (OAI2BB1X2M)                       0.21       5.07 r
  U0_ALU/div_51/U255/Y (NOR2X2M)                          0.05       5.13 f
  U0_ALU/div_51/U254/Y (OAI2BB2X1M)                       0.25       5.37 r
  U0_ALU/div_51/U252/Y (OAI2BB1X2M)                       0.18       5.56 r
  U0_ALU/div_51/U242/Y (OAI21X2M)                         0.09       5.65 f
  U0_ALU/div_51/U241/Y (AOI211XLM)                        0.39       6.04 r
  U0_ALU/div_51/U239/Y (OAI21X2M)                         0.13       6.17 f
  U0_ALU/div_51/U180/Y (INVX2M)                           0.15       6.33 r
  U0_ALU/div_51/quotient[3] (ALU_DW_div_uns_0)            0.00       6.33 r
  U0_ALU/U177/Y (AOI222X1M)                               0.15       6.48 f
  U0_ALU/U175/Y (AOI31X2M)                                0.20       6.68 r
  U0_ALU/ALU_OUT_reg[3]/D (DFFRHQX8M)                     0.00       6.68 r
  data arrival time                                                  6.68

  clock ALU_CLK (rise edge)                             100.00     100.00
  clock network delay (ideal)                             0.00     100.00
  clock uncertainty                                      -0.20      99.80
  U0_ALU/ALU_OUT_reg[3]/CK (DFFRHQX8M)                    0.00      99.80 r
  library setup time                                     -0.18      99.62
  data required time                                                99.62
  --------------------------------------------------------------------------
  data required time                                                99.62
  data arrival time                                                 -6.68
  --------------------------------------------------------------------------
  slack (MET)                                                       92.94


  Startpoint: U0_RegFile/regArr_reg[1][1]
              (rising edge-triggered flip-flop clocked by REG_CLK)
  Endpoint: U0_ALU/ALU_OUT_reg[4]
            (rising edge-triggered flip-flop clocked by ALU_CLK)
  Path Group: ALU_CLK
  Path Type: max

  Point                                                   Incr       Path
  --------------------------------------------------------------------------
  clock REG_CLK (rise edge)                               0.00       0.00
  clock network delay (ideal)                             0.00       0.00
  U0_RegFile/regArr_reg[1][1]/CK (DFFRX1M)                0.00       0.00 r
  U0_RegFile/regArr_reg[1][1]/Q (DFFRX1M)                 0.92       0.92 r
  U0_RegFile/REG1[1] (RegFile)                            0.00       0.92 r
  U0_ALU/B[1] (ALU)                                       0.00       0.92 r
  U0_ALU/div_51/b[1] (ALU_DW_div_uns_0)                   0.00       0.92 r
  U0_ALU/div_51/U230/Y (INVX2M)                           0.29       1.21 f
  U0_ALU/div_51/U216/Y (OAI211X2M)                        0.32       1.53 r
  U0_ALU/div_51/U163/Y (OAI21X2M)                         0.15       1.68 f
  U0_ALU/div_51/U251/Y (OAI21X2M)                         0.17       1.85 r
  U0_ALU/div_51/U238/Y (OAI2BB1X2M)                       0.08       1.93 f
  U0_ALU/div_51/U237/Y (OAI2BB1X2M)                       0.18       2.11 f
  U0_ALU/div_51/U236/Y (OAI32X1M)                         0.28       2.39 r
  U0_ALU/div_51/U235/Y (NAND2X2M)                         0.15       2.54 f
  U0_ALU/div_51/U183/Y (INVX2M)                           0.11       2.65 r
  U0_ALU/div_51/U154/Y (AO21XLM)                          0.18       2.83 r
  U0_ALU/div_51/U153/Y (OAI31X1M)                         0.13       2.96 f
  U0_ALU/div_51/U219/Y (AND2X2M)                          0.17       3.14 f
  U0_ALU/div_51/U218/Y (OAI22X1M)                         0.28       3.42 r
  U0_ALU/div_51/U196/Y (AO21XLM)                          0.25       3.67 r
  U0_ALU/div_51/U152/Y (OAI21X2M)                         0.08       3.75 f
  U0_ALU/div_51/U142/Y (OAI31X1M)                         0.62       4.38 r
  U0_ALU/div_51/quotient[4] (ALU_DW_div_uns_0)            0.00       4.38 r
  U0_ALU/U189/Y (AOI222X1M)                               0.27       4.65 f
  U0_ALU/U187/Y (AOI31X2M)                                0.21       4.86 r
  U0_ALU/ALU_OUT_reg[4]/D (DFFRHQX8M)                     0.00       4.86 r
  data arrival time                                                  4.86

  clock ALU_CLK (rise edge)                             100.00     100.00
  clock network delay (ideal)                             0.00     100.00
  clock uncertainty                                      -0.20      99.80
  U0_ALU/ALU_OUT_reg[4]/CK (DFFRHQX8M)                    0.00      99.80 r
  library setup time                                     -0.18      99.62
  data required time                                                99.62
  --------------------------------------------------------------------------
  data required time                                                99.62
  data arrival time                                                 -4.86
  --------------------------------------------------------------------------
  slack (MET)                                                       94.75


  Startpoint: U0_RegFile/regArr_reg[0][1]
              (rising edge-triggered flip-flop clocked by REG_CLK)
  Endpoint: U0_ALU/ALU_OUT_reg[7]
            (rising edge-triggered flip-flop clocked by ALU_CLK)
  Path Group: ALU_CLK
  Path Type: max

  Point                                                   Incr       Path
  --------------------------------------------------------------------------
  clock REG_CLK (rise edge)                               0.00       0.00
  clock network delay (ideal)                             0.00       0.00
  U0_RegFile/regArr_reg[0][1]/CK (DFFSX1M)                0.00       0.00 r
  U0_RegFile/regArr_reg[0][1]/Q (DFFSX1M)                 0.47       0.47 r
  U0_RegFile/REG0[1] (RegFile)                            0.00       0.47 r
  U0_ALU/A[1] (ALU)                                       0.00       0.47 r
  U0_ALU/U254/Y (BUFX2M)                                  0.35       0.82 r
  U0_ALU/mult_48/A[1] (ALU_DW02_mult_0)                   0.00       0.82 r
  U0_ALU/mult_48/U139/Y (INVX2M)                          0.16       0.98 f
  U0_ALU/mult_48/U156/Y (NOR2X2M)                         0.12       1.11 r
  U0_ALU/mult_48/U155/Y (CLKXOR2X2M)                      0.34       1.45 f
  U0_ALU/mult_48/U132/Y (XOR3XLM)                         0.57       2.02 f
  U0_ALU/mult_48/U131/Y (XOR3XLM)                         0.62       2.64 f
  U0_ALU/mult_48/U129/Y (XOR3XLM)                         0.36       3.00 f
  U0_ALU/mult_48/U178/Y (OAI2BB2X1M)                      0.29       3.29 f
  U0_ALU/mult_48/U175/Y (XOR3XLM)                         0.25       3.55 r
  U0_ALU/mult_48/U112/Y (CLKXOR2X2M)                      0.31       3.86 f
  U0_ALU/mult_48/U110/Y (XOR3XLM)                         0.25       4.11 f
  U0_ALU/mult_48/PRODUCT[7] (ALU_DW02_mult_0)             0.00       4.11 f
  U0_ALU/U156/Y (AOI222X1M)                               0.27       4.38 r
  U0_ALU/U154/Y (AOI31X2M)                                0.15       4.53 f
  U0_ALU/ALU_OUT_reg[7]/D (DFFRHQX8M)                     0.00       4.53 f
  data arrival time                                                  4.53

  clock ALU_CLK (rise edge)                             100.00     100.00
  clock network delay (ideal)                             0.00     100.00
  clock uncertainty                                      -0.20      99.80
  U0_ALU/ALU_OUT_reg[7]/CK (DFFRHQX8M)                    0.00      99.80 r
  library setup time                                     -0.19      99.61
  data required time                                                99.61
  --------------------------------------------------------------------------
  data required time                                                99.61
  data arrival time                                                 -4.53
  --------------------------------------------------------------------------
  slack (MET)                                                       95.08


  Startpoint: U0_RegFile/regArr_reg[0][1]
              (rising edge-triggered flip-flop clocked by REG_CLK)
  Endpoint: U0_ALU/ALU_OUT_reg[6]
            (rising edge-triggered flip-flop clocked by ALU_CLK)
  Path Group: ALU_CLK
  Path Type: max

  Point                                                   Incr       Path
  --------------------------------------------------------------------------
  clock REG_CLK (rise edge)                               0.00       0.00
  clock network delay (ideal)                             0.00       0.00
  U0_RegFile/regArr_reg[0][1]/CK (DFFSX1M)                0.00       0.00 r
  U0_RegFile/regArr_reg[0][1]/Q (DFFSX1M)                 0.47       0.47 r
  U0_RegFile/REG0[1] (RegFile)                            0.00       0.47 r
  U0_ALU/A[1] (ALU)                                       0.00       0.47 r
  U0_ALU/U254/Y (BUFX2M)                                  0.35       0.82 r
  U0_ALU/mult_48/A[1] (ALU_DW02_mult_0)                   0.00       0.82 r
  U0_ALU/mult_48/U139/Y (INVX2M)                          0.16       0.98 f
  U0_ALU/mult_48/U167/Y (NOR2BX2M)                        0.21       1.19 r
  U0_ALU/mult_48/U117/Y (XNOR2X2M)                        0.16       1.35 f
  U0_ALU/mult_48/U136/Y (XOR3XLM)                         0.55       1.91 f
  U0_ALU/mult_48/U153/Y (OA21X2M)                         0.37       2.27 f
  U0_ALU/mult_48/U133/Y (XOR3XLM)                         0.57       2.84 f
  U0_ALU/mult_48/U152/Y (AND2X2M)                         0.21       3.05 f
  U0_ALU/mult_48/U151/Y (OA22X2M)                         0.32       3.37 f
  U0_ALU/mult_48/U137/Y (XNOR3X2M)                        0.40       3.76 f
  U0_ALU/mult_48/PRODUCT[6] (ALU_DW02_mult_0)             0.00       3.76 f
  U0_ALU/U168/Y (AOI222X1M)                               0.26       4.02 r
  U0_ALU/U166/Y (AOI31X2M)                                0.15       4.18 f
  U0_ALU/ALU_OUT_reg[6]/D (DFFRHQX8M)                     0.00       4.18 f
  data arrival time                                                  4.18

  clock ALU_CLK (rise edge)                             100.00     100.00
  clock network delay (ideal)                             0.00     100.00
  clock uncertainty                                      -0.20      99.80
  U0_ALU/ALU_OUT_reg[6]/CK (DFFRHQX8M)                    0.00      99.80 r
  library setup time                                     -0.19      99.61
  data required time                                                99.61
  --------------------------------------------------------------------------
  data required time                                                99.61
  data arrival time                                                 -4.18
  --------------------------------------------------------------------------
  slack (MET)                                                       95.43


  Startpoint: U0_RegFile/regArr_reg[0][1]
              (rising edge-triggered flip-flop clocked by REG_CLK)
  Endpoint: U0_ALU/ALU_OUT_reg[5]
            (rising edge-triggered flip-flop clocked by ALU_CLK)
  Path Group: ALU_CLK
  Path Type: max

  Point                                                   Incr       Path
  --------------------------------------------------------------------------
  clock REG_CLK (rise edge)                               0.00       0.00
  clock network delay (ideal)                             0.00       0.00
  U0_RegFile/regArr_reg[0][1]/CK (DFFSX1M)                0.00       0.00 r
  U0_RegFile/regArr_reg[0][1]/Q (DFFSX1M)                 0.47       0.47 r
  U0_RegFile/REG0[1] (RegFile)                            0.00       0.47 r
  U0_ALU/A[1] (ALU)                                       0.00       0.47 r
  U0_ALU/U254/Y (BUFX2M)                                  0.35       0.82 r
  U0_ALU/mult_48/A[1] (ALU_DW02_mult_0)                   0.00       0.82 r
  U0_ALU/mult_48/U139/Y (INVX2M)                          0.16       0.98 f
  U0_ALU/mult_48/U167/Y (NOR2BX2M)                        0.21       1.19 r
  U0_ALU/mult_48/U117/Y (XNOR2X2M)                        0.16       1.35 f
  U0_ALU/mult_48/U136/Y (XOR3XLM)                         0.55       1.91 f
  U0_ALU/mult_48/U153/Y (OA21X2M)                         0.37       2.27 f
  U0_ALU/mult_48/U133/Y (XOR3XLM)                         0.57       2.84 f
  U0_ALU/mult_48/U138/Y (XNOR3X2M)                        0.20       3.04 f
  U0_ALU/mult_48/PRODUCT[5] (ALU_DW02_mult_0)             0.00       3.04 f
  U0_ALU/U160/Y (AOI222X1M)                               0.26       3.30 r
  U0_ALU/U158/Y (AOI31X2M)                                0.15       3.46 f
  U0_ALU/ALU_OUT_reg[5]/D (DFFRHQX8M)                     0.00       3.46 f
  data arrival time                                                  3.46

  clock ALU_CLK (rise edge)                             100.00     100.00
  clock network delay (ideal)                             0.00     100.00
  clock uncertainty                                      -0.20      99.80
  U0_ALU/ALU_OUT_reg[5]/CK (DFFRHQX8M)                    0.00      99.80 r
  library setup time                                     -0.19      99.61
  data required time                                                99.61
  --------------------------------------------------------------------------
  data required time                                                99.61
  data arrival time                                                 -3.46
  --------------------------------------------------------------------------
  slack (MET)                                                       96.15


  Startpoint: ALU_FUN[3] (input port clocked by ALU_CLK)
  Endpoint: U0_ALU/ALU_OUT_reg[3]
            (rising edge-triggered flip-flop clocked by ALU_CLK)
  Path Group: INREG
  Path Type: max

  Point                                    Incr       Path
  -----------------------------------------------------------
  clock ALU_CLK (rise edge)                0.00       0.00
  clock network delay (ideal)              0.00       0.00
  input external delay                    10.00      10.00 r
  ALU_FUN[3] (in)                          0.14      10.14 r
  U0_ALU/ALU_FUN[3] (ALU)                  0.00      10.14 r
  U0_ALU/U200/Y (INVX2M)                   0.11      10.25 f
  U0_ALU/U195/Y (NAND2X2M)                 0.11      10.36 r
  U0_ALU/U137/Y (OAI22X1M)                 0.26      10.62 f
  U0_ALU/U233/Y (AOI221XLM)                0.45      11.07 r
  U0_ALU/U231/Y (OAI222X1M)                0.29      11.36 f
  U0_ALU/U178/Y (AOI221XLM)                0.35      11.71 r
  U0_ALU/U175/Y (AOI31X2M)                 0.16      11.87 f
  U0_ALU/ALU_OUT_reg[3]/D (DFFRHQX8M)      0.00      11.87 f
  data arrival time                                  11.87

  clock ALU_CLK (rise edge)               50.00      50.00
  clock network delay (ideal)              0.00      50.00
  clock uncertainty                       -0.20      49.80
  U0_ALU/ALU_OUT_reg[3]/CK (DFFRHQX8M)     0.00      49.80 r
  library setup time                      -0.19      49.61
  data required time                                 49.61
  -----------------------------------------------------------
  data required time                                 49.61
  data arrival time                                 -11.87
  -----------------------------------------------------------
  slack (MET)                                        37.74


  Startpoint: ALU_FUN[3] (input port clocked by ALU_CLK)
  Endpoint: U0_ALU/ALU_OUT_reg[5]
            (rising edge-triggered flip-flop clocked by ALU_CLK)
  Path Group: INREG
  Path Type: max

  Point                                    Incr       Path
  -----------------------------------------------------------
  clock ALU_CLK (rise edge)                0.00       0.00
  clock network delay (ideal)              0.00       0.00
  input external delay                    10.00      10.00 r
  ALU_FUN[3] (in)                          0.14      10.14 r
  U0_ALU/ALU_FUN[3] (ALU)                  0.00      10.14 r
  U0_ALU/U200/Y (INVX2M)                   0.11      10.25 f
  U0_ALU/U195/Y (NAND2X2M)                 0.11      10.36 r
  U0_ALU/U137/Y (OAI22X1M)                 0.26      10.62 f
  U0_ALU/U224/Y (AOI221XLM)                0.45      11.07 r
  U0_ALU/U222/Y (OAI222X1M)                0.29      11.36 f
  U0_ALU/U161/Y (AOI221XLM)                0.35      11.71 r
  U0_ALU/U158/Y (AOI31X2M)                 0.16      11.87 f
  U0_ALU/ALU_OUT_reg[5]/D (DFFRHQX8M)      0.00      11.87 f
  data arrival time                                  11.87

  clock ALU_CLK (rise edge)               50.00      50.00
  clock network delay (ideal)              0.00      50.00
  clock uncertainty                       -0.20      49.80
  U0_ALU/ALU_OUT_reg[5]/CK (DFFRHQX8M)     0.00      49.80 r
  library setup time                      -0.19      49.61
  data required time                                 49.61
  -----------------------------------------------------------
  data required time                                 49.61
  data arrival time                                 -11.87
  -----------------------------------------------------------
  slack (MET)                                        37.74


  Startpoint: ALU_FUN[3] (input port clocked by ALU_CLK)
  Endpoint: U0_ALU/ALU_OUT_reg[7]
            (rising edge-triggered flip-flop clocked by ALU_CLK)
  Path Group: INREG
  Path Type: max

  Point                                    Incr       Path
  -----------------------------------------------------------
  clock ALU_CLK (rise edge)                0.00       0.00
  clock network delay (ideal)              0.00       0.00
  input external delay                    10.00      10.00 r
  ALU_FUN[3] (in)                          0.14      10.14 r
  U0_ALU/ALU_FUN[3] (ALU)                  0.00      10.14 r
  U0_ALU/U200/Y (INVX2M)                   0.11      10.25 f
  U0_ALU/U195/Y (NAND2X2M)                 0.11      10.36 r
  U0_ALU/U138/Y (OAI22X1M)                 0.24      10.60 f
  U0_ALU/U226/Y (AOI221XLM)                0.47      11.08 r
  U0_ALU/U225/Y (OAI222X1M)                0.25      11.33 f
  U0_ALU/U157/Y (AOI221XLM)                0.35      11.68 r
  U0_ALU/U154/Y (AOI31X2M)                 0.16      11.83 f
  U0_ALU/ALU_OUT_reg[7]/D (DFFRHQX8M)      0.00      11.83 f
  data arrival time                                  11.83

  clock ALU_CLK (rise edge)               50.00      50.00
  clock network delay (ideal)              0.00      50.00
  clock uncertainty                       -0.20      49.80
  U0_ALU/ALU_OUT_reg[7]/CK (DFFRHQX8M)     0.00      49.80 r
  library setup time                      -0.19      49.61
  data required time                                 49.61
  -----------------------------------------------------------
  data required time                                 49.61
  data arrival time                                 -11.83
  -----------------------------------------------------------
  slack (MET)                                        37.78


  Startpoint: ALU_FUN[3] (input port clocked by ALU_CLK)
  Endpoint: U0_ALU/ALU_OUT_reg[1]
            (rising edge-triggered flip-flop clocked by ALU_CLK)
  Path Group: INREG
  Path Type: max

  Point                                    Incr       Path
  -----------------------------------------------------------
  clock ALU_CLK (rise edge)                0.00       0.00
  clock network delay (ideal)              0.00       0.00
  input external delay                    10.00      10.00 r
  ALU_FUN[3] (in)                          0.14      10.14 r
  U0_ALU/ALU_FUN[3] (ALU)                  0.00      10.14 r
  U0_ALU/U200/Y (INVX2M)                   0.11      10.25 f
  U0_ALU/U195/Y (NAND2X2M)                 0.11      10.36 r
  U0_ALU/U137/Y (OAI22X1M)                 0.26      10.62 f
  U0_ALU/U230/Y (AOI221XLM)                0.45      11.07 r
  U0_ALU/U228/Y (OAI221X1M)                0.26      11.33 f
  U0_ALU/U182/Y (AOI211X2M)                0.25      11.58 r
  U0_ALU/U179/Y (AOI31X2M)                 0.14      11.71 f
  U0_ALU/ALU_OUT_reg[1]/D (DFFRHQX8M)      0.00      11.71 f
  data arrival time                                  11.71

  clock ALU_CLK (rise edge)               50.00      50.00
  clock network delay (ideal)              0.00      50.00
  clock uncertainty                       -0.20      49.80
  U0_ALU/ALU_OUT_reg[1]/CK (DFFRHQX8M)     0.00      49.80 r
  library setup time                      -0.19      49.61
  data required time                                 49.61
  -----------------------------------------------------------
  data required time                                 49.61
  data arrival time                                 -11.71
  -----------------------------------------------------------
  slack (MET)                                        37.90


  Startpoint: ALU_FUN[3] (input port clocked by ALU_CLK)
  Endpoint: U0_ALU/ALU_OUT_reg[0]
            (rising edge-triggered flip-flop clocked by ALU_CLK)
  Path Group: INREG
  Path Type: max

  Point                                    Incr       Path
  -----------------------------------------------------------
  clock ALU_CLK (rise edge)                0.00       0.00
  clock network delay (ideal)              0.00       0.00
  input external delay                    10.00      10.00 r
  ALU_FUN[3] (in)                          0.14      10.14 r
  U0_ALU/ALU_FUN[3] (ALU)                  0.00      10.14 r
  U0_ALU/U200/Y (INVX2M)                   0.11      10.25 f
  U0_ALU/U195/Y (NAND2X2M)                 0.11      10.36 r
  U0_ALU/U137/Y (OAI22X1M)                 0.26      10.62 f
  U0_ALU/U242/Y (AOI221XLM)                0.50      11.12 r
  U0_ALU/U240/Y (OAI211X2M)                0.18      11.30 f
  U0_ALU/U165/Y (AOI211X2M)                0.22      11.52 r
  U0_ALU/U162/Y (AOI31X2M)                 0.14      11.66 f
  U0_ALU/ALU_OUT_reg[0]/D (DFFRHQX8M)      0.00      11.66 f
  data arrival time                                  11.66

  clock ALU_CLK (rise edge)               50.00      50.00
  clock network delay (ideal)              0.00      50.00
  clock uncertainty                       -0.20      49.80
  U0_ALU/ALU_OUT_reg[0]/CK (DFFRHQX8M)     0.00      49.80 r
  library setup time                      -0.19      49.61
  data required time                                 49.61
  -----------------------------------------------------------
  data required time                                 49.61
  data arrival time                                 -11.66
  -----------------------------------------------------------
  slack (MET)                                        37.95


  Startpoint: ALU_FUN[3] (input port clocked by ALU_CLK)
  Endpoint: U0_ALU/ALU_OUT_reg[4]
            (rising edge-triggered flip-flop clocked by ALU_CLK)
  Path Group: INREG
  Path Type: max

  Point                                    Incr       Path
  -----------------------------------------------------------
  clock ALU_CLK (rise edge)                0.00       0.00
  clock network delay (ideal)              0.00       0.00
  input external delay                    10.00      10.00 f
  ALU_FUN[3] (in)                          0.09      10.09 f
  U0_ALU/ALU_FUN[3] (ALU)                  0.00      10.09 f
  U0_ALU/U200/Y (INVX2M)                   0.12      10.21 r
  U0_ALU/U195/Y (NAND2X2M)                 0.10      10.31 f
  U0_ALU/U137/Y (OAI22X1M)                 0.50      10.80 r
  U0_ALU/U239/Y (AOI21X2M)                 0.15      10.95 f
  U0_ALU/U237/Y (OAI22X1M)                 0.24      11.19 r
  U0_ALU/U190/Y (AOI211X2M)                0.09      11.28 f
  U0_ALU/U187/Y (AOI31X2M)                 0.20      11.48 r
  U0_ALU/ALU_OUT_reg[4]/D (DFFRHQX8M)      0.00      11.48 r
  data arrival time                                  11.48

  clock ALU_CLK (rise edge)               50.00      50.00
  clock network delay (ideal)              0.00      50.00
  clock uncertainty                       -0.20      49.80
  U0_ALU/ALU_OUT_reg[4]/CK (DFFRHQX8M)     0.00      49.80 r
  library setup time                      -0.18      49.62
  data required time                                 49.62
  -----------------------------------------------------------
  data required time                                 49.62
  data arrival time                                 -11.48
  -----------------------------------------------------------
  slack (MET)                                        38.14


  Startpoint: ALU_FUN[3] (input port clocked by ALU_CLK)
  Endpoint: U0_ALU/ALU_OUT_reg[2]
            (rising edge-triggered flip-flop clocked by ALU_CLK)
  Path Group: INREG
  Path Type: max

  Point                                    Incr       Path
  -----------------------------------------------------------
  clock ALU_CLK (rise edge)                0.00       0.00
  clock network delay (ideal)              0.00       0.00
  input external delay                    10.00      10.00 f
  ALU_FUN[3] (in)                          0.09      10.09 f
  U0_ALU/ALU_FUN[3] (ALU)                  0.00      10.09 f
  U0_ALU/U200/Y (INVX2M)                   0.12      10.21 r
  U0_ALU/U195/Y (NAND2X2M)                 0.10      10.31 f
  U0_ALU/U137/Y (OAI22X1M)                 0.50      10.80 r
  U0_ALU/U236/Y (AOI21X2M)                 0.15      10.95 f
  U0_ALU/U234/Y (OAI22X1M)                 0.24      11.19 r
  U0_ALU/U186/Y (AOI211X2M)                0.09      11.28 f
  U0_ALU/U183/Y (AOI31X2M)                 0.19      11.48 r
  U0_ALU/ALU_OUT_reg[2]/D (DFFRHQX8M)      0.00      11.48 r
  data arrival time                                  11.48

  clock ALU_CLK (rise edge)               50.00      50.00
  clock network delay (ideal)              0.00      50.00
  clock uncertainty                       -0.20      49.80
  U0_ALU/ALU_OUT_reg[2]/CK (DFFRHQX8M)     0.00      49.80 r
  library setup time                      -0.18      49.62
  data required time                                 49.62
  -----------------------------------------------------------
  data required time                                 49.62
  data arrival time                                 -11.48
  -----------------------------------------------------------
  slack (MET)                                        38.14


  Startpoint: ALU_FUN[3] (input port clocked by ALU_CLK)
  Endpoint: U0_ALU/ALU_OUT_reg[6]
            (rising edge-triggered flip-flop clocked by ALU_CLK)
  Path Group: INREG
  Path Type: max

  Point                                    Incr       Path
  -----------------------------------------------------------
  clock ALU_CLK (rise edge)                0.00       0.00
  clock network delay (ideal)              0.00       0.00
  input external delay                    10.00      10.00 f
  ALU_FUN[3] (in)                          0.09      10.09 f
  U0_ALU/ALU_FUN[3] (ALU)                  0.00      10.09 f
  U0_ALU/U200/Y (INVX2M)                   0.12      10.21 r
  U0_ALU/U195/Y (NAND2X2M)                 0.10      10.31 f
  U0_ALU/U137/Y (OAI22X1M)                 0.50      10.80 r
  U0_ALU/U246/Y (AOI21X2M)                 0.15      10.95 f
  U0_ALU/U244/Y (OAI22X1M)                 0.24      11.19 r
  U0_ALU/U169/Y (AOI211X2M)                0.09      11.28 f
  U0_ALU/U166/Y (AOI31X2M)                 0.20      11.48 r
  U0_ALU/ALU_OUT_reg[6]/D (DFFRHQX8M)      0.00      11.48 r
  data arrival time                                  11.48

  clock ALU_CLK (rise edge)               50.00      50.00
  clock network delay (ideal)              0.00      50.00
  clock uncertainty                       -0.20      49.80
  U0_ALU/ALU_OUT_reg[6]/CK (DFFRHQX8M)     0.00      49.80 r
  library setup time                      -0.18      49.62
  data required time                                 49.62
  -----------------------------------------------------------
  data required time                                 49.62
  data arrival time                                 -11.48
  -----------------------------------------------------------
  slack (MET)                                        38.14


  Startpoint: ALU_Enable (input port clocked by ALU_CLK)
  Endpoint: U0_ALU/OUT_VALID_reg
            (rising edge-triggered flip-flop clocked by ALU_CLK)
  Path Group: INREG
  Path Type: max

  Point                                    Incr       Path
  -----------------------------------------------------------
  clock ALU_CLK (rise edge)                0.00       0.00
  clock network delay (ideal)              0.00       0.00
  input external delay                    10.00      10.00 r
  ALU_Enable (in)                          0.03      10.03 r
  U0_ALU/Enable (ALU)                      0.00      10.03 r
  U0_ALU/OUT_VALID_reg/D (DFFRHQX8M)       0.00      10.03 r
  data arrival time                                  10.03

  clock ALU_CLK (rise edge)               50.00      50.00
  clock network delay (ideal)              0.00      50.00
  clock uncertainty                       -0.20      49.80
  U0_ALU/OUT_VALID_reg/CK (DFFRHQX8M)      0.00      49.80 r
  library setup time                      -0.17      49.63
  data required time                                 49.63
  -----------------------------------------------------------
  data required time                                 49.63
  data arrival time                                 -10.03
  -----------------------------------------------------------
  slack (MET)                                        39.59


  Startpoint: CLKG_EN (input port clocked by MASTER_CLK)
  Endpoint: U0_CLK_GATE/U0
            (gating element for clock MASTER_CLK)
  Path Group: INREG
  Path Type: max

  Point                                    Incr       Path
  -----------------------------------------------------------
  clock MASTER_CLK (rise edge)             0.00       0.00
  clock network delay (ideal)              0.00       0.00
  input external delay                    10.00      10.00 r
  CLKG_EN (in)                             0.03      10.03 r
  U0_CLK_GATE/CLK_EN (CLK_GATE)            0.00      10.03 r
  U0_CLK_GATE/U0/E (TLATNCAX4M)            0.00      10.03 r
  data arrival time                                  10.03

  clock MASTER_CLK (rise edge)            50.00      50.00
  clock network delay (ideal)              0.00      50.00
  clock uncertainty                       -0.20      49.80
  U0_CLK_GATE/U0/CK (TLATNCAX4M)           0.00      49.80 r
  clock gating setup time                 -0.10      49.70
  data required time                                 49.70
  -----------------------------------------------------------
  data required time                                 49.70
  data arrival time                                 -10.03
  -----------------------------------------------------------
  slack (MET)                                        39.67


  Startpoint: Address[1] (input port clocked by REG_CLK)
  Endpoint: U0_RegFile/RdData_reg[7]
            (rising edge-triggered flip-flop clocked by REG_CLK)
  Path Group: INREG
  Path Type: max

  Point                                                   Incr       Path
  --------------------------------------------------------------------------
  clock REG_CLK (rise edge)                               0.00       0.00
  clock network delay (ideal)                             0.00       0.00
  input external delay                                   20.00      20.00 r
  Address[1] (in)                                         0.13      20.13 r
  U0_RegFile/Address[1] (RegFile)                         0.00      20.13 r
  U0_RegFile/U218/Y (INVX2M)                              0.13      20.26 f
  U0_RegFile/U235/Y (NAND2X2M)                            0.09      20.35 r
  U0_RegFile/U199/Y (BUFX2M)                              0.18      20.53 r
  U0_RegFile/U252/Y (OAI22X1M)                            0.12      20.65 f
  U0_RegFile/U279/Y (AOI221XLM)                           0.29      20.93 r
  U0_RegFile/U277/Y (OAI22X1M)                            0.19      21.12 f
  U0_RegFile/RdData_reg[7]/D (EDFFHQX8M)                  0.00      21.12 f
  data arrival time                                                 21.12

  clock REG_CLK (rise edge)                             100.00     100.00
  clock network delay (ideal)                             0.00     100.00
  clock uncertainty                                      -0.20      99.80
  U0_RegFile/RdData_reg[7]/CK (EDFFHQX8M)                 0.00      99.80 r
  library setup time                                     -0.33      99.47
  data required time                                                99.47
  --------------------------------------------------------------------------
  data required time                                                99.47
  data arrival time                                                -21.12
  --------------------------------------------------------------------------
  slack (MET)                                                       78.35


  Startpoint: Address[1] (input port clocked by REG_CLK)
  Endpoint: U0_RegFile/RdData_reg[6]
            (rising edge-triggered flip-flop clocked by REG_CLK)
  Path Group: INREG
  Path Type: max

  Point                                                   Incr       Path
  --------------------------------------------------------------------------
  clock REG_CLK (rise edge)                               0.00       0.00
  clock network delay (ideal)                             0.00       0.00
  input external delay                                   20.00      20.00 r
  Address[1] (in)                                         0.13      20.13 r
  U0_RegFile/Address[1] (RegFile)                         0.00      20.13 r
  U0_RegFile/U218/Y (INVX2M)                              0.13      20.26 f
  U0_RegFile/U235/Y (NAND2X2M)                            0.09      20.35 r
  U0_RegFile/U199/Y (BUFX2M)                              0.18      20.53 r
  U0_RegFile/U250/Y (OAI22X1M)                            0.12      20.65 f
  U0_RegFile/U276/Y (AOI221XLM)                           0.29      20.93 r
  U0_RegFile/U274/Y (OAI22X1M)                            0.19      21.12 f
  U0_RegFile/RdData_reg[6]/D (EDFFHQX8M)                  0.00      21.12 f
  data arrival time                                                 21.12

  clock REG_CLK (rise edge)                             100.00     100.00
  clock network delay (ideal)                             0.00     100.00
  clock uncertainty                                      -0.20      99.80
  U0_RegFile/RdData_reg[6]/CK (EDFFHQX8M)                 0.00      99.80 r
  library setup time                                     -0.33      99.47
  data required time                                                99.47
  --------------------------------------------------------------------------
  data required time                                                99.47
  data arrival time                                                -21.12
  --------------------------------------------------------------------------
  slack (MET)                                                       78.35


  Startpoint: Address[1] (input port clocked by REG_CLK)
  Endpoint: U0_RegFile/RdData_reg[5]
            (rising edge-triggered flip-flop clocked by REG_CLK)
  Path Group: INREG
  Path Type: max

  Point                                                   Incr       Path
  --------------------------------------------------------------------------
  clock REG_CLK (rise edge)                               0.00       0.00
  clock network delay (ideal)                             0.00       0.00
  input external delay                                   20.00      20.00 r
  Address[1] (in)                                         0.13      20.13 r
  U0_RegFile/Address[1] (RegFile)                         0.00      20.13 r
  U0_RegFile/U218/Y (INVX2M)                              0.13      20.26 f
  U0_RegFile/U235/Y (NAND2X2M)                            0.09      20.35 r
  U0_RegFile/U199/Y (BUFX2M)                              0.18      20.53 r
  U0_RegFile/U248/Y (OAI22X1M)                            0.12      20.65 f
  U0_RegFile/U273/Y (AOI221XLM)                           0.29      20.93 r
  U0_RegFile/U271/Y (OAI22X1M)                            0.19      21.12 f
  U0_RegFile/RdData_reg[5]/D (EDFFHQX8M)                  0.00      21.12 f
  data arrival time                                                 21.12

  clock REG_CLK (rise edge)                             100.00     100.00
  clock network delay (ideal)                             0.00     100.00
  clock uncertainty                                      -0.20      99.80
  U0_RegFile/RdData_reg[5]/CK (EDFFHQX8M)                 0.00      99.80 r
  library setup time                                     -0.33      99.47
  data required time                                                99.47
  --------------------------------------------------------------------------
  data required time                                                99.47
  data arrival time                                                -21.12
  --------------------------------------------------------------------------
  slack (MET)                                                       78.35


  Startpoint: Address[1] (input port clocked by REG_CLK)
  Endpoint: U0_RegFile/RdData_reg[4]
            (rising edge-triggered flip-flop clocked by REG_CLK)
  Path Group: INREG
  Path Type: max

  Point                                                   Incr       Path
  --------------------------------------------------------------------------
  clock REG_CLK (rise edge)                               0.00       0.00
  clock network delay (ideal)                             0.00       0.00
  input external delay                                   20.00      20.00 r
  Address[1] (in)                                         0.13      20.13 r
  U0_RegFile/Address[1] (RegFile)                         0.00      20.13 r
  U0_RegFile/U218/Y (INVX2M)                              0.13      20.26 f
  U0_RegFile/U235/Y (NAND2X2M)                            0.09      20.35 r
  U0_RegFile/U199/Y (BUFX2M)                              0.18      20.53 r
  U0_RegFile/U246/Y (OAI22X1M)                            0.12      20.65 f
  U0_RegFile/U270/Y (AOI221XLM)                           0.29      20.93 r
  U0_RegFile/U268/Y (OAI22X1M)                            0.19      21.12 f
  U0_RegFile/RdData_reg[4]/D (EDFFHQX8M)                  0.00      21.12 f
  data arrival time                                                 21.12

  clock REG_CLK (rise edge)                             100.00     100.00
  clock network delay (ideal)                             0.00     100.00
  clock uncertainty                                      -0.20      99.80
  U0_RegFile/RdData_reg[4]/CK (EDFFHQX8M)                 0.00      99.80 r
  library setup time                                     -0.33      99.47
  data required time                                                99.47
  --------------------------------------------------------------------------
  data required time                                                99.47
  data arrival time                                                -21.12
  --------------------------------------------------------------------------
  slack (MET)                                                       78.35


  Startpoint: Address[1] (input port clocked by REG_CLK)
  Endpoint: U0_RegFile/RdData_reg[3]
            (rising edge-triggered flip-flop clocked by REG_CLK)
  Path Group: INREG
  Path Type: max

  Point                                                   Incr       Path
  --------------------------------------------------------------------------
  clock REG_CLK (rise edge)                               0.00       0.00
  clock network delay (ideal)                             0.00       0.00
  input external delay                                   20.00      20.00 r
  Address[1] (in)                                         0.13      20.13 r
  U0_RegFile/Address[1] (RegFile)                         0.00      20.13 r
  U0_RegFile/U218/Y (INVX2M)                              0.13      20.26 f
  U0_RegFile/U235/Y (NAND2X2M)                            0.09      20.35 r
  U0_RegFile/U199/Y (BUFX2M)                              0.18      20.53 r
  U0_RegFile/U244/Y (OAI22X1M)                            0.12      20.65 f
  U0_RegFile/U267/Y (AOI221XLM)                           0.29      20.93 r
  U0_RegFile/U265/Y (OAI22X1M)                            0.19      21.12 f
  U0_RegFile/RdData_reg[3]/D (EDFFHQX8M)                  0.00      21.12 f
  data arrival time                                                 21.12

  clock REG_CLK (rise edge)                             100.00     100.00
  clock network delay (ideal)                             0.00     100.00
  clock uncertainty                                      -0.20      99.80
  U0_RegFile/RdData_reg[3]/CK (EDFFHQX8M)                 0.00      99.80 r
  library setup time                                     -0.33      99.47
  data required time                                                99.47
  --------------------------------------------------------------------------
  data required time                                                99.47
  data arrival time                                                -21.12
  --------------------------------------------------------------------------
  slack (MET)                                                       78.35


  Startpoint: Address[1] (input port clocked by REG_CLK)
  Endpoint: U0_RegFile/RdData_reg[2]
            (rising edge-triggered flip-flop clocked by REG_CLK)
  Path Group: INREG
  Path Type: max

  Point                                                   Incr       Path
  --------------------------------------------------------------------------
  clock REG_CLK (rise edge)                               0.00       0.00
  clock network delay (ideal)                             0.00       0.00
  input external delay                                   20.00      20.00 r
  Address[1] (in)                                         0.13      20.13 r
  U0_RegFile/Address[1] (RegFile)                         0.00      20.13 r
  U0_RegFile/U218/Y (INVX2M)                              0.13      20.26 f
  U0_RegFile/U235/Y (NAND2X2M)                            0.09      20.35 r
  U0_RegFile/U199/Y (BUFX2M)                              0.18      20.53 r
  U0_RegFile/U242/Y (OAI22X1M)                            0.12      20.65 f
  U0_RegFile/U264/Y (AOI221XLM)                           0.29      20.93 r
  U0_RegFile/U262/Y (OAI22X1M)                            0.19      21.12 f
  U0_RegFile/RdData_reg[2]/D (EDFFHQX8M)                  0.00      21.12 f
  data arrival time                                                 21.12

  clock REG_CLK (rise edge)                             100.00     100.00
  clock network delay (ideal)                             0.00     100.00
  clock uncertainty                                      -0.20      99.80
  U0_RegFile/RdData_reg[2]/CK (EDFFHQX8M)                 0.00      99.80 r
  library setup time                                     -0.33      99.47
  data required time                                                99.47
  --------------------------------------------------------------------------
  data required time                                                99.47
  data arrival time                                                -21.12
  --------------------------------------------------------------------------
  slack (MET)                                                       78.35


  Startpoint: Address[1] (input port clocked by REG_CLK)
  Endpoint: U0_RegFile/RdData_reg[1]
            (rising edge-triggered flip-flop clocked by REG_CLK)
  Path Group: INREG
  Path Type: max

  Point                                                   Incr       Path
  --------------------------------------------------------------------------
  clock REG_CLK (rise edge)                               0.00       0.00
  clock network delay (ideal)                             0.00       0.00
  input external delay                                   20.00      20.00 r
  Address[1] (in)                                         0.13      20.13 r
  U0_RegFile/Address[1] (RegFile)                         0.00      20.13 r
  U0_RegFile/U218/Y (INVX2M)                              0.13      20.26 f
  U0_RegFile/U235/Y (NAND2X2M)                            0.09      20.35 r
  U0_RegFile/U199/Y (BUFX2M)                              0.18      20.53 r
  U0_RegFile/U240/Y (OAI22X1M)                            0.12      20.65 f
  U0_RegFile/U261/Y (AOI221XLM)                           0.29      20.93 r
  U0_RegFile/U259/Y (OAI22X1M)                            0.19      21.12 f
  U0_RegFile/RdData_reg[1]/D (EDFFHQX8M)                  0.00      21.12 f
  data arrival time                                                 21.12

  clock REG_CLK (rise edge)                             100.00     100.00
  clock network delay (ideal)                             0.00     100.00
  clock uncertainty                                      -0.20      99.80
  U0_RegFile/RdData_reg[1]/CK (EDFFHQX8M)                 0.00      99.80 r
  library setup time                                     -0.33      99.47
  data required time                                                99.47
  --------------------------------------------------------------------------
  data required time                                                99.47
  data arrival time                                                -21.12
  --------------------------------------------------------------------------
  slack (MET)                                                       78.35


  Startpoint: Address[1] (input port clocked by REG_CLK)
  Endpoint: U0_RegFile/RdData_reg[0]
            (rising edge-triggered flip-flop clocked by REG_CLK)
  Path Group: INREG
  Path Type: max

  Point                                                   Incr       Path
  --------------------------------------------------------------------------
  clock REG_CLK (rise edge)                               0.00       0.00
  clock network delay (ideal)                             0.00       0.00
  input external delay                                   20.00      20.00 r
  Address[1] (in)                                         0.13      20.13 r
  U0_RegFile/Address[1] (RegFile)                         0.00      20.13 r
  U0_RegFile/U218/Y (INVX2M)                              0.13      20.26 f
  U0_RegFile/U235/Y (NAND2X2M)                            0.09      20.35 r
  U0_RegFile/U199/Y (BUFX2M)                              0.18      20.53 r
  U0_RegFile/U254/Y (OAI22X1M)                            0.12      20.65 f
  U0_RegFile/U258/Y (AOI221XLM)                           0.29      20.93 r
  U0_RegFile/U256/Y (OAI22X1M)                            0.19      21.12 f
  U0_RegFile/RdData_reg[0]/D (EDFFHQX8M)                  0.00      21.12 f
  data arrival time                                                 21.12

  clock REG_CLK (rise edge)                             100.00     100.00
  clock network delay (ideal)                             0.00     100.00
  clock uncertainty                                      -0.20      99.80
  U0_RegFile/RdData_reg[0]/CK (EDFFHQX8M)                 0.00      99.80 r
  library setup time                                     -0.33      99.47
  data required time                                                99.47
  --------------------------------------------------------------------------
  data required time                                                99.47
  data arrival time                                                -21.12
  --------------------------------------------------------------------------
  slack (MET)                                                       78.35


  Startpoint: Address[0] (input port clocked by REG_CLK)
  Endpoint: U0_RegFile/regArr_reg[2][0]
            (rising edge-triggered flip-flop clocked by REG_CLK)
  Path Group: INREG
  Path Type: max

  Point                                                   Incr       Path
  --------------------------------------------------------------------------
  clock REG_CLK (rise edge)                               0.00       0.00
  clock network delay (ideal)                             0.00       0.00
  input external delay                                   20.00      20.00 r
  Address[0] (in)                                         0.01      20.01 r
  U0_RegFile/Address[0] (RegFile)                         0.00      20.01 r
  U0_RegFile/U189/Y (BUFX2M)                              0.27      20.28 r
  U0_RegFile/U221/Y (INVX2M)                              0.20      20.48 f
  U0_RegFile/U234/Y (NAND3X2M)                            0.11      20.58 r
  U0_RegFile/U233/Y (BUFX2M)                              0.20      20.79 r
  U0_RegFile/U194/Y (INVX2M)                              0.13      20.91 f
  U0_RegFile/U296/Y (OAI22X1M)                            0.13      21.04 r
  U0_RegFile/regArr_reg[2][0]/D (DFFRX1M)                 0.00      21.04 r
  data arrival time                                                 21.04

  clock REG_CLK (rise edge)                             100.00     100.00
  clock network delay (ideal)                             0.00     100.00
  clock uncertainty                                      -0.20      99.80
  U0_RegFile/regArr_reg[2][0]/CK (DFFRX1M)                0.00      99.80 r
  library setup time                                     -0.27      99.53
  data required time                                                99.53
  --------------------------------------------------------------------------
  data required time                                                99.53
  data arrival time                                                -21.04
  --------------------------------------------------------------------------
  slack (MET)                                                       78.49


  Startpoint: Address[0] (input port clocked by REG_CLK)
  Endpoint: U0_RegFile/regArr_reg[6][7]
            (rising edge-triggered flip-flop clocked by REG_CLK)
  Path Group: INREG
  Path Type: max

  Point                                                   Incr       Path
  --------------------------------------------------------------------------
  clock REG_CLK (rise edge)                               0.00       0.00
  clock network delay (ideal)                             0.00       0.00
  input external delay                                   20.00      20.00 r
  Address[0] (in)                                         0.01      20.01 r
  U0_RegFile/Address[0] (RegFile)                         0.00      20.01 r
  U0_RegFile/U189/Y (BUFX2M)                              0.27      20.28 r
  U0_RegFile/U221/Y (INVX2M)                              0.20      20.48 f
  U0_RegFile/U228/Y (NAND3X2M)                            0.11      20.58 r
  U0_RegFile/U227/Y (BUFX2M)                              0.20      20.79 r
  U0_RegFile/U195/Y (INVX2M)                              0.12      20.91 f
  U0_RegFile/U311/Y (OAI22X1M)                            0.13      21.03 r
  U0_RegFile/regArr_reg[6][7]/D (DFFRX1M)                 0.00      21.03 r
  data arrival time                                                 21.03

  clock REG_CLK (rise edge)                             100.00     100.00
  clock network delay (ideal)                             0.00     100.00
  clock uncertainty                                      -0.20      99.80
  U0_RegFile/regArr_reg[6][7]/CK (DFFRX1M)                0.00      99.80 r
  library setup time                                     -0.27      99.53
  data required time                                                99.53
  --------------------------------------------------------------------------
  data required time                                                99.53
  data arrival time                                                -21.03
  --------------------------------------------------------------------------
  slack (MET)                                                       78.50


  Startpoint: Address[0] (input port clocked by REG_CLK)
  Endpoint: U0_RegFile/regArr_reg[6][6]
            (rising edge-triggered flip-flop clocked by REG_CLK)
  Path Group: INREG
  Path Type: max

  Point                                                   Incr       Path
  --------------------------------------------------------------------------
  clock REG_CLK (rise edge)                               0.00       0.00
  clock network delay (ideal)                             0.00       0.00
  input external delay                                   20.00      20.00 r
  Address[0] (in)                                         0.01      20.01 r
  U0_RegFile/Address[0] (RegFile)                         0.00      20.01 r
  U0_RegFile/U189/Y (BUFX2M)                              0.27      20.28 r
  U0_RegFile/U221/Y (INVX2M)                              0.20      20.48 f
  U0_RegFile/U228/Y (NAND3X2M)                            0.11      20.58 r
  U0_RegFile/U227/Y (BUFX2M)                              0.20      20.79 r
  U0_RegFile/U195/Y (INVX2M)                              0.12      20.91 f
  U0_RegFile/U310/Y (OAI22X1M)                            0.13      21.03 r
  U0_RegFile/regArr_reg[6][6]/D (DFFRX1M)                 0.00      21.03 r
  data arrival time                                                 21.03

  clock REG_CLK (rise edge)                             100.00     100.00
  clock network delay (ideal)                             0.00     100.00
  clock uncertainty                                      -0.20      99.80
  U0_RegFile/regArr_reg[6][6]/CK (DFFRX1M)                0.00      99.80 r
  library setup time                                     -0.27      99.53
  data required time                                                99.53
  --------------------------------------------------------------------------
  data required time                                                99.53
  data arrival time                                                -21.03
  --------------------------------------------------------------------------
  slack (MET)                                                       78.50


  Startpoint: Address[0] (input port clocked by REG_CLK)
  Endpoint: U0_RegFile/regArr_reg[6][5]
            (rising edge-triggered flip-flop clocked by REG_CLK)
  Path Group: INREG
  Path Type: max

  Point                                                   Incr       Path
  --------------------------------------------------------------------------
  clock REG_CLK (rise edge)                               0.00       0.00
  clock network delay (ideal)                             0.00       0.00
  input external delay                                   20.00      20.00 r
  Address[0] (in)                                         0.01      20.01 r
  U0_RegFile/Address[0] (RegFile)                         0.00      20.01 r
  U0_RegFile/U189/Y (BUFX2M)                              0.27      20.28 r
  U0_RegFile/U221/Y (INVX2M)                              0.20      20.48 f
  U0_RegFile/U228/Y (NAND3X2M)                            0.11      20.58 r
  U0_RegFile/U227/Y (BUFX2M)                              0.20      20.79 r
  U0_RegFile/U195/Y (INVX2M)                              0.12      20.91 f
  U0_RegFile/U309/Y (OAI22X1M)                            0.13      21.03 r
  U0_RegFile/regArr_reg[6][5]/D (DFFRX1M)                 0.00      21.03 r
  data arrival time                                                 21.03

  clock REG_CLK (rise edge)                             100.00     100.00
  clock network delay (ideal)                             0.00     100.00
  clock uncertainty                                      -0.20      99.80
  U0_RegFile/regArr_reg[6][5]/CK (DFFRX1M)                0.00      99.80 r
  library setup time                                     -0.27      99.53
  data required time                                                99.53
  --------------------------------------------------------------------------
  data required time                                                99.53
  data arrival time                                                -21.03
  --------------------------------------------------------------------------
  slack (MET)                                                       78.50


  Startpoint: Address[0] (input port clocked by REG_CLK)
  Endpoint: U0_RegFile/regArr_reg[6][4]
            (rising edge-triggered flip-flop clocked by REG_CLK)
  Path Group: INREG
  Path Type: max

  Point                                                   Incr       Path
  --------------------------------------------------------------------------
  clock REG_CLK (rise edge)                               0.00       0.00
  clock network delay (ideal)                             0.00       0.00
  input external delay                                   20.00      20.00 r
  Address[0] (in)                                         0.01      20.01 r
  U0_RegFile/Address[0] (RegFile)                         0.00      20.01 r
  U0_RegFile/U189/Y (BUFX2M)                              0.27      20.28 r
  U0_RegFile/U221/Y (INVX2M)                              0.20      20.48 f
  U0_RegFile/U228/Y (NAND3X2M)                            0.11      20.58 r
  U0_RegFile/U227/Y (BUFX2M)                              0.20      20.79 r
  U0_RegFile/U195/Y (INVX2M)                              0.12      20.91 f
  U0_RegFile/U308/Y (OAI22X1M)                            0.13      21.03 r
  U0_RegFile/regArr_reg[6][4]/D (DFFRX1M)                 0.00      21.03 r
  data arrival time                                                 21.03

  clock REG_CLK (rise edge)                             100.00     100.00
  clock network delay (ideal)                             0.00     100.00
  clock uncertainty                                      -0.20      99.80
  U0_RegFile/regArr_reg[6][4]/CK (DFFRX1M)                0.00      99.80 r
  library setup time                                     -0.27      99.53
  data required time                                                99.53
  --------------------------------------------------------------------------
  data required time                                                99.53
  data arrival time                                                -21.03
  --------------------------------------------------------------------------
  slack (MET)                                                       78.50


  Startpoint: Address[0] (input port clocked by REG_CLK)
  Endpoint: U0_RegFile/regArr_reg[6][3]
            (rising edge-triggered flip-flop clocked by REG_CLK)
  Path Group: INREG
  Path Type: max

  Point                                                   Incr       Path
  --------------------------------------------------------------------------
  clock REG_CLK (rise edge)                               0.00       0.00
  clock network delay (ideal)                             0.00       0.00
  input external delay                                   20.00      20.00 r
  Address[0] (in)                                         0.01      20.01 r
  U0_RegFile/Address[0] (RegFile)                         0.00      20.01 r
  U0_RegFile/U189/Y (BUFX2M)                              0.27      20.28 r
  U0_RegFile/U221/Y (INVX2M)                              0.20      20.48 f
  U0_RegFile/U228/Y (NAND3X2M)                            0.11      20.58 r
  U0_RegFile/U227/Y (BUFX2M)                              0.20      20.79 r
  U0_RegFile/U195/Y (INVX2M)                              0.12      20.91 f
  U0_RegFile/U307/Y (OAI22X1M)                            0.13      21.03 r
  U0_RegFile/regArr_reg[6][3]/D (DFFRX1M)                 0.00      21.03 r
  data arrival time                                                 21.03

  clock REG_CLK (rise edge)                             100.00     100.00
  clock network delay (ideal)                             0.00     100.00
  clock uncertainty                                      -0.20      99.80
  U0_RegFile/regArr_reg[6][3]/CK (DFFRX1M)                0.00      99.80 r
  library setup time                                     -0.27      99.53
  data required time                                                99.53
  --------------------------------------------------------------------------
  data required time                                                99.53
  data arrival time                                                -21.03
  --------------------------------------------------------------------------
  slack (MET)                                                       78.50


  Startpoint: Address[0] (input port clocked by REG_CLK)
  Endpoint: U0_RegFile/regArr_reg[6][2]
            (rising edge-triggered flip-flop clocked by REG_CLK)
  Path Group: INREG
  Path Type: max

  Point                                                   Incr       Path
  --------------------------------------------------------------------------
  clock REG_CLK (rise edge)                               0.00       0.00
  clock network delay (ideal)                             0.00       0.00
  input external delay                                   20.00      20.00 r
  Address[0] (in)                                         0.01      20.01 r
  U0_RegFile/Address[0] (RegFile)                         0.00      20.01 r
  U0_RegFile/U189/Y (BUFX2M)                              0.27      20.28 r
  U0_RegFile/U221/Y (INVX2M)                              0.20      20.48 f
  U0_RegFile/U228/Y (NAND3X2M)                            0.11      20.58 r
  U0_RegFile/U227/Y (BUFX2M)                              0.20      20.79 r
  U0_RegFile/U195/Y (INVX2M)                              0.12      20.91 f
  U0_RegFile/U306/Y (OAI22X1M)                            0.13      21.03 r
  U0_RegFile/regArr_reg[6][2]/D (DFFRX1M)                 0.00      21.03 r
  data arrival time                                                 21.03

  clock REG_CLK (rise edge)                             100.00     100.00
  clock network delay (ideal)                             0.00     100.00
  clock uncertainty                                      -0.20      99.80
  U0_RegFile/regArr_reg[6][2]/CK (DFFRX1M)                0.00      99.80 r
  library setup time                                     -0.27      99.53
  data required time                                                99.53
  --------------------------------------------------------------------------
  data required time                                                99.53
  data arrival time                                                -21.03
  --------------------------------------------------------------------------
  slack (MET)                                                       78.50


  Startpoint: Address[0] (input port clocked by REG_CLK)
  Endpoint: U0_RegFile/regArr_reg[6][1]
            (rising edge-triggered flip-flop clocked by REG_CLK)
  Path Group: INREG
  Path Type: max

  Point                                                   Incr       Path
  --------------------------------------------------------------------------
  clock REG_CLK (rise edge)                               0.00       0.00
  clock network delay (ideal)                             0.00       0.00
  input external delay                                   20.00      20.00 r
  Address[0] (in)                                         0.01      20.01 r
  U0_RegFile/Address[0] (RegFile)                         0.00      20.01 r
  U0_RegFile/U189/Y (BUFX2M)                              0.27      20.28 r
  U0_RegFile/U221/Y (INVX2M)                              0.20      20.48 f
  U0_RegFile/U228/Y (NAND3X2M)                            0.11      20.58 r
  U0_RegFile/U227/Y (BUFX2M)                              0.20      20.79 r
  U0_RegFile/U195/Y (INVX2M)                              0.12      20.91 f
  U0_RegFile/U305/Y (OAI22X1M)                            0.13      21.03 r
  U0_RegFile/regArr_reg[6][1]/D (DFFRX1M)                 0.00      21.03 r
  data arrival time                                                 21.03

  clock REG_CLK (rise edge)                             100.00     100.00
  clock network delay (ideal)                             0.00     100.00
  clock uncertainty                                      -0.20      99.80
  U0_RegFile/regArr_reg[6][1]/CK (DFFRX1M)                0.00      99.80 r
  library setup time                                     -0.27      99.53
  data required time                                                99.53
  --------------------------------------------------------------------------
  data required time                                                99.53
  data arrival time                                                -21.03
  --------------------------------------------------------------------------
  slack (MET)                                                       78.50


  Startpoint: Address[0] (input port clocked by REG_CLK)
  Endpoint: U0_RegFile/regArr_reg[6][0]
            (rising edge-triggered flip-flop clocked by REG_CLK)
  Path Group: INREG
  Path Type: max

  Point                                                   Incr       Path
  --------------------------------------------------------------------------
  clock REG_CLK (rise edge)                               0.00       0.00
  clock network delay (ideal)                             0.00       0.00
  input external delay                                   20.00      20.00 r
  Address[0] (in)                                         0.01      20.01 r
  U0_RegFile/Address[0] (RegFile)                         0.00      20.01 r
  U0_RegFile/U189/Y (BUFX2M)                              0.27      20.28 r
  U0_RegFile/U221/Y (INVX2M)                              0.20      20.48 f
  U0_RegFile/U228/Y (NAND3X2M)                            0.11      20.58 r
  U0_RegFile/U227/Y (BUFX2M)                              0.20      20.79 r
  U0_RegFile/U195/Y (INVX2M)                              0.12      20.91 f
  U0_RegFile/U304/Y (OAI22X1M)                            0.13      21.03 r
  U0_RegFile/regArr_reg[6][0]/D (DFFRX1M)                 0.00      21.03 r
  data arrival time                                                 21.03

  clock REG_CLK (rise edge)                             100.00     100.00
  clock network delay (ideal)                             0.00     100.00
  clock uncertainty                                      -0.20      99.80
  U0_RegFile/regArr_reg[6][0]/CK (DFFRX1M)                0.00      99.80 r
  library setup time                                     -0.27      99.53
  data required time                                                99.53
  --------------------------------------------------------------------------
  data required time                                                99.53
  data arrival time                                                -21.03
  --------------------------------------------------------------------------
  slack (MET)                                                       78.50


  Startpoint: Address[0] (input port clocked by REG_CLK)
  Endpoint: U0_RegFile/regArr_reg[2][7]
            (rising edge-triggered flip-flop clocked by REG_CLK)
  Path Group: INREG
  Path Type: max

  Point                                                   Incr       Path
  --------------------------------------------------------------------------
  clock REG_CLK (rise edge)                               0.00       0.00
  clock network delay (ideal)                             0.00       0.00
  input external delay                                   20.00      20.00 r
  Address[0] (in)                                         0.01      20.01 r
  U0_RegFile/Address[0] (RegFile)                         0.00      20.01 r
  U0_RegFile/U189/Y (BUFX2M)                              0.27      20.28 r
  U0_RegFile/U221/Y (INVX2M)                              0.20      20.48 f
  U0_RegFile/U234/Y (NAND3X2M)                            0.11      20.58 r
  U0_RegFile/U233/Y (BUFX2M)                              0.20      20.79 r
  U0_RegFile/U194/Y (INVX2M)                              0.13      20.91 f
  U0_RegFile/U209/Y (OAI22X1M)                            0.11      21.02 r
  U0_RegFile/regArr_reg[2][7]/D (DFFRX1M)                 0.00      21.02 r
  data arrival time                                                 21.02

  clock REG_CLK (rise edge)                             100.00     100.00
  clock network delay (ideal)                             0.00     100.00
  clock uncertainty                                      -0.20      99.80
  U0_RegFile/regArr_reg[2][7]/CK (DFFRX1M)                0.00      99.80 r
  library setup time                                     -0.27      99.53
  data required time                                                99.53
  --------------------------------------------------------------------------
  data required time                                                99.53
  data arrival time                                                -21.02
  --------------------------------------------------------------------------
  slack (MET)                                                       78.51


  Startpoint: Address[0] (input port clocked by REG_CLK)
  Endpoint: U0_RegFile/regArr_reg[2][6]
            (rising edge-triggered flip-flop clocked by REG_CLK)
  Path Group: INREG
  Path Type: max

  Point                                                   Incr       Path
  --------------------------------------------------------------------------
  clock REG_CLK (rise edge)                               0.00       0.00
  clock network delay (ideal)                             0.00       0.00
  input external delay                                   20.00      20.00 r
  Address[0] (in)                                         0.01      20.01 r
  U0_RegFile/Address[0] (RegFile)                         0.00      20.01 r
  U0_RegFile/U189/Y (BUFX2M)                              0.27      20.28 r
  U0_RegFile/U221/Y (INVX2M)                              0.20      20.48 f
  U0_RegFile/U234/Y (NAND3X2M)                            0.11      20.58 r
  U0_RegFile/U233/Y (BUFX2M)                              0.20      20.79 r
  U0_RegFile/U194/Y (INVX2M)                              0.13      20.91 f
  U0_RegFile/U208/Y (OAI22X1M)                            0.11      21.02 r
  U0_RegFile/regArr_reg[2][6]/D (DFFRX1M)                 0.00      21.02 r
  data arrival time                                                 21.02

  clock REG_CLK (rise edge)                             100.00     100.00
  clock network delay (ideal)                             0.00     100.00
  clock uncertainty                                      -0.20      99.80
  U0_RegFile/regArr_reg[2][6]/CK (DFFRX1M)                0.00      99.80 r
  library setup time                                     -0.27      99.53
  data required time                                                99.53
  --------------------------------------------------------------------------
  data required time                                                99.53
  data arrival time                                                -21.02
  --------------------------------------------------------------------------
  slack (MET)                                                       78.51


  Startpoint: Address[0] (input port clocked by REG_CLK)
  Endpoint: U0_RegFile/regArr_reg[2][5]
            (rising edge-triggered flip-flop clocked by REG_CLK)
  Path Group: INREG
  Path Type: max

  Point                                                   Incr       Path
  --------------------------------------------------------------------------
  clock REG_CLK (rise edge)                               0.00       0.00
  clock network delay (ideal)                             0.00       0.00
  input external delay                                   20.00      20.00 r
  Address[0] (in)                                         0.01      20.01 r
  U0_RegFile/Address[0] (RegFile)                         0.00      20.01 r
  U0_RegFile/U189/Y (BUFX2M)                              0.27      20.28 r
  U0_RegFile/U221/Y (INVX2M)                              0.20      20.48 f
  U0_RegFile/U234/Y (NAND3X2M)                            0.11      20.58 r
  U0_RegFile/U233/Y (BUFX2M)                              0.20      20.79 r
  U0_RegFile/U194/Y (INVX2M)                              0.13      20.91 f
  U0_RegFile/U207/Y (OAI22X1M)                            0.11      21.02 r
  U0_RegFile/regArr_reg[2][5]/D (DFFRX1M)                 0.00      21.02 r
  data arrival time                                                 21.02

  clock REG_CLK (rise edge)                             100.00     100.00
  clock network delay (ideal)                             0.00     100.00
  clock uncertainty                                      -0.20      99.80
  U0_RegFile/regArr_reg[2][5]/CK (DFFRX1M)                0.00      99.80 r
  library setup time                                     -0.27      99.53
  data required time                                                99.53
  --------------------------------------------------------------------------
  data required time                                                99.53
  data arrival time                                                -21.02
  --------------------------------------------------------------------------
  slack (MET)                                                       78.51


  Startpoint: Address[0] (input port clocked by REG_CLK)
  Endpoint: U0_RegFile/regArr_reg[2][4]
            (rising edge-triggered flip-flop clocked by REG_CLK)
  Path Group: INREG
  Path Type: max

  Point                                                   Incr       Path
  --------------------------------------------------------------------------
  clock REG_CLK (rise edge)                               0.00       0.00
  clock network delay (ideal)                             0.00       0.00
  input external delay                                   20.00      20.00 r
  Address[0] (in)                                         0.01      20.01 r
  U0_RegFile/Address[0] (RegFile)                         0.00      20.01 r
  U0_RegFile/U189/Y (BUFX2M)                              0.27      20.28 r
  U0_RegFile/U221/Y (INVX2M)                              0.20      20.48 f
  U0_RegFile/U234/Y (NAND3X2M)                            0.11      20.58 r
  U0_RegFile/U233/Y (BUFX2M)                              0.20      20.79 r
  U0_RegFile/U194/Y (INVX2M)                              0.13      20.91 f
  U0_RegFile/U206/Y (OAI22X1M)                            0.11      21.02 r
  U0_RegFile/regArr_reg[2][4]/D (DFFRX1M)                 0.00      21.02 r
  data arrival time                                                 21.02

  clock REG_CLK (rise edge)                             100.00     100.00
  clock network delay (ideal)                             0.00     100.00
  clock uncertainty                                      -0.20      99.80
  U0_RegFile/regArr_reg[2][4]/CK (DFFRX1M)                0.00      99.80 r
  library setup time                                     -0.27      99.53
  data required time                                                99.53
  --------------------------------------------------------------------------
  data required time                                                99.53
  data arrival time                                                -21.02
  --------------------------------------------------------------------------
  slack (MET)                                                       78.51


  Startpoint: Address[0] (input port clocked by REG_CLK)
  Endpoint: U0_RegFile/regArr_reg[2][3]
            (rising edge-triggered flip-flop clocked by REG_CLK)
  Path Group: INREG
  Path Type: max

  Point                                                   Incr       Path
  --------------------------------------------------------------------------
  clock REG_CLK (rise edge)                               0.00       0.00
  clock network delay (ideal)                             0.00       0.00
  input external delay                                   20.00      20.00 r
  Address[0] (in)                                         0.01      20.01 r
  U0_RegFile/Address[0] (RegFile)                         0.00      20.01 r
  U0_RegFile/U189/Y (BUFX2M)                              0.27      20.28 r
  U0_RegFile/U221/Y (INVX2M)                              0.20      20.48 f
  U0_RegFile/U234/Y (NAND3X2M)                            0.11      20.58 r
  U0_RegFile/U233/Y (BUFX2M)                              0.20      20.79 r
  U0_RegFile/U194/Y (INVX2M)                              0.13      20.91 f
  U0_RegFile/U205/Y (OAI22X1M)                            0.11      21.02 r
  U0_RegFile/regArr_reg[2][3]/D (DFFRX1M)                 0.00      21.02 r
  data arrival time                                                 21.02

  clock REG_CLK (rise edge)                             100.00     100.00
  clock network delay (ideal)                             0.00     100.00
  clock uncertainty                                      -0.20      99.80
  U0_RegFile/regArr_reg[2][3]/CK (DFFRX1M)                0.00      99.80 r
  library setup time                                     -0.27      99.53
  data required time                                                99.53
  --------------------------------------------------------------------------
  data required time                                                99.53
  data arrival time                                                -21.02
  --------------------------------------------------------------------------
  slack (MET)                                                       78.51


  Startpoint: Address[0] (input port clocked by REG_CLK)
  Endpoint: U0_RegFile/regArr_reg[2][1]
            (rising edge-triggered flip-flop clocked by REG_CLK)
  Path Group: INREG
  Path Type: max

  Point                                                   Incr       Path
  --------------------------------------------------------------------------
  clock REG_CLK (rise edge)                               0.00       0.00
  clock network delay (ideal)                             0.00       0.00
  input external delay                                   20.00      20.00 r
  Address[0] (in)                                         0.01      20.01 r
  U0_RegFile/Address[0] (RegFile)                         0.00      20.01 r
  U0_RegFile/U189/Y (BUFX2M)                              0.27      20.28 r
  U0_RegFile/U221/Y (INVX2M)                              0.20      20.48 f
  U0_RegFile/U234/Y (NAND3X2M)                            0.11      20.58 r
  U0_RegFile/U233/Y (BUFX2M)                              0.20      20.79 r
  U0_RegFile/U194/Y (INVX2M)                              0.13      20.91 f
  U0_RegFile/U204/Y (OAI22X1M)                            0.11      21.02 r
  U0_RegFile/regArr_reg[2][1]/D (DFFRX1M)                 0.00      21.02 r
  data arrival time                                                 21.02

  clock REG_CLK (rise edge)                             100.00     100.00
  clock network delay (ideal)                             0.00     100.00
  clock uncertainty                                      -0.20      99.80
  U0_RegFile/regArr_reg[2][1]/CK (DFFRX1M)                0.00      99.80 r
  library setup time                                     -0.27      99.53
  data required time                                                99.53
  --------------------------------------------------------------------------
  data required time                                                99.53
  data arrival time                                                -21.02
  --------------------------------------------------------------------------
  slack (MET)                                                       78.51


  Startpoint: WrEn (input port clocked by REG_CLK)
  Endpoint: U0_RegFile/regArr_reg[1][4]
            (rising edge-triggered flip-flop clocked by REG_CLK)
  Path Group: INREG
  Path Type: max

  Point                                                   Incr       Path
  --------------------------------------------------------------------------
  clock REG_CLK (rise edge)                               0.00       0.00
  clock network delay (ideal)                             0.00       0.00
  input external delay                                   20.00      20.00 r
  WrEn (in)                                               0.02      20.02 r
  U0_RegFile/WrEn (RegFile)                               0.00      20.02 r
  U0_RegFile/U330/Y (INVX2M)                              0.05      20.07 f
  U0_RegFile/U238/Y (NOR3X2M)                             0.21      20.28 r
  U0_RegFile/U222/Y (AND2X2M)                             0.22      20.50 r
  U0_RegFile/U230/Y (NAND3X2M)                            0.10      20.60 f
  U0_RegFile/U229/Y (BUFX2M)                              0.21      20.81 f
  U0_RegFile/U303/Y (OAI22X1M)                            0.19      21.00 r
  U0_RegFile/regArr_reg[1][4]/D (DFFRX1M)                 0.00      21.00 r
  data arrival time                                                 21.00

  clock REG_CLK (rise edge)                             100.00     100.00
  clock network delay (ideal)                             0.00     100.00
  clock uncertainty                                      -0.20      99.80
  U0_RegFile/regArr_reg[1][4]/CK (DFFRX1M)                0.00      99.80 r
  library setup time                                     -0.27      99.53
  data required time                                                99.53
  --------------------------------------------------------------------------
  data required time                                                99.53
  data arrival time                                                -21.00
  --------------------------------------------------------------------------
  slack (MET)                                                       78.53


  Startpoint: WrEn (input port clocked by REG_CLK)
  Endpoint: U0_RegFile/regArr_reg[1][2]
            (rising edge-triggered flip-flop clocked by REG_CLK)
  Path Group: INREG
  Path Type: max

  Point                                                   Incr       Path
  --------------------------------------------------------------------------
  clock REG_CLK (rise edge)                               0.00       0.00
  clock network delay (ideal)                             0.00       0.00
  input external delay                                   20.00      20.00 r
  WrEn (in)                                               0.02      20.02 r
  U0_RegFile/WrEn (RegFile)                               0.00      20.02 r
  U0_RegFile/U330/Y (INVX2M)                              0.05      20.07 f
  U0_RegFile/U238/Y (NOR3X2M)                             0.21      20.28 r
  U0_RegFile/U222/Y (AND2X2M)                             0.22      20.50 r
  U0_RegFile/U230/Y (NAND3X2M)                            0.10      20.60 f
  U0_RegFile/U229/Y (BUFX2M)                              0.21      20.81 f
  U0_RegFile/U302/Y (OAI22X1M)                            0.19      21.00 r
  U0_RegFile/regArr_reg[1][2]/D (DFFRX1M)                 0.00      21.00 r
  data arrival time                                                 21.00

  clock REG_CLK (rise edge)                             100.00     100.00
  clock network delay (ideal)                             0.00     100.00
  clock uncertainty                                      -0.20      99.80
  U0_RegFile/regArr_reg[1][2]/CK (DFFRX1M)                0.00      99.80 r
  library setup time                                     -0.27      99.53
  data required time                                                99.53
  --------------------------------------------------------------------------
  data required time                                                99.53
  data arrival time                                                -21.00
  --------------------------------------------------------------------------
  slack (MET)                                                       78.53


  Startpoint: WrEn (input port clocked by REG_CLK)
  Endpoint: U0_RegFile/regArr_reg[1][1]
            (rising edge-triggered flip-flop clocked by REG_CLK)
  Path Group: INREG
  Path Type: max

  Point                                                   Incr       Path
  --------------------------------------------------------------------------
  clock REG_CLK (rise edge)                               0.00       0.00
  clock network delay (ideal)                             0.00       0.00
  input external delay                                   20.00      20.00 r
  WrEn (in)                                               0.02      20.02 r
  U0_RegFile/WrEn (RegFile)                               0.00      20.02 r
  U0_RegFile/U330/Y (INVX2M)                              0.05      20.07 f
  U0_RegFile/U238/Y (NOR3X2M)                             0.21      20.28 r
  U0_RegFile/U222/Y (AND2X2M)                             0.22      20.50 r
  U0_RegFile/U230/Y (NAND3X2M)                            0.10      20.60 f
  U0_RegFile/U229/Y (BUFX2M)                              0.21      20.81 f
  U0_RegFile/U301/Y (OAI22X1M)                            0.19      21.00 r
  U0_RegFile/regArr_reg[1][1]/D (DFFRX1M)                 0.00      21.00 r
  data arrival time                                                 21.00

  clock REG_CLK (rise edge)                             100.00     100.00
  clock network delay (ideal)                             0.00     100.00
  clock uncertainty                                      -0.20      99.80
  U0_RegFile/regArr_reg[1][1]/CK (DFFRX1M)                0.00      99.80 r
  library setup time                                     -0.27      99.53
  data required time                                                99.53
  --------------------------------------------------------------------------
  data required time                                                99.53
  data arrival time                                                -21.00
  --------------------------------------------------------------------------
  slack (MET)                                                       78.53


  Startpoint: WrEn (input port clocked by REG_CLK)
  Endpoint: U0_RegFile/regArr_reg[1][0]
            (rising edge-triggered flip-flop clocked by REG_CLK)
  Path Group: INREG
  Path Type: max

  Point                                                   Incr       Path
  --------------------------------------------------------------------------
  clock REG_CLK (rise edge)                               0.00       0.00
  clock network delay (ideal)                             0.00       0.00
  input external delay                                   20.00      20.00 r
  WrEn (in)                                               0.02      20.02 r
  U0_RegFile/WrEn (RegFile)                               0.00      20.02 r
  U0_RegFile/U330/Y (INVX2M)                              0.05      20.07 f
  U0_RegFile/U238/Y (NOR3X2M)                             0.21      20.28 r
  U0_RegFile/U222/Y (AND2X2M)                             0.22      20.50 r
  U0_RegFile/U230/Y (NAND3X2M)                            0.10      20.60 f
  U0_RegFile/U229/Y (BUFX2M)                              0.21      20.81 f
  U0_RegFile/U300/Y (OAI22X1M)                            0.19      21.00 r
  U0_RegFile/regArr_reg[1][0]/D (DFFRX1M)                 0.00      21.00 r
  data arrival time                                                 21.00

  clock REG_CLK (rise edge)                             100.00     100.00
  clock network delay (ideal)                             0.00     100.00
  clock uncertainty                                      -0.20      99.80
  U0_RegFile/regArr_reg[1][0]/CK (DFFRX1M)                0.00      99.80 r
  library setup time                                     -0.27      99.53
  data required time                                                99.53
  --------------------------------------------------------------------------
  data required time                                                99.53
  data arrival time                                                -21.00
  --------------------------------------------------------------------------
  slack (MET)                                                       78.53


  Startpoint: WrEn (input port clocked by REG_CLK)
  Endpoint: U0_RegFile/regArr_reg[1][7]
            (rising edge-triggered flip-flop clocked by REG_CLK)
  Path Group: INREG
  Path Type: max

  Point                                                   Incr       Path
  --------------------------------------------------------------------------
  clock REG_CLK (rise edge)                               0.00       0.00
  clock network delay (ideal)                             0.00       0.00
  input external delay                                   20.00      20.00 r
  WrEn (in)                                               0.02      20.02 r
  U0_RegFile/WrEn (RegFile)                               0.00      20.02 r
  U0_RegFile/U330/Y (INVX2M)                              0.05      20.07 f
  U0_RegFile/U238/Y (NOR3X2M)                             0.21      20.28 r
  U0_RegFile/U222/Y (AND2X2M)                             0.22      20.50 r
  U0_RegFile/U230/Y (NAND3X2M)                            0.10      20.60 f
  U0_RegFile/U229/Y (BUFX2M)                              0.21      20.81 f
  U0_RegFile/U299/Y (OAI22X1M)                            0.19      21.00 r
  U0_RegFile/regArr_reg[1][7]/D (DFFRX1M)                 0.00      21.00 r
  data arrival time                                                 21.00

  clock REG_CLK (rise edge)                             100.00     100.00
  clock network delay (ideal)                             0.00     100.00
  clock uncertainty                                      -0.20      99.80
  U0_RegFile/regArr_reg[1][7]/CK (DFFRX1M)                0.00      99.80 r
  library setup time                                     -0.27      99.53
  data required time                                                99.53
  --------------------------------------------------------------------------
  data required time                                                99.53
  data arrival time                                                -21.00
  --------------------------------------------------------------------------
  slack (MET)                                                       78.53


  Startpoint: WrEn (input port clocked by REG_CLK)
  Endpoint: U0_RegFile/regArr_reg[1][6]
            (rising edge-triggered flip-flop clocked by REG_CLK)
  Path Group: INREG
  Path Type: max

  Point                                                   Incr       Path
  --------------------------------------------------------------------------
  clock REG_CLK (rise edge)                               0.00       0.00
  clock network delay (ideal)                             0.00       0.00
  input external delay                                   20.00      20.00 r
  WrEn (in)                                               0.02      20.02 r
  U0_RegFile/WrEn (RegFile)                               0.00      20.02 r
  U0_RegFile/U330/Y (INVX2M)                              0.05      20.07 f
  U0_RegFile/U238/Y (NOR3X2M)                             0.21      20.28 r
  U0_RegFile/U222/Y (AND2X2M)                             0.22      20.50 r
  U0_RegFile/U230/Y (NAND3X2M)                            0.10      20.60 f
  U0_RegFile/U229/Y (BUFX2M)                              0.21      20.81 f
  U0_RegFile/U298/Y (OAI22X1M)                            0.19      21.00 r
  U0_RegFile/regArr_reg[1][6]/D (DFFRX1M)                 0.00      21.00 r
  data arrival time                                                 21.00

  clock REG_CLK (rise edge)                             100.00     100.00
  clock network delay (ideal)                             0.00     100.00
  clock uncertainty                                      -0.20      99.80
  U0_RegFile/regArr_reg[1][6]/CK (DFFRX1M)                0.00      99.80 r
  library setup time                                     -0.27      99.53
  data required time                                                99.53
  --------------------------------------------------------------------------
  data required time                                                99.53
  data arrival time                                                -21.00
  --------------------------------------------------------------------------
  slack (MET)                                                       78.53


  Startpoint: WrEn (input port clocked by REG_CLK)
  Endpoint: U0_RegFile/regArr_reg[1][5]
            (rising edge-triggered flip-flop clocked by REG_CLK)
  Path Group: INREG
  Path Type: max

  Point                                                   Incr       Path
  --------------------------------------------------------------------------
  clock REG_CLK (rise edge)                               0.00       0.00
  clock network delay (ideal)                             0.00       0.00
  input external delay                                   20.00      20.00 r
  WrEn (in)                                               0.02      20.02 r
  U0_RegFile/WrEn (RegFile)                               0.00      20.02 r
  U0_RegFile/U330/Y (INVX2M)                              0.05      20.07 f
  U0_RegFile/U238/Y (NOR3X2M)                             0.21      20.28 r
  U0_RegFile/U222/Y (AND2X2M)                             0.22      20.50 r
  U0_RegFile/U230/Y (NAND3X2M)                            0.10      20.60 f
  U0_RegFile/U229/Y (BUFX2M)                              0.21      20.81 f
  U0_RegFile/U297/Y (OAI22X1M)                            0.19      21.00 r
  U0_RegFile/regArr_reg[1][5]/D (DFFRX1M)                 0.00      21.00 r
  data arrival time                                                 21.00

  clock REG_CLK (rise edge)                             100.00     100.00
  clock network delay (ideal)                             0.00     100.00
  clock uncertainty                                      -0.20      99.80
  U0_RegFile/regArr_reg[1][5]/CK (DFFRX1M)                0.00      99.80 r
  library setup time                                     -0.27      99.53
  data required time                                                99.53
  --------------------------------------------------------------------------
  data required time                                                99.53
  data arrival time                                                -21.00
  --------------------------------------------------------------------------
  slack (MET)                                                       78.53


  Startpoint: WrEn (input port clocked by REG_CLK)
  Endpoint: U0_RegFile/regArr_reg[3][7]
            (rising edge-triggered flip-flop clocked by REG_CLK)
  Path Group: INREG
  Path Type: max

  Point                                                   Incr       Path
  --------------------------------------------------------------------------
  clock REG_CLK (rise edge)                               0.00       0.00
  clock network delay (ideal)                             0.00       0.00
  input external delay                                   20.00      20.00 r
  WrEn (in)                                               0.02      20.02 r
  U0_RegFile/WrEn (RegFile)                               0.00      20.02 r
  U0_RegFile/U330/Y (INVX2M)                              0.05      20.07 f
  U0_RegFile/U238/Y (NOR3X2M)                             0.21      20.28 r
  U0_RegFile/U222/Y (AND2X2M)                             0.22      20.50 r
  U0_RegFile/U232/Y (NAND3X2M)                            0.10      20.60 f
  U0_RegFile/U231/Y (BUFX2M)                              0.21      20.81 f
  U0_RegFile/U217/Y (OAI22X1M)                            0.19      21.00 r
  U0_RegFile/regArr_reg[3][7]/D (DFFRX1M)                 0.00      21.00 r
  data arrival time                                                 21.00

  clock REG_CLK (rise edge)                             100.00     100.00
  clock network delay (ideal)                             0.00     100.00
  clock uncertainty                                      -0.20      99.80
  U0_RegFile/regArr_reg[3][7]/CK (DFFRX1M)                0.00      99.80 r
  library setup time                                     -0.27      99.53
  data required time                                                99.53
  --------------------------------------------------------------------------
  data required time                                                99.53
  data arrival time                                                -21.00
  --------------------------------------------------------------------------
  slack (MET)                                                       78.53


  Startpoint: WrEn (input port clocked by REG_CLK)
  Endpoint: U0_RegFile/regArr_reg[3][6]
            (rising edge-triggered flip-flop clocked by REG_CLK)
  Path Group: INREG
  Path Type: max

  Point                                                   Incr       Path
  --------------------------------------------------------------------------
  clock REG_CLK (rise edge)                               0.00       0.00
  clock network delay (ideal)                             0.00       0.00
  input external delay                                   20.00      20.00 r
  WrEn (in)                                               0.02      20.02 r
  U0_RegFile/WrEn (RegFile)                               0.00      20.02 r
  U0_RegFile/U330/Y (INVX2M)                              0.05      20.07 f
  U0_RegFile/U238/Y (NOR3X2M)                             0.21      20.28 r
  U0_RegFile/U222/Y (AND2X2M)                             0.22      20.50 r
  U0_RegFile/U232/Y (NAND3X2M)                            0.10      20.60 f
  U0_RegFile/U231/Y (BUFX2M)                              0.21      20.81 f
  U0_RegFile/U216/Y (OAI22X1M)                            0.19      21.00 r
  U0_RegFile/regArr_reg[3][6]/D (DFFRX1M)                 0.00      21.00 r
  data arrival time                                                 21.00

  clock REG_CLK (rise edge)                             100.00     100.00
  clock network delay (ideal)                             0.00     100.00
  clock uncertainty                                      -0.20      99.80
  U0_RegFile/regArr_reg[3][6]/CK (DFFRX1M)                0.00      99.80 r
  library setup time                                     -0.27      99.53
  data required time                                                99.53
  --------------------------------------------------------------------------
  data required time                                                99.53
  data arrival time                                                -21.00
  --------------------------------------------------------------------------
  slack (MET)                                                       78.53


  Startpoint: WrEn (input port clocked by REG_CLK)
  Endpoint: U0_RegFile/regArr_reg[3][5]
            (rising edge-triggered flip-flop clocked by REG_CLK)
  Path Group: INREG
  Path Type: max

  Point                                                   Incr       Path
  --------------------------------------------------------------------------
  clock REG_CLK (rise edge)                               0.00       0.00
  clock network delay (ideal)                             0.00       0.00
  input external delay                                   20.00      20.00 r
  WrEn (in)                                               0.02      20.02 r
  U0_RegFile/WrEn (RegFile)                               0.00      20.02 r
  U0_RegFile/U330/Y (INVX2M)                              0.05      20.07 f
  U0_RegFile/U238/Y (NOR3X2M)                             0.21      20.28 r
  U0_RegFile/U222/Y (AND2X2M)                             0.22      20.50 r
  U0_RegFile/U232/Y (NAND3X2M)                            0.10      20.60 f
  U0_RegFile/U231/Y (BUFX2M)                              0.21      20.81 f
  U0_RegFile/U215/Y (OAI22X1M)                            0.19      21.00 r
  U0_RegFile/regArr_reg[3][5]/D (DFFRX1M)                 0.00      21.00 r
  data arrival time                                                 21.00

  clock REG_CLK (rise edge)                             100.00     100.00
  clock network delay (ideal)                             0.00     100.00
  clock uncertainty                                      -0.20      99.80
  U0_RegFile/regArr_reg[3][5]/CK (DFFRX1M)                0.00      99.80 r
  library setup time                                     -0.27      99.53
  data required time                                                99.53
  --------------------------------------------------------------------------
  data required time                                                99.53
  data arrival time                                                -21.00
  --------------------------------------------------------------------------
  slack (MET)                                                       78.53


  Startpoint: WrEn (input port clocked by REG_CLK)
  Endpoint: U0_RegFile/regArr_reg[3][4]
            (rising edge-triggered flip-flop clocked by REG_CLK)
  Path Group: INREG
  Path Type: max

  Point                                                   Incr       Path
  --------------------------------------------------------------------------
  clock REG_CLK (rise edge)                               0.00       0.00
  clock network delay (ideal)                             0.00       0.00
  input external delay                                   20.00      20.00 r
  WrEn (in)                                               0.02      20.02 r
  U0_RegFile/WrEn (RegFile)                               0.00      20.02 r
  U0_RegFile/U330/Y (INVX2M)                              0.05      20.07 f
  U0_RegFile/U238/Y (NOR3X2M)                             0.21      20.28 r
  U0_RegFile/U222/Y (AND2X2M)                             0.22      20.50 r
  U0_RegFile/U232/Y (NAND3X2M)                            0.10      20.60 f
  U0_RegFile/U231/Y (BUFX2M)                              0.21      20.81 f
  U0_RegFile/U214/Y (OAI22X1M)                            0.19      21.00 r
  U0_RegFile/regArr_reg[3][4]/D (DFFRX1M)                 0.00      21.00 r
  data arrival time                                                 21.00

  clock REG_CLK (rise edge)                             100.00     100.00
  clock network delay (ideal)                             0.00     100.00
  clock uncertainty                                      -0.20      99.80
  U0_RegFile/regArr_reg[3][4]/CK (DFFRX1M)                0.00      99.80 r
  library setup time                                     -0.27      99.53
  data required time                                                99.53
  --------------------------------------------------------------------------
  data required time                                                99.53
  data arrival time                                                -21.00
  --------------------------------------------------------------------------
  slack (MET)                                                       78.53


  Startpoint: WrEn (input port clocked by REG_CLK)
  Endpoint: U0_RegFile/regArr_reg[3][3]
            (rising edge-triggered flip-flop clocked by REG_CLK)
  Path Group: INREG
  Path Type: max

  Point                                                   Incr       Path
  --------------------------------------------------------------------------
  clock REG_CLK (rise edge)                               0.00       0.00
  clock network delay (ideal)                             0.00       0.00
  input external delay                                   20.00      20.00 r
  WrEn (in)                                               0.02      20.02 r
  U0_RegFile/WrEn (RegFile)                               0.00      20.02 r
  U0_RegFile/U330/Y (INVX2M)                              0.05      20.07 f
  U0_RegFile/U238/Y (NOR3X2M)                             0.21      20.28 r
  U0_RegFile/U222/Y (AND2X2M)                             0.22      20.50 r
  U0_RegFile/U232/Y (NAND3X2M)                            0.10      20.60 f
  U0_RegFile/U231/Y (BUFX2M)                              0.21      20.81 f
  U0_RegFile/U213/Y (OAI22X1M)                            0.19      21.00 r
  U0_RegFile/regArr_reg[3][3]/D (DFFRX1M)                 0.00      21.00 r
  data arrival time                                                 21.00

  clock REG_CLK (rise edge)                             100.00     100.00
  clock network delay (ideal)                             0.00     100.00
  clock uncertainty                                      -0.20      99.80
  U0_RegFile/regArr_reg[3][3]/CK (DFFRX1M)                0.00      99.80 r
  library setup time                                     -0.27      99.53
  data required time                                                99.53
  --------------------------------------------------------------------------
  data required time                                                99.53
  data arrival time                                                -21.00
  --------------------------------------------------------------------------
  slack (MET)                                                       78.53


  Startpoint: WrEn (input port clocked by REG_CLK)
  Endpoint: U0_RegFile/regArr_reg[3][2]
            (rising edge-triggered flip-flop clocked by REG_CLK)
  Path Group: INREG
  Path Type: max

  Point                                                   Incr       Path
  --------------------------------------------------------------------------
  clock REG_CLK (rise edge)                               0.00       0.00
  clock network delay (ideal)                             0.00       0.00
  input external delay                                   20.00      20.00 r
  WrEn (in)                                               0.02      20.02 r
  U0_RegFile/WrEn (RegFile)                               0.00      20.02 r
  U0_RegFile/U330/Y (INVX2M)                              0.05      20.07 f
  U0_RegFile/U238/Y (NOR3X2M)                             0.21      20.28 r
  U0_RegFile/U222/Y (AND2X2M)                             0.22      20.50 r
  U0_RegFile/U232/Y (NAND3X2M)                            0.10      20.60 f
  U0_RegFile/U231/Y (BUFX2M)                              0.21      20.81 f
  U0_RegFile/U212/Y (OAI22X1M)                            0.19      21.00 r
  U0_RegFile/regArr_reg[3][2]/D (DFFRX1M)                 0.00      21.00 r
  data arrival time                                                 21.00

  clock REG_CLK (rise edge)                             100.00     100.00
  clock network delay (ideal)                             0.00     100.00
  clock uncertainty                                      -0.20      99.80
  U0_RegFile/regArr_reg[3][2]/CK (DFFRX1M)                0.00      99.80 r
  library setup time                                     -0.27      99.53
  data required time                                                99.53
  --------------------------------------------------------------------------
  data required time                                                99.53
  data arrival time                                                -21.00
  --------------------------------------------------------------------------
  slack (MET)                                                       78.53


  Startpoint: WrEn (input port clocked by REG_CLK)
  Endpoint: U0_RegFile/regArr_reg[3][1]
            (rising edge-triggered flip-flop clocked by REG_CLK)
  Path Group: INREG
  Path Type: max

  Point                                                   Incr       Path
  --------------------------------------------------------------------------
  clock REG_CLK (rise edge)                               0.00       0.00
  clock network delay (ideal)                             0.00       0.00
  input external delay                                   20.00      20.00 r
  WrEn (in)                                               0.02      20.02 r
  U0_RegFile/WrEn (RegFile)                               0.00      20.02 r
  U0_RegFile/U330/Y (INVX2M)                              0.05      20.07 f
  U0_RegFile/U238/Y (NOR3X2M)                             0.21      20.28 r
  U0_RegFile/U222/Y (AND2X2M)                             0.22      20.50 r
  U0_RegFile/U232/Y (NAND3X2M)                            0.10      20.60 f
  U0_RegFile/U231/Y (BUFX2M)                              0.21      20.81 f
  U0_RegFile/U211/Y (OAI22X1M)                            0.19      21.00 r
  U0_RegFile/regArr_reg[3][1]/D (DFFRX1M)                 0.00      21.00 r
  data arrival time                                                 21.00

  clock REG_CLK (rise edge)                             100.00     100.00
  clock network delay (ideal)                             0.00     100.00
  clock uncertainty                                      -0.20      99.80
  U0_RegFile/regArr_reg[3][1]/CK (DFFRX1M)                0.00      99.80 r
  library setup time                                     -0.27      99.53
  data required time                                                99.53
  --------------------------------------------------------------------------
  data required time                                                99.53
  data arrival time                                                -21.00
  --------------------------------------------------------------------------
  slack (MET)                                                       78.53


  Startpoint: WrEn (input port clocked by REG_CLK)
  Endpoint: U0_RegFile/regArr_reg[3][0]
            (rising edge-triggered flip-flop clocked by REG_CLK)
  Path Group: INREG
  Path Type: max

  Point                                                   Incr       Path
  --------------------------------------------------------------------------
  clock REG_CLK (rise edge)                               0.00       0.00
  clock network delay (ideal)                             0.00       0.00
  input external delay                                   20.00      20.00 r
  WrEn (in)                                               0.02      20.02 r
  U0_RegFile/WrEn (RegFile)                               0.00      20.02 r
  U0_RegFile/U330/Y (INVX2M)                              0.05      20.07 f
  U0_RegFile/U238/Y (NOR3X2M)                             0.21      20.28 r
  U0_RegFile/U222/Y (AND2X2M)                             0.22      20.50 r
  U0_RegFile/U232/Y (NAND3X2M)                            0.10      20.60 f
  U0_RegFile/U231/Y (BUFX2M)                              0.21      20.81 f
  U0_RegFile/U210/Y (OAI22X1M)                            0.19      21.00 r
  U0_RegFile/regArr_reg[3][0]/D (DFFRX1M)                 0.00      21.00 r
  data arrival time                                                 21.00

  clock REG_CLK (rise edge)                             100.00     100.00
  clock network delay (ideal)                             0.00     100.00
  clock uncertainty                                      -0.20      99.80
  U0_RegFile/regArr_reg[3][0]/CK (DFFRX1M)                0.00      99.80 r
  library setup time                                     -0.27      99.53
  data required time                                                99.53
  --------------------------------------------------------------------------
  data required time                                                99.53
  data arrival time                                                -21.00
  --------------------------------------------------------------------------
  slack (MET)                                                       78.53


  Startpoint: WrEn (input port clocked by REG_CLK)
  Endpoint: U0_RegFile/regArr_reg[7][7]
            (rising edge-triggered flip-flop clocked by REG_CLK)
  Path Group: INREG
  Path Type: max

  Point                                                   Incr       Path
  --------------------------------------------------------------------------
  clock REG_CLK (rise edge)                               0.00       0.00
  clock network delay (ideal)                             0.00       0.00
  input external delay                                   20.00      20.00 r
  WrEn (in)                                               0.02      20.02 r
  U0_RegFile/WrEn (RegFile)                               0.00      20.02 r
  U0_RegFile/U330/Y (INVX2M)                              0.05      20.07 f
  U0_RegFile/U238/Y (NOR3X2M)                             0.21      20.28 r
  U0_RegFile/U329/Y (AND2X2M)                             0.22      20.50 r
  U0_RegFile/U224/Y (NAND3X2M)                            0.09      20.60 f
  U0_RegFile/U223/Y (BUFX2M)                              0.21      20.81 f
  U0_RegFile/U327/Y (OAI22X1M)                            0.18      21.00 r
  U0_RegFile/regArr_reg[7][7]/D (DFFRX1M)                 0.00      21.00 r
  data arrival time                                                 21.00

  clock REG_CLK (rise edge)                             100.00     100.00
  clock network delay (ideal)                             0.00     100.00
  clock uncertainty                                      -0.20      99.80
  U0_RegFile/regArr_reg[7][7]/CK (DFFRX1M)                0.00      99.80 r
  library setup time                                     -0.27      99.53
  data required time                                                99.53
  --------------------------------------------------------------------------
  data required time                                                99.53
  data arrival time                                                -21.00
  --------------------------------------------------------------------------
  slack (MET)                                                       78.53


  Startpoint: WrEn (input port clocked by REG_CLK)
  Endpoint: U0_RegFile/regArr_reg[7][6]
            (rising edge-triggered flip-flop clocked by REG_CLK)
  Path Group: INREG
  Path Type: max

  Point                                                   Incr       Path
  --------------------------------------------------------------------------
  clock REG_CLK (rise edge)                               0.00       0.00
  clock network delay (ideal)                             0.00       0.00
  input external delay                                   20.00      20.00 r
  WrEn (in)                                               0.02      20.02 r
  U0_RegFile/WrEn (RegFile)                               0.00      20.02 r
  U0_RegFile/U330/Y (INVX2M)                              0.05      20.07 f
  U0_RegFile/U238/Y (NOR3X2M)                             0.21      20.28 r
  U0_RegFile/U329/Y (AND2X2M)                             0.22      20.50 r
  U0_RegFile/U224/Y (NAND3X2M)                            0.09      20.60 f
  U0_RegFile/U223/Y (BUFX2M)                              0.21      20.81 f
  U0_RegFile/U326/Y (OAI22X1M)                            0.18      21.00 r
  U0_RegFile/regArr_reg[7][6]/D (DFFRX1M)                 0.00      21.00 r
  data arrival time                                                 21.00

  clock REG_CLK (rise edge)                             100.00     100.00
  clock network delay (ideal)                             0.00     100.00
  clock uncertainty                                      -0.20      99.80
  U0_RegFile/regArr_reg[7][6]/CK (DFFRX1M)                0.00      99.80 r
  library setup time                                     -0.27      99.53
  data required time                                                99.53
  --------------------------------------------------------------------------
  data required time                                                99.53
  data arrival time                                                -21.00
  --------------------------------------------------------------------------
  slack (MET)                                                       78.53


  Startpoint: WrEn (input port clocked by REG_CLK)
  Endpoint: U0_RegFile/regArr_reg[7][5]
            (rising edge-triggered flip-flop clocked by REG_CLK)
  Path Group: INREG
  Path Type: max

  Point                                                   Incr       Path
  --------------------------------------------------------------------------
  clock REG_CLK (rise edge)                               0.00       0.00
  clock network delay (ideal)                             0.00       0.00
  input external delay                                   20.00      20.00 r
  WrEn (in)                                               0.02      20.02 r
  U0_RegFile/WrEn (RegFile)                               0.00      20.02 r
  U0_RegFile/U330/Y (INVX2M)                              0.05      20.07 f
  U0_RegFile/U238/Y (NOR3X2M)                             0.21      20.28 r
  U0_RegFile/U329/Y (AND2X2M)                             0.22      20.50 r
  U0_RegFile/U224/Y (NAND3X2M)                            0.09      20.60 f
  U0_RegFile/U223/Y (BUFX2M)                              0.21      20.81 f
  U0_RegFile/U325/Y (OAI22X1M)                            0.18      21.00 r
  U0_RegFile/regArr_reg[7][5]/D (DFFRX1M)                 0.00      21.00 r
  data arrival time                                                 21.00

  clock REG_CLK (rise edge)                             100.00     100.00
  clock network delay (ideal)                             0.00     100.00
  clock uncertainty                                      -0.20      99.80
  U0_RegFile/regArr_reg[7][5]/CK (DFFRX1M)                0.00      99.80 r
  library setup time                                     -0.27      99.53
  data required time                                                99.53
  --------------------------------------------------------------------------
  data required time                                                99.53
  data arrival time                                                -21.00
  --------------------------------------------------------------------------
  slack (MET)                                                       78.53


  Startpoint: WrEn (input port clocked by REG_CLK)
  Endpoint: U0_RegFile/regArr_reg[7][4]
            (rising edge-triggered flip-flop clocked by REG_CLK)
  Path Group: INREG
  Path Type: max

  Point                                                   Incr       Path
  --------------------------------------------------------------------------
  clock REG_CLK (rise edge)                               0.00       0.00
  clock network delay (ideal)                             0.00       0.00
  input external delay                                   20.00      20.00 r
  WrEn (in)                                               0.02      20.02 r
  U0_RegFile/WrEn (RegFile)                               0.00      20.02 r
  U0_RegFile/U330/Y (INVX2M)                              0.05      20.07 f
  U0_RegFile/U238/Y (NOR3X2M)                             0.21      20.28 r
  U0_RegFile/U329/Y (AND2X2M)                             0.22      20.50 r
  U0_RegFile/U224/Y (NAND3X2M)                            0.09      20.60 f
  U0_RegFile/U223/Y (BUFX2M)                              0.21      20.81 f
  U0_RegFile/U324/Y (OAI22X1M)                            0.18      21.00 r
  U0_RegFile/regArr_reg[7][4]/D (DFFRX1M)                 0.00      21.00 r
  data arrival time                                                 21.00

  clock REG_CLK (rise edge)                             100.00     100.00
  clock network delay (ideal)                             0.00     100.00
  clock uncertainty                                      -0.20      99.80
  U0_RegFile/regArr_reg[7][4]/CK (DFFRX1M)                0.00      99.80 r
  library setup time                                     -0.27      99.53
  data required time                                                99.53
  --------------------------------------------------------------------------
  data required time                                                99.53
  data arrival time                                                -21.00
  --------------------------------------------------------------------------
  slack (MET)                                                       78.53


  Startpoint: WrEn (input port clocked by REG_CLK)
  Endpoint: U0_RegFile/regArr_reg[7][3]
            (rising edge-triggered flip-flop clocked by REG_CLK)
  Path Group: INREG
  Path Type: max

  Point                                                   Incr       Path
  --------------------------------------------------------------------------
  clock REG_CLK (rise edge)                               0.00       0.00
  clock network delay (ideal)                             0.00       0.00
  input external delay                                   20.00      20.00 r
  WrEn (in)                                               0.02      20.02 r
  U0_RegFile/WrEn (RegFile)                               0.00      20.02 r
  U0_RegFile/U330/Y (INVX2M)                              0.05      20.07 f
  U0_RegFile/U238/Y (NOR3X2M)                             0.21      20.28 r
  U0_RegFile/U329/Y (AND2X2M)                             0.22      20.50 r
  U0_RegFile/U224/Y (NAND3X2M)                            0.09      20.60 f
  U0_RegFile/U223/Y (BUFX2M)                              0.21      20.81 f
  U0_RegFile/U323/Y (OAI22X1M)                            0.18      21.00 r
  U0_RegFile/regArr_reg[7][3]/D (DFFRX1M)                 0.00      21.00 r
  data arrival time                                                 21.00

  clock REG_CLK (rise edge)                             100.00     100.00
  clock network delay (ideal)                             0.00     100.00
  clock uncertainty                                      -0.20      99.80
  U0_RegFile/regArr_reg[7][3]/CK (DFFRX1M)                0.00      99.80 r
  library setup time                                     -0.27      99.53
  data required time                                                99.53
  --------------------------------------------------------------------------
  data required time                                                99.53
  data arrival time                                                -21.00
  --------------------------------------------------------------------------
  slack (MET)                                                       78.53


  Startpoint: WrEn (input port clocked by REG_CLK)
  Endpoint: U0_RegFile/regArr_reg[7][2]
            (rising edge-triggered flip-flop clocked by REG_CLK)
  Path Group: INREG
  Path Type: max

  Point                                                   Incr       Path
  --------------------------------------------------------------------------
  clock REG_CLK (rise edge)                               0.00       0.00
  clock network delay (ideal)                             0.00       0.00
  input external delay                                   20.00      20.00 r
  WrEn (in)                                               0.02      20.02 r
  U0_RegFile/WrEn (RegFile)                               0.00      20.02 r
  U0_RegFile/U330/Y (INVX2M)                              0.05      20.07 f
  U0_RegFile/U238/Y (NOR3X2M)                             0.21      20.28 r
  U0_RegFile/U329/Y (AND2X2M)                             0.22      20.50 r
  U0_RegFile/U224/Y (NAND3X2M)                            0.09      20.60 f
  U0_RegFile/U223/Y (BUFX2M)                              0.21      20.81 f
  U0_RegFile/U322/Y (OAI22X1M)                            0.18      21.00 r
  U0_RegFile/regArr_reg[7][2]/D (DFFRX1M)                 0.00      21.00 r
  data arrival time                                                 21.00

  clock REG_CLK (rise edge)                             100.00     100.00
  clock network delay (ideal)                             0.00     100.00
  clock uncertainty                                      -0.20      99.80
  U0_RegFile/regArr_reg[7][2]/CK (DFFRX1M)                0.00      99.80 r
  library setup time                                     -0.27      99.53
  data required time                                                99.53
  --------------------------------------------------------------------------
  data required time                                                99.53
  data arrival time                                                -21.00
  --------------------------------------------------------------------------
  slack (MET)                                                       78.53


  Startpoint: WrEn (input port clocked by REG_CLK)
  Endpoint: U0_RegFile/regArr_reg[7][1]
            (rising edge-triggered flip-flop clocked by REG_CLK)
  Path Group: INREG
  Path Type: max

  Point                                                   Incr       Path
  --------------------------------------------------------------------------
  clock REG_CLK (rise edge)                               0.00       0.00
  clock network delay (ideal)                             0.00       0.00
  input external delay                                   20.00      20.00 r
  WrEn (in)                                               0.02      20.02 r
  U0_RegFile/WrEn (RegFile)                               0.00      20.02 r
  U0_RegFile/U330/Y (INVX2M)                              0.05      20.07 f
  U0_RegFile/U238/Y (NOR3X2M)                             0.21      20.28 r
  U0_RegFile/U329/Y (AND2X2M)                             0.22      20.50 r
  U0_RegFile/U224/Y (NAND3X2M)                            0.09      20.60 f
  U0_RegFile/U223/Y (BUFX2M)                              0.21      20.81 f
  U0_RegFile/U321/Y (OAI22X1M)                            0.18      21.00 r
  U0_RegFile/regArr_reg[7][1]/D (DFFRX1M)                 0.00      21.00 r
  data arrival time                                                 21.00

  clock REG_CLK (rise edge)                             100.00     100.00
  clock network delay (ideal)                             0.00     100.00
  clock uncertainty                                      -0.20      99.80
  U0_RegFile/regArr_reg[7][1]/CK (DFFRX1M)                0.00      99.80 r
  library setup time                                     -0.27      99.53
  data required time                                                99.53
  --------------------------------------------------------------------------
  data required time                                                99.53
  data arrival time                                                -21.00
  --------------------------------------------------------------------------
  slack (MET)                                                       78.53


  Startpoint: WrEn (input port clocked by REG_CLK)
  Endpoint: U0_RegFile/regArr_reg[7][0]
            (rising edge-triggered flip-flop clocked by REG_CLK)
  Path Group: INREG
  Path Type: max

  Point                                                   Incr       Path
  --------------------------------------------------------------------------
  clock REG_CLK (rise edge)                               0.00       0.00
  clock network delay (ideal)                             0.00       0.00
  input external delay                                   20.00      20.00 r
  WrEn (in)                                               0.02      20.02 r
  U0_RegFile/WrEn (RegFile)                               0.00      20.02 r
  U0_RegFile/U330/Y (INVX2M)                              0.05      20.07 f
  U0_RegFile/U238/Y (NOR3X2M)                             0.21      20.28 r
  U0_RegFile/U329/Y (AND2X2M)                             0.22      20.50 r
  U0_RegFile/U224/Y (NAND3X2M)                            0.09      20.60 f
  U0_RegFile/U223/Y (BUFX2M)                              0.21      20.81 f
  U0_RegFile/U320/Y (OAI22X1M)                            0.18      21.00 r
  U0_RegFile/regArr_reg[7][0]/D (DFFRX1M)                 0.00      21.00 r
  data arrival time                                                 21.00

  clock REG_CLK (rise edge)                             100.00     100.00
  clock network delay (ideal)                             0.00     100.00
  clock uncertainty                                      -0.20      99.80
  U0_RegFile/regArr_reg[7][0]/CK (DFFRX1M)                0.00      99.80 r
  library setup time                                     -0.27      99.53
  data required time                                                99.53
  --------------------------------------------------------------------------
  data required time                                                99.53
  data arrival time                                                -21.00
  --------------------------------------------------------------------------
  slack (MET)                                                       78.53


  Startpoint: WrEn (input port clocked by REG_CLK)
  Endpoint: U0_RegFile/regArr_reg[5][7]
            (rising edge-triggered flip-flop clocked by REG_CLK)
  Path Group: INREG
  Path Type: max

  Point                                                   Incr       Path
  --------------------------------------------------------------------------
  clock REG_CLK (rise edge)                               0.00       0.00
  clock network delay (ideal)                             0.00       0.00
  input external delay                                   20.00      20.00 r
  WrEn (in)                                               0.02      20.02 r
  U0_RegFile/WrEn (RegFile)                               0.00      20.02 r
  U0_RegFile/U330/Y (INVX2M)                              0.05      20.07 f
  U0_RegFile/U238/Y (NOR3X2M)                             0.21      20.28 r
  U0_RegFile/U329/Y (AND2X2M)                             0.22      20.50 r
  U0_RegFile/U226/Y (NAND3X2M)                            0.09      20.59 f
  U0_RegFile/U225/Y (BUFX2M)                              0.20      20.79 f
  U0_RegFile/U319/Y (OAI22X1M)                            0.19      20.99 r
  U0_RegFile/regArr_reg[5][7]/D (DFFRX1M)                 0.00      20.99 r
  data arrival time                                                 20.99

  clock REG_CLK (rise edge)                             100.00     100.00
  clock network delay (ideal)                             0.00     100.00
  clock uncertainty                                      -0.20      99.80
  U0_RegFile/regArr_reg[5][7]/CK (DFFRX1M)                0.00      99.80 r
  library setup time                                     -0.27      99.53
  data required time                                                99.53
  --------------------------------------------------------------------------
  data required time                                                99.53
  data arrival time                                                -20.99
  --------------------------------------------------------------------------
  slack (MET)                                                       78.54


  Startpoint: WrEn (input port clocked by REG_CLK)
  Endpoint: U0_RegFile/regArr_reg[5][6]
            (rising edge-triggered flip-flop clocked by REG_CLK)
  Path Group: INREG
  Path Type: max

  Point                                                   Incr       Path
  --------------------------------------------------------------------------
  clock REG_CLK (rise edge)                               0.00       0.00
  clock network delay (ideal)                             0.00       0.00
  input external delay                                   20.00      20.00 r
  WrEn (in)                                               0.02      20.02 r
  U0_RegFile/WrEn (RegFile)                               0.00      20.02 r
  U0_RegFile/U330/Y (INVX2M)                              0.05      20.07 f
  U0_RegFile/U238/Y (NOR3X2M)                             0.21      20.28 r
  U0_RegFile/U329/Y (AND2X2M)                             0.22      20.50 r
  U0_RegFile/U226/Y (NAND3X2M)                            0.09      20.59 f
  U0_RegFile/U225/Y (BUFX2M)                              0.20      20.79 f
  U0_RegFile/U318/Y (OAI22X1M)                            0.19      20.99 r
  U0_RegFile/regArr_reg[5][6]/D (DFFRX1M)                 0.00      20.99 r
  data arrival time                                                 20.99

  clock REG_CLK (rise edge)                             100.00     100.00
  clock network delay (ideal)                             0.00     100.00
  clock uncertainty                                      -0.20      99.80
  U0_RegFile/regArr_reg[5][6]/CK (DFFRX1M)                0.00      99.80 r
  library setup time                                     -0.27      99.53
  data required time                                                99.53
  --------------------------------------------------------------------------
  data required time                                                99.53
  data arrival time                                                -20.99
  --------------------------------------------------------------------------
  slack (MET)                                                       78.54


  Startpoint: WrEn (input port clocked by REG_CLK)
  Endpoint: U0_RegFile/regArr_reg[5][5]
            (rising edge-triggered flip-flop clocked by REG_CLK)
  Path Group: INREG
  Path Type: max

  Point                                                   Incr       Path
  --------------------------------------------------------------------------
  clock REG_CLK (rise edge)                               0.00       0.00
  clock network delay (ideal)                             0.00       0.00
  input external delay                                   20.00      20.00 r
  WrEn (in)                                               0.02      20.02 r
  U0_RegFile/WrEn (RegFile)                               0.00      20.02 r
  U0_RegFile/U330/Y (INVX2M)                              0.05      20.07 f
  U0_RegFile/U238/Y (NOR3X2M)                             0.21      20.28 r
  U0_RegFile/U329/Y (AND2X2M)                             0.22      20.50 r
  U0_RegFile/U226/Y (NAND3X2M)                            0.09      20.59 f
  U0_RegFile/U225/Y (BUFX2M)                              0.20      20.79 f
  U0_RegFile/U317/Y (OAI22X1M)                            0.19      20.99 r
  U0_RegFile/regArr_reg[5][5]/D (DFFRX1M)                 0.00      20.99 r
  data arrival time                                                 20.99

  clock REG_CLK (rise edge)                             100.00     100.00
  clock network delay (ideal)                             0.00     100.00
  clock uncertainty                                      -0.20      99.80
  U0_RegFile/regArr_reg[5][5]/CK (DFFRX1M)                0.00      99.80 r
  library setup time                                     -0.27      99.53
  data required time                                                99.53
  --------------------------------------------------------------------------
  data required time                                                99.53
  data arrival time                                                -20.99
  --------------------------------------------------------------------------
  slack (MET)                                                       78.54


  Startpoint: WrEn (input port clocked by REG_CLK)
  Endpoint: U0_RegFile/regArr_reg[5][4]
            (rising edge-triggered flip-flop clocked by REG_CLK)
  Path Group: INREG
  Path Type: max

  Point                                                   Incr       Path
  --------------------------------------------------------------------------
  clock REG_CLK (rise edge)                               0.00       0.00
  clock network delay (ideal)                             0.00       0.00
  input external delay                                   20.00      20.00 r
  WrEn (in)                                               0.02      20.02 r
  U0_RegFile/WrEn (RegFile)                               0.00      20.02 r
  U0_RegFile/U330/Y (INVX2M)                              0.05      20.07 f
  U0_RegFile/U238/Y (NOR3X2M)                             0.21      20.28 r
  U0_RegFile/U329/Y (AND2X2M)                             0.22      20.50 r
  U0_RegFile/U226/Y (NAND3X2M)                            0.09      20.59 f
  U0_RegFile/U225/Y (BUFX2M)                              0.20      20.79 f
  U0_RegFile/U316/Y (OAI22X1M)                            0.19      20.99 r
  U0_RegFile/regArr_reg[5][4]/D (DFFRX1M)                 0.00      20.99 r
  data arrival time                                                 20.99

  clock REG_CLK (rise edge)                             100.00     100.00
  clock network delay (ideal)                             0.00     100.00
  clock uncertainty                                      -0.20      99.80
  U0_RegFile/regArr_reg[5][4]/CK (DFFRX1M)                0.00      99.80 r
  library setup time                                     -0.27      99.53
  data required time                                                99.53
  --------------------------------------------------------------------------
  data required time                                                99.53
  data arrival time                                                -20.99
  --------------------------------------------------------------------------
  slack (MET)                                                       78.54


  Startpoint: WrEn (input port clocked by REG_CLK)
  Endpoint: U0_RegFile/regArr_reg[5][3]
            (rising edge-triggered flip-flop clocked by REG_CLK)
  Path Group: INREG
  Path Type: max

  Point                                                   Incr       Path
  --------------------------------------------------------------------------
  clock REG_CLK (rise edge)                               0.00       0.00
  clock network delay (ideal)                             0.00       0.00
  input external delay                                   20.00      20.00 r
  WrEn (in)                                               0.02      20.02 r
  U0_RegFile/WrEn (RegFile)                               0.00      20.02 r
  U0_RegFile/U330/Y (INVX2M)                              0.05      20.07 f
  U0_RegFile/U238/Y (NOR3X2M)                             0.21      20.28 r
  U0_RegFile/U329/Y (AND2X2M)                             0.22      20.50 r
  U0_RegFile/U226/Y (NAND3X2M)                            0.09      20.59 f
  U0_RegFile/U225/Y (BUFX2M)                              0.20      20.79 f
  U0_RegFile/U315/Y (OAI22X1M)                            0.19      20.99 r
  U0_RegFile/regArr_reg[5][3]/D (DFFRX1M)                 0.00      20.99 r
  data arrival time                                                 20.99

  clock REG_CLK (rise edge)                             100.00     100.00
  clock network delay (ideal)                             0.00     100.00
  clock uncertainty                                      -0.20      99.80
  U0_RegFile/regArr_reg[5][3]/CK (DFFRX1M)                0.00      99.80 r
  library setup time                                     -0.27      99.53
  data required time                                                99.53
  --------------------------------------------------------------------------
  data required time                                                99.53
  data arrival time                                                -20.99
  --------------------------------------------------------------------------
  slack (MET)                                                       78.54


  Startpoint: WrEn (input port clocked by REG_CLK)
  Endpoint: U0_RegFile/regArr_reg[5][2]
            (rising edge-triggered flip-flop clocked by REG_CLK)
  Path Group: INREG
  Path Type: max

  Point                                                   Incr       Path
  --------------------------------------------------------------------------
  clock REG_CLK (rise edge)                               0.00       0.00
  clock network delay (ideal)                             0.00       0.00
  input external delay                                   20.00      20.00 r
  WrEn (in)                                               0.02      20.02 r
  U0_RegFile/WrEn (RegFile)                               0.00      20.02 r
  U0_RegFile/U330/Y (INVX2M)                              0.05      20.07 f
  U0_RegFile/U238/Y (NOR3X2M)                             0.21      20.28 r
  U0_RegFile/U329/Y (AND2X2M)                             0.22      20.50 r
  U0_RegFile/U226/Y (NAND3X2M)                            0.09      20.59 f
  U0_RegFile/U225/Y (BUFX2M)                              0.20      20.79 f
  U0_RegFile/U314/Y (OAI22X1M)                            0.19      20.99 r
  U0_RegFile/regArr_reg[5][2]/D (DFFRX1M)                 0.00      20.99 r
  data arrival time                                                 20.99

  clock REG_CLK (rise edge)                             100.00     100.00
  clock network delay (ideal)                             0.00     100.00
  clock uncertainty                                      -0.20      99.80
  U0_RegFile/regArr_reg[5][2]/CK (DFFRX1M)                0.00      99.80 r
  library setup time                                     -0.27      99.53
  data required time                                                99.53
  --------------------------------------------------------------------------
  data required time                                                99.53
  data arrival time                                                -20.99
  --------------------------------------------------------------------------
  slack (MET)                                                       78.54


  Startpoint: WrEn (input port clocked by REG_CLK)
  Endpoint: U0_RegFile/regArr_reg[5][1]
            (rising edge-triggered flip-flop clocked by REG_CLK)
  Path Group: INREG
  Path Type: max

  Point                                                   Incr       Path
  --------------------------------------------------------------------------
  clock REG_CLK (rise edge)                               0.00       0.00
  clock network delay (ideal)                             0.00       0.00
  input external delay                                   20.00      20.00 r
  WrEn (in)                                               0.02      20.02 r
  U0_RegFile/WrEn (RegFile)                               0.00      20.02 r
  U0_RegFile/U330/Y (INVX2M)                              0.05      20.07 f
  U0_RegFile/U238/Y (NOR3X2M)                             0.21      20.28 r
  U0_RegFile/U329/Y (AND2X2M)                             0.22      20.50 r
  U0_RegFile/U226/Y (NAND3X2M)                            0.09      20.59 f
  U0_RegFile/U225/Y (BUFX2M)                              0.20      20.79 f
  U0_RegFile/U313/Y (OAI22X1M)                            0.19      20.99 r
  U0_RegFile/regArr_reg[5][1]/D (DFFRX1M)                 0.00      20.99 r
  data arrival time                                                 20.99

  clock REG_CLK (rise edge)                             100.00     100.00
  clock network delay (ideal)                             0.00     100.00
  clock uncertainty                                      -0.20      99.80
  U0_RegFile/regArr_reg[5][1]/CK (DFFRX1M)                0.00      99.80 r
  library setup time                                     -0.27      99.53
  data required time                                                99.53
  --------------------------------------------------------------------------
  data required time                                                99.53
  data arrival time                                                -20.99
  --------------------------------------------------------------------------
  slack (MET)                                                       78.54


  Startpoint: WrEn (input port clocked by REG_CLK)
  Endpoint: U0_RegFile/regArr_reg[5][0]
            (rising edge-triggered flip-flop clocked by REG_CLK)
  Path Group: INREG
  Path Type: max

  Point                                                   Incr       Path
  --------------------------------------------------------------------------
  clock REG_CLK (rise edge)                               0.00       0.00
  clock network delay (ideal)                             0.00       0.00
  input external delay                                   20.00      20.00 r
  WrEn (in)                                               0.02      20.02 r
  U0_RegFile/WrEn (RegFile)                               0.00      20.02 r
  U0_RegFile/U330/Y (INVX2M)                              0.05      20.07 f
  U0_RegFile/U238/Y (NOR3X2M)                             0.21      20.28 r
  U0_RegFile/U329/Y (AND2X2M)                             0.22      20.50 r
  U0_RegFile/U226/Y (NAND3X2M)                            0.09      20.59 f
  U0_RegFile/U225/Y (BUFX2M)                              0.20      20.79 f
  U0_RegFile/U312/Y (OAI22X1M)                            0.19      20.99 r
  U0_RegFile/regArr_reg[5][0]/D (DFFRX1M)                 0.00      20.99 r
  data arrival time                                                 20.99

  clock REG_CLK (rise edge)                             100.00     100.00
  clock network delay (ideal)                             0.00     100.00
  clock uncertainty                                      -0.20      99.80
  U0_RegFile/regArr_reg[5][0]/CK (DFFRX1M)                0.00      99.80 r
  library setup time                                     -0.27      99.53
  data required time                                                99.53
  --------------------------------------------------------------------------
  data required time                                                99.53
  data arrival time                                                -20.99
  --------------------------------------------------------------------------
  slack (MET)                                                       78.54


  Startpoint: Address[0] (input port clocked by REG_CLK)
  Endpoint: U0_RegFile/regArr_reg[2][2]
            (rising edge-triggered flip-flop clocked by REG_CLK)
  Path Group: INREG
  Path Type: max

  Point                                                   Incr       Path
  --------------------------------------------------------------------------
  clock REG_CLK (rise edge)                               0.00       0.00
  clock network delay (ideal)                             0.00       0.00
  input external delay                                   20.00      20.00 r
  Address[0] (in)                                         0.01      20.01 r
  U0_RegFile/Address[0] (RegFile)                         0.00      20.01 r
  U0_RegFile/U189/Y (BUFX2M)                              0.27      20.28 r
  U0_RegFile/U221/Y (INVX2M)                              0.20      20.48 f
  U0_RegFile/U234/Y (NAND3X2M)                            0.11      20.58 r
  U0_RegFile/U233/Y (BUFX2M)                              0.20      20.79 r
  U0_RegFile/U194/Y (INVX2M)                              0.13      20.91 f
  U0_RegFile/U203/Y (OAI22X1M)                            0.12      21.03 r
  U0_RegFile/regArr_reg[2][2]/D (DFFSX1M)                 0.00      21.03 r
  data arrival time                                                 21.03

  clock REG_CLK (rise edge)                             100.00     100.00
  clock network delay (ideal)                             0.00     100.00
  clock uncertainty                                      -0.20      99.80
  U0_RegFile/regArr_reg[2][2]/CK (DFFSX1M)                0.00      99.80 r
  library setup time                                     -0.19      99.61
  data required time                                                99.61
  --------------------------------------------------------------------------
  data required time                                                99.61
  data arrival time                                                -21.03
  --------------------------------------------------------------------------
  slack (MET)                                                       78.58


  Startpoint: WrEn (input port clocked by REG_CLK)
  Endpoint: U0_RegFile/regArr_reg[4][7]
            (rising edge-triggered flip-flop clocked by REG_CLK)
  Path Group: INREG
  Path Type: max

  Point                                                   Incr       Path
  --------------------------------------------------------------------------
  clock REG_CLK (rise edge)                               0.00       0.00
  clock network delay (ideal)                             0.00       0.00
  input external delay                                   20.00      20.00 r
  WrEn (in)                                               0.02      20.02 r
  U0_RegFile/WrEn (RegFile)                               0.00      20.02 r
  U0_RegFile/U330/Y (INVX2M)                              0.05      20.07 f
  U0_RegFile/U238/Y (NOR3X2M)                             0.21      20.28 r
  U0_RegFile/U329/Y (AND2X2M)                             0.22      20.50 r
  U0_RegFile/U202/Y (NAND3X2M)                            0.22      20.72 f
  U0_RegFile/U294/Y (OAI22X1M)                            0.22      20.95 r
  U0_RegFile/regArr_reg[4][7]/D (DFFRX1M)                 0.00      20.95 r
  data arrival time                                                 20.95

  clock REG_CLK (rise edge)                             100.00     100.00
  clock network delay (ideal)                             0.00     100.00
  clock uncertainty                                      -0.20      99.80
  U0_RegFile/regArr_reg[4][7]/CK (DFFRX1M)                0.00      99.80 r
  library setup time                                     -0.27      99.53
  data required time                                                99.53
  --------------------------------------------------------------------------
  data required time                                                99.53
  data arrival time                                                -20.95
  --------------------------------------------------------------------------
  slack (MET)                                                       78.58


  Startpoint: WrEn (input port clocked by REG_CLK)
  Endpoint: U0_RegFile/regArr_reg[4][6]
            (rising edge-triggered flip-flop clocked by REG_CLK)
  Path Group: INREG
  Path Type: max

  Point                                                   Incr       Path
  --------------------------------------------------------------------------
  clock REG_CLK (rise edge)                               0.00       0.00
  clock network delay (ideal)                             0.00       0.00
  input external delay                                   20.00      20.00 r
  WrEn (in)                                               0.02      20.02 r
  U0_RegFile/WrEn (RegFile)                               0.00      20.02 r
  U0_RegFile/U330/Y (INVX2M)                              0.05      20.07 f
  U0_RegFile/U238/Y (NOR3X2M)                             0.21      20.28 r
  U0_RegFile/U329/Y (AND2X2M)                             0.22      20.50 r
  U0_RegFile/U202/Y (NAND3X2M)                            0.22      20.72 f
  U0_RegFile/U293/Y (OAI22X1M)                            0.22      20.95 r
  U0_RegFile/regArr_reg[4][6]/D (DFFRX1M)                 0.00      20.95 r
  data arrival time                                                 20.95

  clock REG_CLK (rise edge)                             100.00     100.00
  clock network delay (ideal)                             0.00     100.00
  clock uncertainty                                      -0.20      99.80
  U0_RegFile/regArr_reg[4][6]/CK (DFFRX1M)                0.00      99.80 r
  library setup time                                     -0.27      99.53
  data required time                                                99.53
  --------------------------------------------------------------------------
  data required time                                                99.53
  data arrival time                                                -20.95
  --------------------------------------------------------------------------
  slack (MET)                                                       78.58


  Startpoint: WrEn (input port clocked by REG_CLK)
  Endpoint: U0_RegFile/regArr_reg[4][5]
            (rising edge-triggered flip-flop clocked by REG_CLK)
  Path Group: INREG
  Path Type: max

  Point                                                   Incr       Path
  --------------------------------------------------------------------------
  clock REG_CLK (rise edge)                               0.00       0.00
  clock network delay (ideal)                             0.00       0.00
  input external delay                                   20.00      20.00 r
  WrEn (in)                                               0.02      20.02 r
  U0_RegFile/WrEn (RegFile)                               0.00      20.02 r
  U0_RegFile/U330/Y (INVX2M)                              0.05      20.07 f
  U0_RegFile/U238/Y (NOR3X2M)                             0.21      20.28 r
  U0_RegFile/U329/Y (AND2X2M)                             0.22      20.50 r
  U0_RegFile/U202/Y (NAND3X2M)                            0.22      20.72 f
  U0_RegFile/U292/Y (OAI22X1M)                            0.22      20.95 r
  U0_RegFile/regArr_reg[4][5]/D (DFFRX1M)                 0.00      20.95 r
  data arrival time                                                 20.95

  clock REG_CLK (rise edge)                             100.00     100.00
  clock network delay (ideal)                             0.00     100.00
  clock uncertainty                                      -0.20      99.80
  U0_RegFile/regArr_reg[4][5]/CK (DFFRX1M)                0.00      99.80 r
  library setup time                                     -0.27      99.53
  data required time                                                99.53
  --------------------------------------------------------------------------
  data required time                                                99.53
  data arrival time                                                -20.95
  --------------------------------------------------------------------------
  slack (MET)                                                       78.58


  Startpoint: WrEn (input port clocked by REG_CLK)
  Endpoint: U0_RegFile/regArr_reg[4][4]
            (rising edge-triggered flip-flop clocked by REG_CLK)
  Path Group: INREG
  Path Type: max

  Point                                                   Incr       Path
  --------------------------------------------------------------------------
  clock REG_CLK (rise edge)                               0.00       0.00
  clock network delay (ideal)                             0.00       0.00
  input external delay                                   20.00      20.00 r
  WrEn (in)                                               0.02      20.02 r
  U0_RegFile/WrEn (RegFile)                               0.00      20.02 r
  U0_RegFile/U330/Y (INVX2M)                              0.05      20.07 f
  U0_RegFile/U238/Y (NOR3X2M)                             0.21      20.28 r
  U0_RegFile/U329/Y (AND2X2M)                             0.22      20.50 r
  U0_RegFile/U202/Y (NAND3X2M)                            0.22      20.72 f
  U0_RegFile/U291/Y (OAI22X1M)                            0.22      20.95 r
  U0_RegFile/regArr_reg[4][4]/D (DFFRX1M)                 0.00      20.95 r
  data arrival time                                                 20.95

  clock REG_CLK (rise edge)                             100.00     100.00
  clock network delay (ideal)                             0.00     100.00
  clock uncertainty                                      -0.20      99.80
  U0_RegFile/regArr_reg[4][4]/CK (DFFRX1M)                0.00      99.80 r
  library setup time                                     -0.27      99.53
  data required time                                                99.53
  --------------------------------------------------------------------------
  data required time                                                99.53
  data arrival time                                                -20.95
  --------------------------------------------------------------------------
  slack (MET)                                                       78.58


  Startpoint: WrEn (input port clocked by REG_CLK)
  Endpoint: U0_RegFile/regArr_reg[4][3]
            (rising edge-triggered flip-flop clocked by REG_CLK)
  Path Group: INREG
  Path Type: max

  Point                                                   Incr       Path
  --------------------------------------------------------------------------
  clock REG_CLK (rise edge)                               0.00       0.00
  clock network delay (ideal)                             0.00       0.00
  input external delay                                   20.00      20.00 r
  WrEn (in)                                               0.02      20.02 r
  U0_RegFile/WrEn (RegFile)                               0.00      20.02 r
  U0_RegFile/U330/Y (INVX2M)                              0.05      20.07 f
  U0_RegFile/U238/Y (NOR3X2M)                             0.21      20.28 r
  U0_RegFile/U329/Y (AND2X2M)                             0.22      20.50 r
  U0_RegFile/U202/Y (NAND3X2M)                            0.22      20.72 f
  U0_RegFile/U290/Y (OAI22X1M)                            0.22      20.95 r
  U0_RegFile/regArr_reg[4][3]/D (DFFRX1M)                 0.00      20.95 r
  data arrival time                                                 20.95

  clock REG_CLK (rise edge)                             100.00     100.00
  clock network delay (ideal)                             0.00     100.00
  clock uncertainty                                      -0.20      99.80
  U0_RegFile/regArr_reg[4][3]/CK (DFFRX1M)                0.00      99.80 r
  library setup time                                     -0.27      99.53
  data required time                                                99.53
  --------------------------------------------------------------------------
  data required time                                                99.53
  data arrival time                                                -20.95
  --------------------------------------------------------------------------
  slack (MET)                                                       78.58


  Startpoint: WrEn (input port clocked by REG_CLK)
  Endpoint: U0_RegFile/regArr_reg[4][2]
            (rising edge-triggered flip-flop clocked by REG_CLK)
  Path Group: INREG
  Path Type: max

  Point                                                   Incr       Path
  --------------------------------------------------------------------------
  clock REG_CLK (rise edge)                               0.00       0.00
  clock network delay (ideal)                             0.00       0.00
  input external delay                                   20.00      20.00 r
  WrEn (in)                                               0.02      20.02 r
  U0_RegFile/WrEn (RegFile)                               0.00      20.02 r
  U0_RegFile/U330/Y (INVX2M)                              0.05      20.07 f
  U0_RegFile/U238/Y (NOR3X2M)                             0.21      20.28 r
  U0_RegFile/U329/Y (AND2X2M)                             0.22      20.50 r
  U0_RegFile/U202/Y (NAND3X2M)                            0.22      20.72 f
  U0_RegFile/U289/Y (OAI22X1M)                            0.22      20.95 r
  U0_RegFile/regArr_reg[4][2]/D (DFFRX1M)                 0.00      20.95 r
  data arrival time                                                 20.95

  clock REG_CLK (rise edge)                             100.00     100.00
  clock network delay (ideal)                             0.00     100.00
  clock uncertainty                                      -0.20      99.80
  U0_RegFile/regArr_reg[4][2]/CK (DFFRX1M)                0.00      99.80 r
  library setup time                                     -0.27      99.53
  data required time                                                99.53
  --------------------------------------------------------------------------
  data required time                                                99.53
  data arrival time                                                -20.95
  --------------------------------------------------------------------------
  slack (MET)                                                       78.58


  Startpoint: WrEn (input port clocked by REG_CLK)
  Endpoint: U0_RegFile/regArr_reg[4][1]
            (rising edge-triggered flip-flop clocked by REG_CLK)
  Path Group: INREG
  Path Type: max

  Point                                                   Incr       Path
  --------------------------------------------------------------------------
  clock REG_CLK (rise edge)                               0.00       0.00
  clock network delay (ideal)                             0.00       0.00
  input external delay                                   20.00      20.00 r
  WrEn (in)                                               0.02      20.02 r
  U0_RegFile/WrEn (RegFile)                               0.00      20.02 r
  U0_RegFile/U330/Y (INVX2M)                              0.05      20.07 f
  U0_RegFile/U238/Y (NOR3X2M)                             0.21      20.28 r
  U0_RegFile/U329/Y (AND2X2M)                             0.22      20.50 r
  U0_RegFile/U202/Y (NAND3X2M)                            0.22      20.72 f
  U0_RegFile/U288/Y (OAI22X1M)                            0.22      20.95 r
  U0_RegFile/regArr_reg[4][1]/D (DFFRX1M)                 0.00      20.95 r
  data arrival time                                                 20.95

  clock REG_CLK (rise edge)                             100.00     100.00
  clock network delay (ideal)                             0.00     100.00
  clock uncertainty                                      -0.20      99.80
  U0_RegFile/regArr_reg[4][1]/CK (DFFRX1M)                0.00      99.80 r
  library setup time                                     -0.27      99.53
  data required time                                                99.53
  --------------------------------------------------------------------------
  data required time                                                99.53
  data arrival time                                                -20.95
  --------------------------------------------------------------------------
  slack (MET)                                                       78.58


  Startpoint: WrEn (input port clocked by REG_CLK)
  Endpoint: U0_RegFile/regArr_reg[4][0]
            (rising edge-triggered flip-flop clocked by REG_CLK)
  Path Group: INREG
  Path Type: max

  Point                                                   Incr       Path
  --------------------------------------------------------------------------
  clock REG_CLK (rise edge)                               0.00       0.00
  clock network delay (ideal)                             0.00       0.00
  input external delay                                   20.00      20.00 r
  WrEn (in)                                               0.02      20.02 r
  U0_RegFile/WrEn (RegFile)                               0.00      20.02 r
  U0_RegFile/U330/Y (INVX2M)                              0.05      20.07 f
  U0_RegFile/U238/Y (NOR3X2M)                             0.21      20.28 r
  U0_RegFile/U329/Y (AND2X2M)                             0.22      20.50 r
  U0_RegFile/U202/Y (NAND3X2M)                            0.22      20.72 f
  U0_RegFile/U287/Y (OAI22X1M)                            0.22      20.95 r
  U0_RegFile/regArr_reg[4][0]/D (DFFRX1M)                 0.00      20.95 r
  data arrival time                                                 20.95

  clock REG_CLK (rise edge)                             100.00     100.00
  clock network delay (ideal)                             0.00     100.00
  clock uncertainty                                      -0.20      99.80
  U0_RegFile/regArr_reg[4][0]/CK (DFFRX1M)                0.00      99.80 r
  library setup time                                     -0.27      99.53
  data required time                                                99.53
  --------------------------------------------------------------------------
  data required time                                                99.53
  data arrival time                                                -20.95
  --------------------------------------------------------------------------
  slack (MET)                                                       78.58


  Startpoint: WrEn (input port clocked by REG_CLK)
  Endpoint: U0_RegFile/regArr_reg[0][7]
            (rising edge-triggered flip-flop clocked by REG_CLK)
  Path Group: INREG
  Path Type: max

  Point                                                   Incr       Path
  --------------------------------------------------------------------------
  clock REG_CLK (rise edge)                               0.00       0.00
  clock network delay (ideal)                             0.00       0.00
  input external delay                                   20.00      20.00 r
  WrEn (in)                                               0.02      20.02 r
  U0_RegFile/WrEn (RegFile)                               0.00      20.02 r
  U0_RegFile/U330/Y (INVX2M)                              0.05      20.07 f
  U0_RegFile/U238/Y (NOR3X2M)                             0.21      20.28 r
  U0_RegFile/U222/Y (AND2X2M)                             0.22      20.50 r
  U0_RegFile/U191/Y (NAND3X2M)                            0.22      20.72 f
  U0_RegFile/U286/Y (OAI22X1M)                            0.22      20.95 r
  U0_RegFile/regArr_reg[0][7]/D (DFFRX1M)                 0.00      20.95 r
  data arrival time                                                 20.95

  clock REG_CLK (rise edge)                             100.00     100.00
  clock network delay (ideal)                             0.00     100.00
  clock uncertainty                                      -0.20      99.80
  U0_RegFile/regArr_reg[0][7]/CK (DFFRX1M)                0.00      99.80 r
  library setup time                                     -0.27      99.53
  data required time                                                99.53
  --------------------------------------------------------------------------
  data required time                                                99.53
  data arrival time                                                -20.95
  --------------------------------------------------------------------------
  slack (MET)                                                       78.58


  Startpoint: WrEn (input port clocked by REG_CLK)
  Endpoint: U0_RegFile/regArr_reg[0][6]
            (rising edge-triggered flip-flop clocked by REG_CLK)
  Path Group: INREG
  Path Type: max

  Point                                                   Incr       Path
  --------------------------------------------------------------------------
  clock REG_CLK (rise edge)                               0.00       0.00
  clock network delay (ideal)                             0.00       0.00
  input external delay                                   20.00      20.00 r
  WrEn (in)                                               0.02      20.02 r
  U0_RegFile/WrEn (RegFile)                               0.00      20.02 r
  U0_RegFile/U330/Y (INVX2M)                              0.05      20.07 f
  U0_RegFile/U238/Y (NOR3X2M)                             0.21      20.28 r
  U0_RegFile/U222/Y (AND2X2M)                             0.22      20.50 r
  U0_RegFile/U191/Y (NAND3X2M)                            0.22      20.72 f
  U0_RegFile/U285/Y (OAI22X1M)                            0.22      20.95 r
  U0_RegFile/regArr_reg[0][6]/D (DFFRX1M)                 0.00      20.95 r
  data arrival time                                                 20.95

  clock REG_CLK (rise edge)                             100.00     100.00
  clock network delay (ideal)                             0.00     100.00
  clock uncertainty                                      -0.20      99.80
  U0_RegFile/regArr_reg[0][6]/CK (DFFRX1M)                0.00      99.80 r
  library setup time                                     -0.27      99.53
  data required time                                                99.53
  --------------------------------------------------------------------------
  data required time                                                99.53
  data arrival time                                                -20.95
  --------------------------------------------------------------------------
  slack (MET)                                                       78.58


  Startpoint: WrEn (input port clocked by REG_CLK)
  Endpoint: U0_RegFile/regArr_reg[0][5]
            (rising edge-triggered flip-flop clocked by REG_CLK)
  Path Group: INREG
  Path Type: max

  Point                                                   Incr       Path
  --------------------------------------------------------------------------
  clock REG_CLK (rise edge)                               0.00       0.00
  clock network delay (ideal)                             0.00       0.00
  input external delay                                   20.00      20.00 r
  WrEn (in)                                               0.02      20.02 r
  U0_RegFile/WrEn (RegFile)                               0.00      20.02 r
  U0_RegFile/U330/Y (INVX2M)                              0.05      20.07 f
  U0_RegFile/U238/Y (NOR3X2M)                             0.21      20.28 r
  U0_RegFile/U222/Y (AND2X2M)                             0.22      20.50 r
  U0_RegFile/U191/Y (NAND3X2M)                            0.22      20.72 f
  U0_RegFile/U284/Y (OAI22X1M)                            0.22      20.95 r
  U0_RegFile/regArr_reg[0][5]/D (DFFRX1M)                 0.00      20.95 r
  data arrival time                                                 20.95

  clock REG_CLK (rise edge)                             100.00     100.00
  clock network delay (ideal)                             0.00     100.00
  clock uncertainty                                      -0.20      99.80
  U0_RegFile/regArr_reg[0][5]/CK (DFFRX1M)                0.00      99.80 r
  library setup time                                     -0.27      99.53
  data required time                                                99.53
  --------------------------------------------------------------------------
  data required time                                                99.53
  data arrival time                                                -20.95
  --------------------------------------------------------------------------
  slack (MET)                                                       78.58


  Startpoint: WrEn (input port clocked by REG_CLK)
  Endpoint: U0_RegFile/regArr_reg[0][4]
            (rising edge-triggered flip-flop clocked by REG_CLK)
  Path Group: INREG
  Path Type: max

  Point                                                   Incr       Path
  --------------------------------------------------------------------------
  clock REG_CLK (rise edge)                               0.00       0.00
  clock network delay (ideal)                             0.00       0.00
  input external delay                                   20.00      20.00 r
  WrEn (in)                                               0.02      20.02 r
  U0_RegFile/WrEn (RegFile)                               0.00      20.02 r
  U0_RegFile/U330/Y (INVX2M)                              0.05      20.07 f
  U0_RegFile/U238/Y (NOR3X2M)                             0.21      20.28 r
  U0_RegFile/U222/Y (AND2X2M)                             0.22      20.50 r
  U0_RegFile/U191/Y (NAND3X2M)                            0.22      20.72 f
  U0_RegFile/U283/Y (OAI22X1M)                            0.22      20.95 r
  U0_RegFile/regArr_reg[0][4]/D (DFFRX1M)                 0.00      20.95 r
  data arrival time                                                 20.95

  clock REG_CLK (rise edge)                             100.00     100.00
  clock network delay (ideal)                             0.00     100.00
  clock uncertainty                                      -0.20      99.80
  U0_RegFile/regArr_reg[0][4]/CK (DFFRX1M)                0.00      99.80 r
  library setup time                                     -0.27      99.53
  data required time                                                99.53
  --------------------------------------------------------------------------
  data required time                                                99.53
  data arrival time                                                -20.95
  --------------------------------------------------------------------------
  slack (MET)                                                       78.58


  Startpoint: WrEn (input port clocked by REG_CLK)
  Endpoint: U0_RegFile/regArr_reg[0][3]
            (rising edge-triggered flip-flop clocked by REG_CLK)
  Path Group: INREG
  Path Type: max

  Point                                                   Incr       Path
  --------------------------------------------------------------------------
  clock REG_CLK (rise edge)                               0.00       0.00
  clock network delay (ideal)                             0.00       0.00
  input external delay                                   20.00      20.00 r
  WrEn (in)                                               0.02      20.02 r
  U0_RegFile/WrEn (RegFile)                               0.00      20.02 r
  U0_RegFile/U330/Y (INVX2M)                              0.05      20.07 f
  U0_RegFile/U238/Y (NOR3X2M)                             0.21      20.28 r
  U0_RegFile/U222/Y (AND2X2M)                             0.22      20.50 r
  U0_RegFile/U191/Y (NAND3X2M)                            0.22      20.72 f
  U0_RegFile/U282/Y (OAI22X1M)                            0.22      20.95 r
  U0_RegFile/regArr_reg[0][3]/D (DFFRX1M)                 0.00      20.95 r
  data arrival time                                                 20.95

  clock REG_CLK (rise edge)                             100.00     100.00
  clock network delay (ideal)                             0.00     100.00
  clock uncertainty                                      -0.20      99.80
  U0_RegFile/regArr_reg[0][3]/CK (DFFRX1M)                0.00      99.80 r
  library setup time                                     -0.27      99.53
  data required time                                                99.53
  --------------------------------------------------------------------------
  data required time                                                99.53
  data arrival time                                                -20.95
  --------------------------------------------------------------------------
  slack (MET)                                                       78.58


  Startpoint: WrEn (input port clocked by REG_CLK)
  Endpoint: U0_RegFile/regArr_reg[0][2]
            (rising edge-triggered flip-flop clocked by REG_CLK)
  Path Group: INREG
  Path Type: max

  Point                                                   Incr       Path
  --------------------------------------------------------------------------
  clock REG_CLK (rise edge)                               0.00       0.00
  clock network delay (ideal)                             0.00       0.00
  input external delay                                   20.00      20.00 r
  WrEn (in)                                               0.02      20.02 r
  U0_RegFile/WrEn (RegFile)                               0.00      20.02 r
  U0_RegFile/U330/Y (INVX2M)                              0.05      20.07 f
  U0_RegFile/U238/Y (NOR3X2M)                             0.21      20.28 r
  U0_RegFile/U222/Y (AND2X2M)                             0.22      20.50 r
  U0_RegFile/U191/Y (NAND3X2M)                            0.22      20.72 f
  U0_RegFile/U281/Y (OAI22X1M)                            0.22      20.95 r
  U0_RegFile/regArr_reg[0][2]/D (DFFRX1M)                 0.00      20.95 r
  data arrival time                                                 20.95

  clock REG_CLK (rise edge)                             100.00     100.00
  clock network delay (ideal)                             0.00     100.00
  clock uncertainty                                      -0.20      99.80
  U0_RegFile/regArr_reg[0][2]/CK (DFFRX1M)                0.00      99.80 r
  library setup time                                     -0.27      99.53
  data required time                                                99.53
  --------------------------------------------------------------------------
  data required time                                                99.53
  data arrival time                                                -20.95
  --------------------------------------------------------------------------
  slack (MET)                                                       78.58


  Startpoint: WrEn (input port clocked by REG_CLK)
  Endpoint: U0_RegFile/regArr_reg[0][0]
            (rising edge-triggered flip-flop clocked by REG_CLK)
  Path Group: INREG
  Path Type: max

  Point                                                   Incr       Path
  --------------------------------------------------------------------------
  clock REG_CLK (rise edge)                               0.00       0.00
  clock network delay (ideal)                             0.00       0.00
  input external delay                                   20.00      20.00 r
  WrEn (in)                                               0.02      20.02 r
  U0_RegFile/WrEn (RegFile)                               0.00      20.02 r
  U0_RegFile/U330/Y (INVX2M)                              0.05      20.07 f
  U0_RegFile/U238/Y (NOR3X2M)                             0.21      20.28 r
  U0_RegFile/U222/Y (AND2X2M)                             0.22      20.50 r
  U0_RegFile/U191/Y (NAND3X2M)                            0.22      20.72 f
  U0_RegFile/U280/Y (OAI22X1M)                            0.22      20.95 r
  U0_RegFile/regArr_reg[0][0]/D (DFFRX1M)                 0.00      20.95 r
  data arrival time                                                 20.95

  clock REG_CLK (rise edge)                             100.00     100.00
  clock network delay (ideal)                             0.00     100.00
  clock uncertainty                                      -0.20      99.80
  U0_RegFile/regArr_reg[0][0]/CK (DFFRX1M)                0.00      99.80 r
  library setup time                                     -0.27      99.53
  data required time                                                99.53
  --------------------------------------------------------------------------
  data required time                                                99.53
  data arrival time                                                -20.95
  --------------------------------------------------------------------------
  slack (MET)                                                       78.58


  Startpoint: WrEn (input port clocked by REG_CLK)
  Endpoint: U0_RegFile/regArr_reg[1][3]
            (rising edge-triggered flip-flop clocked by REG_CLK)
  Path Group: INREG
  Path Type: max

  Point                                                   Incr       Path
  --------------------------------------------------------------------------
  clock REG_CLK (rise edge)                               0.00       0.00
  clock network delay (ideal)                             0.00       0.00
  input external delay                                   20.00      20.00 r
  WrEn (in)                                               0.02      20.02 r
  U0_RegFile/WrEn (RegFile)                               0.00      20.02 r
  U0_RegFile/U330/Y (INVX2M)                              0.05      20.07 f
  U0_RegFile/U238/Y (NOR3X2M)                             0.21      20.28 r
  U0_RegFile/U222/Y (AND2X2M)                             0.22      20.50 r
  U0_RegFile/U230/Y (NAND3X2M)                            0.10      20.60 f
  U0_RegFile/U229/Y (BUFX2M)                              0.21      20.81 f
  U0_RegFile/U295/Y (OAI22X1M)                            0.20      21.01 r
  U0_RegFile/regArr_reg[1][3]/D (DFFSX1M)                 0.00      21.01 r
  data arrival time                                                 21.01

  clock REG_CLK (rise edge)                             100.00     100.00
  clock network delay (ideal)                             0.00     100.00
  clock uncertainty                                      -0.20      99.80
  U0_RegFile/regArr_reg[1][3]/CK (DFFSX1M)                0.00      99.80 r
  library setup time                                     -0.19      99.61
  data required time                                                99.61
  --------------------------------------------------------------------------
  data required time                                                99.61
  data arrival time                                                -21.01
  --------------------------------------------------------------------------
  slack (MET)                                                       78.60


  Startpoint: WrEn (input port clocked by REG_CLK)
  Endpoint: U0_RegFile/regArr_reg[0][1]
            (rising edge-triggered flip-flop clocked by REG_CLK)
  Path Group: INREG
  Path Type: max

  Point                                                   Incr       Path
  --------------------------------------------------------------------------
  clock REG_CLK (rise edge)                               0.00       0.00
  clock network delay (ideal)                             0.00       0.00
  input external delay                                   20.00      20.00 r
  WrEn (in)                                               0.02      20.02 r
  U0_RegFile/WrEn (RegFile)                               0.00      20.02 r
  U0_RegFile/U330/Y (INVX2M)                              0.05      20.07 f
  U0_RegFile/U238/Y (NOR3X2M)                             0.21      20.28 r
  U0_RegFile/U222/Y (AND2X2M)                             0.22      20.50 r
  U0_RegFile/U191/Y (NAND3X2M)                            0.22      20.72 f
  U0_RegFile/U255/Y (OAI22X1M)                            0.23      20.95 r
  U0_RegFile/regArr_reg[0][1]/D (DFFSX1M)                 0.00      20.95 r
  data arrival time                                                 20.95

  clock REG_CLK (rise edge)                             100.00     100.00
  clock network delay (ideal)                             0.00     100.00
  clock uncertainty                                      -0.20      99.80
  U0_RegFile/regArr_reg[0][1]/CK (DFFSX1M)                0.00      99.80 r
  library setup time                                     -0.19      99.61
  data required time                                                99.61
  --------------------------------------------------------------------------
  data required time                                                99.61
  data arrival time                                                -20.95
  --------------------------------------------------------------------------
  slack (MET)                                                       78.65


  Startpoint: WrEn (input port clocked by REG_CLK)
  Endpoint: U0_RegFile/RdData_reg[7]
            (rising edge-triggered flip-flop clocked by REG_CLK)
  Path Group: INREG
  Path Type: max

  Point                                                   Incr       Path
  --------------------------------------------------------------------------
  clock REG_CLK (rise edge)                               0.00       0.00
  clock network delay (ideal)                             0.00       0.00
  input external delay                                   20.00      20.00 f
  WrEn (in)                                               0.02      20.02 f
  U0_RegFile/WrEn (RegFile)                               0.00      20.02 f
  U0_RegFile/U330/Y (INVX2M)                              0.07      20.08 r
  U0_RegFile/U101/Y (NAND3X2M)                            0.09      20.18 f
  U0_RegFile/U100/Y (INVX2M)                              0.18      20.35 r
  U0_RegFile/RdData_reg[7]/E (EDFFHQX8M)                  0.00      20.35 r
  data arrival time                                                 20.35

  clock REG_CLK (rise edge)                             100.00     100.00
  clock network delay (ideal)                             0.00     100.00
  clock uncertainty                                      -0.20      99.80
  U0_RegFile/RdData_reg[7]/CK (EDFFHQX8M)                 0.00      99.80 r
  library setup time                                     -0.34      99.46
  data required time                                                99.46
  --------------------------------------------------------------------------
  data required time                                                99.46
  data arrival time                                                -20.35
  --------------------------------------------------------------------------
  slack (MET)                                                       79.10


  Startpoint: WrEn (input port clocked by REG_CLK)
  Endpoint: U0_RegFile/RdData_reg[6]
            (rising edge-triggered flip-flop clocked by REG_CLK)
  Path Group: INREG
  Path Type: max

  Point                                                   Incr       Path
  --------------------------------------------------------------------------
  clock REG_CLK (rise edge)                               0.00       0.00
  clock network delay (ideal)                             0.00       0.00
  input external delay                                   20.00      20.00 f
  WrEn (in)                                               0.02      20.02 f
  U0_RegFile/WrEn (RegFile)                               0.00      20.02 f
  U0_RegFile/U330/Y (INVX2M)                              0.07      20.08 r
  U0_RegFile/U101/Y (NAND3X2M)                            0.09      20.18 f
  U0_RegFile/U100/Y (INVX2M)                              0.18      20.35 r
  U0_RegFile/RdData_reg[6]/E (EDFFHQX8M)                  0.00      20.35 r
  data arrival time                                                 20.35

  clock REG_CLK (rise edge)                             100.00     100.00
  clock network delay (ideal)                             0.00     100.00
  clock uncertainty                                      -0.20      99.80
  U0_RegFile/RdData_reg[6]/CK (EDFFHQX8M)                 0.00      99.80 r
  library setup time                                     -0.34      99.46
  data required time                                                99.46
  --------------------------------------------------------------------------
  data required time                                                99.46
  data arrival time                                                -20.35
  --------------------------------------------------------------------------
  slack (MET)                                                       79.10


  Startpoint: WrEn (input port clocked by REG_CLK)
  Endpoint: U0_RegFile/RdData_reg[5]
            (rising edge-triggered flip-flop clocked by REG_CLK)
  Path Group: INREG
  Path Type: max

  Point                                                   Incr       Path
  --------------------------------------------------------------------------
  clock REG_CLK (rise edge)                               0.00       0.00
  clock network delay (ideal)                             0.00       0.00
  input external delay                                   20.00      20.00 f
  WrEn (in)                                               0.02      20.02 f
  U0_RegFile/WrEn (RegFile)                               0.00      20.02 f
  U0_RegFile/U330/Y (INVX2M)                              0.07      20.08 r
  U0_RegFile/U101/Y (NAND3X2M)                            0.09      20.18 f
  U0_RegFile/U100/Y (INVX2M)                              0.18      20.35 r
  U0_RegFile/RdData_reg[5]/E (EDFFHQX8M)                  0.00      20.35 r
  data arrival time                                                 20.35

  clock REG_CLK (rise edge)                             100.00     100.00
  clock network delay (ideal)                             0.00     100.00
  clock uncertainty                                      -0.20      99.80
  U0_RegFile/RdData_reg[5]/CK (EDFFHQX8M)                 0.00      99.80 r
  library setup time                                     -0.34      99.46
  data required time                                                99.46
  --------------------------------------------------------------------------
  data required time                                                99.46
  data arrival time                                                -20.35
  --------------------------------------------------------------------------
  slack (MET)                                                       79.10


  Startpoint: WrEn (input port clocked by REG_CLK)
  Endpoint: U0_RegFile/RdData_reg[4]
            (rising edge-triggered flip-flop clocked by REG_CLK)
  Path Group: INREG
  Path Type: max

  Point                                                   Incr       Path
  --------------------------------------------------------------------------
  clock REG_CLK (rise edge)                               0.00       0.00
  clock network delay (ideal)                             0.00       0.00
  input external delay                                   20.00      20.00 f
  WrEn (in)                                               0.02      20.02 f
  U0_RegFile/WrEn (RegFile)                               0.00      20.02 f
  U0_RegFile/U330/Y (INVX2M)                              0.07      20.08 r
  U0_RegFile/U101/Y (NAND3X2M)                            0.09      20.18 f
  U0_RegFile/U100/Y (INVX2M)                              0.18      20.35 r
  U0_RegFile/RdData_reg[4]/E (EDFFHQX8M)                  0.00      20.35 r
  data arrival time                                                 20.35

  clock REG_CLK (rise edge)                             100.00     100.00
  clock network delay (ideal)                             0.00     100.00
  clock uncertainty                                      -0.20      99.80
  U0_RegFile/RdData_reg[4]/CK (EDFFHQX8M)                 0.00      99.80 r
  library setup time                                     -0.34      99.46
  data required time                                                99.46
  --------------------------------------------------------------------------
  data required time                                                99.46
  data arrival time                                                -20.35
  --------------------------------------------------------------------------
  slack (MET)                                                       79.10


  Startpoint: WrEn (input port clocked by REG_CLK)
  Endpoint: U0_RegFile/RdData_reg[3]
            (rising edge-triggered flip-flop clocked by REG_CLK)
  Path Group: INREG
  Path Type: max

  Point                                                   Incr       Path
  --------------------------------------------------------------------------
  clock REG_CLK (rise edge)                               0.00       0.00
  clock network delay (ideal)                             0.00       0.00
  input external delay                                   20.00      20.00 f
  WrEn (in)                                               0.02      20.02 f
  U0_RegFile/WrEn (RegFile)                               0.00      20.02 f
  U0_RegFile/U330/Y (INVX2M)                              0.07      20.08 r
  U0_RegFile/U101/Y (NAND3X2M)                            0.09      20.18 f
  U0_RegFile/U100/Y (INVX2M)                              0.18      20.35 r
  U0_RegFile/RdData_reg[3]/E (EDFFHQX8M)                  0.00      20.35 r
  data arrival time                                                 20.35

  clock REG_CLK (rise edge)                             100.00     100.00
  clock network delay (ideal)                             0.00     100.00
  clock uncertainty                                      -0.20      99.80
  U0_RegFile/RdData_reg[3]/CK (EDFFHQX8M)                 0.00      99.80 r
  library setup time                                     -0.34      99.46
  data required time                                                99.46
  --------------------------------------------------------------------------
  data required time                                                99.46
  data arrival time                                                -20.35
  --------------------------------------------------------------------------
  slack (MET)                                                       79.10


  Startpoint: WrEn (input port clocked by REG_CLK)
  Endpoint: U0_RegFile/RdData_reg[2]
            (rising edge-triggered flip-flop clocked by REG_CLK)
  Path Group: INREG
  Path Type: max

  Point                                                   Incr       Path
  --------------------------------------------------------------------------
  clock REG_CLK (rise edge)                               0.00       0.00
  clock network delay (ideal)                             0.00       0.00
  input external delay                                   20.00      20.00 f
  WrEn (in)                                               0.02      20.02 f
  U0_RegFile/WrEn (RegFile)                               0.00      20.02 f
  U0_RegFile/U330/Y (INVX2M)                              0.07      20.08 r
  U0_RegFile/U101/Y (NAND3X2M)                            0.09      20.18 f
  U0_RegFile/U100/Y (INVX2M)                              0.18      20.35 r
  U0_RegFile/RdData_reg[2]/E (EDFFHQX8M)                  0.00      20.35 r
  data arrival time                                                 20.35

  clock REG_CLK (rise edge)                             100.00     100.00
  clock network delay (ideal)                             0.00     100.00
  clock uncertainty                                      -0.20      99.80
  U0_RegFile/RdData_reg[2]/CK (EDFFHQX8M)                 0.00      99.80 r
  library setup time                                     -0.34      99.46
  data required time                                                99.46
  --------------------------------------------------------------------------
  data required time                                                99.46
  data arrival time                                                -20.35
  --------------------------------------------------------------------------
  slack (MET)                                                       79.10


  Startpoint: WrEn (input port clocked by REG_CLK)
  Endpoint: U0_RegFile/RdData_reg[1]
            (rising edge-triggered flip-flop clocked by REG_CLK)
  Path Group: INREG
  Path Type: max

  Point                                                   Incr       Path
  --------------------------------------------------------------------------
  clock REG_CLK (rise edge)                               0.00       0.00
  clock network delay (ideal)                             0.00       0.00
  input external delay                                   20.00      20.00 f
  WrEn (in)                                               0.02      20.02 f
  U0_RegFile/WrEn (RegFile)                               0.00      20.02 f
  U0_RegFile/U330/Y (INVX2M)                              0.07      20.08 r
  U0_RegFile/U101/Y (NAND3X2M)                            0.09      20.18 f
  U0_RegFile/U100/Y (INVX2M)                              0.18      20.35 r
  U0_RegFile/RdData_reg[1]/E (EDFFHQX8M)                  0.00      20.35 r
  data arrival time                                                 20.35

  clock REG_CLK (rise edge)                             100.00     100.00
  clock network delay (ideal)                             0.00     100.00
  clock uncertainty                                      -0.20      99.80
  U0_RegFile/RdData_reg[1]/CK (EDFFHQX8M)                 0.00      99.80 r
  library setup time                                     -0.34      99.46
  data required time                                                99.46
  --------------------------------------------------------------------------
  data required time                                                99.46
  data arrival time                                                -20.35
  --------------------------------------------------------------------------
  slack (MET)                                                       79.10


  Startpoint: WrEn (input port clocked by REG_CLK)
  Endpoint: U0_RegFile/RdData_reg[0]
            (rising edge-triggered flip-flop clocked by REG_CLK)
  Path Group: INREG
  Path Type: max

  Point                                                   Incr       Path
  --------------------------------------------------------------------------
  clock REG_CLK (rise edge)                               0.00       0.00
  clock network delay (ideal)                             0.00       0.00
  input external delay                                   20.00      20.00 f
  WrEn (in)                                               0.02      20.02 f
  U0_RegFile/WrEn (RegFile)                               0.00      20.02 f
  U0_RegFile/U330/Y (INVX2M)                              0.07      20.08 r
  U0_RegFile/U101/Y (NAND3X2M)                            0.09      20.18 f
  U0_RegFile/U100/Y (INVX2M)                              0.18      20.35 r
  U0_RegFile/RdData_reg[0]/E (EDFFHQX8M)                  0.00      20.35 r
  data arrival time                                                 20.35

  clock REG_CLK (rise edge)                             100.00     100.00
  clock network delay (ideal)                             0.00     100.00
  clock uncertainty                                      -0.20      99.80
  U0_RegFile/RdData_reg[0]/CK (EDFFHQX8M)                 0.00      99.80 r
  library setup time                                     -0.34      99.46
  data required time                                                99.46
  --------------------------------------------------------------------------
  data required time                                                99.46
  data arrival time                                                -20.35
  --------------------------------------------------------------------------
  slack (MET)                                                       79.10


  Startpoint: U0_ClkDiv/div_clk_reg
              (rising edge-triggered flip-flop clocked by MASTER_CLK)
  Endpoint: U0_ClkDiv/div_clk_reg
            (rising edge-triggered flip-flop clocked by MASTER_CLK)
  Path Group: MASTER_CLK
  Path Type: max

  Point                                    Incr       Path
  -----------------------------------------------------------
  clock MASTER_CLK (rise edge)             0.00       0.00
  clock network delay (ideal)              0.00       0.00
  U0_ClkDiv/div_clk_reg/CK (DFFRX1M)       0.00       0.00 r
  U0_ClkDiv/div_clk_reg/QN (DFFRX1M)       0.32       0.32 r
  U0_ClkDiv/div_clk_reg/D (DFFRX1M)        0.00       0.32 r
  data arrival time                                   0.32

  clock MASTER_CLK (rise edge)            50.00      50.00
  clock network delay (ideal)              0.00      50.00
  clock uncertainty                       -0.20      49.80
  U0_ClkDiv/div_clk_reg/CK (DFFRX1M)       0.00      49.80 r
  library setup time                      -0.23      49.57
  data required time                                 49.57
  -----------------------------------------------------------
  data required time                                 49.57
  data arrival time                                  -0.32
  -----------------------------------------------------------
  slack (MET)                                        49.25


  Startpoint: U0_RegFile/regArr_reg[2][0]
              (rising edge-triggered flip-flop clocked by REG_CLK)
  Endpoint: U0_ClkDiv/i_clk_en_reg_reg
            (rising edge-triggered flip-flop clocked by MASTER_CLK)
  Path Group: MASTER_CLK
  Path Type: max

  Point                                                   Incr       Path
  --------------------------------------------------------------------------
  clock REG_CLK (rise edge)                               0.00       0.00
  clock network delay (ideal)                             0.00       0.00
  U0_RegFile/regArr_reg[2][0]/CK (DFFRX1M)                0.00       0.00 r
  U0_RegFile/regArr_reg[2][0]/Q (DFFRX1M)                 0.46       0.46 r
  U0_RegFile/REG2 (RegFile)                               0.00       0.46 r
  U0_ClkDiv/i_clk_en (ClkDiv)                             0.00       0.46 r
  U0_ClkDiv/i_clk_en_reg_reg/D (DFFRQX2M)                 0.00       0.46 r
  data arrival time                                                  0.46

  clock MASTER_CLK (rise edge)                          100.00     100.00
  clock network delay (ideal)                             0.00     100.00
  clock uncertainty                                      -0.20      99.80
  U0_ClkDiv/i_clk_en_reg_reg/CK (DFFRQX2M)                0.00      99.80 r
  library setup time                                     -0.29      99.51
  data required time                                                99.51
  --------------------------------------------------------------------------
  data required time                                                99.51
  data arrival time                                                 -0.46
  --------------------------------------------------------------------------
  slack (MET)                                                       99.05


  Startpoint: U0_ALU/OUT_VALID_reg
              (rising edge-triggered flip-flop clocked by ALU_CLK)
  Endpoint: ALU_VLD (output port clocked by ALU_CLK)
  Path Group: REGOUT
  Path Type: max

  Point                                    Incr       Path
  -----------------------------------------------------------
  clock ALU_CLK (rise edge)                0.00       0.00
  clock network delay (ideal)              0.00       0.00
  U0_ALU/OUT_VALID_reg/CK (DFFRHQX8M)      0.00       0.00 r
  U0_ALU/OUT_VALID_reg/Q (DFFRHQX8M)       1.05       1.05 r
  U0_ALU/OUT_VALID (ALU)                   0.00       1.05 r
  ALU_VLD (out)                            0.00       1.05 r
  data arrival time                                   1.05

  clock ALU_CLK (rise edge)               50.00      50.00
  clock network delay (ideal)              0.00      50.00
  clock uncertainty                       -0.20      49.80
  output external delay                  -10.00      39.80
  data required time                                 39.80
  -----------------------------------------------------------
  data required time                                 39.80
  data arrival time                                  -1.05
  -----------------------------------------------------------
  slack (MET)                                        38.75


  Startpoint: U0_ALU/ALU_OUT_reg[7]
              (rising edge-triggered flip-flop clocked by ALU_CLK)
  Endpoint: ALU_OUT[7] (output port clocked by ALU_CLK)
  Path Group: REGOUT
  Path Type: max

  Point                                                   Incr       Path
  --------------------------------------------------------------------------
  clock ALU_CLK (rise edge)                               0.00       0.00
  clock network delay (ideal)                             0.00       0.00
  U0_ALU/ALU_OUT_reg[7]/CK (DFFRHQX8M)                    0.00       0.00 r
  U0_ALU/ALU_OUT_reg[7]/Q (DFFRHQX8M)                     1.05       1.05 r
  U0_ALU/ALU_OUT[7] (ALU)                                 0.00       1.05 r
  ALU_OUT[7] (out)                                        0.00       1.05 r
  data arrival time                                                  1.05

  clock ALU_CLK (rise edge)                              50.00      50.00
  clock network delay (ideal)                             0.00      50.00
  clock uncertainty                                      -0.20      49.80
  output external delay                                 -10.00      39.80
  data required time                                                39.80
  --------------------------------------------------------------------------
  data required time                                                39.80
  data arrival time                                                 -1.05
  --------------------------------------------------------------------------
  slack (MET)                                                       38.75


  Startpoint: U0_ALU/ALU_OUT_reg[6]
              (rising edge-triggered flip-flop clocked by ALU_CLK)
  Endpoint: ALU_OUT[6] (output port clocked by ALU_CLK)
  Path Group: REGOUT
  Path Type: max

  Point                                                   Incr       Path
  --------------------------------------------------------------------------
  clock ALU_CLK (rise edge)                               0.00       0.00
  clock network delay (ideal)                             0.00       0.00
  U0_ALU/ALU_OUT_reg[6]/CK (DFFRHQX8M)                    0.00       0.00 r
  U0_ALU/ALU_OUT_reg[6]/Q (DFFRHQX8M)                     1.05       1.05 r
  U0_ALU/ALU_OUT[6] (ALU)                                 0.00       1.05 r
  ALU_OUT[6] (out)                                        0.00       1.05 r
  data arrival time                                                  1.05

  clock ALU_CLK (rise edge)                              50.00      50.00
  clock network delay (ideal)                             0.00      50.00
  clock uncertainty                                      -0.20      49.80
  output external delay                                 -10.00      39.80
  data required time                                                39.80
  --------------------------------------------------------------------------
  data required time                                                39.80
  data arrival time                                                 -1.05
  --------------------------------------------------------------------------
  slack (MET)                                                       38.75


  Startpoint: U0_ALU/ALU_OUT_reg[5]
              (rising edge-triggered flip-flop clocked by ALU_CLK)
  Endpoint: ALU_OUT[5] (output port clocked by ALU_CLK)
  Path Group: REGOUT
  Path Type: max

  Point                                                   Incr       Path
  --------------------------------------------------------------------------
  clock ALU_CLK (rise edge)                               0.00       0.00
  clock network delay (ideal)                             0.00       0.00
  U0_ALU/ALU_OUT_reg[5]/CK (DFFRHQX8M)                    0.00       0.00 r
  U0_ALU/ALU_OUT_reg[5]/Q (DFFRHQX8M)                     1.05       1.05 r
  U0_ALU/ALU_OUT[5] (ALU)                                 0.00       1.05 r
  ALU_OUT[5] (out)                                        0.00       1.05 r
  data arrival time                                                  1.05

  clock ALU_CLK (rise edge)                              50.00      50.00
  clock network delay (ideal)                             0.00      50.00
  clock uncertainty                                      -0.20      49.80
  output external delay                                 -10.00      39.80
  data required time                                                39.80
  --------------------------------------------------------------------------
  data required time                                                39.80
  data arrival time                                                 -1.05
  --------------------------------------------------------------------------
  slack (MET)                                                       38.75


  Startpoint: U0_ALU/ALU_OUT_reg[4]
              (rising edge-triggered flip-flop clocked by ALU_CLK)
  Endpoint: ALU_OUT[4] (output port clocked by ALU_CLK)
  Path Group: REGOUT
  Path Type: max

  Point                                                   Incr       Path
  --------------------------------------------------------------------------
  clock ALU_CLK (rise edge)                               0.00       0.00
  clock network delay (ideal)                             0.00       0.00
  U0_ALU/ALU_OUT_reg[4]/CK (DFFRHQX8M)                    0.00       0.00 r
  U0_ALU/ALU_OUT_reg[4]/Q (DFFRHQX8M)                     1.05       1.05 r
  U0_ALU/ALU_OUT[4] (ALU)                                 0.00       1.05 r
  ALU_OUT[4] (out)                                        0.00       1.05 r
  data arrival time                                                  1.05

  clock ALU_CLK (rise edge)                              50.00      50.00
  clock network delay (ideal)                             0.00      50.00
  clock uncertainty                                      -0.20      49.80
  output external delay                                 -10.00      39.80
  data required time                                                39.80
  --------------------------------------------------------------------------
  data required time                                                39.80
  data arrival time                                                 -1.05
  --------------------------------------------------------------------------
  slack (MET)                                                       38.75


  Startpoint: U0_ALU/ALU_OUT_reg[3]
              (rising edge-triggered flip-flop clocked by ALU_CLK)
  Endpoint: ALU_OUT[3] (output port clocked by ALU_CLK)
  Path Group: REGOUT
  Path Type: max

  Point                                                   Incr       Path
  --------------------------------------------------------------------------
  clock ALU_CLK (rise edge)                               0.00       0.00
  clock network delay (ideal)                             0.00       0.00
  U0_ALU/ALU_OUT_reg[3]/CK (DFFRHQX8M)                    0.00       0.00 r
  U0_ALU/ALU_OUT_reg[3]/Q (DFFRHQX8M)                     1.05       1.05 r
  U0_ALU/ALU_OUT[3] (ALU)                                 0.00       1.05 r
  ALU_OUT[3] (out)                                        0.00       1.05 r
  data arrival time                                                  1.05

  clock ALU_CLK (rise edge)                              50.00      50.00
  clock network delay (ideal)                             0.00      50.00
  clock uncertainty                                      -0.20      49.80
  output external delay                                 -10.00      39.80
  data required time                                                39.80
  --------------------------------------------------------------------------
  data required time                                                39.80
  data arrival time                                                 -1.05
  --------------------------------------------------------------------------
  slack (MET)                                                       38.75


  Startpoint: U0_ALU/ALU_OUT_reg[2]
              (rising edge-triggered flip-flop clocked by ALU_CLK)
  Endpoint: ALU_OUT[2] (output port clocked by ALU_CLK)
  Path Group: REGOUT
  Path Type: max

  Point                                                   Incr       Path
  --------------------------------------------------------------------------
  clock ALU_CLK (rise edge)                               0.00       0.00
  clock network delay (ideal)                             0.00       0.00
  U0_ALU/ALU_OUT_reg[2]/CK (DFFRHQX8M)                    0.00       0.00 r
  U0_ALU/ALU_OUT_reg[2]/Q (DFFRHQX8M)                     1.05       1.05 r
  U0_ALU/ALU_OUT[2] (ALU)                                 0.00       1.05 r
  ALU_OUT[2] (out)                                        0.00       1.05 r
  data arrival time                                                  1.05

  clock ALU_CLK (rise edge)                              50.00      50.00
  clock network delay (ideal)                             0.00      50.00
  clock uncertainty                                      -0.20      49.80
  output external delay                                 -10.00      39.80
  data required time                                                39.80
  --------------------------------------------------------------------------
  data required time                                                39.80
  data arrival time                                                 -1.05
  --------------------------------------------------------------------------
  slack (MET)                                                       38.75


  Startpoint: U0_ALU/ALU_OUT_reg[1]
              (rising edge-triggered flip-flop clocked by ALU_CLK)
  Endpoint: ALU_OUT[1] (output port clocked by ALU_CLK)
  Path Group: REGOUT
  Path Type: max

  Point                                                   Incr       Path
  --------------------------------------------------------------------------
  clock ALU_CLK (rise edge)                               0.00       0.00
  clock network delay (ideal)                             0.00       0.00
  U0_ALU/ALU_OUT_reg[1]/CK (DFFRHQX8M)                    0.00       0.00 r
  U0_ALU/ALU_OUT_reg[1]/Q (DFFRHQX8M)                     1.05       1.05 r
  U0_ALU/ALU_OUT[1] (ALU)                                 0.00       1.05 r
  ALU_OUT[1] (out)                                        0.00       1.05 r
  data arrival time                                                  1.05

  clock ALU_CLK (rise edge)                              50.00      50.00
  clock network delay (ideal)                             0.00      50.00
  clock uncertainty                                      -0.20      49.80
  output external delay                                 -10.00      39.80
  data required time                                                39.80
  --------------------------------------------------------------------------
  data required time                                                39.80
  data arrival time                                                 -1.05
  --------------------------------------------------------------------------
  slack (MET)                                                       38.75


  Startpoint: U0_ALU/ALU_OUT_reg[0]
              (rising edge-triggered flip-flop clocked by ALU_CLK)
  Endpoint: ALU_OUT[0] (output port clocked by ALU_CLK)
  Path Group: REGOUT
  Path Type: max

  Point                                                   Incr       Path
  --------------------------------------------------------------------------
  clock ALU_CLK (rise edge)                               0.00       0.00
  clock network delay (ideal)                             0.00       0.00
  U0_ALU/ALU_OUT_reg[0]/CK (DFFRHQX8M)                    0.00       0.00 r
  U0_ALU/ALU_OUT_reg[0]/Q (DFFRHQX8M)                     1.05       1.05 r
  U0_ALU/ALU_OUT[0] (ALU)                                 0.00       1.05 r
  ALU_OUT[0] (out)                                        0.00       1.05 r
  data arrival time                                                  1.05

  clock ALU_CLK (rise edge)                              50.00      50.00
  clock network delay (ideal)                             0.00      50.00
  clock uncertainty                                      -0.20      49.80
  output external delay                                 -10.00      39.80
  data required time                                                39.80
  --------------------------------------------------------------------------
  data required time                                                39.80
  data arrival time                                                 -1.05
  --------------------------------------------------------------------------
  slack (MET)                                                       38.75


  Startpoint: U0_RegFile/RdData_reg[7]
              (rising edge-triggered flip-flop clocked by REG_CLK)
  Endpoint: RdData[7] (output port clocked by REG_CLK)
  Path Group: REGOUT
  Path Type: max

  Point                                                   Incr       Path
  --------------------------------------------------------------------------
  clock REG_CLK (rise edge)                               0.00       0.00
  clock network delay (ideal)                             0.00       0.00
  U0_RegFile/RdData_reg[7]/CK (EDFFHQX8M)                 0.00       0.00 r
  U0_RegFile/RdData_reg[7]/Q (EDFFHQX8M)                  0.94       0.94 r
  U0_RegFile/RdData[7] (RegFile)                          0.00       0.94 r
  RdData[7] (out)                                         0.00       0.94 r
  data arrival time                                                  0.94

  clock REG_CLK (rise edge)                             100.00     100.00
  clock network delay (ideal)                             0.00     100.00
  clock uncertainty                                      -0.20      99.80
  output external delay                                 -20.00      79.80
  data required time                                                79.80
  --------------------------------------------------------------------------
  data required time                                                79.80
  data arrival time                                                 -0.94
  --------------------------------------------------------------------------
  slack (MET)                                                       78.86


  Startpoint: U0_RegFile/RdData_reg[6]
              (rising edge-triggered flip-flop clocked by REG_CLK)
  Endpoint: RdData[6] (output port clocked by REG_CLK)
  Path Group: REGOUT
  Path Type: max

  Point                                                   Incr       Path
  --------------------------------------------------------------------------
  clock REG_CLK (rise edge)                               0.00       0.00
  clock network delay (ideal)                             0.00       0.00
  U0_RegFile/RdData_reg[6]/CK (EDFFHQX8M)                 0.00       0.00 r
  U0_RegFile/RdData_reg[6]/Q (EDFFHQX8M)                  0.94       0.94 r
  U0_RegFile/RdData[6] (RegFile)                          0.00       0.94 r
  RdData[6] (out)                                         0.00       0.94 r
  data arrival time                                                  0.94

  clock REG_CLK (rise edge)                             100.00     100.00
  clock network delay (ideal)                             0.00     100.00
  clock uncertainty                                      -0.20      99.80
  output external delay                                 -20.00      79.80
  data required time                                                79.80
  --------------------------------------------------------------------------
  data required time                                                79.80
  data arrival time                                                 -0.94
  --------------------------------------------------------------------------
  slack (MET)                                                       78.86


  Startpoint: U0_RegFile/RdData_reg[5]
              (rising edge-triggered flip-flop clocked by REG_CLK)
  Endpoint: RdData[5] (output port clocked by REG_CLK)
  Path Group: REGOUT
  Path Type: max

  Point                                                   Incr       Path
  --------------------------------------------------------------------------
  clock REG_CLK (rise edge)                               0.00       0.00
  clock network delay (ideal)                             0.00       0.00
  U0_RegFile/RdData_reg[5]/CK (EDFFHQX8M)                 0.00       0.00 r
  U0_RegFile/RdData_reg[5]/Q (EDFFHQX8M)                  0.94       0.94 r
  U0_RegFile/RdData[5] (RegFile)                          0.00       0.94 r
  RdData[5] (out)                                         0.00       0.94 r
  data arrival time                                                  0.94

  clock REG_CLK (rise edge)                             100.00     100.00
  clock network delay (ideal)                             0.00     100.00
  clock uncertainty                                      -0.20      99.80
  output external delay                                 -20.00      79.80
  data required time                                                79.80
  --------------------------------------------------------------------------
  data required time                                                79.80
  data arrival time                                                 -0.94
  --------------------------------------------------------------------------
  slack (MET)                                                       78.86


  Startpoint: U0_RegFile/RdData_reg[4]
              (rising edge-triggered flip-flop clocked by REG_CLK)
  Endpoint: RdData[4] (output port clocked by REG_CLK)
  Path Group: REGOUT
  Path Type: max

  Point                                                   Incr       Path
  --------------------------------------------------------------------------
  clock REG_CLK (rise edge)                               0.00       0.00
  clock network delay (ideal)                             0.00       0.00
  U0_RegFile/RdData_reg[4]/CK (EDFFHQX8M)                 0.00       0.00 r
  U0_RegFile/RdData_reg[4]/Q (EDFFHQX8M)                  0.94       0.94 r
  U0_RegFile/RdData[4] (RegFile)                          0.00       0.94 r
  RdData[4] (out)                                         0.00       0.94 r
  data arrival time                                                  0.94

  clock REG_CLK (rise edge)                             100.00     100.00
  clock network delay (ideal)                             0.00     100.00
  clock uncertainty                                      -0.20      99.80
  output external delay                                 -20.00      79.80
  data required time                                                79.80
  --------------------------------------------------------------------------
  data required time                                                79.80
  data arrival time                                                 -0.94
  --------------------------------------------------------------------------
  slack (MET)                                                       78.86


  Startpoint: U0_RegFile/RdData_reg[3]
              (rising edge-triggered flip-flop clocked by REG_CLK)
  Endpoint: RdData[3] (output port clocked by REG_CLK)
  Path Group: REGOUT
  Path Type: max

  Point                                                   Incr       Path
  --------------------------------------------------------------------------
  clock REG_CLK (rise edge)                               0.00       0.00
  clock network delay (ideal)                             0.00       0.00
  U0_RegFile/RdData_reg[3]/CK (EDFFHQX8M)                 0.00       0.00 r
  U0_RegFile/RdData_reg[3]/Q (EDFFHQX8M)                  0.94       0.94 r
  U0_RegFile/RdData[3] (RegFile)                          0.00       0.94 r
  RdData[3] (out)                                         0.00       0.94 r
  data arrival time                                                  0.94

  clock REG_CLK (rise edge)                             100.00     100.00
  clock network delay (ideal)                             0.00     100.00
  clock uncertainty                                      -0.20      99.80
  output external delay                                 -20.00      79.80
  data required time                                                79.80
  --------------------------------------------------------------------------
  data required time                                                79.80
  data arrival time                                                 -0.94
  --------------------------------------------------------------------------
  slack (MET)                                                       78.86


  Startpoint: U0_RegFile/RdData_reg[2]
              (rising edge-triggered flip-flop clocked by REG_CLK)
  Endpoint: RdData[2] (output port clocked by REG_CLK)
  Path Group: REGOUT
  Path Type: max

  Point                                                   Incr       Path
  --------------------------------------------------------------------------
  clock REG_CLK (rise edge)                               0.00       0.00
  clock network delay (ideal)                             0.00       0.00
  U0_RegFile/RdData_reg[2]/CK (EDFFHQX8M)                 0.00       0.00 r
  U0_RegFile/RdData_reg[2]/Q (EDFFHQX8M)                  0.94       0.94 r
  U0_RegFile/RdData[2] (RegFile)                          0.00       0.94 r
  RdData[2] (out)                                         0.00       0.94 r
  data arrival time                                                  0.94

  clock REG_CLK (rise edge)                             100.00     100.00
  clock network delay (ideal)                             0.00     100.00
  clock uncertainty                                      -0.20      99.80
  output external delay                                 -20.00      79.80
  data required time                                                79.80
  --------------------------------------------------------------------------
  data required time                                                79.80
  data arrival time                                                 -0.94
  --------------------------------------------------------------------------
  slack (MET)                                                       78.86


  Startpoint: U0_RegFile/RdData_reg[1]
              (rising edge-triggered flip-flop clocked by REG_CLK)
  Endpoint: RdData[1] (output port clocked by REG_CLK)
  Path Group: REGOUT
  Path Type: max

  Point                                                   Incr       Path
  --------------------------------------------------------------------------
  clock REG_CLK (rise edge)                               0.00       0.00
  clock network delay (ideal)                             0.00       0.00
  U0_RegFile/RdData_reg[1]/CK (EDFFHQX8M)                 0.00       0.00 r
  U0_RegFile/RdData_reg[1]/Q (EDFFHQX8M)                  0.94       0.94 r
  U0_RegFile/RdData[1] (RegFile)                          0.00       0.94 r
  RdData[1] (out)                                         0.00       0.94 r
  data arrival time                                                  0.94

  clock REG_CLK (rise edge)                             100.00     100.00
  clock network delay (ideal)                             0.00     100.00
  clock uncertainty                                      -0.20      99.80
  output external delay                                 -20.00      79.80
  data required time                                                79.80
  --------------------------------------------------------------------------
  data required time                                                79.80
  data arrival time                                                 -0.94
  --------------------------------------------------------------------------
  slack (MET)                                                       78.86


  Startpoint: U0_RegFile/RdData_reg[0]
              (rising edge-triggered flip-flop clocked by REG_CLK)
  Endpoint: RdData[0] (output port clocked by REG_CLK)
  Path Group: REGOUT
  Path Type: max

  Point                                                   Incr       Path
  --------------------------------------------------------------------------
  clock REG_CLK (rise edge)                               0.00       0.00
  clock network delay (ideal)                             0.00       0.00
  U0_RegFile/RdData_reg[0]/CK (EDFFHQX8M)                 0.00       0.00 r
  U0_RegFile/RdData_reg[0]/Q (EDFFHQX8M)                  0.94       0.94 r
  U0_RegFile/RdData[0] (RegFile)                          0.00       0.94 r
  RdData[0] (out)                                         0.00       0.94 r
  data arrival time                                                  0.94

  clock REG_CLK (rise edge)                             100.00     100.00
  clock network delay (ideal)                             0.00     100.00
  clock uncertainty                                      -0.20      99.80
  output external delay                                 -20.00      79.80
  data required time                                                79.80
  --------------------------------------------------------------------------
  data required time                                                79.80
  data arrival time                                                 -0.94
  --------------------------------------------------------------------------
  slack (MET)                                                       78.86


  Startpoint: U0_RegFile/regArr_reg[6][7]
              (rising edge-triggered flip-flop clocked by REG_CLK)
  Endpoint: U0_RegFile/RdData_reg[7]
            (rising edge-triggered flip-flop clocked by REG_CLK)
  Path Group: REG_CLK
  Path Type: max

  Point                                                   Incr       Path
  --------------------------------------------------------------------------
  clock REG_CLK (rise edge)                               0.00       0.00
  clock network delay (ideal)                             0.00       0.00
  U0_RegFile/regArr_reg[6][7]/CK (DFFRX1M)                0.00       0.00 r
  U0_RegFile/regArr_reg[6][7]/Q (DFFRX1M)                 0.47       0.47 f
  U0_RegFile/U279/Y (AOI221XLM)                           0.40       0.87 r
  U0_RegFile/U277/Y (OAI22X1M)                            0.19       1.06 f
  U0_RegFile/RdData_reg[7]/D (EDFFHQX8M)                  0.00       1.06 f
  data arrival time                                                  1.06

  clock REG_CLK (rise edge)                             100.00     100.00
  clock network delay (ideal)                             0.00     100.00
  clock uncertainty                                      -0.20      99.80
  U0_RegFile/RdData_reg[7]/CK (EDFFHQX8M)                 0.00      99.80 r
  library setup time                                     -0.33      99.47
  data required time                                                99.47
  --------------------------------------------------------------------------
  data required time                                                99.47
  data arrival time                                                 -1.06
  --------------------------------------------------------------------------
  slack (MET)                                                       98.41


  Startpoint: U0_RegFile/regArr_reg[6][6]
              (rising edge-triggered flip-flop clocked by REG_CLK)
  Endpoint: U0_RegFile/RdData_reg[6]
            (rising edge-triggered flip-flop clocked by REG_CLK)
  Path Group: REG_CLK
  Path Type: max

  Point                                                   Incr       Path
  --------------------------------------------------------------------------
  clock REG_CLK (rise edge)                               0.00       0.00
  clock network delay (ideal)                             0.00       0.00
  U0_RegFile/regArr_reg[6][6]/CK (DFFRX1M)                0.00       0.00 r
  U0_RegFile/regArr_reg[6][6]/Q (DFFRX1M)                 0.47       0.47 f
  U0_RegFile/U276/Y (AOI221XLM)                           0.40       0.87 r
  U0_RegFile/U274/Y (OAI22X1M)                            0.19       1.06 f
  U0_RegFile/RdData_reg[6]/D (EDFFHQX8M)                  0.00       1.06 f
  data arrival time                                                  1.06

  clock REG_CLK (rise edge)                             100.00     100.00
  clock network delay (ideal)                             0.00     100.00
  clock uncertainty                                      -0.20      99.80
  U0_RegFile/RdData_reg[6]/CK (EDFFHQX8M)                 0.00      99.80 r
  library setup time                                     -0.33      99.47
  data required time                                                99.47
  --------------------------------------------------------------------------
  data required time                                                99.47
  data arrival time                                                 -1.06
  --------------------------------------------------------------------------
  slack (MET)                                                       98.41


  Startpoint: U0_RegFile/regArr_reg[6][5]
              (rising edge-triggered flip-flop clocked by REG_CLK)
  Endpoint: U0_RegFile/RdData_reg[5]
            (rising edge-triggered flip-flop clocked by REG_CLK)
  Path Group: REG_CLK
  Path Type: max

  Point                                                   Incr       Path
  --------------------------------------------------------------------------
  clock REG_CLK (rise edge)                               0.00       0.00
  clock network delay (ideal)                             0.00       0.00
  U0_RegFile/regArr_reg[6][5]/CK (DFFRX1M)                0.00       0.00 r
  U0_RegFile/regArr_reg[6][5]/Q (DFFRX1M)                 0.47       0.47 f
  U0_RegFile/U273/Y (AOI221XLM)                           0.40       0.87 r
  U0_RegFile/U271/Y (OAI22X1M)                            0.19       1.06 f
  U0_RegFile/RdData_reg[5]/D (EDFFHQX8M)                  0.00       1.06 f
  data arrival time                                                  1.06

  clock REG_CLK (rise edge)                             100.00     100.00
  clock network delay (ideal)                             0.00     100.00
  clock uncertainty                                      -0.20      99.80
  U0_RegFile/RdData_reg[5]/CK (EDFFHQX8M)                 0.00      99.80 r
  library setup time                                     -0.33      99.47
  data required time                                                99.47
  --------------------------------------------------------------------------
  data required time                                                99.47
  data arrival time                                                 -1.06
  --------------------------------------------------------------------------
  slack (MET)                                                       98.41


  Startpoint: U0_RegFile/regArr_reg[6][4]
              (rising edge-triggered flip-flop clocked by REG_CLK)
  Endpoint: U0_RegFile/RdData_reg[4]
            (rising edge-triggered flip-flop clocked by REG_CLK)
  Path Group: REG_CLK
  Path Type: max

  Point                                                   Incr       Path
  --------------------------------------------------------------------------
  clock REG_CLK (rise edge)                               0.00       0.00
  clock network delay (ideal)                             0.00       0.00
  U0_RegFile/regArr_reg[6][4]/CK (DFFRX1M)                0.00       0.00 r
  U0_RegFile/regArr_reg[6][4]/Q (DFFRX1M)                 0.47       0.47 f
  U0_RegFile/U270/Y (AOI221XLM)                           0.40       0.87 r
  U0_RegFile/U268/Y (OAI22X1M)                            0.19       1.06 f
  U0_RegFile/RdData_reg[4]/D (EDFFHQX8M)                  0.00       1.06 f
  data arrival time                                                  1.06

  clock REG_CLK (rise edge)                             100.00     100.00
  clock network delay (ideal)                             0.00     100.00
  clock uncertainty                                      -0.20      99.80
  U0_RegFile/RdData_reg[4]/CK (EDFFHQX8M)                 0.00      99.80 r
  library setup time                                     -0.33      99.47
  data required time                                                99.47
  --------------------------------------------------------------------------
  data required time                                                99.47
  data arrival time                                                 -1.06
  --------------------------------------------------------------------------
  slack (MET)                                                       98.41


  Startpoint: U0_RegFile/regArr_reg[6][3]
              (rising edge-triggered flip-flop clocked by REG_CLK)
  Endpoint: U0_RegFile/RdData_reg[3]
            (rising edge-triggered flip-flop clocked by REG_CLK)
  Path Group: REG_CLK
  Path Type: max

  Point                                                   Incr       Path
  --------------------------------------------------------------------------
  clock REG_CLK (rise edge)                               0.00       0.00
  clock network delay (ideal)                             0.00       0.00
  U0_RegFile/regArr_reg[6][3]/CK (DFFRX1M)                0.00       0.00 r
  U0_RegFile/regArr_reg[6][3]/Q (DFFRX1M)                 0.47       0.47 f
  U0_RegFile/U267/Y (AOI221XLM)                           0.40       0.87 r
  U0_RegFile/U265/Y (OAI22X1M)                            0.19       1.06 f
  U0_RegFile/RdData_reg[3]/D (EDFFHQX8M)                  0.00       1.06 f
  data arrival time                                                  1.06

  clock REG_CLK (rise edge)                             100.00     100.00
  clock network delay (ideal)                             0.00     100.00
  clock uncertainty                                      -0.20      99.80
  U0_RegFile/RdData_reg[3]/CK (EDFFHQX8M)                 0.00      99.80 r
  library setup time                                     -0.33      99.47
  data required time                                                99.47
  --------------------------------------------------------------------------
  data required time                                                99.47
  data arrival time                                                 -1.06
  --------------------------------------------------------------------------
  slack (MET)                                                       98.41


  Startpoint: U0_RegFile/regArr_reg[6][2]
              (rising edge-triggered flip-flop clocked by REG_CLK)
  Endpoint: U0_RegFile/RdData_reg[2]
            (rising edge-triggered flip-flop clocked by REG_CLK)
  Path Group: REG_CLK
  Path Type: max

  Point                                                   Incr       Path
  --------------------------------------------------------------------------
  clock REG_CLK (rise edge)                               0.00       0.00
  clock network delay (ideal)                             0.00       0.00
  U0_RegFile/regArr_reg[6][2]/CK (DFFRX1M)                0.00       0.00 r
  U0_RegFile/regArr_reg[6][2]/Q (DFFRX1M)                 0.47       0.47 f
  U0_RegFile/U264/Y (AOI221XLM)                           0.40       0.87 r
  U0_RegFile/U262/Y (OAI22X1M)                            0.19       1.06 f
  U0_RegFile/RdData_reg[2]/D (EDFFHQX8M)                  0.00       1.06 f
  data arrival time                                                  1.06

  clock REG_CLK (rise edge)                             100.00     100.00
  clock network delay (ideal)                             0.00     100.00
  clock uncertainty                                      -0.20      99.80
  U0_RegFile/RdData_reg[2]/CK (EDFFHQX8M)                 0.00      99.80 r
  library setup time                                     -0.33      99.47
  data required time                                                99.47
  --------------------------------------------------------------------------
  data required time                                                99.47
  data arrival time                                                 -1.06
  --------------------------------------------------------------------------
  slack (MET)                                                       98.41


  Startpoint: U0_RegFile/regArr_reg[6][1]
              (rising edge-triggered flip-flop clocked by REG_CLK)
  Endpoint: U0_RegFile/RdData_reg[1]
            (rising edge-triggered flip-flop clocked by REG_CLK)
  Path Group: REG_CLK
  Path Type: max

  Point                                                   Incr       Path
  --------------------------------------------------------------------------
  clock REG_CLK (rise edge)                               0.00       0.00
  clock network delay (ideal)                             0.00       0.00
  U0_RegFile/regArr_reg[6][1]/CK (DFFRX1M)                0.00       0.00 r
  U0_RegFile/regArr_reg[6][1]/Q (DFFRX1M)                 0.47       0.47 f
  U0_RegFile/U261/Y (AOI221XLM)                           0.40       0.87 r
  U0_RegFile/U259/Y (OAI22X1M)                            0.19       1.06 f
  U0_RegFile/RdData_reg[1]/D (EDFFHQX8M)                  0.00       1.06 f
  data arrival time                                                  1.06

  clock REG_CLK (rise edge)                             100.00     100.00
  clock network delay (ideal)                             0.00     100.00
  clock uncertainty                                      -0.20      99.80
  U0_RegFile/RdData_reg[1]/CK (EDFFHQX8M)                 0.00      99.80 r
  library setup time                                     -0.33      99.47
  data required time                                                99.47
  --------------------------------------------------------------------------
  data required time                                                99.47
  data arrival time                                                 -1.06
  --------------------------------------------------------------------------
  slack (MET)                                                       98.41


  Startpoint: U0_RegFile/regArr_reg[6][0]
              (rising edge-triggered flip-flop clocked by REG_CLK)
  Endpoint: U0_RegFile/RdData_reg[0]
            (rising edge-triggered flip-flop clocked by REG_CLK)
  Path Group: REG_CLK
  Path Type: max

  Point                                                   Incr       Path
  --------------------------------------------------------------------------
  clock REG_CLK (rise edge)                               0.00       0.00
  clock network delay (ideal)                             0.00       0.00
  U0_RegFile/regArr_reg[6][0]/CK (DFFRX1M)                0.00       0.00 r
  U0_RegFile/regArr_reg[6][0]/Q (DFFRX1M)                 0.47       0.47 f
  U0_RegFile/U258/Y (AOI221XLM)                           0.40       0.87 r
  U0_RegFile/U256/Y (OAI22X1M)                            0.19       1.06 f
  U0_RegFile/RdData_reg[0]/D (EDFFHQX8M)                  0.00       1.06 f
  data arrival time                                                  1.06

  clock REG_CLK (rise edge)                             100.00     100.00
  clock network delay (ideal)                             0.00     100.00
  clock uncertainty                                      -0.20      99.80
  U0_RegFile/RdData_reg[0]/CK (EDFFHQX8M)                 0.00      99.80 r
  library setup time                                     -0.33      99.47
  data required time                                                99.47
  --------------------------------------------------------------------------
  data required time                                                99.47
  data arrival time                                                 -1.06
  --------------------------------------------------------------------------
  slack (MET)                                                       98.41


  Startpoint: U0_RegFile/regArr_reg[3][7]
              (rising edge-triggered flip-flop clocked by REG_CLK)
  Endpoint: U0_RegFile/regArr_reg[3][7]
            (rising edge-triggered flip-flop clocked by REG_CLK)
  Path Group: REG_CLK
  Path Type: max

  Point                                                   Incr       Path
  --------------------------------------------------------------------------
  clock REG_CLK (rise edge)                               0.00       0.00
  clock network delay (ideal)                             0.00       0.00
  U0_RegFile/regArr_reg[3][7]/CK (DFFRX1M)                0.00       0.00 r
  U0_RegFile/regArr_reg[3][7]/QN (DFFRX1M)                0.32       0.32 f
  U0_RegFile/U217/Y (OAI22X1M)                            0.13       0.45 r
  U0_RegFile/regArr_reg[3][7]/D (DFFRX1M)                 0.00       0.45 r
  data arrival time                                                  0.45

  clock REG_CLK (rise edge)                             100.00     100.00
  clock network delay (ideal)                             0.00     100.00
  clock uncertainty                                      -0.20      99.80
  U0_RegFile/regArr_reg[3][7]/CK (DFFRX1M)                0.00      99.80 r
  library setup time                                     -0.27      99.53
  data required time                                                99.53
  --------------------------------------------------------------------------
  data required time                                                99.53
  data arrival time                                                 -0.45
  --------------------------------------------------------------------------
  slack (MET)                                                       99.08


  Startpoint: U0_RegFile/regArr_reg[3][6]
              (rising edge-triggered flip-flop clocked by REG_CLK)
  Endpoint: U0_RegFile/regArr_reg[3][6]
            (rising edge-triggered flip-flop clocked by REG_CLK)
  Path Group: REG_CLK
  Path Type: max

  Point                                                   Incr       Path
  --------------------------------------------------------------------------
  clock REG_CLK (rise edge)                               0.00       0.00
  clock network delay (ideal)                             0.00       0.00
  U0_RegFile/regArr_reg[3][6]/CK (DFFRX1M)                0.00       0.00 r
  U0_RegFile/regArr_reg[3][6]/QN (DFFRX1M)                0.32       0.32 f
  U0_RegFile/U216/Y (OAI22X1M)                            0.13       0.45 r
  U0_RegFile/regArr_reg[3][6]/D (DFFRX1M)                 0.00       0.45 r
  data arrival time                                                  0.45

  clock REG_CLK (rise edge)                             100.00     100.00
  clock network delay (ideal)                             0.00     100.00
  clock uncertainty                                      -0.20      99.80
  U0_RegFile/regArr_reg[3][6]/CK (DFFRX1M)                0.00      99.80 r
  library setup time                                     -0.27      99.53
  data required time                                                99.53
  --------------------------------------------------------------------------
  data required time                                                99.53
  data arrival time                                                 -0.45
  --------------------------------------------------------------------------
  slack (MET)                                                       99.08


  Startpoint: U0_RegFile/regArr_reg[3][5]
              (rising edge-triggered flip-flop clocked by REG_CLK)
  Endpoint: U0_RegFile/regArr_reg[3][5]
            (rising edge-triggered flip-flop clocked by REG_CLK)
  Path Group: REG_CLK
  Path Type: max

  Point                                                   Incr       Path
  --------------------------------------------------------------------------
  clock REG_CLK (rise edge)                               0.00       0.00
  clock network delay (ideal)                             0.00       0.00
  U0_RegFile/regArr_reg[3][5]/CK (DFFRX1M)                0.00       0.00 r
  U0_RegFile/regArr_reg[3][5]/QN (DFFRX1M)                0.32       0.32 f
  U0_RegFile/U215/Y (OAI22X1M)                            0.13       0.45 r
  U0_RegFile/regArr_reg[3][5]/D (DFFRX1M)                 0.00       0.45 r
  data arrival time                                                  0.45

  clock REG_CLK (rise edge)                             100.00     100.00
  clock network delay (ideal)                             0.00     100.00
  clock uncertainty                                      -0.20      99.80
  U0_RegFile/regArr_reg[3][5]/CK (DFFRX1M)                0.00      99.80 r
  library setup time                                     -0.27      99.53
  data required time                                                99.53
  --------------------------------------------------------------------------
  data required time                                                99.53
  data arrival time                                                 -0.45
  --------------------------------------------------------------------------
  slack (MET)                                                       99.08


  Startpoint: U0_RegFile/regArr_reg[3][4]
              (rising edge-triggered flip-flop clocked by REG_CLK)
  Endpoint: U0_RegFile/regArr_reg[3][4]
            (rising edge-triggered flip-flop clocked by REG_CLK)
  Path Group: REG_CLK
  Path Type: max

  Point                                                   Incr       Path
  --------------------------------------------------------------------------
  clock REG_CLK (rise edge)                               0.00       0.00
  clock network delay (ideal)                             0.00       0.00
  U0_RegFile/regArr_reg[3][4]/CK (DFFRX1M)                0.00       0.00 r
  U0_RegFile/regArr_reg[3][4]/QN (DFFRX1M)                0.32       0.32 f
  U0_RegFile/U214/Y (OAI22X1M)                            0.13       0.45 r
  U0_RegFile/regArr_reg[3][4]/D (DFFRX1M)                 0.00       0.45 r
  data arrival time                                                  0.45

  clock REG_CLK (rise edge)                             100.00     100.00
  clock network delay (ideal)                             0.00     100.00
  clock uncertainty                                      -0.20      99.80
  U0_RegFile/regArr_reg[3][4]/CK (DFFRX1M)                0.00      99.80 r
  library setup time                                     -0.27      99.53
  data required time                                                99.53
  --------------------------------------------------------------------------
  data required time                                                99.53
  data arrival time                                                 -0.45
  --------------------------------------------------------------------------
  slack (MET)                                                       99.08


  Startpoint: U0_RegFile/regArr_reg[3][3]
              (rising edge-triggered flip-flop clocked by REG_CLK)
  Endpoint: U0_RegFile/regArr_reg[3][3]
            (rising edge-triggered flip-flop clocked by REG_CLK)
  Path Group: REG_CLK
  Path Type: max

  Point                                                   Incr       Path
  --------------------------------------------------------------------------
  clock REG_CLK (rise edge)                               0.00       0.00
  clock network delay (ideal)                             0.00       0.00
  U0_RegFile/regArr_reg[3][3]/CK (DFFRX1M)                0.00       0.00 r
  U0_RegFile/regArr_reg[3][3]/QN (DFFRX1M)                0.32       0.32 f
  U0_RegFile/U213/Y (OAI22X1M)                            0.13       0.45 r
  U0_RegFile/regArr_reg[3][3]/D (DFFRX1M)                 0.00       0.45 r
  data arrival time                                                  0.45

  clock REG_CLK (rise edge)                             100.00     100.00
  clock network delay (ideal)                             0.00     100.00
  clock uncertainty                                      -0.20      99.80
  U0_RegFile/regArr_reg[3][3]/CK (DFFRX1M)                0.00      99.80 r
  library setup time                                     -0.27      99.53
  data required time                                                99.53
  --------------------------------------------------------------------------
  data required time                                                99.53
  data arrival time                                                 -0.45
  --------------------------------------------------------------------------
  slack (MET)                                                       99.08


  Startpoint: U0_RegFile/regArr_reg[3][2]
              (rising edge-triggered flip-flop clocked by REG_CLK)
  Endpoint: U0_RegFile/regArr_reg[3][2]
            (rising edge-triggered flip-flop clocked by REG_CLK)
  Path Group: REG_CLK
  Path Type: max

  Point                                                   Incr       Path
  --------------------------------------------------------------------------
  clock REG_CLK (rise edge)                               0.00       0.00
  clock network delay (ideal)                             0.00       0.00
  U0_RegFile/regArr_reg[3][2]/CK (DFFRX1M)                0.00       0.00 r
  U0_RegFile/regArr_reg[3][2]/QN (DFFRX1M)                0.32       0.32 f
  U0_RegFile/U212/Y (OAI22X1M)                            0.13       0.45 r
  U0_RegFile/regArr_reg[3][2]/D (DFFRX1M)                 0.00       0.45 r
  data arrival time                                                  0.45

  clock REG_CLK (rise edge)                             100.00     100.00
  clock network delay (ideal)                             0.00     100.00
  clock uncertainty                                      -0.20      99.80
  U0_RegFile/regArr_reg[3][2]/CK (DFFRX1M)                0.00      99.80 r
  library setup time                                     -0.27      99.53
  data required time                                                99.53
  --------------------------------------------------------------------------
  data required time                                                99.53
  data arrival time                                                 -0.45
  --------------------------------------------------------------------------
  slack (MET)                                                       99.08


  Startpoint: U0_RegFile/regArr_reg[3][1]
              (rising edge-triggered flip-flop clocked by REG_CLK)
  Endpoint: U0_RegFile/regArr_reg[3][1]
            (rising edge-triggered flip-flop clocked by REG_CLK)
  Path Group: REG_CLK
  Path Type: max

  Point                                                   Incr       Path
  --------------------------------------------------------------------------
  clock REG_CLK (rise edge)                               0.00       0.00
  clock network delay (ideal)                             0.00       0.00
  U0_RegFile/regArr_reg[3][1]/CK (DFFRX1M)                0.00       0.00 r
  U0_RegFile/regArr_reg[3][1]/QN (DFFRX1M)                0.32       0.32 f
  U0_RegFile/U211/Y (OAI22X1M)                            0.13       0.45 r
  U0_RegFile/regArr_reg[3][1]/D (DFFRX1M)                 0.00       0.45 r
  data arrival time                                                  0.45

  clock REG_CLK (rise edge)                             100.00     100.00
  clock network delay (ideal)                             0.00     100.00
  clock uncertainty                                      -0.20      99.80
  U0_RegFile/regArr_reg[3][1]/CK (DFFRX1M)                0.00      99.80 r
  library setup time                                     -0.27      99.53
  data required time                                                99.53
  --------------------------------------------------------------------------
  data required time                                                99.53
  data arrival time                                                 -0.45
  --------------------------------------------------------------------------
  slack (MET)                                                       99.08


  Startpoint: U0_RegFile/regArr_reg[3][0]
              (rising edge-triggered flip-flop clocked by REG_CLK)
  Endpoint: U0_RegFile/regArr_reg[3][0]
            (rising edge-triggered flip-flop clocked by REG_CLK)
  Path Group: REG_CLK
  Path Type: max

  Point                                                   Incr       Path
  --------------------------------------------------------------------------
  clock REG_CLK (rise edge)                               0.00       0.00
  clock network delay (ideal)                             0.00       0.00
  U0_RegFile/regArr_reg[3][0]/CK (DFFRX1M)                0.00       0.00 r
  U0_RegFile/regArr_reg[3][0]/QN (DFFRX1M)                0.32       0.32 f
  U0_RegFile/U210/Y (OAI22X1M)                            0.13       0.45 r
  U0_RegFile/regArr_reg[3][0]/D (DFFRX1M)                 0.00       0.45 r
  data arrival time                                                  0.45

  clock REG_CLK (rise edge)                             100.00     100.00
  clock network delay (ideal)                             0.00     100.00
  clock uncertainty                                      -0.20      99.80
  U0_RegFile/regArr_reg[3][0]/CK (DFFRX1M)                0.00      99.80 r
  library setup time                                     -0.27      99.53
  data required time                                                99.53
  --------------------------------------------------------------------------
  data required time                                                99.53
  data arrival time                                                 -0.45
  --------------------------------------------------------------------------
  slack (MET)                                                       99.08


  Startpoint: U0_RegFile/regArr_reg[2][7]
              (rising edge-triggered flip-flop clocked by REG_CLK)
  Endpoint: U0_RegFile/regArr_reg[2][7]
            (rising edge-triggered flip-flop clocked by REG_CLK)
  Path Group: REG_CLK
  Path Type: max

  Point                                                   Incr       Path
  --------------------------------------------------------------------------
  clock REG_CLK (rise edge)                               0.00       0.00
  clock network delay (ideal)                             0.00       0.00
  U0_RegFile/regArr_reg[2][7]/CK (DFFRX1M)                0.00       0.00 r
  U0_RegFile/regArr_reg[2][7]/QN (DFFRX1M)                0.32       0.32 f
  U0_RegFile/U209/Y (OAI22X1M)                            0.13       0.45 r
  U0_RegFile/regArr_reg[2][7]/D (DFFRX1M)                 0.00       0.45 r
  data arrival time                                                  0.45

  clock REG_CLK (rise edge)                             100.00     100.00
  clock network delay (ideal)                             0.00     100.00
  clock uncertainty                                      -0.20      99.80
  U0_RegFile/regArr_reg[2][7]/CK (DFFRX1M)                0.00      99.80 r
  library setup time                                     -0.27      99.53
  data required time                                                99.53
  --------------------------------------------------------------------------
  data required time                                                99.53
  data arrival time                                                 -0.45
  --------------------------------------------------------------------------
  slack (MET)                                                       99.08


  Startpoint: U0_RegFile/regArr_reg[2][6]
              (rising edge-triggered flip-flop clocked by REG_CLK)
  Endpoint: U0_RegFile/regArr_reg[2][6]
            (rising edge-triggered flip-flop clocked by REG_CLK)
  Path Group: REG_CLK
  Path Type: max

  Point                                                   Incr       Path
  --------------------------------------------------------------------------
  clock REG_CLK (rise edge)                               0.00       0.00
  clock network delay (ideal)                             0.00       0.00
  U0_RegFile/regArr_reg[2][6]/CK (DFFRX1M)                0.00       0.00 r
  U0_RegFile/regArr_reg[2][6]/QN (DFFRX1M)                0.32       0.32 f
  U0_RegFile/U208/Y (OAI22X1M)                            0.13       0.45 r
  U0_RegFile/regArr_reg[2][6]/D (DFFRX1M)                 0.00       0.45 r
  data arrival time                                                  0.45

  clock REG_CLK (rise edge)                             100.00     100.00
  clock network delay (ideal)                             0.00     100.00
  clock uncertainty                                      -0.20      99.80
  U0_RegFile/regArr_reg[2][6]/CK (DFFRX1M)                0.00      99.80 r
  library setup time                                     -0.27      99.53
  data required time                                                99.53
  --------------------------------------------------------------------------
  data required time                                                99.53
  data arrival time                                                 -0.45
  --------------------------------------------------------------------------
  slack (MET)                                                       99.08


  Startpoint: U0_RegFile/regArr_reg[2][5]
              (rising edge-triggered flip-flop clocked by REG_CLK)
  Endpoint: U0_RegFile/regArr_reg[2][5]
            (rising edge-triggered flip-flop clocked by REG_CLK)
  Path Group: REG_CLK
  Path Type: max

  Point                                                   Incr       Path
  --------------------------------------------------------------------------
  clock REG_CLK (rise edge)                               0.00       0.00
  clock network delay (ideal)                             0.00       0.00
  U0_RegFile/regArr_reg[2][5]/CK (DFFRX1M)                0.00       0.00 r
  U0_RegFile/regArr_reg[2][5]/QN (DFFRX1M)                0.32       0.32 f
  U0_RegFile/U207/Y (OAI22X1M)                            0.13       0.45 r
  U0_RegFile/regArr_reg[2][5]/D (DFFRX1M)                 0.00       0.45 r
  data arrival time                                                  0.45

  clock REG_CLK (rise edge)                             100.00     100.00
  clock network delay (ideal)                             0.00     100.00
  clock uncertainty                                      -0.20      99.80
  U0_RegFile/regArr_reg[2][5]/CK (DFFRX1M)                0.00      99.80 r
  library setup time                                     -0.27      99.53
  data required time                                                99.53
  --------------------------------------------------------------------------
  data required time                                                99.53
  data arrival time                                                 -0.45
  --------------------------------------------------------------------------
  slack (MET)                                                       99.08


  Startpoint: U0_RegFile/regArr_reg[2][4]
              (rising edge-triggered flip-flop clocked by REG_CLK)
  Endpoint: U0_RegFile/regArr_reg[2][4]
            (rising edge-triggered flip-flop clocked by REG_CLK)
  Path Group: REG_CLK
  Path Type: max

  Point                                                   Incr       Path
  --------------------------------------------------------------------------
  clock REG_CLK (rise edge)                               0.00       0.00
  clock network delay (ideal)                             0.00       0.00
  U0_RegFile/regArr_reg[2][4]/CK (DFFRX1M)                0.00       0.00 r
  U0_RegFile/regArr_reg[2][4]/QN (DFFRX1M)                0.32       0.32 f
  U0_RegFile/U206/Y (OAI22X1M)                            0.13       0.45 r
  U0_RegFile/regArr_reg[2][4]/D (DFFRX1M)                 0.00       0.45 r
  data arrival time                                                  0.45

  clock REG_CLK (rise edge)                             100.00     100.00
  clock network delay (ideal)                             0.00     100.00
  clock uncertainty                                      -0.20      99.80
  U0_RegFile/regArr_reg[2][4]/CK (DFFRX1M)                0.00      99.80 r
  library setup time                                     -0.27      99.53
  data required time                                                99.53
  --------------------------------------------------------------------------
  data required time                                                99.53
  data arrival time                                                 -0.45
  --------------------------------------------------------------------------
  slack (MET)                                                       99.08


  Startpoint: U0_RegFile/regArr_reg[2][3]
              (rising edge-triggered flip-flop clocked by REG_CLK)
  Endpoint: U0_RegFile/regArr_reg[2][3]
            (rising edge-triggered flip-flop clocked by REG_CLK)
  Path Group: REG_CLK
  Path Type: max

  Point                                                   Incr       Path
  --------------------------------------------------------------------------
  clock REG_CLK (rise edge)                               0.00       0.00
  clock network delay (ideal)                             0.00       0.00
  U0_RegFile/regArr_reg[2][3]/CK (DFFRX1M)                0.00       0.00 r
  U0_RegFile/regArr_reg[2][3]/QN (DFFRX1M)                0.32       0.32 f
  U0_RegFile/U205/Y (OAI22X1M)                            0.13       0.45 r
  U0_RegFile/regArr_reg[2][3]/D (DFFRX1M)                 0.00       0.45 r
  data arrival time                                                  0.45

  clock REG_CLK (rise edge)                             100.00     100.00
  clock network delay (ideal)                             0.00     100.00
  clock uncertainty                                      -0.20      99.80
  U0_RegFile/regArr_reg[2][3]/CK (DFFRX1M)                0.00      99.80 r
  library setup time                                     -0.27      99.53
  data required time                                                99.53
  --------------------------------------------------------------------------
  data required time                                                99.53
  data arrival time                                                 -0.45
  --------------------------------------------------------------------------
  slack (MET)                                                       99.08


  Startpoint: U0_RegFile/regArr_reg[2][1]
              (rising edge-triggered flip-flop clocked by REG_CLK)
  Endpoint: U0_RegFile/regArr_reg[2][1]
            (rising edge-triggered flip-flop clocked by REG_CLK)
  Path Group: REG_CLK
  Path Type: max

  Point                                                   Incr       Path
  --------------------------------------------------------------------------
  clock REG_CLK (rise edge)                               0.00       0.00
  clock network delay (ideal)                             0.00       0.00
  U0_RegFile/regArr_reg[2][1]/CK (DFFRX1M)                0.00       0.00 r
  U0_RegFile/regArr_reg[2][1]/QN (DFFRX1M)                0.32       0.32 f
  U0_RegFile/U204/Y (OAI22X1M)                            0.13       0.45 r
  U0_RegFile/regArr_reg[2][1]/D (DFFRX1M)                 0.00       0.45 r
  data arrival time                                                  0.45

  clock REG_CLK (rise edge)                             100.00     100.00
  clock network delay (ideal)                             0.00     100.00
  clock uncertainty                                      -0.20      99.80
  U0_RegFile/regArr_reg[2][1]/CK (DFFRX1M)                0.00      99.80 r
  library setup time                                     -0.27      99.53
  data required time                                                99.53
  --------------------------------------------------------------------------
  data required time                                                99.53
  data arrival time                                                 -0.45
  --------------------------------------------------------------------------
  slack (MET)                                                       99.08


  Startpoint: U0_RegFile/regArr_reg[2][2]
              (rising edge-triggered flip-flop clocked by REG_CLK)
  Endpoint: U0_RegFile/regArr_reg[2][2]
            (rising edge-triggered flip-flop clocked by REG_CLK)
  Path Group: REG_CLK
  Path Type: max

  Point                                                   Incr       Path
  --------------------------------------------------------------------------
  clock REG_CLK (rise edge)                               0.00       0.00
  clock network delay (ideal)                             0.00       0.00
  U0_RegFile/regArr_reg[2][2]/CK (DFFSX1M)                0.00       0.00 r
  U0_RegFile/regArr_reg[2][2]/QN (DFFSX1M)                0.38       0.38 f
  U0_RegFile/U203/Y (OAI22X1M)                            0.14       0.52 r
  U0_RegFile/regArr_reg[2][2]/D (DFFSX1M)                 0.00       0.52 r
  data arrival time                                                  0.52

  clock REG_CLK (rise edge)                             100.00     100.00
  clock network delay (ideal)                             0.00     100.00
  clock uncertainty                                      -0.20      99.80
  U0_RegFile/regArr_reg[2][2]/CK (DFFSX1M)                0.00      99.80 r
  library setup time                                     -0.19      99.61
  data required time                                                99.61
  --------------------------------------------------------------------------
  data required time                                                99.61
  data arrival time                                                 -0.52
  --------------------------------------------------------------------------
  slack (MET)                                                       99.09


  Startpoint: U0_RegFile/regArr_reg[0][7]
              (rising edge-triggered flip-flop clocked by REG_CLK)
  Endpoint: U0_RegFile/regArr_reg[0][7]
            (rising edge-triggered flip-flop clocked by REG_CLK)
  Path Group: REG_CLK
  Path Type: max

  Point                                                   Incr       Path
  --------------------------------------------------------------------------
  clock REG_CLK (rise edge)                               0.00       0.00
  clock network delay (ideal)                             0.00       0.00
  U0_RegFile/regArr_reg[0][7]/CK (DFFRX1M)                0.00       0.00 r
  U0_RegFile/regArr_reg[0][7]/QN (DFFRX1M)                0.32       0.32 f
  U0_RegFile/U286/Y (OAI22X1M)                            0.11       0.44 r
  U0_RegFile/regArr_reg[0][7]/D (DFFRX1M)                 0.00       0.44 r
  data arrival time                                                  0.44

  clock REG_CLK (rise edge)                             100.00     100.00
  clock network delay (ideal)                             0.00     100.00
  clock uncertainty                                      -0.20      99.80
  U0_RegFile/regArr_reg[0][7]/CK (DFFRX1M)                0.00      99.80 r
  library setup time                                     -0.27      99.53
  data required time                                                99.53
  --------------------------------------------------------------------------
  data required time                                                99.53
  data arrival time                                                 -0.44
  --------------------------------------------------------------------------
  slack (MET)                                                       99.09


  Startpoint: U0_RegFile/regArr_reg[0][6]
              (rising edge-triggered flip-flop clocked by REG_CLK)
  Endpoint: U0_RegFile/regArr_reg[0][6]
            (rising edge-triggered flip-flop clocked by REG_CLK)
  Path Group: REG_CLK
  Path Type: max

  Point                                                   Incr       Path
  --------------------------------------------------------------------------
  clock REG_CLK (rise edge)                               0.00       0.00
  clock network delay (ideal)                             0.00       0.00
  U0_RegFile/regArr_reg[0][6]/CK (DFFRX1M)                0.00       0.00 r
  U0_RegFile/regArr_reg[0][6]/QN (DFFRX1M)                0.32       0.32 f
  U0_RegFile/U285/Y (OAI22X1M)                            0.11       0.44 r
  U0_RegFile/regArr_reg[0][6]/D (DFFRX1M)                 0.00       0.44 r
  data arrival time                                                  0.44

  clock REG_CLK (rise edge)                             100.00     100.00
  clock network delay (ideal)                             0.00     100.00
  clock uncertainty                                      -0.20      99.80
  U0_RegFile/regArr_reg[0][6]/CK (DFFRX1M)                0.00      99.80 r
  library setup time                                     -0.27      99.53
  data required time                                                99.53
  --------------------------------------------------------------------------
  data required time                                                99.53
  data arrival time                                                 -0.44
  --------------------------------------------------------------------------
  slack (MET)                                                       99.09


  Startpoint: U0_RegFile/regArr_reg[0][5]
              (rising edge-triggered flip-flop clocked by REG_CLK)
  Endpoint: U0_RegFile/regArr_reg[0][5]
            (rising edge-triggered flip-flop clocked by REG_CLK)
  Path Group: REG_CLK
  Path Type: max

  Point                                                   Incr       Path
  --------------------------------------------------------------------------
  clock REG_CLK (rise edge)                               0.00       0.00
  clock network delay (ideal)                             0.00       0.00
  U0_RegFile/regArr_reg[0][5]/CK (DFFRX1M)                0.00       0.00 r
  U0_RegFile/regArr_reg[0][5]/QN (DFFRX1M)                0.32       0.32 f
  U0_RegFile/U284/Y (OAI22X1M)                            0.11       0.44 r
  U0_RegFile/regArr_reg[0][5]/D (DFFRX1M)                 0.00       0.44 r
  data arrival time                                                  0.44

  clock REG_CLK (rise edge)                             100.00     100.00
  clock network delay (ideal)                             0.00     100.00
  clock uncertainty                                      -0.20      99.80
  U0_RegFile/regArr_reg[0][5]/CK (DFFRX1M)                0.00      99.80 r
  library setup time                                     -0.27      99.53
  data required time                                                99.53
  --------------------------------------------------------------------------
  data required time                                                99.53
  data arrival time                                                 -0.44
  --------------------------------------------------------------------------
  slack (MET)                                                       99.09


  Startpoint: U0_RegFile/regArr_reg[0][4]
              (rising edge-triggered flip-flop clocked by REG_CLK)
  Endpoint: U0_RegFile/regArr_reg[0][4]
            (rising edge-triggered flip-flop clocked by REG_CLK)
  Path Group: REG_CLK
  Path Type: max

  Point                                                   Incr       Path
  --------------------------------------------------------------------------
  clock REG_CLK (rise edge)                               0.00       0.00
  clock network delay (ideal)                             0.00       0.00
  U0_RegFile/regArr_reg[0][4]/CK (DFFRX1M)                0.00       0.00 r
  U0_RegFile/regArr_reg[0][4]/QN (DFFRX1M)                0.32       0.32 f
  U0_RegFile/U283/Y (OAI22X1M)                            0.11       0.44 r
  U0_RegFile/regArr_reg[0][4]/D (DFFRX1M)                 0.00       0.44 r
  data arrival time                                                  0.44

  clock REG_CLK (rise edge)                             100.00     100.00
  clock network delay (ideal)                             0.00     100.00
  clock uncertainty                                      -0.20      99.80
  U0_RegFile/regArr_reg[0][4]/CK (DFFRX1M)                0.00      99.80 r
  library setup time                                     -0.27      99.53
  data required time                                                99.53
  --------------------------------------------------------------------------
  data required time                                                99.53
  data arrival time                                                 -0.44
  --------------------------------------------------------------------------
  slack (MET)                                                       99.09


  Startpoint: U0_RegFile/regArr_reg[0][3]
              (rising edge-triggered flip-flop clocked by REG_CLK)
  Endpoint: U0_RegFile/regArr_reg[0][3]
            (rising edge-triggered flip-flop clocked by REG_CLK)
  Path Group: REG_CLK
  Path Type: max

  Point                                                   Incr       Path
  --------------------------------------------------------------------------
  clock REG_CLK (rise edge)                               0.00       0.00
  clock network delay (ideal)                             0.00       0.00
  U0_RegFile/regArr_reg[0][3]/CK (DFFRX1M)                0.00       0.00 r
  U0_RegFile/regArr_reg[0][3]/QN (DFFRX1M)                0.32       0.32 f
  U0_RegFile/U282/Y (OAI22X1M)                            0.11       0.44 r
  U0_RegFile/regArr_reg[0][3]/D (DFFRX1M)                 0.00       0.44 r
  data arrival time                                                  0.44

  clock REG_CLK (rise edge)                             100.00     100.00
  clock network delay (ideal)                             0.00     100.00
  clock uncertainty                                      -0.20      99.80
  U0_RegFile/regArr_reg[0][3]/CK (DFFRX1M)                0.00      99.80 r
  library setup time                                     -0.27      99.53
  data required time                                                99.53
  --------------------------------------------------------------------------
  data required time                                                99.53
  data arrival time                                                 -0.44
  --------------------------------------------------------------------------
  slack (MET)                                                       99.09


  Startpoint: U0_RegFile/regArr_reg[0][2]
              (rising edge-triggered flip-flop clocked by REG_CLK)
  Endpoint: U0_RegFile/regArr_reg[0][2]
            (rising edge-triggered flip-flop clocked by REG_CLK)
  Path Group: REG_CLK
  Path Type: max

  Point                                                   Incr       Path
  --------------------------------------------------------------------------
  clock REG_CLK (rise edge)                               0.00       0.00
  clock network delay (ideal)                             0.00       0.00
  U0_RegFile/regArr_reg[0][2]/CK (DFFRX1M)                0.00       0.00 r
  U0_RegFile/regArr_reg[0][2]/QN (DFFRX1M)                0.32       0.32 f
  U0_RegFile/U281/Y (OAI22X1M)                            0.11       0.44 r
  U0_RegFile/regArr_reg[0][2]/D (DFFRX1M)                 0.00       0.44 r
  data arrival time                                                  0.44

  clock REG_CLK (rise edge)                             100.00     100.00
  clock network delay (ideal)                             0.00     100.00
  clock uncertainty                                      -0.20      99.80
  U0_RegFile/regArr_reg[0][2]/CK (DFFRX1M)                0.00      99.80 r
  library setup time                                     -0.27      99.53
  data required time                                                99.53
  --------------------------------------------------------------------------
  data required time                                                99.53
  data arrival time                                                 -0.44
  --------------------------------------------------------------------------
  slack (MET)                                                       99.09


  Startpoint: U0_RegFile/regArr_reg[0][0]
              (rising edge-triggered flip-flop clocked by REG_CLK)
  Endpoint: U0_RegFile/regArr_reg[0][0]
            (rising edge-triggered flip-flop clocked by REG_CLK)
  Path Group: REG_CLK
  Path Type: max

  Point                                                   Incr       Path
  --------------------------------------------------------------------------
  clock REG_CLK (rise edge)                               0.00       0.00
  clock network delay (ideal)                             0.00       0.00
  U0_RegFile/regArr_reg[0][0]/CK (DFFRX1M)                0.00       0.00 r
  U0_RegFile/regArr_reg[0][0]/QN (DFFRX1M)                0.32       0.32 f
  U0_RegFile/U280/Y (OAI22X1M)                            0.11       0.44 r
  U0_RegFile/regArr_reg[0][0]/D (DFFRX1M)                 0.00       0.44 r
  data arrival time                                                  0.44

  clock REG_CLK (rise edge)                             100.00     100.00
  clock network delay (ideal)                             0.00     100.00
  clock uncertainty                                      -0.20      99.80
  U0_RegFile/regArr_reg[0][0]/CK (DFFRX1M)                0.00      99.80 r
  library setup time                                     -0.27      99.53
  data required time                                                99.53
  --------------------------------------------------------------------------
  data required time                                                99.53
  data arrival time                                                 -0.44
  --------------------------------------------------------------------------
  slack (MET)                                                       99.09


  Startpoint: U0_RegFile/regArr_reg[1][4]
              (rising edge-triggered flip-flop clocked by REG_CLK)
  Endpoint: U0_RegFile/regArr_reg[1][4]
            (rising edge-triggered flip-flop clocked by REG_CLK)
  Path Group: REG_CLK
  Path Type: max

  Point                                                   Incr       Path
  --------------------------------------------------------------------------
  clock REG_CLK (rise edge)                               0.00       0.00
  clock network delay (ideal)                             0.00       0.00
  U0_RegFile/regArr_reg[1][4]/CK (DFFRX1M)                0.00       0.00 r
  U0_RegFile/regArr_reg[1][4]/QN (DFFRX1M)                0.32       0.32 f
  U0_RegFile/U303/Y (OAI22X1M)                            0.11       0.44 r
  U0_RegFile/regArr_reg[1][4]/D (DFFRX1M)                 0.00       0.44 r
  data arrival time                                                  0.44

  clock REG_CLK (rise edge)                             100.00     100.00
  clock network delay (ideal)                             0.00     100.00
  clock uncertainty                                      -0.20      99.80
  U0_RegFile/regArr_reg[1][4]/CK (DFFRX1M)                0.00      99.80 r
  library setup time                                     -0.27      99.53
  data required time                                                99.53
  --------------------------------------------------------------------------
  data required time                                                99.53
  data arrival time                                                 -0.44
  --------------------------------------------------------------------------
  slack (MET)                                                       99.09


  Startpoint: U0_RegFile/regArr_reg[1][2]
              (rising edge-triggered flip-flop clocked by REG_CLK)
  Endpoint: U0_RegFile/regArr_reg[1][2]
            (rising edge-triggered flip-flop clocked by REG_CLK)
  Path Group: REG_CLK
  Path Type: max

  Point                                                   Incr       Path
  --------------------------------------------------------------------------
  clock REG_CLK (rise edge)                               0.00       0.00
  clock network delay (ideal)                             0.00       0.00
  U0_RegFile/regArr_reg[1][2]/CK (DFFRX1M)                0.00       0.00 r
  U0_RegFile/regArr_reg[1][2]/QN (DFFRX1M)                0.32       0.32 f
  U0_RegFile/U302/Y (OAI22X1M)                            0.11       0.44 r
  U0_RegFile/regArr_reg[1][2]/D (DFFRX1M)                 0.00       0.44 r
  data arrival time                                                  0.44

  clock REG_CLK (rise edge)                             100.00     100.00
  clock network delay (ideal)                             0.00     100.00
  clock uncertainty                                      -0.20      99.80
  U0_RegFile/regArr_reg[1][2]/CK (DFFRX1M)                0.00      99.80 r
  library setup time                                     -0.27      99.53
  data required time                                                99.53
  --------------------------------------------------------------------------
  data required time                                                99.53
  data arrival time                                                 -0.44
  --------------------------------------------------------------------------
  slack (MET)                                                       99.09


  Startpoint: U0_RegFile/regArr_reg[1][1]
              (rising edge-triggered flip-flop clocked by REG_CLK)
  Endpoint: U0_RegFile/regArr_reg[1][1]
            (rising edge-triggered flip-flop clocked by REG_CLK)
  Path Group: REG_CLK
  Path Type: max

  Point                                                   Incr       Path
  --------------------------------------------------------------------------
  clock REG_CLK (rise edge)                               0.00       0.00
  clock network delay (ideal)                             0.00       0.00
  U0_RegFile/regArr_reg[1][1]/CK (DFFRX1M)                0.00       0.00 r
  U0_RegFile/regArr_reg[1][1]/QN (DFFRX1M)                0.32       0.32 f
  U0_RegFile/U301/Y (OAI22X1M)                            0.11       0.44 r
  U0_RegFile/regArr_reg[1][1]/D (DFFRX1M)                 0.00       0.44 r
  data arrival time                                                  0.44

  clock REG_CLK (rise edge)                             100.00     100.00
  clock network delay (ideal)                             0.00     100.00
  clock uncertainty                                      -0.20      99.80
  U0_RegFile/regArr_reg[1][1]/CK (DFFRX1M)                0.00      99.80 r
  library setup time                                     -0.27      99.53
  data required time                                                99.53
  --------------------------------------------------------------------------
  data required time                                                99.53
  data arrival time                                                 -0.44
  --------------------------------------------------------------------------
  slack (MET)                                                       99.09


  Startpoint: U0_RegFile/regArr_reg[1][0]
              (rising edge-triggered flip-flop clocked by REG_CLK)
  Endpoint: U0_RegFile/regArr_reg[1][0]
            (rising edge-triggered flip-flop clocked by REG_CLK)
  Path Group: REG_CLK
  Path Type: max

  Point                                                   Incr       Path
  --------------------------------------------------------------------------
  clock REG_CLK (rise edge)                               0.00       0.00
  clock network delay (ideal)                             0.00       0.00
  U0_RegFile/regArr_reg[1][0]/CK (DFFRX1M)                0.00       0.00 r
  U0_RegFile/regArr_reg[1][0]/QN (DFFRX1M)                0.32       0.32 f
  U0_RegFile/U300/Y (OAI22X1M)                            0.11       0.44 r
  U0_RegFile/regArr_reg[1][0]/D (DFFRX1M)                 0.00       0.44 r
  data arrival time                                                  0.44

  clock REG_CLK (rise edge)                             100.00     100.00
  clock network delay (ideal)                             0.00     100.00
  clock uncertainty                                      -0.20      99.80
  U0_RegFile/regArr_reg[1][0]/CK (DFFRX1M)                0.00      99.80 r
  library setup time                                     -0.27      99.53
  data required time                                                99.53
  --------------------------------------------------------------------------
  data required time                                                99.53
  data arrival time                                                 -0.44
  --------------------------------------------------------------------------
  slack (MET)                                                       99.09


  Startpoint: U0_RegFile/regArr_reg[1][7]
              (rising edge-triggered flip-flop clocked by REG_CLK)
  Endpoint: U0_RegFile/regArr_reg[1][7]
            (rising edge-triggered flip-flop clocked by REG_CLK)
  Path Group: REG_CLK
  Path Type: max

  Point                                                   Incr       Path
  --------------------------------------------------------------------------
  clock REG_CLK (rise edge)                               0.00       0.00
  clock network delay (ideal)                             0.00       0.00
  U0_RegFile/regArr_reg[1][7]/CK (DFFRX1M)                0.00       0.00 r
  U0_RegFile/regArr_reg[1][7]/QN (DFFRX1M)                0.32       0.32 f
  U0_RegFile/U299/Y (OAI22X1M)                            0.11       0.44 r
  U0_RegFile/regArr_reg[1][7]/D (DFFRX1M)                 0.00       0.44 r
  data arrival time                                                  0.44

  clock REG_CLK (rise edge)                             100.00     100.00
  clock network delay (ideal)                             0.00     100.00
  clock uncertainty                                      -0.20      99.80
  U0_RegFile/regArr_reg[1][7]/CK (DFFRX1M)                0.00      99.80 r
  library setup time                                     -0.27      99.53
  data required time                                                99.53
  --------------------------------------------------------------------------
  data required time                                                99.53
  data arrival time                                                 -0.44
  --------------------------------------------------------------------------
  slack (MET)                                                       99.09


  Startpoint: U0_RegFile/regArr_reg[1][6]
              (rising edge-triggered flip-flop clocked by REG_CLK)
  Endpoint: U0_RegFile/regArr_reg[1][6]
            (rising edge-triggered flip-flop clocked by REG_CLK)
  Path Group: REG_CLK
  Path Type: max

  Point                                                   Incr       Path
  --------------------------------------------------------------------------
  clock REG_CLK (rise edge)                               0.00       0.00
  clock network delay (ideal)                             0.00       0.00
  U0_RegFile/regArr_reg[1][6]/CK (DFFRX1M)                0.00       0.00 r
  U0_RegFile/regArr_reg[1][6]/QN (DFFRX1M)                0.32       0.32 f
  U0_RegFile/U298/Y (OAI22X1M)                            0.11       0.44 r
  U0_RegFile/regArr_reg[1][6]/D (DFFRX1M)                 0.00       0.44 r
  data arrival time                                                  0.44

  clock REG_CLK (rise edge)                             100.00     100.00
  clock network delay (ideal)                             0.00     100.00
  clock uncertainty                                      -0.20      99.80
  U0_RegFile/regArr_reg[1][6]/CK (DFFRX1M)                0.00      99.80 r
  library setup time                                     -0.27      99.53
  data required time                                                99.53
  --------------------------------------------------------------------------
  data required time                                                99.53
  data arrival time                                                 -0.44
  --------------------------------------------------------------------------
  slack (MET)                                                       99.09


  Startpoint: U0_RegFile/regArr_reg[1][5]
              (rising edge-triggered flip-flop clocked by REG_CLK)
  Endpoint: U0_RegFile/regArr_reg[1][5]
            (rising edge-triggered flip-flop clocked by REG_CLK)
  Path Group: REG_CLK
  Path Type: max

  Point                                                   Incr       Path
  --------------------------------------------------------------------------
  clock REG_CLK (rise edge)                               0.00       0.00
  clock network delay (ideal)                             0.00       0.00
  U0_RegFile/regArr_reg[1][5]/CK (DFFRX1M)                0.00       0.00 r
  U0_RegFile/regArr_reg[1][5]/QN (DFFRX1M)                0.32       0.32 f
  U0_RegFile/U297/Y (OAI22X1M)                            0.11       0.44 r
  U0_RegFile/regArr_reg[1][5]/D (DFFRX1M)                 0.00       0.44 r
  data arrival time                                                  0.44

  clock REG_CLK (rise edge)                             100.00     100.00
  clock network delay (ideal)                             0.00     100.00
  clock uncertainty                                      -0.20      99.80
  U0_RegFile/regArr_reg[1][5]/CK (DFFRX1M)                0.00      99.80 r
  library setup time                                     -0.27      99.53
  data required time                                                99.53
  --------------------------------------------------------------------------
  data required time                                                99.53
  data arrival time                                                 -0.44
  --------------------------------------------------------------------------
  slack (MET)                                                       99.09


  Startpoint: U0_RegFile/regArr_reg[2][0]
              (rising edge-triggered flip-flop clocked by REG_CLK)
  Endpoint: U0_RegFile/regArr_reg[2][0]
            (rising edge-triggered flip-flop clocked by REG_CLK)
  Path Group: REG_CLK
  Path Type: max

  Point                                                   Incr       Path
  --------------------------------------------------------------------------
  clock REG_CLK (rise edge)                               0.00       0.00
  clock network delay (ideal)                             0.00       0.00
  U0_RegFile/regArr_reg[2][0]/CK (DFFRX1M)                0.00       0.00 r
  U0_RegFile/regArr_reg[2][0]/QN (DFFRX1M)                0.32       0.32 f
  U0_RegFile/U296/Y (OAI22X1M)                            0.11       0.44 r
  U0_RegFile/regArr_reg[2][0]/D (DFFRX1M)                 0.00       0.44 r
  data arrival time                                                  0.44

  clock REG_CLK (rise edge)                             100.00     100.00
  clock network delay (ideal)                             0.00     100.00
  clock uncertainty                                      -0.20      99.80
  U0_RegFile/regArr_reg[2][0]/CK (DFFRX1M)                0.00      99.80 r
  library setup time                                     -0.27      99.53
  data required time                                                99.53
  --------------------------------------------------------------------------
  data required time                                                99.53
  data arrival time                                                 -0.44
  --------------------------------------------------------------------------
  slack (MET)                                                       99.09


  Startpoint: U0_RegFile/regArr_reg[0][1]
              (rising edge-triggered flip-flop clocked by REG_CLK)
  Endpoint: U0_RegFile/regArr_reg[0][1]
            (rising edge-triggered flip-flop clocked by REG_CLK)
  Path Group: REG_CLK
  Path Type: max

  Point                                                   Incr       Path
  --------------------------------------------------------------------------
  clock REG_CLK (rise edge)                               0.00       0.00
  clock network delay (ideal)                             0.00       0.00
  U0_RegFile/regArr_reg[0][1]/CK (DFFSX1M)                0.00       0.00 r
  U0_RegFile/regArr_reg[0][1]/QN (DFFSX1M)                0.38       0.38 f
  U0_RegFile/U255/Y (OAI22X1M)                            0.13       0.51 r
  U0_RegFile/regArr_reg[0][1]/D (DFFSX1M)                 0.00       0.51 r
  data arrival time                                                  0.51

  clock REG_CLK (rise edge)                             100.00     100.00
  clock network delay (ideal)                             0.00     100.00
  clock uncertainty                                      -0.20      99.80
  U0_RegFile/regArr_reg[0][1]/CK (DFFSX1M)                0.00      99.80 r
  library setup time                                     -0.19      99.61
  data required time                                                99.61
  --------------------------------------------------------------------------
  data required time                                                99.61
  data arrival time                                                 -0.51
  --------------------------------------------------------------------------
  slack (MET)                                                       99.09


  Startpoint: U0_RegFile/regArr_reg[1][3]
              (rising edge-triggered flip-flop clocked by REG_CLK)
  Endpoint: U0_RegFile/regArr_reg[1][3]
            (rising edge-triggered flip-flop clocked by REG_CLK)
  Path Group: REG_CLK
  Path Type: max

  Point                                                   Incr       Path
  --------------------------------------------------------------------------
  clock REG_CLK (rise edge)                               0.00       0.00
  clock network delay (ideal)                             0.00       0.00
  U0_RegFile/regArr_reg[1][3]/CK (DFFSX1M)                0.00       0.00 r
  U0_RegFile/regArr_reg[1][3]/QN (DFFSX1M)                0.38       0.38 f
  U0_RegFile/U295/Y (OAI22X1M)                            0.13       0.51 r
  U0_RegFile/regArr_reg[1][3]/D (DFFSX1M)                 0.00       0.51 r
  data arrival time                                                  0.51

  clock REG_CLK (rise edge)                             100.00     100.00
  clock network delay (ideal)                             0.00     100.00
  clock uncertainty                                      -0.20      99.80
  U0_RegFile/regArr_reg[1][3]/CK (DFFSX1M)                0.00      99.80 r
  library setup time                                     -0.19      99.61
  data required time                                                99.61
  --------------------------------------------------------------------------
  data required time                                                99.61
  data arrival time                                                 -0.51
  --------------------------------------------------------------------------
  slack (MET)                                                       99.09


  Startpoint: U0_RegFile/regArr_reg[4][7]
              (rising edge-triggered flip-flop clocked by REG_CLK)
  Endpoint: U0_RegFile/regArr_reg[4][7]
            (rising edge-triggered flip-flop clocked by REG_CLK)
  Path Group: REG_CLK
  Path Type: max

  Point                                                   Incr       Path
  --------------------------------------------------------------------------
  clock REG_CLK (rise edge)                               0.00       0.00
  clock network delay (ideal)                             0.00       0.00
  U0_RegFile/regArr_reg[4][7]/CK (DFFRX1M)                0.00       0.00 r
  U0_RegFile/regArr_reg[4][7]/QN (DFFRX1M)                0.30       0.30 f
  U0_RegFile/U294/Y (OAI22X1M)                            0.11       0.41 r
  U0_RegFile/regArr_reg[4][7]/D (DFFRX1M)                 0.00       0.41 r
  data arrival time                                                  0.41

  clock REG_CLK (rise edge)                             100.00     100.00
  clock network delay (ideal)                             0.00     100.00
  clock uncertainty                                      -0.20      99.80
  U0_RegFile/regArr_reg[4][7]/CK (DFFRX1M)                0.00      99.80 r
  library setup time                                     -0.27      99.53
  data required time                                                99.53
  --------------------------------------------------------------------------
  data required time                                                99.53
  data arrival time                                                 -0.41
  --------------------------------------------------------------------------
  slack (MET)                                                       99.12


  Startpoint: U0_RegFile/regArr_reg[4][6]
              (rising edge-triggered flip-flop clocked by REG_CLK)
  Endpoint: U0_RegFile/regArr_reg[4][6]
            (rising edge-triggered flip-flop clocked by REG_CLK)
  Path Group: REG_CLK
  Path Type: max

  Point                                                   Incr       Path
  --------------------------------------------------------------------------
  clock REG_CLK (rise edge)                               0.00       0.00
  clock network delay (ideal)                             0.00       0.00
  U0_RegFile/regArr_reg[4][6]/CK (DFFRX1M)                0.00       0.00 r
  U0_RegFile/regArr_reg[4][6]/QN (DFFRX1M)                0.30       0.30 f
  U0_RegFile/U293/Y (OAI22X1M)                            0.11       0.41 r
  U0_RegFile/regArr_reg[4][6]/D (DFFRX1M)                 0.00       0.41 r
  data arrival time                                                  0.41

  clock REG_CLK (rise edge)                             100.00     100.00
  clock network delay (ideal)                             0.00     100.00
  clock uncertainty                                      -0.20      99.80
  U0_RegFile/regArr_reg[4][6]/CK (DFFRX1M)                0.00      99.80 r
  library setup time                                     -0.27      99.53
  data required time                                                99.53
  --------------------------------------------------------------------------
  data required time                                                99.53
  data arrival time                                                 -0.41
  --------------------------------------------------------------------------
  slack (MET)                                                       99.12


  Startpoint: U0_RegFile/regArr_reg[4][5]
              (rising edge-triggered flip-flop clocked by REG_CLK)
  Endpoint: U0_RegFile/regArr_reg[4][5]
            (rising edge-triggered flip-flop clocked by REG_CLK)
  Path Group: REG_CLK
  Path Type: max

  Point                                                   Incr       Path
  --------------------------------------------------------------------------
  clock REG_CLK (rise edge)                               0.00       0.00
  clock network delay (ideal)                             0.00       0.00
  U0_RegFile/regArr_reg[4][5]/CK (DFFRX1M)                0.00       0.00 r
  U0_RegFile/regArr_reg[4][5]/QN (DFFRX1M)                0.30       0.30 f
  U0_RegFile/U292/Y (OAI22X1M)                            0.11       0.41 r
  U0_RegFile/regArr_reg[4][5]/D (DFFRX1M)                 0.00       0.41 r
  data arrival time                                                  0.41

  clock REG_CLK (rise edge)                             100.00     100.00
  clock network delay (ideal)                             0.00     100.00
  clock uncertainty                                      -0.20      99.80
  U0_RegFile/regArr_reg[4][5]/CK (DFFRX1M)                0.00      99.80 r
  library setup time                                     -0.27      99.53
  data required time                                                99.53
  --------------------------------------------------------------------------
  data required time                                                99.53
  data arrival time                                                 -0.41
  --------------------------------------------------------------------------
  slack (MET)                                                       99.12


  Startpoint: U0_RegFile/regArr_reg[4][4]
              (rising edge-triggered flip-flop clocked by REG_CLK)
  Endpoint: U0_RegFile/regArr_reg[4][4]
            (rising edge-triggered flip-flop clocked by REG_CLK)
  Path Group: REG_CLK
  Path Type: max

  Point                                                   Incr       Path
  --------------------------------------------------------------------------
  clock REG_CLK (rise edge)                               0.00       0.00
  clock network delay (ideal)                             0.00       0.00
  U0_RegFile/regArr_reg[4][4]/CK (DFFRX1M)                0.00       0.00 r
  U0_RegFile/regArr_reg[4][4]/QN (DFFRX1M)                0.30       0.30 f
  U0_RegFile/U291/Y (OAI22X1M)                            0.11       0.41 r
  U0_RegFile/regArr_reg[4][4]/D (DFFRX1M)                 0.00       0.41 r
  data arrival time                                                  0.41

  clock REG_CLK (rise edge)                             100.00     100.00
  clock network delay (ideal)                             0.00     100.00
  clock uncertainty                                      -0.20      99.80
  U0_RegFile/regArr_reg[4][4]/CK (DFFRX1M)                0.00      99.80 r
  library setup time                                     -0.27      99.53
  data required time                                                99.53
  --------------------------------------------------------------------------
  data required time                                                99.53
  data arrival time                                                 -0.41
  --------------------------------------------------------------------------
  slack (MET)                                                       99.12


  Startpoint: U0_RegFile/regArr_reg[4][3]
              (rising edge-triggered flip-flop clocked by REG_CLK)
  Endpoint: U0_RegFile/regArr_reg[4][3]
            (rising edge-triggered flip-flop clocked by REG_CLK)
  Path Group: REG_CLK
  Path Type: max

  Point                                                   Incr       Path
  --------------------------------------------------------------------------
  clock REG_CLK (rise edge)                               0.00       0.00
  clock network delay (ideal)                             0.00       0.00
  U0_RegFile/regArr_reg[4][3]/CK (DFFRX1M)                0.00       0.00 r
  U0_RegFile/regArr_reg[4][3]/QN (DFFRX1M)                0.30       0.30 f
  U0_RegFile/U290/Y (OAI22X1M)                            0.11       0.41 r
  U0_RegFile/regArr_reg[4][3]/D (DFFRX1M)                 0.00       0.41 r
  data arrival time                                                  0.41

  clock REG_CLK (rise edge)                             100.00     100.00
  clock network delay (ideal)                             0.00     100.00
  clock uncertainty                                      -0.20      99.80
  U0_RegFile/regArr_reg[4][3]/CK (DFFRX1M)                0.00      99.80 r
  library setup time                                     -0.27      99.53
  data required time                                                99.53
  --------------------------------------------------------------------------
  data required time                                                99.53
  data arrival time                                                 -0.41
  --------------------------------------------------------------------------
  slack (MET)                                                       99.12


  Startpoint: U0_RegFile/regArr_reg[4][2]
              (rising edge-triggered flip-flop clocked by REG_CLK)
  Endpoint: U0_RegFile/regArr_reg[4][2]
            (rising edge-triggered flip-flop clocked by REG_CLK)
  Path Group: REG_CLK
  Path Type: max

  Point                                                   Incr       Path
  --------------------------------------------------------------------------
  clock REG_CLK (rise edge)                               0.00       0.00
  clock network delay (ideal)                             0.00       0.00
  U0_RegFile/regArr_reg[4][2]/CK (DFFRX1M)                0.00       0.00 r
  U0_RegFile/regArr_reg[4][2]/QN (DFFRX1M)                0.30       0.30 f
  U0_RegFile/U289/Y (OAI22X1M)                            0.11       0.41 r
  U0_RegFile/regArr_reg[4][2]/D (DFFRX1M)                 0.00       0.41 r
  data arrival time                                                  0.41

  clock REG_CLK (rise edge)                             100.00     100.00
  clock network delay (ideal)                             0.00     100.00
  clock uncertainty                                      -0.20      99.80
  U0_RegFile/regArr_reg[4][2]/CK (DFFRX1M)                0.00      99.80 r
  library setup time                                     -0.27      99.53
  data required time                                                99.53
  --------------------------------------------------------------------------
  data required time                                                99.53
  data arrival time                                                 -0.41
  --------------------------------------------------------------------------
  slack (MET)                                                       99.12


  Startpoint: U0_RegFile/regArr_reg[4][1]
              (rising edge-triggered flip-flop clocked by REG_CLK)
  Endpoint: U0_RegFile/regArr_reg[4][1]
            (rising edge-triggered flip-flop clocked by REG_CLK)
  Path Group: REG_CLK
  Path Type: max

  Point                                                   Incr       Path
  --------------------------------------------------------------------------
  clock REG_CLK (rise edge)                               0.00       0.00
  clock network delay (ideal)                             0.00       0.00
  U0_RegFile/regArr_reg[4][1]/CK (DFFRX1M)                0.00       0.00 r
  U0_RegFile/regArr_reg[4][1]/QN (DFFRX1M)                0.30       0.30 f
  U0_RegFile/U288/Y (OAI22X1M)                            0.11       0.41 r
  U0_RegFile/regArr_reg[4][1]/D (DFFRX1M)                 0.00       0.41 r
  data arrival time                                                  0.41

  clock REG_CLK (rise edge)                             100.00     100.00
  clock network delay (ideal)                             0.00     100.00
  clock uncertainty                                      -0.20      99.80
  U0_RegFile/regArr_reg[4][1]/CK (DFFRX1M)                0.00      99.80 r
  library setup time                                     -0.27      99.53
  data required time                                                99.53
  --------------------------------------------------------------------------
  data required time                                                99.53
  data arrival time                                                 -0.41
  --------------------------------------------------------------------------
  slack (MET)                                                       99.12


  Startpoint: U0_RegFile/regArr_reg[4][0]
              (rising edge-triggered flip-flop clocked by REG_CLK)
  Endpoint: U0_RegFile/regArr_reg[4][0]
            (rising edge-triggered flip-flop clocked by REG_CLK)
  Path Group: REG_CLK
  Path Type: max

  Point                                                   Incr       Path
  --------------------------------------------------------------------------
  clock REG_CLK (rise edge)                               0.00       0.00
  clock network delay (ideal)                             0.00       0.00
  U0_RegFile/regArr_reg[4][0]/CK (DFFRX1M)                0.00       0.00 r
  U0_RegFile/regArr_reg[4][0]/QN (DFFRX1M)                0.30       0.30 f
  U0_RegFile/U287/Y (OAI22X1M)                            0.11       0.41 r
  U0_RegFile/regArr_reg[4][0]/D (DFFRX1M)                 0.00       0.41 r
  data arrival time                                                  0.41

  clock REG_CLK (rise edge)                             100.00     100.00
  clock network delay (ideal)                             0.00     100.00
  clock uncertainty                                      -0.20      99.80
  U0_RegFile/regArr_reg[4][0]/CK (DFFRX1M)                0.00      99.80 r
  library setup time                                     -0.27      99.53
  data required time                                                99.53
  --------------------------------------------------------------------------
  data required time                                                99.53
  data arrival time                                                 -0.41
  --------------------------------------------------------------------------
  slack (MET)                                                       99.12


  Startpoint: U0_RegFile/regArr_reg[5][7]
              (rising edge-triggered flip-flop clocked by REG_CLK)
  Endpoint: U0_RegFile/regArr_reg[5][7]
            (rising edge-triggered flip-flop clocked by REG_CLK)
  Path Group: REG_CLK
  Path Type: max

  Point                                                   Incr       Path
  --------------------------------------------------------------------------
  clock REG_CLK (rise edge)                               0.00       0.00
  clock network delay (ideal)                             0.00       0.00
  U0_RegFile/regArr_reg[5][7]/CK (DFFRX1M)                0.00       0.00 r
  U0_RegFile/regArr_reg[5][7]/QN (DFFRX1M)                0.30       0.30 f
  U0_RegFile/U319/Y (OAI22X1M)                            0.11       0.41 r
  U0_RegFile/regArr_reg[5][7]/D (DFFRX1M)                 0.00       0.41 r
  data arrival time                                                  0.41

  clock REG_CLK (rise edge)                             100.00     100.00
  clock network delay (ideal)                             0.00     100.00
  clock uncertainty                                      -0.20      99.80
  U0_RegFile/regArr_reg[5][7]/CK (DFFRX1M)                0.00      99.80 r
  library setup time                                     -0.27      99.53
  data required time                                                99.53
  --------------------------------------------------------------------------
  data required time                                                99.53
  data arrival time                                                 -0.41
  --------------------------------------------------------------------------
  slack (MET)                                                       99.12


  Startpoint: U0_RegFile/regArr_reg[5][6]
              (rising edge-triggered flip-flop clocked by REG_CLK)
  Endpoint: U0_RegFile/regArr_reg[5][6]
            (rising edge-triggered flip-flop clocked by REG_CLK)
  Path Group: REG_CLK
  Path Type: max

  Point                                                   Incr       Path
  --------------------------------------------------------------------------
  clock REG_CLK (rise edge)                               0.00       0.00
  clock network delay (ideal)                             0.00       0.00
  U0_RegFile/regArr_reg[5][6]/CK (DFFRX1M)                0.00       0.00 r
  U0_RegFile/regArr_reg[5][6]/QN (DFFRX1M)                0.30       0.30 f
  U0_RegFile/U318/Y (OAI22X1M)                            0.11       0.41 r
  U0_RegFile/regArr_reg[5][6]/D (DFFRX1M)                 0.00       0.41 r
  data arrival time                                                  0.41

  clock REG_CLK (rise edge)                             100.00     100.00
  clock network delay (ideal)                             0.00     100.00
  clock uncertainty                                      -0.20      99.80
  U0_RegFile/regArr_reg[5][6]/CK (DFFRX1M)                0.00      99.80 r
  library setup time                                     -0.27      99.53
  data required time                                                99.53
  --------------------------------------------------------------------------
  data required time                                                99.53
  data arrival time                                                 -0.41
  --------------------------------------------------------------------------
  slack (MET)                                                       99.12


  Startpoint: U0_RegFile/regArr_reg[5][5]
              (rising edge-triggered flip-flop clocked by REG_CLK)
  Endpoint: U0_RegFile/regArr_reg[5][5]
            (rising edge-triggered flip-flop clocked by REG_CLK)
  Path Group: REG_CLK
  Path Type: max

  Point                                                   Incr       Path
  --------------------------------------------------------------------------
  clock REG_CLK (rise edge)                               0.00       0.00
  clock network delay (ideal)                             0.00       0.00
  U0_RegFile/regArr_reg[5][5]/CK (DFFRX1M)                0.00       0.00 r
  U0_RegFile/regArr_reg[5][5]/QN (DFFRX1M)                0.30       0.30 f
  U0_RegFile/U317/Y (OAI22X1M)                            0.11       0.41 r
  U0_RegFile/regArr_reg[5][5]/D (DFFRX1M)                 0.00       0.41 r
  data arrival time                                                  0.41

  clock REG_CLK (rise edge)                             100.00     100.00
  clock network delay (ideal)                             0.00     100.00
  clock uncertainty                                      -0.20      99.80
  U0_RegFile/regArr_reg[5][5]/CK (DFFRX1M)                0.00      99.80 r
  library setup time                                     -0.27      99.53
  data required time                                                99.53
  --------------------------------------------------------------------------
  data required time                                                99.53
  data arrival time                                                 -0.41
  --------------------------------------------------------------------------
  slack (MET)                                                       99.12


  Startpoint: U0_RegFile/regArr_reg[5][4]
              (rising edge-triggered flip-flop clocked by REG_CLK)
  Endpoint: U0_RegFile/regArr_reg[5][4]
            (rising edge-triggered flip-flop clocked by REG_CLK)
  Path Group: REG_CLK
  Path Type: max

  Point                                                   Incr       Path
  --------------------------------------------------------------------------
  clock REG_CLK (rise edge)                               0.00       0.00
  clock network delay (ideal)                             0.00       0.00
  U0_RegFile/regArr_reg[5][4]/CK (DFFRX1M)                0.00       0.00 r
  U0_RegFile/regArr_reg[5][4]/QN (DFFRX1M)                0.30       0.30 f
  U0_RegFile/U316/Y (OAI22X1M)                            0.11       0.41 r
  U0_RegFile/regArr_reg[5][4]/D (DFFRX1M)                 0.00       0.41 r
  data arrival time                                                  0.41

  clock REG_CLK (rise edge)                             100.00     100.00
  clock network delay (ideal)                             0.00     100.00
  clock uncertainty                                      -0.20      99.80
  U0_RegFile/regArr_reg[5][4]/CK (DFFRX1M)                0.00      99.80 r
  library setup time                                     -0.27      99.53
  data required time                                                99.53
  --------------------------------------------------------------------------
  data required time                                                99.53
  data arrival time                                                 -0.41
  --------------------------------------------------------------------------
  slack (MET)                                                       99.12


  Startpoint: U0_RegFile/regArr_reg[5][3]
              (rising edge-triggered flip-flop clocked by REG_CLK)
  Endpoint: U0_RegFile/regArr_reg[5][3]
            (rising edge-triggered flip-flop clocked by REG_CLK)
  Path Group: REG_CLK
  Path Type: max

  Point                                                   Incr       Path
  --------------------------------------------------------------------------
  clock REG_CLK (rise edge)                               0.00       0.00
  clock network delay (ideal)                             0.00       0.00
  U0_RegFile/regArr_reg[5][3]/CK (DFFRX1M)                0.00       0.00 r
  U0_RegFile/regArr_reg[5][3]/QN (DFFRX1M)                0.30       0.30 f
  U0_RegFile/U315/Y (OAI22X1M)                            0.11       0.41 r
  U0_RegFile/regArr_reg[5][3]/D (DFFRX1M)                 0.00       0.41 r
  data arrival time                                                  0.41

  clock REG_CLK (rise edge)                             100.00     100.00
  clock network delay (ideal)                             0.00     100.00
  clock uncertainty                                      -0.20      99.80
  U0_RegFile/regArr_reg[5][3]/CK (DFFRX1M)                0.00      99.80 r
  library setup time                                     -0.27      99.53
  data required time                                                99.53
  --------------------------------------------------------------------------
  data required time                                                99.53
  data arrival time                                                 -0.41
  --------------------------------------------------------------------------
  slack (MET)                                                       99.12


  Startpoint: U0_RegFile/regArr_reg[5][2]
              (rising edge-triggered flip-flop clocked by REG_CLK)
  Endpoint: U0_RegFile/regArr_reg[5][2]
            (rising edge-triggered flip-flop clocked by REG_CLK)
  Path Group: REG_CLK
  Path Type: max

  Point                                                   Incr       Path
  --------------------------------------------------------------------------
  clock REG_CLK (rise edge)                               0.00       0.00
  clock network delay (ideal)                             0.00       0.00
  U0_RegFile/regArr_reg[5][2]/CK (DFFRX1M)                0.00       0.00 r
  U0_RegFile/regArr_reg[5][2]/QN (DFFRX1M)                0.30       0.30 f
  U0_RegFile/U314/Y (OAI22X1M)                            0.11       0.41 r
  U0_RegFile/regArr_reg[5][2]/D (DFFRX1M)                 0.00       0.41 r
  data arrival time                                                  0.41

  clock REG_CLK (rise edge)                             100.00     100.00
  clock network delay (ideal)                             0.00     100.00
  clock uncertainty                                      -0.20      99.80
  U0_RegFile/regArr_reg[5][2]/CK (DFFRX1M)                0.00      99.80 r
  library setup time                                     -0.27      99.53
  data required time                                                99.53
  --------------------------------------------------------------------------
  data required time                                                99.53
  data arrival time                                                 -0.41
  --------------------------------------------------------------------------
  slack (MET)                                                       99.12


  Startpoint: U0_RegFile/regArr_reg[5][1]
              (rising edge-triggered flip-flop clocked by REG_CLK)
  Endpoint: U0_RegFile/regArr_reg[5][1]
            (rising edge-triggered flip-flop clocked by REG_CLK)
  Path Group: REG_CLK
  Path Type: max

  Point                                                   Incr       Path
  --------------------------------------------------------------------------
  clock REG_CLK (rise edge)                               0.00       0.00
  clock network delay (ideal)                             0.00       0.00
  U0_RegFile/regArr_reg[5][1]/CK (DFFRX1M)                0.00       0.00 r
  U0_RegFile/regArr_reg[5][1]/QN (DFFRX1M)                0.30       0.30 f
  U0_RegFile/U313/Y (OAI22X1M)                            0.11       0.41 r
  U0_RegFile/regArr_reg[5][1]/D (DFFRX1M)                 0.00       0.41 r
  data arrival time                                                  0.41

  clock REG_CLK (rise edge)                             100.00     100.00
  clock network delay (ideal)                             0.00     100.00
  clock uncertainty                                      -0.20      99.80
  U0_RegFile/regArr_reg[5][1]/CK (DFFRX1M)                0.00      99.80 r
  library setup time                                     -0.27      99.53
  data required time                                                99.53
  --------------------------------------------------------------------------
  data required time                                                99.53
  data arrival time                                                 -0.41
  --------------------------------------------------------------------------
  slack (MET)                                                       99.12


  Startpoint: U0_RegFile/regArr_reg[5][0]
              (rising edge-triggered flip-flop clocked by REG_CLK)
  Endpoint: U0_RegFile/regArr_reg[5][0]
            (rising edge-triggered flip-flop clocked by REG_CLK)
  Path Group: REG_CLK
  Path Type: max

  Point                                                   Incr       Path
  --------------------------------------------------------------------------
  clock REG_CLK (rise edge)                               0.00       0.00
  clock network delay (ideal)                             0.00       0.00
  U0_RegFile/regArr_reg[5][0]/CK (DFFRX1M)                0.00       0.00 r
  U0_RegFile/regArr_reg[5][0]/QN (DFFRX1M)                0.30       0.30 f
  U0_RegFile/U312/Y (OAI22X1M)                            0.11       0.41 r
  U0_RegFile/regArr_reg[5][0]/D (DFFRX1M)                 0.00       0.41 r
  data arrival time                                                  0.41

  clock REG_CLK (rise edge)                             100.00     100.00
  clock network delay (ideal)                             0.00     100.00
  clock uncertainty                                      -0.20      99.80
  U0_RegFile/regArr_reg[5][0]/CK (DFFRX1M)                0.00      99.80 r
  library setup time                                     -0.27      99.53
  data required time                                                99.53
  --------------------------------------------------------------------------
  data required time                                                99.53
  data arrival time                                                 -0.41
  --------------------------------------------------------------------------
  slack (MET)                                                       99.12


  Startpoint: U0_RegFile/regArr_reg[7][7]
              (rising edge-triggered flip-flop clocked by REG_CLK)
  Endpoint: U0_RegFile/regArr_reg[7][7]
            (rising edge-triggered flip-flop clocked by REG_CLK)
  Path Group: REG_CLK
  Path Type: max

  Point                                                   Incr       Path
  --------------------------------------------------------------------------
  clock REG_CLK (rise edge)                               0.00       0.00
  clock network delay (ideal)                             0.00       0.00
  U0_RegFile/regArr_reg[7][7]/CK (DFFRX1M)                0.00       0.00 r
  U0_RegFile/regArr_reg[7][7]/QN (DFFRX1M)                0.30       0.30 f
  U0_RegFile/U327/Y (OAI22X1M)                            0.11       0.41 r
  U0_RegFile/regArr_reg[7][7]/D (DFFRX1M)                 0.00       0.41 r
  data arrival time                                                  0.41

  clock REG_CLK (rise edge)                             100.00     100.00
  clock network delay (ideal)                             0.00     100.00
  clock uncertainty                                      -0.20      99.80
  U0_RegFile/regArr_reg[7][7]/CK (DFFRX1M)                0.00      99.80 r
  library setup time                                     -0.27      99.53
  data required time                                                99.53
  --------------------------------------------------------------------------
  data required time                                                99.53
  data arrival time                                                 -0.41
  --------------------------------------------------------------------------
  slack (MET)                                                       99.12


  Startpoint: U0_RegFile/regArr_reg[7][6]
              (rising edge-triggered flip-flop clocked by REG_CLK)
  Endpoint: U0_RegFile/regArr_reg[7][6]
            (rising edge-triggered flip-flop clocked by REG_CLK)
  Path Group: REG_CLK
  Path Type: max

  Point                                                   Incr       Path
  --------------------------------------------------------------------------
  clock REG_CLK (rise edge)                               0.00       0.00
  clock network delay (ideal)                             0.00       0.00
  U0_RegFile/regArr_reg[7][6]/CK (DFFRX1M)                0.00       0.00 r
  U0_RegFile/regArr_reg[7][6]/QN (DFFRX1M)                0.30       0.30 f
  U0_RegFile/U326/Y (OAI22X1M)                            0.11       0.41 r
  U0_RegFile/regArr_reg[7][6]/D (DFFRX1M)                 0.00       0.41 r
  data arrival time                                                  0.41

  clock REG_CLK (rise edge)                             100.00     100.00
  clock network delay (ideal)                             0.00     100.00
  clock uncertainty                                      -0.20      99.80
  U0_RegFile/regArr_reg[7][6]/CK (DFFRX1M)                0.00      99.80 r
  library setup time                                     -0.27      99.53
  data required time                                                99.53
  --------------------------------------------------------------------------
  data required time                                                99.53
  data arrival time                                                 -0.41
  --------------------------------------------------------------------------
  slack (MET)                                                       99.12


  Startpoint: U0_RegFile/regArr_reg[7][5]
              (rising edge-triggered flip-flop clocked by REG_CLK)
  Endpoint: U0_RegFile/regArr_reg[7][5]
            (rising edge-triggered flip-flop clocked by REG_CLK)
  Path Group: REG_CLK
  Path Type: max

  Point                                                   Incr       Path
  --------------------------------------------------------------------------
  clock REG_CLK (rise edge)                               0.00       0.00
  clock network delay (ideal)                             0.00       0.00
  U0_RegFile/regArr_reg[7][5]/CK (DFFRX1M)                0.00       0.00 r
  U0_RegFile/regArr_reg[7][5]/QN (DFFRX1M)                0.30       0.30 f
  U0_RegFile/U325/Y (OAI22X1M)                            0.11       0.41 r
  U0_RegFile/regArr_reg[7][5]/D (DFFRX1M)                 0.00       0.41 r
  data arrival time                                                  0.41

  clock REG_CLK (rise edge)                             100.00     100.00
  clock network delay (ideal)                             0.00     100.00
  clock uncertainty                                      -0.20      99.80
  U0_RegFile/regArr_reg[7][5]/CK (DFFRX1M)                0.00      99.80 r
  library setup time                                     -0.27      99.53
  data required time                                                99.53
  --------------------------------------------------------------------------
  data required time                                                99.53
  data arrival time                                                 -0.41
  --------------------------------------------------------------------------
  slack (MET)                                                       99.12


  Startpoint: U0_RegFile/regArr_reg[7][4]
              (rising edge-triggered flip-flop clocked by REG_CLK)
  Endpoint: U0_RegFile/regArr_reg[7][4]
            (rising edge-triggered flip-flop clocked by REG_CLK)
  Path Group: REG_CLK
  Path Type: max

  Point                                                   Incr       Path
  --------------------------------------------------------------------------
  clock REG_CLK (rise edge)                               0.00       0.00
  clock network delay (ideal)                             0.00       0.00
  U0_RegFile/regArr_reg[7][4]/CK (DFFRX1M)                0.00       0.00 r
  U0_RegFile/regArr_reg[7][4]/QN (DFFRX1M)                0.30       0.30 f
  U0_RegFile/U324/Y (OAI22X1M)                            0.11       0.41 r
  U0_RegFile/regArr_reg[7][4]/D (DFFRX1M)                 0.00       0.41 r
  data arrival time                                                  0.41

  clock REG_CLK (rise edge)                             100.00     100.00
  clock network delay (ideal)                             0.00     100.00
  clock uncertainty                                      -0.20      99.80
  U0_RegFile/regArr_reg[7][4]/CK (DFFRX1M)                0.00      99.80 r
  library setup time                                     -0.27      99.53
  data required time                                                99.53
  --------------------------------------------------------------------------
  data required time                                                99.53
  data arrival time                                                 -0.41
  --------------------------------------------------------------------------
  slack (MET)                                                       99.12


  Startpoint: U0_RegFile/regArr_reg[7][3]
              (rising edge-triggered flip-flop clocked by REG_CLK)
  Endpoint: U0_RegFile/regArr_reg[7][3]
            (rising edge-triggered flip-flop clocked by REG_CLK)
  Path Group: REG_CLK
  Path Type: max

  Point                                                   Incr       Path
  --------------------------------------------------------------------------
  clock REG_CLK (rise edge)                               0.00       0.00
  clock network delay (ideal)                             0.00       0.00
  U0_RegFile/regArr_reg[7][3]/CK (DFFRX1M)                0.00       0.00 r
  U0_RegFile/regArr_reg[7][3]/QN (DFFRX1M)                0.30       0.30 f
  U0_RegFile/U323/Y (OAI22X1M)                            0.11       0.41 r
  U0_RegFile/regArr_reg[7][3]/D (DFFRX1M)                 0.00       0.41 r
  data arrival time                                                  0.41

  clock REG_CLK (rise edge)                             100.00     100.00
  clock network delay (ideal)                             0.00     100.00
  clock uncertainty                                      -0.20      99.80
  U0_RegFile/regArr_reg[7][3]/CK (DFFRX1M)                0.00      99.80 r
  library setup time                                     -0.27      99.53
  data required time                                                99.53
  --------------------------------------------------------------------------
  data required time                                                99.53
  data arrival time                                                 -0.41
  --------------------------------------------------------------------------
  slack (MET)                                                       99.12


  Startpoint: U0_RegFile/regArr_reg[7][2]
              (rising edge-triggered flip-flop clocked by REG_CLK)
  Endpoint: U0_RegFile/regArr_reg[7][2]
            (rising edge-triggered flip-flop clocked by REG_CLK)
  Path Group: REG_CLK
  Path Type: max

  Point                                                   Incr       Path
  --------------------------------------------------------------------------
  clock REG_CLK (rise edge)                               0.00       0.00
  clock network delay (ideal)                             0.00       0.00
  U0_RegFile/regArr_reg[7][2]/CK (DFFRX1M)                0.00       0.00 r
  U0_RegFile/regArr_reg[7][2]/QN (DFFRX1M)                0.30       0.30 f
  U0_RegFile/U322/Y (OAI22X1M)                            0.11       0.41 r
  U0_RegFile/regArr_reg[7][2]/D (DFFRX1M)                 0.00       0.41 r
  data arrival time                                                  0.41

  clock REG_CLK (rise edge)                             100.00     100.00
  clock network delay (ideal)                             0.00     100.00
  clock uncertainty                                      -0.20      99.80
  U0_RegFile/regArr_reg[7][2]/CK (DFFRX1M)                0.00      99.80 r
  library setup time                                     -0.27      99.53
  data required time                                                99.53
  --------------------------------------------------------------------------
  data required time                                                99.53
  data arrival time                                                 -0.41
  --------------------------------------------------------------------------
  slack (MET)                                                       99.12


  Startpoint: U0_RegFile/regArr_reg[7][1]
              (rising edge-triggered flip-flop clocked by REG_CLK)
  Endpoint: U0_RegFile/regArr_reg[7][1]
            (rising edge-triggered flip-flop clocked by REG_CLK)
  Path Group: REG_CLK
  Path Type: max

  Point                                                   Incr       Path
  --------------------------------------------------------------------------
  clock REG_CLK (rise edge)                               0.00       0.00
  clock network delay (ideal)                             0.00       0.00
  U0_RegFile/regArr_reg[7][1]/CK (DFFRX1M)                0.00       0.00 r
  U0_RegFile/regArr_reg[7][1]/QN (DFFRX1M)                0.30       0.30 f
  U0_RegFile/U321/Y (OAI22X1M)                            0.11       0.41 r
  U0_RegFile/regArr_reg[7][1]/D (DFFRX1M)                 0.00       0.41 r
  data arrival time                                                  0.41

  clock REG_CLK (rise edge)                             100.00     100.00
  clock network delay (ideal)                             0.00     100.00
  clock uncertainty                                      -0.20      99.80
  U0_RegFile/regArr_reg[7][1]/CK (DFFRX1M)                0.00      99.80 r
  library setup time                                     -0.27      99.53
  data required time                                                99.53
  --------------------------------------------------------------------------
  data required time                                                99.53
  data arrival time                                                 -0.41
  --------------------------------------------------------------------------
  slack (MET)                                                       99.12


  Startpoint: U0_RegFile/regArr_reg[7][0]
              (rising edge-triggered flip-flop clocked by REG_CLK)
  Endpoint: U0_RegFile/regArr_reg[7][0]
            (rising edge-triggered flip-flop clocked by REG_CLK)
  Path Group: REG_CLK
  Path Type: max

  Point                                                   Incr       Path
  --------------------------------------------------------------------------
  clock REG_CLK (rise edge)                               0.00       0.00
  clock network delay (ideal)                             0.00       0.00
  U0_RegFile/regArr_reg[7][0]/CK (DFFRX1M)                0.00       0.00 r
  U0_RegFile/regArr_reg[7][0]/QN (DFFRX1M)                0.30       0.30 f
  U0_RegFile/U320/Y (OAI22X1M)                            0.11       0.41 r
  U0_RegFile/regArr_reg[7][0]/D (DFFRX1M)                 0.00       0.41 r
  data arrival time                                                  0.41

  clock REG_CLK (rise edge)                             100.00     100.00
  clock network delay (ideal)                             0.00     100.00
  clock uncertainty                                      -0.20      99.80
  U0_RegFile/regArr_reg[7][0]/CK (DFFRX1M)                0.00      99.80 r
  library setup time                                     -0.27      99.53
  data required time                                                99.53
  --------------------------------------------------------------------------
  data required time                                                99.53
  data arrival time                                                 -0.41
  --------------------------------------------------------------------------
  slack (MET)                                                       99.12


  Startpoint: U0_RegFile/regArr_reg[6][7]
              (rising edge-triggered flip-flop clocked by REG_CLK)
  Endpoint: U0_RegFile/regArr_reg[6][7]
            (rising edge-triggered flip-flop clocked by REG_CLK)
  Path Group: REG_CLK
  Path Type: max

  Point                                                   Incr       Path
  --------------------------------------------------------------------------
  clock REG_CLK (rise edge)                               0.00       0.00
  clock network delay (ideal)                             0.00       0.00
  U0_RegFile/regArr_reg[6][7]/CK (DFFRX1M)                0.00       0.00 r
  U0_RegFile/regArr_reg[6][7]/QN (DFFRX1M)                0.30       0.30 f
  U0_RegFile/U311/Y (OAI22X1M)                            0.11       0.41 r
  U0_RegFile/regArr_reg[6][7]/D (DFFRX1M)                 0.00       0.41 r
  data arrival time                                                  0.41

  clock REG_CLK (rise edge)                             100.00     100.00
  clock network delay (ideal)                             0.00     100.00
  clock uncertainty                                      -0.20      99.80
  U0_RegFile/regArr_reg[6][7]/CK (DFFRX1M)                0.00      99.80 r
  library setup time                                     -0.27      99.53
  data required time                                                99.53
  --------------------------------------------------------------------------
  data required time                                                99.53
  data arrival time                                                 -0.41
  --------------------------------------------------------------------------
  slack (MET)                                                       99.12


  Startpoint: U0_RegFile/regArr_reg[6][6]
              (rising edge-triggered flip-flop clocked by REG_CLK)
  Endpoint: U0_RegFile/regArr_reg[6][6]
            (rising edge-triggered flip-flop clocked by REG_CLK)
  Path Group: REG_CLK
  Path Type: max

  Point                                                   Incr       Path
  --------------------------------------------------------------------------
  clock REG_CLK (rise edge)                               0.00       0.00
  clock network delay (ideal)                             0.00       0.00
  U0_RegFile/regArr_reg[6][6]/CK (DFFRX1M)                0.00       0.00 r
  U0_RegFile/regArr_reg[6][6]/QN (DFFRX1M)                0.30       0.30 f
  U0_RegFile/U310/Y (OAI22X1M)                            0.11       0.41 r
  U0_RegFile/regArr_reg[6][6]/D (DFFRX1M)                 0.00       0.41 r
  data arrival time                                                  0.41

  clock REG_CLK (rise edge)                             100.00     100.00
  clock network delay (ideal)                             0.00     100.00
  clock uncertainty                                      -0.20      99.80
  U0_RegFile/regArr_reg[6][6]/CK (DFFRX1M)                0.00      99.80 r
  library setup time                                     -0.27      99.53
  data required time                                                99.53
  --------------------------------------------------------------------------
  data required time                                                99.53
  data arrival time                                                 -0.41
  --------------------------------------------------------------------------
  slack (MET)                                                       99.12


  Startpoint: U0_RegFile/regArr_reg[6][5]
              (rising edge-triggered flip-flop clocked by REG_CLK)
  Endpoint: U0_RegFile/regArr_reg[6][5]
            (rising edge-triggered flip-flop clocked by REG_CLK)
  Path Group: REG_CLK
  Path Type: max

  Point                                                   Incr       Path
  --------------------------------------------------------------------------
  clock REG_CLK (rise edge)                               0.00       0.00
  clock network delay (ideal)                             0.00       0.00
  U0_RegFile/regArr_reg[6][5]/CK (DFFRX1M)                0.00       0.00 r
  U0_RegFile/regArr_reg[6][5]/QN (DFFRX1M)                0.30       0.30 f
  U0_RegFile/U309/Y (OAI22X1M)                            0.11       0.41 r
  U0_RegFile/regArr_reg[6][5]/D (DFFRX1M)                 0.00       0.41 r
  data arrival time                                                  0.41

  clock REG_CLK (rise edge)                             100.00     100.00
  clock network delay (ideal)                             0.00     100.00
  clock uncertainty                                      -0.20      99.80
  U0_RegFile/regArr_reg[6][5]/CK (DFFRX1M)                0.00      99.80 r
  library setup time                                     -0.27      99.53
  data required time                                                99.53
  --------------------------------------------------------------------------
  data required time                                                99.53
  data arrival time                                                 -0.41
  --------------------------------------------------------------------------
  slack (MET)                                                       99.12


  Startpoint: U0_RegFile/regArr_reg[6][4]
              (rising edge-triggered flip-flop clocked by REG_CLK)
  Endpoint: U0_RegFile/regArr_reg[6][4]
            (rising edge-triggered flip-flop clocked by REG_CLK)
  Path Group: REG_CLK
  Path Type: max

  Point                                                   Incr       Path
  --------------------------------------------------------------------------
  clock REG_CLK (rise edge)                               0.00       0.00
  clock network delay (ideal)                             0.00       0.00
  U0_RegFile/regArr_reg[6][4]/CK (DFFRX1M)                0.00       0.00 r
  U0_RegFile/regArr_reg[6][4]/QN (DFFRX1M)                0.30       0.30 f
  U0_RegFile/U308/Y (OAI22X1M)                            0.11       0.41 r
  U0_RegFile/regArr_reg[6][4]/D (DFFRX1M)                 0.00       0.41 r
  data arrival time                                                  0.41

  clock REG_CLK (rise edge)                             100.00     100.00
  clock network delay (ideal)                             0.00     100.00
  clock uncertainty                                      -0.20      99.80
  U0_RegFile/regArr_reg[6][4]/CK (DFFRX1M)                0.00      99.80 r
  library setup time                                     -0.27      99.53
  data required time                                                99.53
  --------------------------------------------------------------------------
  data required time                                                99.53
  data arrival time                                                 -0.41
  --------------------------------------------------------------------------
  slack (MET)                                                       99.12


  Startpoint: U0_RegFile/regArr_reg[6][3]
              (rising edge-triggered flip-flop clocked by REG_CLK)
  Endpoint: U0_RegFile/regArr_reg[6][3]
            (rising edge-triggered flip-flop clocked by REG_CLK)
  Path Group: REG_CLK
  Path Type: max

  Point                                                   Incr       Path
  --------------------------------------------------------------------------
  clock REG_CLK (rise edge)                               0.00       0.00
  clock network delay (ideal)                             0.00       0.00
  U0_RegFile/regArr_reg[6][3]/CK (DFFRX1M)                0.00       0.00 r
  U0_RegFile/regArr_reg[6][3]/QN (DFFRX1M)                0.30       0.30 f
  U0_RegFile/U307/Y (OAI22X1M)                            0.11       0.41 r
  U0_RegFile/regArr_reg[6][3]/D (DFFRX1M)                 0.00       0.41 r
  data arrival time                                                  0.41

  clock REG_CLK (rise edge)                             100.00     100.00
  clock network delay (ideal)                             0.00     100.00
  clock uncertainty                                      -0.20      99.80
  U0_RegFile/regArr_reg[6][3]/CK (DFFRX1M)                0.00      99.80 r
  library setup time                                     -0.27      99.53
  data required time                                                99.53
  --------------------------------------------------------------------------
  data required time                                                99.53
  data arrival time                                                 -0.41
  --------------------------------------------------------------------------
  slack (MET)                                                       99.12


  Startpoint: U0_RegFile/regArr_reg[6][2]
              (rising edge-triggered flip-flop clocked by REG_CLK)
  Endpoint: U0_RegFile/regArr_reg[6][2]
            (rising edge-triggered flip-flop clocked by REG_CLK)
  Path Group: REG_CLK
  Path Type: max

  Point                                                   Incr       Path
  --------------------------------------------------------------------------
  clock REG_CLK (rise edge)                               0.00       0.00
  clock network delay (ideal)                             0.00       0.00
  U0_RegFile/regArr_reg[6][2]/CK (DFFRX1M)                0.00       0.00 r
  U0_RegFile/regArr_reg[6][2]/QN (DFFRX1M)                0.30       0.30 f
  U0_RegFile/U306/Y (OAI22X1M)                            0.11       0.41 r
  U0_RegFile/regArr_reg[6][2]/D (DFFRX1M)                 0.00       0.41 r
  data arrival time                                                  0.41

  clock REG_CLK (rise edge)                             100.00     100.00
  clock network delay (ideal)                             0.00     100.00
  clock uncertainty                                      -0.20      99.80
  U0_RegFile/regArr_reg[6][2]/CK (DFFRX1M)                0.00      99.80 r
  library setup time                                     -0.27      99.53
  data required time                                                99.53
  --------------------------------------------------------------------------
  data required time                                                99.53
  data arrival time                                                 -0.41
  --------------------------------------------------------------------------
  slack (MET)                                                       99.12


  Startpoint: U0_RegFile/regArr_reg[6][1]
              (rising edge-triggered flip-flop clocked by REG_CLK)
  Endpoint: U0_RegFile/regArr_reg[6][1]
            (rising edge-triggered flip-flop clocked by REG_CLK)
  Path Group: REG_CLK
  Path Type: max

  Point                                                   Incr       Path
  --------------------------------------------------------------------------
  clock REG_CLK (rise edge)                               0.00       0.00
  clock network delay (ideal)                             0.00       0.00
  U0_RegFile/regArr_reg[6][1]/CK (DFFRX1M)                0.00       0.00 r
  U0_RegFile/regArr_reg[6][1]/QN (DFFRX1M)                0.30       0.30 f
  U0_RegFile/U305/Y (OAI22X1M)                            0.11       0.41 r
  U0_RegFile/regArr_reg[6][1]/D (DFFRX1M)                 0.00       0.41 r
  data arrival time                                                  0.41

  clock REG_CLK (rise edge)                             100.00     100.00
  clock network delay (ideal)                             0.00     100.00
  clock uncertainty                                      -0.20      99.80
  U0_RegFile/regArr_reg[6][1]/CK (DFFRX1M)                0.00      99.80 r
  library setup time                                     -0.27      99.53
  data required time                                                99.53
  --------------------------------------------------------------------------
  data required time                                                99.53
  data arrival time                                                 -0.41
  --------------------------------------------------------------------------
  slack (MET)                                                       99.12


  Startpoint: U0_RegFile/regArr_reg[6][0]
              (rising edge-triggered flip-flop clocked by REG_CLK)
  Endpoint: U0_RegFile/regArr_reg[6][0]
            (rising edge-triggered flip-flop clocked by REG_CLK)
  Path Group: REG_CLK
  Path Type: max

  Point                                                   Incr       Path
  --------------------------------------------------------------------------
  clock REG_CLK (rise edge)                               0.00       0.00
  clock network delay (ideal)                             0.00       0.00
  U0_RegFile/regArr_reg[6][0]/CK (DFFRX1M)                0.00       0.00 r
  U0_RegFile/regArr_reg[6][0]/QN (DFFRX1M)                0.30       0.30 f
  U0_RegFile/U304/Y (OAI22X1M)                            0.11       0.41 r
  U0_RegFile/regArr_reg[6][0]/D (DFFRX1M)                 0.00       0.41 r
  data arrival time                                                  0.41

  clock REG_CLK (rise edge)                             100.00     100.00
  clock network delay (ideal)                             0.00     100.00
  clock uncertainty                                      -0.20      99.80
  U0_RegFile/regArr_reg[6][0]/CK (DFFRX1M)                0.00      99.80 r
  library setup time                                     -0.27      99.53
  data required time                                                99.53
  --------------------------------------------------------------------------
  data required time                                                99.53
  data arrival time                                                 -0.41
  --------------------------------------------------------------------------
  slack (MET)                                                       99.12


1
