 
****************************************
Report : timing
        -path full
        -delay max
        -max_paths 100
Design : ALU_TOP
Version: O-2018.06-SP1
Date   : Wed Aug 26 23:42:34 2026
****************************************

Operating Conditions: scmetro_tsmc_cl013g_rvt_ss_1p08v_125c   Library: scmetro_tsmc_cl013g_rvt_ss_1p08v_125c
Wire Load Model Mode: top

  Startpoint: B[2] (input port clocked by CLK)
  Endpoint: U0_ARITHMETIC_UNIT/Arith_OUT_reg_0_
            (rising edge-triggered flip-flop clocked by CLK)
  Path Group: CLK
  Path Type: max

  Des/Clust/Port     Wire Load Model       Library
  ------------------------------------------------
  ALU_TOP            tsmc13_wl30           scmetro_tsmc_cl013g_rvt_ss_1p08v_125c

  Point                                                   Incr       Path
  --------------------------------------------------------------------------
  clock CLK (rise edge)                                   0.00       0.00
  clock network delay (ideal)                             0.00       0.00
  input external delay                                   20.00      20.00 r
  B[2] (in)                                               0.17      20.17 r
  U16/Y (CLKBUFX6M)                                       0.84      21.02 r
  U0_ARITHMETIC_UNIT/B[2] (ARITHMETIC_UNIT_test_1)        0.00      21.02 r
  U0_ARITHMETIC_UNIT/div_63/b[2] (ARITHMETIC_UNIT_DW_div_uns_0)
                                                          0.00      21.02 r
  U0_ARITHMETIC_UNIT/div_63/U171/Y (INVX2M)               0.34      21.36 f
  U0_ARITHMETIC_UNIT/div_63/U54/Y (CLKBUFX8M)             0.97      22.33 f
  U0_ARITHMETIC_UNIT/div_63/U2/Y (AND4X8M)                0.63      22.96 f
  U0_ARITHMETIC_UNIT/div_63/U1/Y (MX2X8M)                 0.34      23.29 r
  U0_ARITHMETIC_UNIT/div_63/u_div_u_fa_PartRem_0_14_1/CO (ADDFX2M)
                                                          0.66      23.95 r
  U0_ARITHMETIC_UNIT/div_63/U18/Y (AND3X1M)               0.49      24.44 r
  U0_ARITHMETIC_UNIT/div_63/U17/Y (BUFX10M)               0.26      24.71 r
  U0_ARITHMETIC_UNIT/div_63/U206/Y (CLKMX2X2M)            0.61      25.31 f
  U0_ARITHMETIC_UNIT/div_63/u_div_u_fa_PartRem_0_13_1/CO (ADDFX2M)
                                                          0.73      26.04 f
  U0_ARITHMETIC_UNIT/div_63/u_div_u_fa_PartRem_0_13_2/CO (ADDFX2M)
                                                          0.50      26.54 f
  U0_ARITHMETIC_UNIT/div_63/U48/Y (CLKAND2X4M)            0.57      27.12 f
  U0_ARITHMETIC_UNIT/div_63/U209/Y (CLKMX2X2M)            0.69      27.81 f
  U0_ARITHMETIC_UNIT/div_63/u_div_u_fa_PartRem_0_12_1/CO (ADDFX2M)
                                                          0.73      28.54 f
  U0_ARITHMETIC_UNIT/div_63/u_div_u_fa_PartRem_0_12_2/CO (ADDFX2M)
                                                          0.52      29.06 f
  U0_ARITHMETIC_UNIT/div_63/u_div_u_fa_PartRem_0_12_3/CO (ADDFHX4M)
                                                          0.35      29.40 f
  U0_ARITHMETIC_UNIT/div_63/U8/Y (AND3X12M)               0.32      29.72 f
  U0_ARITHMETIC_UNIT/div_63/U210/Y (CLKMX2X2M)            0.57      30.29 f
  U0_ARITHMETIC_UNIT/div_63/u_div_u_fa_PartRem_0_11_1/CO (ADDFX2M)
                                                          0.73      31.02 f
  U0_ARITHMETIC_UNIT/div_63/u_div_u_fa_PartRem_0_11_2/CO (ADDFX2M)
                                                          0.55      31.57 f
  U0_ARITHMETIC_UNIT/div_63/u_div_u_fa_PartRem_0_11_3/CO (ADDFHX8M)
                                                          0.30      31.88 f
  U0_ARITHMETIC_UNIT/div_63/u_div_u_fa_PartRem_0_11_4/CO (ADDFX2M)
                                                          0.48      32.36 f
  U0_ARITHMETIC_UNIT/div_63/U9/Y (AND2X12M)               0.30      32.66 f
  U0_ARITHMETIC_UNIT/div_63/U211/Y (CLKMX2X2M)            0.58      33.24 f
  U0_ARITHMETIC_UNIT/div_63/u_div_u_fa_PartRem_0_10_1/CO (ADDFX2M)
                                                          0.73      33.97 f
  U0_ARITHMETIC_UNIT/div_63/u_div_u_fa_PartRem_0_10_2/CO (ADDFX2M)
                                                          0.55      34.51 f
  U0_ARITHMETIC_UNIT/div_63/u_div_u_fa_PartRem_0_10_3/CO (ADDFHX8M)
                                                          0.30      34.82 f
  U0_ARITHMETIC_UNIT/div_63/u_div_u_fa_PartRem_0_10_4/CO (ADDFX2M)
                                                          0.47      35.29 f
  U0_ARITHMETIC_UNIT/div_63/u_div_u_fa_PartRem_0_10_5/CO (ADDFX2M)
                                                          0.50      35.79 f
  U0_ARITHMETIC_UNIT/div_63/U47/Y (CLKAND2X6M)            0.63      36.42 f
  U0_ARITHMETIC_UNIT/div_63/U212/Y (CLKMX2X2M)            0.71      37.13 f
  U0_ARITHMETIC_UNIT/div_63/u_div_u_fa_PartRem_0_9_1/CO (ADDFX2M)
                                                          0.73      37.86 f
  U0_ARITHMETIC_UNIT/div_63/u_div_u_fa_PartRem_0_9_2/CO (ADDFX2M)
                                                          0.55      38.41 f
  U0_ARITHMETIC_UNIT/div_63/u_div_u_fa_PartRem_0_9_3/CO (ADDFHX8M)
                                                          0.30      38.71 f
  U0_ARITHMETIC_UNIT/div_63/u_div_u_fa_PartRem_0_9_4/CO (ADDFX2M)
                                                          0.47      39.18 f
  U0_ARITHMETIC_UNIT/div_63/u_div_u_fa_PartRem_0_9_5/CO (ADDFX2M)
                                                          0.55      39.73 f
  U0_ARITHMETIC_UNIT/div_63/u_div_u_fa_PartRem_0_9_6/CO (ADDFHX8M)
                                                          0.30      40.03 f
  U0_ARITHMETIC_UNIT/div_63/U49/Y (CLKAND2X6M)            0.67      40.71 f
  U0_ARITHMETIC_UNIT/div_63/U56/Y (MX2X3M)                0.51      41.21 f
  U0_ARITHMETIC_UNIT/div_63/u_div_u_fa_PartRem_0_8_1/CO (ADDFX2M)
                                                          0.63      41.84 f
  U0_ARITHMETIC_UNIT/div_63/u_div_u_fa_PartRem_0_8_2/CO (ADDFX2M)
                                                          0.55      42.39 f
  U0_ARITHMETIC_UNIT/div_63/u_div_u_fa_PartRem_0_8_3/CO (ADDFHX8M)
                                                          0.30      42.70 f
  U0_ARITHMETIC_UNIT/div_63/u_div_u_fa_PartRem_0_8_4/CO (ADDFX2M)
                                                          0.47      43.16 f
  U0_ARITHMETIC_UNIT/div_63/u_div_u_fa_PartRem_0_8_5/CO (ADDFX2M)
                                                          0.52      43.68 f
  U0_ARITHMETIC_UNIT/div_63/u_div_u_fa_PartRem_0_8_6/CO (ADDFHX4M)
                                                          0.33      44.02 f
  U0_ARITHMETIC_UNIT/div_63/u_div_u_fa_PartRem_0_8_7/CO (ADDFX2M)
                                                          0.47      44.49 f
  U0_ARITHMETIC_UNIT/div_63/U134/Y (AND2X1M)              0.45      44.93 f
  U0_ARITHMETIC_UNIT/div_63/U29/Y (BUFX24M)               0.28      45.21 f
  U0_ARITHMETIC_UNIT/div_63/U24/Y (MX2X1M)                0.72      45.94 r
  U0_ARITHMETIC_UNIT/div_63/u_div_u_fa_PartRem_0_7_1/CO (ADDFX2M)
                                                          0.74      46.68 r
  U0_ARITHMETIC_UNIT/div_63/u_div_u_fa_PartRem_0_7_2/CO (ADDFX2M)
                                                          0.47      47.14 r
  U0_ARITHMETIC_UNIT/div_63/u_div_u_fa_PartRem_0_7_3/CO (ADDFX2M)
                                                          0.47      47.61 r
  U0_ARITHMETIC_UNIT/div_63/u_div_u_fa_PartRem_0_7_4/CO (ADDFX2M)
                                                          0.47      48.08 r
  U0_ARITHMETIC_UNIT/div_63/u_div_u_fa_PartRem_0_7_5/CO (ADDFX2M)
                                                          0.53      48.61 r
  U0_ARITHMETIC_UNIT/div_63/u_div_u_fa_PartRem_0_7_6/CO (ADDFHX8M)
                                                          0.25      48.85 r
  U0_ARITHMETIC_UNIT/div_63/u_div_u_fa_PartRem_0_7_7/CO (ADDFX2M)
                                                          0.42      49.28 r
  U0_ARITHMETIC_UNIT/div_63/u_div_u_fa_PartRem_0_7_8/CO (ADDFX2M)
                                                          0.48      49.76 r
  U0_ARITHMETIC_UNIT/div_63/U15/Y (CLKAND2X12M)           0.27      50.02 r
  U0_ARITHMETIC_UNIT/div_63/U30/Y (BUFX18M)               0.31      50.33 r
  U0_ARITHMETIC_UNIT/div_63/U178/Y (CLKMX2X2M)            0.64      50.97 f
  U0_ARITHMETIC_UNIT/div_63/u_div_u_fa_PartRem_0_6_1/CO (ADDFX2M)
                                                          0.73      51.70 f
  U0_ARITHMETIC_UNIT/div_63/u_div_u_fa_PartRem_0_6_2/CO (ADDFX2M)
                                                          0.51      52.21 f
  U0_ARITHMETIC_UNIT/div_63/u_div_u_fa_PartRem_0_6_3/CO (ADDFHX2M)
                                                          0.40      52.61 f
  U0_ARITHMETIC_UNIT/div_63/u_div_u_fa_PartRem_0_6_4/CO (ADDFHX4M)
                                                          0.35      52.96 f
  U0_ARITHMETIC_UNIT/div_63/u_div_u_fa_PartRem_0_6_5/CO (ADDFHX8M)
                                                          0.29      53.25 f
  U0_ARITHMETIC_UNIT/div_63/u_div_u_fa_PartRem_0_6_6/CO (ADDFHX8M)
                                                          0.27      53.52 f
  U0_ARITHMETIC_UNIT/div_63/u_div_u_fa_PartRem_0_6_7/CO (ADDFX2M)
                                                          0.48      54.00 f
  U0_ARITHMETIC_UNIT/div_63/u_div_u_fa_PartRem_0_6_8/CO (ADDFHX4M)
                                                          0.36      54.36 f
  U0_ARITHMETIC_UNIT/div_63/u_div_u_fa_PartRem_0_6_9/CO (ADDFHX8M)
                                                          0.27      54.63 f
  U0_ARITHMETIC_UNIT/div_63/U31/Y (AND3XLM)               0.60      55.23 f
  U0_ARITHMETIC_UNIT/div_63/U19/Y (BUFX20M)               0.36      55.59 f
  U0_ARITHMETIC_UNIT/div_63/U180/Y (CLKMX2X2M)            0.58      56.16 f
  U0_ARITHMETIC_UNIT/div_63/u_div_u_fa_PartRem_0_5_1/CO (ADDFX2M)
                                                          0.73      56.89 f
  U0_ARITHMETIC_UNIT/div_63/u_div_u_fa_PartRem_0_5_2/CO (ADDFX2M)
                                                          0.51      57.40 f
  U0_ARITHMETIC_UNIT/div_63/u_div_u_fa_PartRem_0_5_3/CO (ADDFX2M)
                                                          0.51      57.91 f
  U0_ARITHMETIC_UNIT/div_63/u_div_u_fa_PartRem_0_5_4/CO (ADDFX2M)
                                                          0.51      58.41 f
  U0_ARITHMETIC_UNIT/div_63/u_div_u_fa_PartRem_0_5_5/CO (ADDFX2M)
                                                          0.55      58.96 f
  U0_ARITHMETIC_UNIT/div_63/u_div_u_fa_PartRem_0_5_6/CO (ADDFHX8M)
                                                          0.30      59.27 f
  U0_ARITHMETIC_UNIT/div_63/u_div_u_fa_PartRem_0_5_7/CO (ADDFX2M)
                                                          0.47      59.74 f
  U0_ARITHMETIC_UNIT/div_63/u_div_u_fa_PartRem_0_5_8/CO (ADDFX2M)
                                                          0.52      60.26 f
  U0_ARITHMETIC_UNIT/div_63/u_div_u_fa_PartRem_0_5_9/CO (ADDFHX4M)
                                                          0.34      60.60 f
  U0_ARITHMETIC_UNIT/div_63/u_div_u_fa_PartRem_0_5_10/CO (ADDFHX4M)
                                                          0.30      60.90 f
  U0_ARITHMETIC_UNIT/div_63/U135/Y (AND2X1M)              0.41      61.31 f
  U0_ARITHMETIC_UNIT/div_63/U43/Y (CLKBUFX40M)            0.32      61.63 f
  U0_ARITHMETIC_UNIT/div_63/U38/Y (MX2X8M)                0.36      61.99 f
  U0_ARITHMETIC_UNIT/div_63/u_div_u_fa_PartRem_0_4_1/CO (ADDFX2M)
                                                          0.61      62.60 f
  U0_ARITHMETIC_UNIT/div_63/u_div_u_fa_PartRem_0_4_2/CO (ADDFX2M)
                                                          0.51      63.11 f
  U0_ARITHMETIC_UNIT/div_63/u_div_u_fa_PartRem_0_4_3/CO (ADDFHX2M)
                                                          0.39      63.50 f
  U0_ARITHMETIC_UNIT/div_63/u_div_u_fa_PartRem_0_4_4/CO (ADDFX2M)
                                                          0.49      63.99 f
  U0_ARITHMETIC_UNIT/div_63/u_div_u_fa_PartRem_0_4_5/CO (ADDFHX2M)
                                                          0.39      64.38 f
  U0_ARITHMETIC_UNIT/div_63/u_div_u_fa_PartRem_0_4_6/CO (ADDFX2M)
                                                          0.49      64.87 f
  U0_ARITHMETIC_UNIT/div_63/u_div_u_fa_PartRem_0_4_7/CO (ADDFX2M)
                                                          0.51      65.38 f
  U0_ARITHMETIC_UNIT/div_63/u_div_u_fa_PartRem_0_4_8/CO (ADDFX2M)
                                                          0.51      65.88 f
  U0_ARITHMETIC_UNIT/div_63/u_div_u_fa_PartRem_0_4_9/CO (ADDFX2M)
                                                          0.51      66.39 f
  U0_ARITHMETIC_UNIT/div_63/u_div_u_fa_PartRem_0_4_10/CO (ADDFX2M)
                                                          0.55      66.94 f
  U0_ARITHMETIC_UNIT/div_63/u_div_u_fa_PartRem_0_4_11/CO (ADDFHX8M)
                                                          0.30      67.24 f
  U0_ARITHMETIC_UNIT/div_63/U37/Y (AND2X1M)               0.37      67.61 f
  U0_ARITHMETIC_UNIT/div_63/U20/Y (BUFX10M)               0.23      67.84 f
  U0_ARITHMETIC_UNIT/div_63/U184/Y (CLKMX2X2M)            0.55      68.39 f
  U0_ARITHMETIC_UNIT/div_63/u_div_u_fa_PartRem_0_3_1/CO (ADDFX2M)
                                                          0.73      69.12 f
  U0_ARITHMETIC_UNIT/div_63/u_div_u_fa_PartRem_0_3_2/CO (ADDFX2M)
                                                          0.51      69.63 f
  U0_ARITHMETIC_UNIT/div_63/u_div_u_fa_PartRem_0_3_3/CO (ADDFX2M)
                                                          0.51      70.13 f
  U0_ARITHMETIC_UNIT/div_63/u_div_u_fa_PartRem_0_3_4/CO (ADDFX2M)
                                                          0.51      70.64 f
  U0_ARITHMETIC_UNIT/div_63/u_div_u_fa_PartRem_0_3_5/CO (ADDFX2M)
                                                          0.51      71.15 f
  U0_ARITHMETIC_UNIT/div_63/u_div_u_fa_PartRem_0_3_6/CO (ADDFX2M)
                                                          0.51      71.65 f
  U0_ARITHMETIC_UNIT/div_63/u_div_u_fa_PartRem_0_3_7/CO (ADDFX2M)
                                                          0.51      72.16 f
  U0_ARITHMETIC_UNIT/div_63/u_div_u_fa_PartRem_0_3_8/CO (ADDFX2M)
                                                          0.51      72.67 f
  U0_ARITHMETIC_UNIT/div_63/u_div_u_fa_PartRem_0_3_9/CO (ADDFX2M)
                                                          0.51      73.17 f
  U0_ARITHMETIC_UNIT/div_63/u_div_u_fa_PartRem_0_3_10/CO (ADDFX2M)
                                                          0.51      73.68 f
  U0_ARITHMETIC_UNIT/div_63/u_div_u_fa_PartRem_0_3_11/CO (ADDFX2M)
                                                          0.52      74.20 f
  U0_ARITHMETIC_UNIT/div_63/u_div_u_fa_PartRem_0_3_12/CO (ADDFHX4M)
                                                          0.33      74.53 f
  U0_ARITHMETIC_UNIT/div_63/U33/Y (AND3X1M)               0.50      75.02 f
  U0_ARITHMETIC_UNIT/div_63/U32/Y (BUFX20M)               0.33      75.36 f
  U0_ARITHMETIC_UNIT/div_63/U186/Y (CLKMX2X2M)            0.59      75.95 f
  U0_ARITHMETIC_UNIT/div_63/u_div_u_fa_PartRem_0_2_1/CO (ADDFX2M)
                                                          0.73      76.68 f
  U0_ARITHMETIC_UNIT/div_63/u_div_u_fa_PartRem_0_2_2/CO (ADDFX2M)
                                                          0.51      77.18 f
  U0_ARITHMETIC_UNIT/div_63/u_div_u_fa_PartRem_0_2_3/CO (ADDFX2M)
                                                          0.51      77.69 f
  U0_ARITHMETIC_UNIT/div_63/u_div_u_fa_PartRem_0_2_4/CO (ADDFX2M)
                                                          0.51      78.19 f
  U0_ARITHMETIC_UNIT/div_63/u_div_u_fa_PartRem_0_2_5/CO (ADDFX2M)
                                                          0.51      78.70 f
  U0_ARITHMETIC_UNIT/div_63/u_div_u_fa_PartRem_0_2_6/CO (ADDFX2M)
                                                          0.51      79.21 f
  U0_ARITHMETIC_UNIT/div_63/u_div_u_fa_PartRem_0_2_7/CO (ADDFX2M)
                                                          0.51      79.71 f
  U0_ARITHMETIC_UNIT/div_63/u_div_u_fa_PartRem_0_2_8/CO (ADDFX2M)
                                                          0.51      80.22 f
  U0_ARITHMETIC_UNIT/div_63/u_div_u_fa_PartRem_0_2_9/CO (ADDFX2M)
                                                          0.51      80.73 f
  U0_ARITHMETIC_UNIT/div_63/u_div_u_fa_PartRem_0_2_10/CO (ADDFX2M)
                                                          0.51      81.23 f
  U0_ARITHMETIC_UNIT/div_63/u_div_u_fa_PartRem_0_2_11/CO (ADDFX2M)
                                                          0.51      81.74 f
  U0_ARITHMETIC_UNIT/div_63/u_div_u_fa_PartRem_0_2_12/CO (ADDFX2M)
                                                          0.51      82.24 f
  U0_ARITHMETIC_UNIT/div_63/u_div_u_fa_PartRem_0_2_13/CO (ADDFX2M)
                                                          0.51      82.75 f
  U0_ARITHMETIC_UNIT/div_63/U35/Y (CLKAND2X8M)            0.30      83.06 f
  U0_ARITHMETIC_UNIT/div_63/U34/Y (BUFX32M)               0.21      83.27 f
  U0_ARITHMETIC_UNIT/div_63/U188/Y (CLKMX2X2M)            0.56      83.82 f
  U0_ARITHMETIC_UNIT/div_63/u_div_u_fa_PartRem_0_1_1/CO (ADDFX2M)
                                                          0.73      84.56 f
  U0_ARITHMETIC_UNIT/div_63/u_div_u_fa_PartRem_0_1_2/CO (ADDFX2M)
                                                          0.51      85.06 f
  U0_ARITHMETIC_UNIT/div_63/u_div_u_fa_PartRem_0_1_3/CO (ADDFX2M)
                                                          0.55      85.61 f
  U0_ARITHMETIC_UNIT/div_63/u_div_u_fa_PartRem_0_1_4/CO (ADDFHX8M)
                                                          0.32      85.93 f
  U0_ARITHMETIC_UNIT/div_63/u_div_u_fa_PartRem_0_1_5/CO (ADDFHX8M)
                                                          0.28      86.22 f
  U0_ARITHMETIC_UNIT/div_63/u_div_u_fa_PartRem_0_1_6/CO (ADDFHX8M)
                                                          0.27      86.48 f
  U0_ARITHMETIC_UNIT/div_63/u_div_u_fa_PartRem_0_1_7/CO (ADDFX2M)
                                                          0.47      86.95 f
  U0_ARITHMETIC_UNIT/div_63/u_div_u_fa_PartRem_0_1_8/CO (ADDFX2M)
                                                          0.51      87.46 f
  U0_ARITHMETIC_UNIT/div_63/u_div_u_fa_PartRem_0_1_9/CO (ADDFX2M)
                                                          0.55      88.01 f
  U0_ARITHMETIC_UNIT/div_63/u_div_u_fa_PartRem_0_1_10/CO (ADDFHX8M)
                                                          0.30      88.31 f
  U0_ARITHMETIC_UNIT/div_63/u_div_u_fa_PartRem_0_1_11/CO (ADDFX2M)
                                                          0.47      88.78 f
  U0_ARITHMETIC_UNIT/div_63/u_div_u_fa_PartRem_0_1_12/CO (ADDFX2M)
                                                          0.51      89.29 f
  U0_ARITHMETIC_UNIT/div_63/u_div_u_fa_PartRem_0_1_13/CO (ADDFX2M)
                                                          0.51      89.79 f
  U0_ARITHMETIC_UNIT/div_63/u_div_u_fa_PartRem_0_1_14/CO (ADDFX2M)
                                                          0.50      90.29 f
  U0_ARITHMETIC_UNIT/div_63/U137/Y (AND2X2M)              0.39      90.68 f
  U0_ARITHMETIC_UNIT/div_63/U51/Y (BUFX10M)               0.33      91.01 f
  U0_ARITHMETIC_UNIT/div_63/U189/Y (CLKMX2X2M)            0.42      91.43 f
  U0_ARITHMETIC_UNIT/div_63/u_div_u_fa_PartRem_0_0_1/CO (ADDFX2M)
                                                          0.66      92.09 f
  U0_ARITHMETIC_UNIT/div_63/u_div_u_fa_PartRem_0_0_2/CO (ADDFX2M)
                                                          0.55      92.64 f
  U0_ARITHMETIC_UNIT/div_63/u_div_u_fa_PartRem_0_0_3/CO (ADDFHX8M)
                                                          0.32      92.96 f
  U0_ARITHMETIC_UNIT/div_63/u_div_u_fa_PartRem_0_0_4/CO (ADDFHX8M)
                                                          0.27      93.23 f
  U0_ARITHMETIC_UNIT/div_63/u_div_u_fa_PartRem_0_0_5/CO (ADDFHX4M)
                                                          0.30      93.53 f
  U0_ARITHMETIC_UNIT/div_63/u_div_u_fa_PartRem_0_0_6/CO (ADDFX2M)
                                                          0.48      94.01 f
  U0_ARITHMETIC_UNIT/div_63/u_div_u_fa_PartRem_0_0_7/CO (ADDFX2M)
                                                          0.51      94.51 f
  U0_ARITHMETIC_UNIT/div_63/u_div_u_fa_PartRem_0_0_8/CO (ADDFX2M)
                                                          0.51      95.02 f
  U0_ARITHMETIC_UNIT/div_63/u_div_u_fa_PartRem_0_0_9/CO (ADDFX2M)
                                                          0.51      95.53 f
  U0_ARITHMETIC_UNIT/div_63/u_div_u_fa_PartRem_0_0_10/CO (ADDFX2M)
                                                          0.51      96.03 f
  U0_ARITHMETIC_UNIT/div_63/u_div_u_fa_PartRem_0_0_11/CO (ADDFX2M)
                                                          0.51      96.54 f
  U0_ARITHMETIC_UNIT/div_63/u_div_u_fa_PartRem_0_0_12/CO (ADDFX2M)
                                                          0.51      97.05 f
  U0_ARITHMETIC_UNIT/div_63/u_div_u_fa_PartRem_0_0_13/CO (ADDFX2M)
                                                          0.51      97.55 f
  U0_ARITHMETIC_UNIT/div_63/u_div_u_fa_PartRem_0_0_14/CO (ADDFX2M)
                                                          0.51      98.06 f
  U0_ARITHMETIC_UNIT/div_63/u_div_u_fa_PartRem_0_0_15/CO (ADDFX2M)
                                                          0.50      98.56 f
  U0_ARITHMETIC_UNIT/div_63/quotient[0] (ARITHMETIC_UNIT_DW_div_uns_0)
                                                          0.00      98.56 f
  U0_ARITHMETIC_UNIT/U41/Y (AO22X1M)                      0.58      99.14 f
  U0_ARITHMETIC_UNIT/U40/Y (OR2X2M)                       0.35      99.48 f
  U0_ARITHMETIC_UNIT/Arith_OUT_reg_0_/D (SDFFRHQX8M)      0.00      99.48 f
  data arrival time                                                 99.48

  clock CLK (rise edge)                                 100.00     100.00
  clock network delay (ideal)                             0.00     100.00
  clock uncertainty                                      -0.20      99.80
  U0_ARITHMETIC_UNIT/Arith_OUT_reg_0_/CK (SDFFRHQX8M)     0.00      99.80 r
  library setup time                                     -0.27      99.53
  data required time                                                99.53
  --------------------------------------------------------------------------
  data required time                                                99.53
  data arrival time                                                -99.48
  --------------------------------------------------------------------------
  slack (MET)                                                        0.04


  Startpoint: B[2] (input port clocked by CLK)
  Endpoint: U0_ARITHMETIC_UNIT/Arith_OUT_reg_1_
            (rising edge-triggered flip-flop clocked by CLK)
  Path Group: CLK
  Path Type: max

  Des/Clust/Port     Wire Load Model       Library
  ------------------------------------------------
  ALU_TOP            tsmc13_wl30           scmetro_tsmc_cl013g_rvt_ss_1p08v_125c

  Point                                                   Incr       Path
  --------------------------------------------------------------------------
  clock CLK (rise edge)                                   0.00       0.00
  clock network delay (ideal)                             0.00       0.00
  input external delay                                   20.00      20.00 r
  B[2] (in)                                               0.17      20.17 r
  U16/Y (CLKBUFX6M)                                       0.84      21.02 r
  U0_ARITHMETIC_UNIT/B[2] (ARITHMETIC_UNIT_test_1)        0.00      21.02 r
  U0_ARITHMETIC_UNIT/div_63/b[2] (ARITHMETIC_UNIT_DW_div_uns_0)
                                                          0.00      21.02 r
  U0_ARITHMETIC_UNIT/div_63/U171/Y (INVX2M)               0.34      21.36 f
  U0_ARITHMETIC_UNIT/div_63/U54/Y (CLKBUFX8M)             0.97      22.33 f
  U0_ARITHMETIC_UNIT/div_63/U2/Y (AND4X8M)                0.63      22.96 f
  U0_ARITHMETIC_UNIT/div_63/U1/Y (MX2X8M)                 0.34      23.29 r
  U0_ARITHMETIC_UNIT/div_63/u_div_u_fa_PartRem_0_14_1/CO (ADDFX2M)
                                                          0.66      23.95 r
  U0_ARITHMETIC_UNIT/div_63/U18/Y (AND3X1M)               0.49      24.44 r
  U0_ARITHMETIC_UNIT/div_63/U17/Y (BUFX10M)               0.26      24.71 r
  U0_ARITHMETIC_UNIT/div_63/U206/Y (CLKMX2X2M)            0.61      25.31 f
  U0_ARITHMETIC_UNIT/div_63/u_div_u_fa_PartRem_0_13_1/CO (ADDFX2M)
                                                          0.73      26.04 f
  U0_ARITHMETIC_UNIT/div_63/u_div_u_fa_PartRem_0_13_2/CO (ADDFX2M)
                                                          0.50      26.54 f
  U0_ARITHMETIC_UNIT/div_63/U48/Y (CLKAND2X4M)            0.57      27.12 f
  U0_ARITHMETIC_UNIT/div_63/U209/Y (CLKMX2X2M)            0.69      27.81 f
  U0_ARITHMETIC_UNIT/div_63/u_div_u_fa_PartRem_0_12_1/CO (ADDFX2M)
                                                          0.73      28.54 f
  U0_ARITHMETIC_UNIT/div_63/u_div_u_fa_PartRem_0_12_2/CO (ADDFX2M)
                                                          0.52      29.06 f
  U0_ARITHMETIC_UNIT/div_63/u_div_u_fa_PartRem_0_12_3/CO (ADDFHX4M)
                                                          0.35      29.40 f
  U0_ARITHMETIC_UNIT/div_63/U8/Y (AND3X12M)               0.32      29.72 f
  U0_ARITHMETIC_UNIT/div_63/U210/Y (CLKMX2X2M)            0.57      30.29 f
  U0_ARITHMETIC_UNIT/div_63/u_div_u_fa_PartRem_0_11_1/CO (ADDFX2M)
                                                          0.73      31.02 f
  U0_ARITHMETIC_UNIT/div_63/u_div_u_fa_PartRem_0_11_2/CO (ADDFX2M)
                                                          0.55      31.57 f
  U0_ARITHMETIC_UNIT/div_63/u_div_u_fa_PartRem_0_11_3/CO (ADDFHX8M)
                                                          0.30      31.88 f
  U0_ARITHMETIC_UNIT/div_63/u_div_u_fa_PartRem_0_11_4/CO (ADDFX2M)
                                                          0.48      32.36 f
  U0_ARITHMETIC_UNIT/div_63/U9/Y (AND2X12M)               0.30      32.66 f
  U0_ARITHMETIC_UNIT/div_63/U211/Y (CLKMX2X2M)            0.58      33.24 f
  U0_ARITHMETIC_UNIT/div_63/u_div_u_fa_PartRem_0_10_1/CO (ADDFX2M)
                                                          0.73      33.97 f
  U0_ARITHMETIC_UNIT/div_63/u_div_u_fa_PartRem_0_10_2/CO (ADDFX2M)
                                                          0.55      34.51 f
  U0_ARITHMETIC_UNIT/div_63/u_div_u_fa_PartRem_0_10_3/CO (ADDFHX8M)
                                                          0.30      34.82 f
  U0_ARITHMETIC_UNIT/div_63/u_div_u_fa_PartRem_0_10_4/CO (ADDFX2M)
                                                          0.47      35.29 f
  U0_ARITHMETIC_UNIT/div_63/u_div_u_fa_PartRem_0_10_5/CO (ADDFX2M)
                                                          0.50      35.79 f
  U0_ARITHMETIC_UNIT/div_63/U47/Y (CLKAND2X6M)            0.63      36.42 f
  U0_ARITHMETIC_UNIT/div_63/U212/Y (CLKMX2X2M)            0.71      37.13 f
  U0_ARITHMETIC_UNIT/div_63/u_div_u_fa_PartRem_0_9_1/CO (ADDFX2M)
                                                          0.73      37.86 f
  U0_ARITHMETIC_UNIT/div_63/u_div_u_fa_PartRem_0_9_2/CO (ADDFX2M)
                                                          0.55      38.41 f
  U0_ARITHMETIC_UNIT/div_63/u_div_u_fa_PartRem_0_9_3/CO (ADDFHX8M)
                                                          0.30      38.71 f
  U0_ARITHMETIC_UNIT/div_63/u_div_u_fa_PartRem_0_9_4/CO (ADDFX2M)
                                                          0.47      39.18 f
  U0_ARITHMETIC_UNIT/div_63/u_div_u_fa_PartRem_0_9_5/CO (ADDFX2M)
                                                          0.55      39.73 f
  U0_ARITHMETIC_UNIT/div_63/u_div_u_fa_PartRem_0_9_6/CO (ADDFHX8M)
                                                          0.30      40.03 f
  U0_ARITHMETIC_UNIT/div_63/U49/Y (CLKAND2X6M)            0.67      40.71 f
  U0_ARITHMETIC_UNIT/div_63/U56/Y (MX2X3M)                0.51      41.21 f
  U0_ARITHMETIC_UNIT/div_63/u_div_u_fa_PartRem_0_8_1/CO (ADDFX2M)
                                                          0.63      41.84 f
  U0_ARITHMETIC_UNIT/div_63/u_div_u_fa_PartRem_0_8_2/CO (ADDFX2M)
                                                          0.55      42.39 f
  U0_ARITHMETIC_UNIT/div_63/u_div_u_fa_PartRem_0_8_3/CO (ADDFHX8M)
                                                          0.30      42.70 f
  U0_ARITHMETIC_UNIT/div_63/u_div_u_fa_PartRem_0_8_4/CO (ADDFX2M)
                                                          0.47      43.16 f
  U0_ARITHMETIC_UNIT/div_63/u_div_u_fa_PartRem_0_8_5/CO (ADDFX2M)
                                                          0.52      43.68 f
  U0_ARITHMETIC_UNIT/div_63/u_div_u_fa_PartRem_0_8_6/CO (ADDFHX4M)
                                                          0.33      44.02 f
  U0_ARITHMETIC_UNIT/div_63/u_div_u_fa_PartRem_0_8_7/CO (ADDFX2M)
                                                          0.47      44.49 f
  U0_ARITHMETIC_UNIT/div_63/U134/Y (AND2X1M)              0.45      44.93 f
  U0_ARITHMETIC_UNIT/div_63/U29/Y (BUFX24M)               0.28      45.21 f
  U0_ARITHMETIC_UNIT/div_63/U24/Y (MX2X1M)                0.72      45.94 r
  U0_ARITHMETIC_UNIT/div_63/u_div_u_fa_PartRem_0_7_1/CO (ADDFX2M)
                                                          0.74      46.68 r
  U0_ARITHMETIC_UNIT/div_63/u_div_u_fa_PartRem_0_7_2/CO (ADDFX2M)
                                                          0.47      47.14 r
  U0_ARITHMETIC_UNIT/div_63/u_div_u_fa_PartRem_0_7_3/CO (ADDFX2M)
                                                          0.47      47.61 r
  U0_ARITHMETIC_UNIT/div_63/u_div_u_fa_PartRem_0_7_4/CO (ADDFX2M)
                                                          0.47      48.08 r
  U0_ARITHMETIC_UNIT/div_63/u_div_u_fa_PartRem_0_7_5/CO (ADDFX2M)
                                                          0.53      48.61 r
  U0_ARITHMETIC_UNIT/div_63/u_div_u_fa_PartRem_0_7_6/CO (ADDFHX8M)
                                                          0.25      48.85 r
  U0_ARITHMETIC_UNIT/div_63/u_div_u_fa_PartRem_0_7_7/CO (ADDFX2M)
                                                          0.42      49.28 r
  U0_ARITHMETIC_UNIT/div_63/u_div_u_fa_PartRem_0_7_8/CO (ADDFX2M)
                                                          0.48      49.76 r
  U0_ARITHMETIC_UNIT/div_63/U15/Y (CLKAND2X12M)           0.27      50.02 r
  U0_ARITHMETIC_UNIT/div_63/U30/Y (BUFX18M)               0.31      50.33 r
  U0_ARITHMETIC_UNIT/div_63/U178/Y (CLKMX2X2M)            0.64      50.97 f
  U0_ARITHMETIC_UNIT/div_63/u_div_u_fa_PartRem_0_6_1/CO (ADDFX2M)
                                                          0.73      51.70 f
  U0_ARITHMETIC_UNIT/div_63/u_div_u_fa_PartRem_0_6_2/CO (ADDFX2M)
                                                          0.51      52.21 f
  U0_ARITHMETIC_UNIT/div_63/u_div_u_fa_PartRem_0_6_3/CO (ADDFHX2M)
                                                          0.40      52.61 f
  U0_ARITHMETIC_UNIT/div_63/u_div_u_fa_PartRem_0_6_4/CO (ADDFHX4M)
                                                          0.35      52.96 f
  U0_ARITHMETIC_UNIT/div_63/u_div_u_fa_PartRem_0_6_5/CO (ADDFHX8M)
                                                          0.29      53.25 f
  U0_ARITHMETIC_UNIT/div_63/u_div_u_fa_PartRem_0_6_6/CO (ADDFHX8M)
                                                          0.27      53.52 f
  U0_ARITHMETIC_UNIT/div_63/u_div_u_fa_PartRem_0_6_7/CO (ADDFX2M)
                                                          0.48      54.00 f
  U0_ARITHMETIC_UNIT/div_63/u_div_u_fa_PartRem_0_6_8/CO (ADDFHX4M)
                                                          0.36      54.36 f
  U0_ARITHMETIC_UNIT/div_63/u_div_u_fa_PartRem_0_6_9/CO (ADDFHX8M)
                                                          0.27      54.63 f
  U0_ARITHMETIC_UNIT/div_63/U31/Y (AND3XLM)               0.60      55.23 f
  U0_ARITHMETIC_UNIT/div_63/U19/Y (BUFX20M)               0.36      55.59 f
  U0_ARITHMETIC_UNIT/div_63/U180/Y (CLKMX2X2M)            0.58      56.16 f
  U0_ARITHMETIC_UNIT/div_63/u_div_u_fa_PartRem_0_5_1/CO (ADDFX2M)
                                                          0.73      56.89 f
  U0_ARITHMETIC_UNIT/div_63/u_div_u_fa_PartRem_0_5_2/CO (ADDFX2M)
                                                          0.51      57.40 f
  U0_ARITHMETIC_UNIT/div_63/u_div_u_fa_PartRem_0_5_3/CO (ADDFX2M)
                                                          0.51      57.91 f
  U0_ARITHMETIC_UNIT/div_63/u_div_u_fa_PartRem_0_5_4/CO (ADDFX2M)
                                                          0.51      58.41 f
  U0_ARITHMETIC_UNIT/div_63/u_div_u_fa_PartRem_0_5_5/CO (ADDFX2M)
                                                          0.55      58.96 f
  U0_ARITHMETIC_UNIT/div_63/u_div_u_fa_PartRem_0_5_6/CO (ADDFHX8M)
                                                          0.30      59.27 f
  U0_ARITHMETIC_UNIT/div_63/u_div_u_fa_PartRem_0_5_7/CO (ADDFX2M)
                                                          0.47      59.74 f
  U0_ARITHMETIC_UNIT/div_63/u_div_u_fa_PartRem_0_5_8/CO (ADDFX2M)
                                                          0.52      60.26 f
  U0_ARITHMETIC_UNIT/div_63/u_div_u_fa_PartRem_0_5_9/CO (ADDFHX4M)
                                                          0.34      60.60 f
  U0_ARITHMETIC_UNIT/div_63/u_div_u_fa_PartRem_0_5_10/CO (ADDFHX4M)
                                                          0.30      60.90 f
  U0_ARITHMETIC_UNIT/div_63/U135/Y (AND2X1M)              0.41      61.31 f
  U0_ARITHMETIC_UNIT/div_63/U43/Y (CLKBUFX40M)            0.32      61.63 f
  U0_ARITHMETIC_UNIT/div_63/U38/Y (MX2X8M)                0.36      61.99 f
  U0_ARITHMETIC_UNIT/div_63/u_div_u_fa_PartRem_0_4_1/CO (ADDFX2M)
                                                          0.61      62.60 f
  U0_ARITHMETIC_UNIT/div_63/u_div_u_fa_PartRem_0_4_2/CO (ADDFX2M)
                                                          0.51      63.11 f
  U0_ARITHMETIC_UNIT/div_63/u_div_u_fa_PartRem_0_4_3/CO (ADDFHX2M)
                                                          0.39      63.50 f
  U0_ARITHMETIC_UNIT/div_63/u_div_u_fa_PartRem_0_4_4/CO (ADDFX2M)
                                                          0.49      63.99 f
  U0_ARITHMETIC_UNIT/div_63/u_div_u_fa_PartRem_0_4_5/CO (ADDFHX2M)
                                                          0.39      64.38 f
  U0_ARITHMETIC_UNIT/div_63/u_div_u_fa_PartRem_0_4_6/CO (ADDFX2M)
                                                          0.49      64.87 f
  U0_ARITHMETIC_UNIT/div_63/u_div_u_fa_PartRem_0_4_7/CO (ADDFX2M)
                                                          0.51      65.38 f
  U0_ARITHMETIC_UNIT/div_63/u_div_u_fa_PartRem_0_4_8/CO (ADDFX2M)
                                                          0.51      65.88 f
  U0_ARITHMETIC_UNIT/div_63/u_div_u_fa_PartRem_0_4_9/CO (ADDFX2M)
                                                          0.51      66.39 f
  U0_ARITHMETIC_UNIT/div_63/u_div_u_fa_PartRem_0_4_10/CO (ADDFX2M)
                                                          0.55      66.94 f
  U0_ARITHMETIC_UNIT/div_63/u_div_u_fa_PartRem_0_4_11/CO (ADDFHX8M)
                                                          0.30      67.24 f
  U0_ARITHMETIC_UNIT/div_63/U37/Y (AND2X1M)               0.37      67.61 f
  U0_ARITHMETIC_UNIT/div_63/U20/Y (BUFX10M)               0.23      67.84 f
  U0_ARITHMETIC_UNIT/div_63/U184/Y (CLKMX2X2M)            0.55      68.39 f
  U0_ARITHMETIC_UNIT/div_63/u_div_u_fa_PartRem_0_3_1/CO (ADDFX2M)
                                                          0.73      69.12 f
  U0_ARITHMETIC_UNIT/div_63/u_div_u_fa_PartRem_0_3_2/CO (ADDFX2M)
                                                          0.51      69.63 f
  U0_ARITHMETIC_UNIT/div_63/u_div_u_fa_PartRem_0_3_3/CO (ADDFX2M)
                                                          0.51      70.13 f
  U0_ARITHMETIC_UNIT/div_63/u_div_u_fa_PartRem_0_3_4/CO (ADDFX2M)
                                                          0.51      70.64 f
  U0_ARITHMETIC_UNIT/div_63/u_div_u_fa_PartRem_0_3_5/CO (ADDFX2M)
                                                          0.51      71.15 f
  U0_ARITHMETIC_UNIT/div_63/u_div_u_fa_PartRem_0_3_6/CO (ADDFX2M)
                                                          0.51      71.65 f
  U0_ARITHMETIC_UNIT/div_63/u_div_u_fa_PartRem_0_3_7/CO (ADDFX2M)
                                                          0.51      72.16 f
  U0_ARITHMETIC_UNIT/div_63/u_div_u_fa_PartRem_0_3_8/CO (ADDFX2M)
                                                          0.51      72.67 f
  U0_ARITHMETIC_UNIT/div_63/u_div_u_fa_PartRem_0_3_9/CO (ADDFX2M)
                                                          0.51      73.17 f
  U0_ARITHMETIC_UNIT/div_63/u_div_u_fa_PartRem_0_3_10/CO (ADDFX2M)
                                                          0.51      73.68 f
  U0_ARITHMETIC_UNIT/div_63/u_div_u_fa_PartRem_0_3_11/CO (ADDFX2M)
                                                          0.52      74.20 f
  U0_ARITHMETIC_UNIT/div_63/u_div_u_fa_PartRem_0_3_12/CO (ADDFHX4M)
                                                          0.33      74.53 f
  U0_ARITHMETIC_UNIT/div_63/U33/Y (AND3X1M)               0.50      75.02 f
  U0_ARITHMETIC_UNIT/div_63/U32/Y (BUFX20M)               0.33      75.36 f
  U0_ARITHMETIC_UNIT/div_63/U186/Y (CLKMX2X2M)            0.59      75.95 f
  U0_ARITHMETIC_UNIT/div_63/u_div_u_fa_PartRem_0_2_1/CO (ADDFX2M)
                                                          0.73      76.68 f
  U0_ARITHMETIC_UNIT/div_63/u_div_u_fa_PartRem_0_2_2/CO (ADDFX2M)
                                                          0.51      77.18 f
  U0_ARITHMETIC_UNIT/div_63/u_div_u_fa_PartRem_0_2_3/CO (ADDFX2M)
                                                          0.51      77.69 f
  U0_ARITHMETIC_UNIT/div_63/u_div_u_fa_PartRem_0_2_4/CO (ADDFX2M)
                                                          0.51      78.19 f
  U0_ARITHMETIC_UNIT/div_63/u_div_u_fa_PartRem_0_2_5/CO (ADDFX2M)
                                                          0.51      78.70 f
  U0_ARITHMETIC_UNIT/div_63/u_div_u_fa_PartRem_0_2_6/CO (ADDFX2M)
                                                          0.51      79.21 f
  U0_ARITHMETIC_UNIT/div_63/u_div_u_fa_PartRem_0_2_7/CO (ADDFX2M)
                                                          0.51      79.71 f
  U0_ARITHMETIC_UNIT/div_63/u_div_u_fa_PartRem_0_2_8/CO (ADDFX2M)
                                                          0.51      80.22 f
  U0_ARITHMETIC_UNIT/div_63/u_div_u_fa_PartRem_0_2_9/CO (ADDFX2M)
                                                          0.51      80.73 f
  U0_ARITHMETIC_UNIT/div_63/u_div_u_fa_PartRem_0_2_10/CO (ADDFX2M)
                                                          0.51      81.23 f
  U0_ARITHMETIC_UNIT/div_63/u_div_u_fa_PartRem_0_2_11/CO (ADDFX2M)
                                                          0.51      81.74 f
  U0_ARITHMETIC_UNIT/div_63/u_div_u_fa_PartRem_0_2_12/CO (ADDFX2M)
                                                          0.51      82.24 f
  U0_ARITHMETIC_UNIT/div_63/u_div_u_fa_PartRem_0_2_13/CO (ADDFX2M)
                                                          0.51      82.75 f
  U0_ARITHMETIC_UNIT/div_63/U35/Y (CLKAND2X8M)            0.30      83.06 f
  U0_ARITHMETIC_UNIT/div_63/U34/Y (BUFX32M)               0.21      83.27 f
  U0_ARITHMETIC_UNIT/div_63/U188/Y (CLKMX2X2M)            0.56      83.82 f
  U0_ARITHMETIC_UNIT/div_63/u_div_u_fa_PartRem_0_1_1/CO (ADDFX2M)
                                                          0.73      84.56 f
  U0_ARITHMETIC_UNIT/div_63/u_div_u_fa_PartRem_0_1_2/CO (ADDFX2M)
                                                          0.51      85.06 f
  U0_ARITHMETIC_UNIT/div_63/u_div_u_fa_PartRem_0_1_3/CO (ADDFX2M)
                                                          0.55      85.61 f
  U0_ARITHMETIC_UNIT/div_63/u_div_u_fa_PartRem_0_1_4/CO (ADDFHX8M)
                                                          0.32      85.93 f
  U0_ARITHMETIC_UNIT/div_63/u_div_u_fa_PartRem_0_1_5/CO (ADDFHX8M)
                                                          0.28      86.22 f
  U0_ARITHMETIC_UNIT/div_63/u_div_u_fa_PartRem_0_1_6/CO (ADDFHX8M)
                                                          0.27      86.48 f
  U0_ARITHMETIC_UNIT/div_63/u_div_u_fa_PartRem_0_1_7/CO (ADDFX2M)
                                                          0.47      86.95 f
  U0_ARITHMETIC_UNIT/div_63/u_div_u_fa_PartRem_0_1_8/CO (ADDFX2M)
                                                          0.51      87.46 f
  U0_ARITHMETIC_UNIT/div_63/u_div_u_fa_PartRem_0_1_9/CO (ADDFX2M)
                                                          0.55      88.01 f
  U0_ARITHMETIC_UNIT/div_63/u_div_u_fa_PartRem_0_1_10/CO (ADDFHX8M)
                                                          0.30      88.31 f
  U0_ARITHMETIC_UNIT/div_63/u_div_u_fa_PartRem_0_1_11/CO (ADDFX2M)
                                                          0.47      88.78 f
  U0_ARITHMETIC_UNIT/div_63/u_div_u_fa_PartRem_0_1_12/CO (ADDFX2M)
                                                          0.51      89.29 f
  U0_ARITHMETIC_UNIT/div_63/u_div_u_fa_PartRem_0_1_13/CO (ADDFX2M)
                                                          0.51      89.79 f
  U0_ARITHMETIC_UNIT/div_63/u_div_u_fa_PartRem_0_1_14/CO (ADDFX2M)
                                                          0.50      90.29 f
  U0_ARITHMETIC_UNIT/div_63/U137/Y (AND2X2M)              0.39      90.68 f
  U0_ARITHMETIC_UNIT/div_63/U50/Y (BUFX4M)                0.56      91.24 f
  U0_ARITHMETIC_UNIT/div_63/quotient[1] (ARITHMETIC_UNIT_DW_div_uns_0)
                                                          0.00      91.24 f
  U0_ARITHMETIC_UNIT/U154/Y (AOI22X1M)                    0.77      92.00 r
  U0_ARITHMETIC_UNIT/U152/Y (NAND2X2M)                    0.37      92.37 f
  U0_ARITHMETIC_UNIT/Arith_OUT_reg_1_/D (SDFFRHQX8M)      0.00      92.37 f
  data arrival time                                                 92.37

  clock CLK (rise edge)                                 100.00     100.00
  clock network delay (ideal)                             0.00     100.00
  clock uncertainty                                      -0.20      99.80
  U0_ARITHMETIC_UNIT/Arith_OUT_reg_1_/CK (SDFFRHQX8M)     0.00      99.80 r
  library setup time                                     -0.33      99.47
  data required time                                                99.47
  --------------------------------------------------------------------------
  data required time                                                99.47
  data arrival time                                                -92.37
  --------------------------------------------------------------------------
  slack (MET)                                                        7.10


  Startpoint: B[2] (input port clocked by CLK)
  Endpoint: U0_ARITHMETIC_UNIT/Arith_OUT_reg_2_
            (rising edge-triggered flip-flop clocked by CLK)
  Path Group: CLK
  Path Type: max

  Des/Clust/Port     Wire Load Model       Library
  ------------------------------------------------
  ALU_TOP            tsmc13_wl30           scmetro_tsmc_cl013g_rvt_ss_1p08v_125c

  Point                                                   Incr       Path
  --------------------------------------------------------------------------
  clock CLK (rise edge)                                   0.00       0.00
  clock network delay (ideal)                             0.00       0.00
  input external delay                                   20.00      20.00 r
  B[2] (in)                                               0.17      20.17 r
  U16/Y (CLKBUFX6M)                                       0.84      21.02 r
  U0_ARITHMETIC_UNIT/B[2] (ARITHMETIC_UNIT_test_1)        0.00      21.02 r
  U0_ARITHMETIC_UNIT/div_63/b[2] (ARITHMETIC_UNIT_DW_div_uns_0)
                                                          0.00      21.02 r
  U0_ARITHMETIC_UNIT/div_63/U171/Y (INVX2M)               0.34      21.36 f
  U0_ARITHMETIC_UNIT/div_63/U54/Y (CLKBUFX8M)             0.97      22.33 f
  U0_ARITHMETIC_UNIT/div_63/U2/Y (AND4X8M)                0.63      22.96 f
  U0_ARITHMETIC_UNIT/div_63/U1/Y (MX2X8M)                 0.34      23.29 r
  U0_ARITHMETIC_UNIT/div_63/u_div_u_fa_PartRem_0_14_1/CO (ADDFX2M)
                                                          0.66      23.95 r
  U0_ARITHMETIC_UNIT/div_63/U18/Y (AND3X1M)               0.49      24.44 r
  U0_ARITHMETIC_UNIT/div_63/U17/Y (BUFX10M)               0.26      24.71 r
  U0_ARITHMETIC_UNIT/div_63/U206/Y (CLKMX2X2M)            0.61      25.31 f
  U0_ARITHMETIC_UNIT/div_63/u_div_u_fa_PartRem_0_13_1/CO (ADDFX2M)
                                                          0.73      26.04 f
  U0_ARITHMETIC_UNIT/div_63/u_div_u_fa_PartRem_0_13_2/CO (ADDFX2M)
                                                          0.50      26.54 f
  U0_ARITHMETIC_UNIT/div_63/U48/Y (CLKAND2X4M)            0.57      27.12 f
  U0_ARITHMETIC_UNIT/div_63/U209/Y (CLKMX2X2M)            0.69      27.81 f
  U0_ARITHMETIC_UNIT/div_63/u_div_u_fa_PartRem_0_12_1/CO (ADDFX2M)
                                                          0.73      28.54 f
  U0_ARITHMETIC_UNIT/div_63/u_div_u_fa_PartRem_0_12_2/CO (ADDFX2M)
                                                          0.52      29.06 f
  U0_ARITHMETIC_UNIT/div_63/u_div_u_fa_PartRem_0_12_3/CO (ADDFHX4M)
                                                          0.35      29.40 f
  U0_ARITHMETIC_UNIT/div_63/U8/Y (AND3X12M)               0.32      29.72 f
  U0_ARITHMETIC_UNIT/div_63/U210/Y (CLKMX2X2M)            0.57      30.29 f
  U0_ARITHMETIC_UNIT/div_63/u_div_u_fa_PartRem_0_11_1/CO (ADDFX2M)
                                                          0.73      31.02 f
  U0_ARITHMETIC_UNIT/div_63/u_div_u_fa_PartRem_0_11_2/CO (ADDFX2M)
                                                          0.55      31.57 f
  U0_ARITHMETIC_UNIT/div_63/u_div_u_fa_PartRem_0_11_3/CO (ADDFHX8M)
                                                          0.30      31.88 f
  U0_ARITHMETIC_UNIT/div_63/u_div_u_fa_PartRem_0_11_4/CO (ADDFX2M)
                                                          0.48      32.36 f
  U0_ARITHMETIC_UNIT/div_63/U9/Y (AND2X12M)               0.30      32.66 f
  U0_ARITHMETIC_UNIT/div_63/U211/Y (CLKMX2X2M)            0.58      33.24 f
  U0_ARITHMETIC_UNIT/div_63/u_div_u_fa_PartRem_0_10_1/CO (ADDFX2M)
                                                          0.73      33.97 f
  U0_ARITHMETIC_UNIT/div_63/u_div_u_fa_PartRem_0_10_2/CO (ADDFX2M)
                                                          0.55      34.51 f
  U0_ARITHMETIC_UNIT/div_63/u_div_u_fa_PartRem_0_10_3/CO (ADDFHX8M)
                                                          0.30      34.82 f
  U0_ARITHMETIC_UNIT/div_63/u_div_u_fa_PartRem_0_10_4/CO (ADDFX2M)
                                                          0.47      35.29 f
  U0_ARITHMETIC_UNIT/div_63/u_div_u_fa_PartRem_0_10_5/CO (ADDFX2M)
                                                          0.50      35.79 f
  U0_ARITHMETIC_UNIT/div_63/U47/Y (CLKAND2X6M)            0.63      36.42 f
  U0_ARITHMETIC_UNIT/div_63/U212/Y (CLKMX2X2M)            0.71      37.13 f
  U0_ARITHMETIC_UNIT/div_63/u_div_u_fa_PartRem_0_9_1/CO (ADDFX2M)
                                                          0.73      37.86 f
  U0_ARITHMETIC_UNIT/div_63/u_div_u_fa_PartRem_0_9_2/CO (ADDFX2M)
                                                          0.55      38.41 f
  U0_ARITHMETIC_UNIT/div_63/u_div_u_fa_PartRem_0_9_3/CO (ADDFHX8M)
                                                          0.30      38.71 f
  U0_ARITHMETIC_UNIT/div_63/u_div_u_fa_PartRem_0_9_4/CO (ADDFX2M)
                                                          0.47      39.18 f
  U0_ARITHMETIC_UNIT/div_63/u_div_u_fa_PartRem_0_9_5/CO (ADDFX2M)
                                                          0.55      39.73 f
  U0_ARITHMETIC_UNIT/div_63/u_div_u_fa_PartRem_0_9_6/CO (ADDFHX8M)
                                                          0.30      40.03 f
  U0_ARITHMETIC_UNIT/div_63/U49/Y (CLKAND2X6M)            0.67      40.71 f
  U0_ARITHMETIC_UNIT/div_63/U56/Y (MX2X3M)                0.51      41.21 f
  U0_ARITHMETIC_UNIT/div_63/u_div_u_fa_PartRem_0_8_1/CO (ADDFX2M)
                                                          0.63      41.84 f
  U0_ARITHMETIC_UNIT/div_63/u_div_u_fa_PartRem_0_8_2/CO (ADDFX2M)
                                                          0.55      42.39 f
  U0_ARITHMETIC_UNIT/div_63/u_div_u_fa_PartRem_0_8_3/CO (ADDFHX8M)
                                                          0.30      42.70 f
  U0_ARITHMETIC_UNIT/div_63/u_div_u_fa_PartRem_0_8_4/CO (ADDFX2M)
                                                          0.47      43.16 f
  U0_ARITHMETIC_UNIT/div_63/u_div_u_fa_PartRem_0_8_5/CO (ADDFX2M)
                                                          0.52      43.68 f
  U0_ARITHMETIC_UNIT/div_63/u_div_u_fa_PartRem_0_8_6/CO (ADDFHX4M)
                                                          0.33      44.02 f
  U0_ARITHMETIC_UNIT/div_63/u_div_u_fa_PartRem_0_8_7/CO (ADDFX2M)
                                                          0.47      44.49 f
  U0_ARITHMETIC_UNIT/div_63/U134/Y (AND2X1M)              0.45      44.93 f
  U0_ARITHMETIC_UNIT/div_63/U29/Y (BUFX24M)               0.28      45.21 f
  U0_ARITHMETIC_UNIT/div_63/U24/Y (MX2X1M)                0.72      45.94 r
  U0_ARITHMETIC_UNIT/div_63/u_div_u_fa_PartRem_0_7_1/CO (ADDFX2M)
                                                          0.74      46.68 r
  U0_ARITHMETIC_UNIT/div_63/u_div_u_fa_PartRem_0_7_2/CO (ADDFX2M)
                                                          0.47      47.14 r
  U0_ARITHMETIC_UNIT/div_63/u_div_u_fa_PartRem_0_7_3/CO (ADDFX2M)
                                                          0.47      47.61 r
  U0_ARITHMETIC_UNIT/div_63/u_div_u_fa_PartRem_0_7_4/CO (ADDFX2M)
                                                          0.47      48.08 r
  U0_ARITHMETIC_UNIT/div_63/u_div_u_fa_PartRem_0_7_5/CO (ADDFX2M)
                                                          0.53      48.61 r
  U0_ARITHMETIC_UNIT/div_63/u_div_u_fa_PartRem_0_7_6/CO (ADDFHX8M)
                                                          0.25      48.85 r
  U0_ARITHMETIC_UNIT/div_63/u_div_u_fa_PartRem_0_7_7/CO (ADDFX2M)
                                                          0.42      49.28 r
  U0_ARITHMETIC_UNIT/div_63/u_div_u_fa_PartRem_0_7_8/CO (ADDFX2M)
                                                          0.48      49.76 r
  U0_ARITHMETIC_UNIT/div_63/U15/Y (CLKAND2X12M)           0.27      50.02 r
  U0_ARITHMETIC_UNIT/div_63/U30/Y (BUFX18M)               0.31      50.33 r
  U0_ARITHMETIC_UNIT/div_63/U178/Y (CLKMX2X2M)            0.64      50.97 f
  U0_ARITHMETIC_UNIT/div_63/u_div_u_fa_PartRem_0_6_1/CO (ADDFX2M)
                                                          0.73      51.70 f
  U0_ARITHMETIC_UNIT/div_63/u_div_u_fa_PartRem_0_6_2/CO (ADDFX2M)
                                                          0.51      52.21 f
  U0_ARITHMETIC_UNIT/div_63/u_div_u_fa_PartRem_0_6_3/CO (ADDFHX2M)
                                                          0.40      52.61 f
  U0_ARITHMETIC_UNIT/div_63/u_div_u_fa_PartRem_0_6_4/CO (ADDFHX4M)
                                                          0.35      52.96 f
  U0_ARITHMETIC_UNIT/div_63/u_div_u_fa_PartRem_0_6_5/CO (ADDFHX8M)
                                                          0.29      53.25 f
  U0_ARITHMETIC_UNIT/div_63/u_div_u_fa_PartRem_0_6_6/CO (ADDFHX8M)
                                                          0.27      53.52 f
  U0_ARITHMETIC_UNIT/div_63/u_div_u_fa_PartRem_0_6_7/CO (ADDFX2M)
                                                          0.48      54.00 f
  U0_ARITHMETIC_UNIT/div_63/u_div_u_fa_PartRem_0_6_8/CO (ADDFHX4M)
                                                          0.36      54.36 f
  U0_ARITHMETIC_UNIT/div_63/u_div_u_fa_PartRem_0_6_9/CO (ADDFHX8M)
                                                          0.27      54.63 f
  U0_ARITHMETIC_UNIT/div_63/U31/Y (AND3XLM)               0.60      55.23 f
  U0_ARITHMETIC_UNIT/div_63/U19/Y (BUFX20M)               0.36      55.59 f
  U0_ARITHMETIC_UNIT/div_63/U180/Y (CLKMX2X2M)            0.58      56.16 f
  U0_ARITHMETIC_UNIT/div_63/u_div_u_fa_PartRem_0_5_1/CO (ADDFX2M)
                                                          0.73      56.89 f
  U0_ARITHMETIC_UNIT/div_63/u_div_u_fa_PartRem_0_5_2/CO (ADDFX2M)
                                                          0.51      57.40 f
  U0_ARITHMETIC_UNIT/div_63/u_div_u_fa_PartRem_0_5_3/CO (ADDFX2M)
                                                          0.51      57.91 f
  U0_ARITHMETIC_UNIT/div_63/u_div_u_fa_PartRem_0_5_4/CO (ADDFX2M)
                                                          0.51      58.41 f
  U0_ARITHMETIC_UNIT/div_63/u_div_u_fa_PartRem_0_5_5/CO (ADDFX2M)
                                                          0.55      58.96 f
  U0_ARITHMETIC_UNIT/div_63/u_div_u_fa_PartRem_0_5_6/CO (ADDFHX8M)
                                                          0.30      59.27 f
  U0_ARITHMETIC_UNIT/div_63/u_div_u_fa_PartRem_0_5_7/CO (ADDFX2M)
                                                          0.47      59.74 f
  U0_ARITHMETIC_UNIT/div_63/u_div_u_fa_PartRem_0_5_8/CO (ADDFX2M)
                                                          0.52      60.26 f
  U0_ARITHMETIC_UNIT/div_63/u_div_u_fa_PartRem_0_5_9/CO (ADDFHX4M)
                                                          0.34      60.60 f
  U0_ARITHMETIC_UNIT/div_63/u_div_u_fa_PartRem_0_5_10/CO (ADDFHX4M)
                                                          0.30      60.90 f
  U0_ARITHMETIC_UNIT/div_63/U135/Y (AND2X1M)              0.41      61.31 f
  U0_ARITHMETIC_UNIT/div_63/U43/Y (CLKBUFX40M)            0.32      61.63 f
  U0_ARITHMETIC_UNIT/div_63/U38/Y (MX2X8M)                0.36      61.99 f
  U0_ARITHMETIC_UNIT/div_63/u_div_u_fa_PartRem_0_4_1/CO (ADDFX2M)
                                                          0.61      62.60 f
  U0_ARITHMETIC_UNIT/div_63/u_div_u_fa_PartRem_0_4_2/CO (ADDFX2M)
                                                          0.51      63.11 f
  U0_ARITHMETIC_UNIT/div_63/u_div_u_fa_PartRem_0_4_3/CO (ADDFHX2M)
                                                          0.39      63.50 f
  U0_ARITHMETIC_UNIT/div_63/u_div_u_fa_PartRem_0_4_4/CO (ADDFX2M)
                                                          0.49      63.99 f
  U0_ARITHMETIC_UNIT/div_63/u_div_u_fa_PartRem_0_4_5/CO (ADDFHX2M)
                                                          0.39      64.38 f
  U0_ARITHMETIC_UNIT/div_63/u_div_u_fa_PartRem_0_4_6/CO (ADDFX2M)
                                                          0.49      64.87 f
  U0_ARITHMETIC_UNIT/div_63/u_div_u_fa_PartRem_0_4_7/CO (ADDFX2M)
                                                          0.51      65.38 f
  U0_ARITHMETIC_UNIT/div_63/u_div_u_fa_PartRem_0_4_8/CO (ADDFX2M)
                                                          0.51      65.88 f
  U0_ARITHMETIC_UNIT/div_63/u_div_u_fa_PartRem_0_4_9/CO (ADDFX2M)
                                                          0.51      66.39 f
  U0_ARITHMETIC_UNIT/div_63/u_div_u_fa_PartRem_0_4_10/CO (ADDFX2M)
                                                          0.55      66.94 f
  U0_ARITHMETIC_UNIT/div_63/u_div_u_fa_PartRem_0_4_11/CO (ADDFHX8M)
                                                          0.30      67.24 f
  U0_ARITHMETIC_UNIT/div_63/U37/Y (AND2X1M)               0.37      67.61 f
  U0_ARITHMETIC_UNIT/div_63/U20/Y (BUFX10M)               0.23      67.84 f
  U0_ARITHMETIC_UNIT/div_63/U184/Y (CLKMX2X2M)            0.55      68.39 f
  U0_ARITHMETIC_UNIT/div_63/u_div_u_fa_PartRem_0_3_1/CO (ADDFX2M)
                                                          0.73      69.12 f
  U0_ARITHMETIC_UNIT/div_63/u_div_u_fa_PartRem_0_3_2/CO (ADDFX2M)
                                                          0.51      69.63 f
  U0_ARITHMETIC_UNIT/div_63/u_div_u_fa_PartRem_0_3_3/CO (ADDFX2M)
                                                          0.51      70.13 f
  U0_ARITHMETIC_UNIT/div_63/u_div_u_fa_PartRem_0_3_4/CO (ADDFX2M)
                                                          0.51      70.64 f
  U0_ARITHMETIC_UNIT/div_63/u_div_u_fa_PartRem_0_3_5/CO (ADDFX2M)
                                                          0.51      71.15 f
  U0_ARITHMETIC_UNIT/div_63/u_div_u_fa_PartRem_0_3_6/CO (ADDFX2M)
                                                          0.51      71.65 f
  U0_ARITHMETIC_UNIT/div_63/u_div_u_fa_PartRem_0_3_7/CO (ADDFX2M)
                                                          0.51      72.16 f
  U0_ARITHMETIC_UNIT/div_63/u_div_u_fa_PartRem_0_3_8/CO (ADDFX2M)
                                                          0.51      72.67 f
  U0_ARITHMETIC_UNIT/div_63/u_div_u_fa_PartRem_0_3_9/CO (ADDFX2M)
                                                          0.51      73.17 f
  U0_ARITHMETIC_UNIT/div_63/u_div_u_fa_PartRem_0_3_10/CO (ADDFX2M)
                                                          0.51      73.68 f
  U0_ARITHMETIC_UNIT/div_63/u_div_u_fa_PartRem_0_3_11/CO (ADDFX2M)
                                                          0.52      74.20 f
  U0_ARITHMETIC_UNIT/div_63/u_div_u_fa_PartRem_0_3_12/CO (ADDFHX4M)
                                                          0.33      74.53 f
  U0_ARITHMETIC_UNIT/div_63/U33/Y (AND3X1M)               0.50      75.02 f
  U0_ARITHMETIC_UNIT/div_63/U32/Y (BUFX20M)               0.33      75.36 f
  U0_ARITHMETIC_UNIT/div_63/U186/Y (CLKMX2X2M)            0.59      75.95 f
  U0_ARITHMETIC_UNIT/div_63/u_div_u_fa_PartRem_0_2_1/CO (ADDFX2M)
                                                          0.73      76.68 f
  U0_ARITHMETIC_UNIT/div_63/u_div_u_fa_PartRem_0_2_2/CO (ADDFX2M)
                                                          0.51      77.18 f
  U0_ARITHMETIC_UNIT/div_63/u_div_u_fa_PartRem_0_2_3/CO (ADDFX2M)
                                                          0.51      77.69 f
  U0_ARITHMETIC_UNIT/div_63/u_div_u_fa_PartRem_0_2_4/CO (ADDFX2M)
                                                          0.51      78.19 f
  U0_ARITHMETIC_UNIT/div_63/u_div_u_fa_PartRem_0_2_5/CO (ADDFX2M)
                                                          0.51      78.70 f
  U0_ARITHMETIC_UNIT/div_63/u_div_u_fa_PartRem_0_2_6/CO (ADDFX2M)
                                                          0.51      79.21 f
  U0_ARITHMETIC_UNIT/div_63/u_div_u_fa_PartRem_0_2_7/CO (ADDFX2M)
                                                          0.51      79.71 f
  U0_ARITHMETIC_UNIT/div_63/u_div_u_fa_PartRem_0_2_8/CO (ADDFX2M)
                                                          0.51      80.22 f
  U0_ARITHMETIC_UNIT/div_63/u_div_u_fa_PartRem_0_2_9/CO (ADDFX2M)
                                                          0.51      80.73 f
  U0_ARITHMETIC_UNIT/div_63/u_div_u_fa_PartRem_0_2_10/CO (ADDFX2M)
                                                          0.51      81.23 f
  U0_ARITHMETIC_UNIT/div_63/u_div_u_fa_PartRem_0_2_11/CO (ADDFX2M)
                                                          0.51      81.74 f
  U0_ARITHMETIC_UNIT/div_63/u_div_u_fa_PartRem_0_2_12/CO (ADDFX2M)
                                                          0.51      82.24 f
  U0_ARITHMETIC_UNIT/div_63/u_div_u_fa_PartRem_0_2_13/CO (ADDFX2M)
                                                          0.51      82.75 f
  U0_ARITHMETIC_UNIT/div_63/U35/Y (CLKAND2X8M)            0.30      83.06 f
  U0_ARITHMETIC_UNIT/div_63/U136/Y (BUFX4M)               0.48      83.54 f
  U0_ARITHMETIC_UNIT/div_63/quotient[2] (ARITHMETIC_UNIT_DW_div_uns_0)
                                                          0.00      83.54 f
  U0_ARITHMETIC_UNIT/U157/Y (AOI22X1M)                    0.75      84.29 r
  U0_ARITHMETIC_UNIT/U155/Y (NAND2X2M)                    0.37      84.65 f
  U0_ARITHMETIC_UNIT/Arith_OUT_reg_2_/D (SDFFRHQX8M)      0.00      84.65 f
  data arrival time                                                 84.65

  clock CLK (rise edge)                                 100.00     100.00
  clock network delay (ideal)                             0.00     100.00
  clock uncertainty                                      -0.20      99.80
  U0_ARITHMETIC_UNIT/Arith_OUT_reg_2_/CK (SDFFRHQX8M)     0.00      99.80 r
  library setup time                                     -0.33      99.47
  data required time                                                99.47
  --------------------------------------------------------------------------
  data required time                                                99.47
  data arrival time                                                -84.65
  --------------------------------------------------------------------------
  slack (MET)                                                       14.81


  Startpoint: B[2] (input port clocked by CLK)
  Endpoint: U0_ARITHMETIC_UNIT/Arith_OUT_reg_3_
            (rising edge-triggered flip-flop clocked by CLK)
  Path Group: CLK
  Path Type: max

  Des/Clust/Port     Wire Load Model       Library
  ------------------------------------------------
  ALU_TOP            tsmc13_wl30           scmetro_tsmc_cl013g_rvt_ss_1p08v_125c

  Point                                                   Incr       Path
  --------------------------------------------------------------------------
  clock CLK (rise edge)                                   0.00       0.00
  clock network delay (ideal)                             0.00       0.00
  input external delay                                   20.00      20.00 r
  B[2] (in)                                               0.17      20.17 r
  U16/Y (CLKBUFX6M)                                       0.84      21.02 r
  U0_ARITHMETIC_UNIT/B[2] (ARITHMETIC_UNIT_test_1)        0.00      21.02 r
  U0_ARITHMETIC_UNIT/div_63/b[2] (ARITHMETIC_UNIT_DW_div_uns_0)
                                                          0.00      21.02 r
  U0_ARITHMETIC_UNIT/div_63/U171/Y (INVX2M)               0.34      21.36 f
  U0_ARITHMETIC_UNIT/div_63/U54/Y (CLKBUFX8M)             0.97      22.33 f
  U0_ARITHMETIC_UNIT/div_63/U2/Y (AND4X8M)                0.63      22.96 f
  U0_ARITHMETIC_UNIT/div_63/U1/Y (MX2X8M)                 0.34      23.29 r
  U0_ARITHMETIC_UNIT/div_63/u_div_u_fa_PartRem_0_14_1/CO (ADDFX2M)
                                                          0.66      23.95 r
  U0_ARITHMETIC_UNIT/div_63/U18/Y (AND3X1M)               0.49      24.44 r
  U0_ARITHMETIC_UNIT/div_63/U17/Y (BUFX10M)               0.26      24.71 r
  U0_ARITHMETIC_UNIT/div_63/U206/Y (CLKMX2X2M)            0.61      25.31 f
  U0_ARITHMETIC_UNIT/div_63/u_div_u_fa_PartRem_0_13_1/CO (ADDFX2M)
                                                          0.73      26.04 f
  U0_ARITHMETIC_UNIT/div_63/u_div_u_fa_PartRem_0_13_2/CO (ADDFX2M)
                                                          0.50      26.54 f
  U0_ARITHMETIC_UNIT/div_63/U48/Y (CLKAND2X4M)            0.57      27.12 f
  U0_ARITHMETIC_UNIT/div_63/U209/Y (CLKMX2X2M)            0.69      27.81 f
  U0_ARITHMETIC_UNIT/div_63/u_div_u_fa_PartRem_0_12_1/CO (ADDFX2M)
                                                          0.73      28.54 f
  U0_ARITHMETIC_UNIT/div_63/u_div_u_fa_PartRem_0_12_2/CO (ADDFX2M)
                                                          0.52      29.06 f
  U0_ARITHMETIC_UNIT/div_63/u_div_u_fa_PartRem_0_12_3/CO (ADDFHX4M)
                                                          0.35      29.40 f
  U0_ARITHMETIC_UNIT/div_63/U8/Y (AND3X12M)               0.32      29.72 f
  U0_ARITHMETIC_UNIT/div_63/U210/Y (CLKMX2X2M)            0.57      30.29 f
  U0_ARITHMETIC_UNIT/div_63/u_div_u_fa_PartRem_0_11_1/CO (ADDFX2M)
                                                          0.73      31.02 f
  U0_ARITHMETIC_UNIT/div_63/u_div_u_fa_PartRem_0_11_2/CO (ADDFX2M)
                                                          0.55      31.57 f
  U0_ARITHMETIC_UNIT/div_63/u_div_u_fa_PartRem_0_11_3/CO (ADDFHX8M)
                                                          0.30      31.88 f
  U0_ARITHMETIC_UNIT/div_63/u_div_u_fa_PartRem_0_11_4/CO (ADDFX2M)
                                                          0.48      32.36 f
  U0_ARITHMETIC_UNIT/div_63/U9/Y (AND2X12M)               0.30      32.66 f
  U0_ARITHMETIC_UNIT/div_63/U211/Y (CLKMX2X2M)            0.58      33.24 f
  U0_ARITHMETIC_UNIT/div_63/u_div_u_fa_PartRem_0_10_1/CO (ADDFX2M)
                                                          0.73      33.97 f
  U0_ARITHMETIC_UNIT/div_63/u_div_u_fa_PartRem_0_10_2/CO (ADDFX2M)
                                                          0.55      34.51 f
  U0_ARITHMETIC_UNIT/div_63/u_div_u_fa_PartRem_0_10_3/CO (ADDFHX8M)
                                                          0.30      34.82 f
  U0_ARITHMETIC_UNIT/div_63/u_div_u_fa_PartRem_0_10_4/CO (ADDFX2M)
                                                          0.47      35.29 f
  U0_ARITHMETIC_UNIT/div_63/u_div_u_fa_PartRem_0_10_5/CO (ADDFX2M)
                                                          0.50      35.79 f
  U0_ARITHMETIC_UNIT/div_63/U47/Y (CLKAND2X6M)            0.63      36.42 f
  U0_ARITHMETIC_UNIT/div_63/U212/Y (CLKMX2X2M)            0.71      37.13 f
  U0_ARITHMETIC_UNIT/div_63/u_div_u_fa_PartRem_0_9_1/CO (ADDFX2M)
                                                          0.73      37.86 f
  U0_ARITHMETIC_UNIT/div_63/u_div_u_fa_PartRem_0_9_2/CO (ADDFX2M)
                                                          0.55      38.41 f
  U0_ARITHMETIC_UNIT/div_63/u_div_u_fa_PartRem_0_9_3/CO (ADDFHX8M)
                                                          0.30      38.71 f
  U0_ARITHMETIC_UNIT/div_63/u_div_u_fa_PartRem_0_9_4/CO (ADDFX2M)
                                                          0.47      39.18 f
  U0_ARITHMETIC_UNIT/div_63/u_div_u_fa_PartRem_0_9_5/CO (ADDFX2M)
                                                          0.55      39.73 f
  U0_ARITHMETIC_UNIT/div_63/u_div_u_fa_PartRem_0_9_6/CO (ADDFHX8M)
                                                          0.30      40.03 f
  U0_ARITHMETIC_UNIT/div_63/U49/Y (CLKAND2X6M)            0.67      40.71 f
  U0_ARITHMETIC_UNIT/div_63/U56/Y (MX2X3M)                0.51      41.21 f
  U0_ARITHMETIC_UNIT/div_63/u_div_u_fa_PartRem_0_8_1/CO (ADDFX2M)
                                                          0.63      41.84 f
  U0_ARITHMETIC_UNIT/div_63/u_div_u_fa_PartRem_0_8_2/CO (ADDFX2M)
                                                          0.55      42.39 f
  U0_ARITHMETIC_UNIT/div_63/u_div_u_fa_PartRem_0_8_3/CO (ADDFHX8M)
                                                          0.30      42.70 f
  U0_ARITHMETIC_UNIT/div_63/u_div_u_fa_PartRem_0_8_4/CO (ADDFX2M)
                                                          0.47      43.16 f
  U0_ARITHMETIC_UNIT/div_63/u_div_u_fa_PartRem_0_8_5/CO (ADDFX2M)
                                                          0.52      43.68 f
  U0_ARITHMETIC_UNIT/div_63/u_div_u_fa_PartRem_0_8_6/CO (ADDFHX4M)
                                                          0.33      44.02 f
  U0_ARITHMETIC_UNIT/div_63/u_div_u_fa_PartRem_0_8_7/CO (ADDFX2M)
                                                          0.47      44.49 f
  U0_ARITHMETIC_UNIT/div_63/U134/Y (AND2X1M)              0.45      44.93 f
  U0_ARITHMETIC_UNIT/div_63/U29/Y (BUFX24M)               0.28      45.21 f
  U0_ARITHMETIC_UNIT/div_63/U24/Y (MX2X1M)                0.72      45.94 r
  U0_ARITHMETIC_UNIT/div_63/u_div_u_fa_PartRem_0_7_1/CO (ADDFX2M)
                                                          0.74      46.68 r
  U0_ARITHMETIC_UNIT/div_63/u_div_u_fa_PartRem_0_7_2/CO (ADDFX2M)
                                                          0.47      47.14 r
  U0_ARITHMETIC_UNIT/div_63/u_div_u_fa_PartRem_0_7_3/CO (ADDFX2M)
                                                          0.47      47.61 r
  U0_ARITHMETIC_UNIT/div_63/u_div_u_fa_PartRem_0_7_4/CO (ADDFX2M)
                                                          0.47      48.08 r
  U0_ARITHMETIC_UNIT/div_63/u_div_u_fa_PartRem_0_7_5/CO (ADDFX2M)
                                                          0.53      48.61 r
  U0_ARITHMETIC_UNIT/div_63/u_div_u_fa_PartRem_0_7_6/CO (ADDFHX8M)
                                                          0.25      48.85 r
  U0_ARITHMETIC_UNIT/div_63/u_div_u_fa_PartRem_0_7_7/CO (ADDFX2M)
                                                          0.42      49.28 r
  U0_ARITHMETIC_UNIT/div_63/u_div_u_fa_PartRem_0_7_8/CO (ADDFX2M)
                                                          0.48      49.76 r
  U0_ARITHMETIC_UNIT/div_63/U15/Y (CLKAND2X12M)           0.27      50.02 r
  U0_ARITHMETIC_UNIT/div_63/U30/Y (BUFX18M)               0.31      50.33 r
  U0_ARITHMETIC_UNIT/div_63/U178/Y (CLKMX2X2M)            0.64      50.97 f
  U0_ARITHMETIC_UNIT/div_63/u_div_u_fa_PartRem_0_6_1/CO (ADDFX2M)
                                                          0.73      51.70 f
  U0_ARITHMETIC_UNIT/div_63/u_div_u_fa_PartRem_0_6_2/CO (ADDFX2M)
                                                          0.51      52.21 f
  U0_ARITHMETIC_UNIT/div_63/u_div_u_fa_PartRem_0_6_3/CO (ADDFHX2M)
                                                          0.40      52.61 f
  U0_ARITHMETIC_UNIT/div_63/u_div_u_fa_PartRem_0_6_4/CO (ADDFHX4M)
                                                          0.35      52.96 f
  U0_ARITHMETIC_UNIT/div_63/u_div_u_fa_PartRem_0_6_5/CO (ADDFHX8M)
                                                          0.29      53.25 f
  U0_ARITHMETIC_UNIT/div_63/u_div_u_fa_PartRem_0_6_6/CO (ADDFHX8M)
                                                          0.27      53.52 f
  U0_ARITHMETIC_UNIT/div_63/u_div_u_fa_PartRem_0_6_7/CO (ADDFX2M)
                                                          0.48      54.00 f
  U0_ARITHMETIC_UNIT/div_63/u_div_u_fa_PartRem_0_6_8/CO (ADDFHX4M)
                                                          0.36      54.36 f
  U0_ARITHMETIC_UNIT/div_63/u_div_u_fa_PartRem_0_6_9/CO (ADDFHX8M)
                                                          0.27      54.63 f
  U0_ARITHMETIC_UNIT/div_63/U31/Y (AND3XLM)               0.60      55.23 f
  U0_ARITHMETIC_UNIT/div_63/U19/Y (BUFX20M)               0.36      55.59 f
  U0_ARITHMETIC_UNIT/div_63/U180/Y (CLKMX2X2M)            0.58      56.16 f
  U0_ARITHMETIC_UNIT/div_63/u_div_u_fa_PartRem_0_5_1/CO (ADDFX2M)
                                                          0.73      56.89 f
  U0_ARITHMETIC_UNIT/div_63/u_div_u_fa_PartRem_0_5_2/CO (ADDFX2M)
                                                          0.51      57.40 f
  U0_ARITHMETIC_UNIT/div_63/u_div_u_fa_PartRem_0_5_3/CO (ADDFX2M)
                                                          0.51      57.91 f
  U0_ARITHMETIC_UNIT/div_63/u_div_u_fa_PartRem_0_5_4/CO (ADDFX2M)
                                                          0.51      58.41 f
  U0_ARITHMETIC_UNIT/div_63/u_div_u_fa_PartRem_0_5_5/CO (ADDFX2M)
                                                          0.55      58.96 f
  U0_ARITHMETIC_UNIT/div_63/u_div_u_fa_PartRem_0_5_6/CO (ADDFHX8M)
                                                          0.30      59.27 f
  U0_ARITHMETIC_UNIT/div_63/u_div_u_fa_PartRem_0_5_7/CO (ADDFX2M)
                                                          0.47      59.74 f
  U0_ARITHMETIC_UNIT/div_63/u_div_u_fa_PartRem_0_5_8/CO (ADDFX2M)
                                                          0.52      60.26 f
  U0_ARITHMETIC_UNIT/div_63/u_div_u_fa_PartRem_0_5_9/CO (ADDFHX4M)
                                                          0.34      60.60 f
  U0_ARITHMETIC_UNIT/div_63/u_div_u_fa_PartRem_0_5_10/CO (ADDFHX4M)
                                                          0.30      60.90 f
  U0_ARITHMETIC_UNIT/div_63/U135/Y (AND2X1M)              0.41      61.31 f
  U0_ARITHMETIC_UNIT/div_63/U43/Y (CLKBUFX40M)            0.32      61.63 f
  U0_ARITHMETIC_UNIT/div_63/U38/Y (MX2X8M)                0.36      61.99 f
  U0_ARITHMETIC_UNIT/div_63/u_div_u_fa_PartRem_0_4_1/CO (ADDFX2M)
                                                          0.61      62.60 f
  U0_ARITHMETIC_UNIT/div_63/u_div_u_fa_PartRem_0_4_2/CO (ADDFX2M)
                                                          0.51      63.11 f
  U0_ARITHMETIC_UNIT/div_63/u_div_u_fa_PartRem_0_4_3/CO (ADDFHX2M)
                                                          0.39      63.50 f
  U0_ARITHMETIC_UNIT/div_63/u_div_u_fa_PartRem_0_4_4/CO (ADDFX2M)
                                                          0.49      63.99 f
  U0_ARITHMETIC_UNIT/div_63/u_div_u_fa_PartRem_0_4_5/CO (ADDFHX2M)
                                                          0.39      64.38 f
  U0_ARITHMETIC_UNIT/div_63/u_div_u_fa_PartRem_0_4_6/CO (ADDFX2M)
                                                          0.49      64.87 f
  U0_ARITHMETIC_UNIT/div_63/u_div_u_fa_PartRem_0_4_7/CO (ADDFX2M)
                                                          0.51      65.38 f
  U0_ARITHMETIC_UNIT/div_63/u_div_u_fa_PartRem_0_4_8/CO (ADDFX2M)
                                                          0.51      65.88 f
  U0_ARITHMETIC_UNIT/div_63/u_div_u_fa_PartRem_0_4_9/CO (ADDFX2M)
                                                          0.51      66.39 f
  U0_ARITHMETIC_UNIT/div_63/u_div_u_fa_PartRem_0_4_10/CO (ADDFX2M)
                                                          0.55      66.94 f
  U0_ARITHMETIC_UNIT/div_63/u_div_u_fa_PartRem_0_4_11/CO (ADDFHX8M)
                                                          0.30      67.24 f
  U0_ARITHMETIC_UNIT/div_63/U37/Y (AND2X1M)               0.37      67.61 f
  U0_ARITHMETIC_UNIT/div_63/U20/Y (BUFX10M)               0.23      67.84 f
  U0_ARITHMETIC_UNIT/div_63/U184/Y (CLKMX2X2M)            0.55      68.39 f
  U0_ARITHMETIC_UNIT/div_63/u_div_u_fa_PartRem_0_3_1/CO (ADDFX2M)
                                                          0.73      69.12 f
  U0_ARITHMETIC_UNIT/div_63/u_div_u_fa_PartRem_0_3_2/CO (ADDFX2M)
                                                          0.51      69.63 f
  U0_ARITHMETIC_UNIT/div_63/u_div_u_fa_PartRem_0_3_3/CO (ADDFX2M)
                                                          0.51      70.13 f
  U0_ARITHMETIC_UNIT/div_63/u_div_u_fa_PartRem_0_3_4/CO (ADDFX2M)
                                                          0.51      70.64 f
  U0_ARITHMETIC_UNIT/div_63/u_div_u_fa_PartRem_0_3_5/CO (ADDFX2M)
                                                          0.51      71.15 f
  U0_ARITHMETIC_UNIT/div_63/u_div_u_fa_PartRem_0_3_6/CO (ADDFX2M)
                                                          0.51      71.65 f
  U0_ARITHMETIC_UNIT/div_63/u_div_u_fa_PartRem_0_3_7/CO (ADDFX2M)
                                                          0.51      72.16 f
  U0_ARITHMETIC_UNIT/div_63/u_div_u_fa_PartRem_0_3_8/CO (ADDFX2M)
                                                          0.51      72.67 f
  U0_ARITHMETIC_UNIT/div_63/u_div_u_fa_PartRem_0_3_9/CO (ADDFX2M)
                                                          0.51      73.17 f
  U0_ARITHMETIC_UNIT/div_63/u_div_u_fa_PartRem_0_3_10/CO (ADDFX2M)
                                                          0.51      73.68 f
  U0_ARITHMETIC_UNIT/div_63/u_div_u_fa_PartRem_0_3_11/CO (ADDFX2M)
                                                          0.52      74.20 f
  U0_ARITHMETIC_UNIT/div_63/u_div_u_fa_PartRem_0_3_12/CO (ADDFHX4M)
                                                          0.33      74.53 f
  U0_ARITHMETIC_UNIT/div_63/U33/Y (AND3X1M)               0.50      75.02 f
  U0_ARITHMETIC_UNIT/div_63/U32/Y (BUFX20M)               0.33      75.36 f
  U0_ARITHMETIC_UNIT/div_63/quotient[3] (ARITHMETIC_UNIT_DW_div_uns_0)
                                                          0.00      75.36 f
  U0_ARITHMETIC_UNIT/U160/Y (AOI22X1M)                    0.66      76.02 r
  U0_ARITHMETIC_UNIT/U158/Y (NAND2X2M)                    0.37      76.39 f
  U0_ARITHMETIC_UNIT/Arith_OUT_reg_3_/D (SDFFRHQX8M)      0.00      76.39 f
  data arrival time                                                 76.39

  clock CLK (rise edge)                                 100.00     100.00
  clock network delay (ideal)                             0.00     100.00
  clock uncertainty                                      -0.20      99.80
  U0_ARITHMETIC_UNIT/Arith_OUT_reg_3_/CK (SDFFRHQX8M)     0.00      99.80 r
  library setup time                                     -0.33      99.47
  data required time                                                99.47
  --------------------------------------------------------------------------
  data required time                                                99.47
  data arrival time                                                -76.39
  --------------------------------------------------------------------------
  slack (MET)                                                       23.08


  Startpoint: B[2] (input port clocked by CLK)
  Endpoint: U0_ARITHMETIC_UNIT/Arith_OUT_reg_4_
            (rising edge-triggered flip-flop clocked by CLK)
  Path Group: CLK
  Path Type: max

  Des/Clust/Port     Wire Load Model       Library
  ------------------------------------------------
  ALU_TOP            tsmc13_wl30           scmetro_tsmc_cl013g_rvt_ss_1p08v_125c

  Point                                                   Incr       Path
  --------------------------------------------------------------------------
  clock CLK (rise edge)                                   0.00       0.00
  clock network delay (ideal)                             0.00       0.00
  input external delay                                   20.00      20.00 r
  B[2] (in)                                               0.17      20.17 r
  U16/Y (CLKBUFX6M)                                       0.84      21.02 r
  U0_ARITHMETIC_UNIT/B[2] (ARITHMETIC_UNIT_test_1)        0.00      21.02 r
  U0_ARITHMETIC_UNIT/div_63/b[2] (ARITHMETIC_UNIT_DW_div_uns_0)
                                                          0.00      21.02 r
  U0_ARITHMETIC_UNIT/div_63/U171/Y (INVX2M)               0.34      21.36 f
  U0_ARITHMETIC_UNIT/div_63/U54/Y (CLKBUFX8M)             0.97      22.33 f
  U0_ARITHMETIC_UNIT/div_63/U2/Y (AND4X8M)                0.63      22.96 f
  U0_ARITHMETIC_UNIT/div_63/U1/Y (MX2X8M)                 0.34      23.29 r
  U0_ARITHMETIC_UNIT/div_63/u_div_u_fa_PartRem_0_14_1/CO (ADDFX2M)
                                                          0.66      23.95 r
  U0_ARITHMETIC_UNIT/div_63/U18/Y (AND3X1M)               0.49      24.44 r
  U0_ARITHMETIC_UNIT/div_63/U17/Y (BUFX10M)               0.26      24.71 r
  U0_ARITHMETIC_UNIT/div_63/U206/Y (CLKMX2X2M)            0.61      25.31 f
  U0_ARITHMETIC_UNIT/div_63/u_div_u_fa_PartRem_0_13_1/CO (ADDFX2M)
                                                          0.73      26.04 f
  U0_ARITHMETIC_UNIT/div_63/u_div_u_fa_PartRem_0_13_2/CO (ADDFX2M)
                                                          0.50      26.54 f
  U0_ARITHMETIC_UNIT/div_63/U48/Y (CLKAND2X4M)            0.57      27.12 f
  U0_ARITHMETIC_UNIT/div_63/U209/Y (CLKMX2X2M)            0.69      27.81 f
  U0_ARITHMETIC_UNIT/div_63/u_div_u_fa_PartRem_0_12_1/CO (ADDFX2M)
                                                          0.73      28.54 f
  U0_ARITHMETIC_UNIT/div_63/u_div_u_fa_PartRem_0_12_2/CO (ADDFX2M)
                                                          0.52      29.06 f
  U0_ARITHMETIC_UNIT/div_63/u_div_u_fa_PartRem_0_12_3/CO (ADDFHX4M)
                                                          0.35      29.40 f
  U0_ARITHMETIC_UNIT/div_63/U8/Y (AND3X12M)               0.32      29.72 f
  U0_ARITHMETIC_UNIT/div_63/U210/Y (CLKMX2X2M)            0.57      30.29 f
  U0_ARITHMETIC_UNIT/div_63/u_div_u_fa_PartRem_0_11_1/CO (ADDFX2M)
                                                          0.73      31.02 f
  U0_ARITHMETIC_UNIT/div_63/u_div_u_fa_PartRem_0_11_2/CO (ADDFX2M)
                                                          0.55      31.57 f
  U0_ARITHMETIC_UNIT/div_63/u_div_u_fa_PartRem_0_11_3/CO (ADDFHX8M)
                                                          0.30      31.88 f
  U0_ARITHMETIC_UNIT/div_63/u_div_u_fa_PartRem_0_11_4/CO (ADDFX2M)
                                                          0.48      32.36 f
  U0_ARITHMETIC_UNIT/div_63/U9/Y (AND2X12M)               0.30      32.66 f
  U0_ARITHMETIC_UNIT/div_63/U211/Y (CLKMX2X2M)            0.58      33.24 f
  U0_ARITHMETIC_UNIT/div_63/u_div_u_fa_PartRem_0_10_1/CO (ADDFX2M)
                                                          0.73      33.97 f
  U0_ARITHMETIC_UNIT/div_63/u_div_u_fa_PartRem_0_10_2/CO (ADDFX2M)
                                                          0.55      34.51 f
  U0_ARITHMETIC_UNIT/div_63/u_div_u_fa_PartRem_0_10_3/CO (ADDFHX8M)
                                                          0.30      34.82 f
  U0_ARITHMETIC_UNIT/div_63/u_div_u_fa_PartRem_0_10_4/CO (ADDFX2M)
                                                          0.47      35.29 f
  U0_ARITHMETIC_UNIT/div_63/u_div_u_fa_PartRem_0_10_5/CO (ADDFX2M)
                                                          0.50      35.79 f
  U0_ARITHMETIC_UNIT/div_63/U47/Y (CLKAND2X6M)            0.63      36.42 f
  U0_ARITHMETIC_UNIT/div_63/U212/Y (CLKMX2X2M)            0.71      37.13 f
  U0_ARITHMETIC_UNIT/div_63/u_div_u_fa_PartRem_0_9_1/CO (ADDFX2M)
                                                          0.73      37.86 f
  U0_ARITHMETIC_UNIT/div_63/u_div_u_fa_PartRem_0_9_2/CO (ADDFX2M)
                                                          0.55      38.41 f
  U0_ARITHMETIC_UNIT/div_63/u_div_u_fa_PartRem_0_9_3/CO (ADDFHX8M)
                                                          0.30      38.71 f
  U0_ARITHMETIC_UNIT/div_63/u_div_u_fa_PartRem_0_9_4/CO (ADDFX2M)
                                                          0.47      39.18 f
  U0_ARITHMETIC_UNIT/div_63/u_div_u_fa_PartRem_0_9_5/CO (ADDFX2M)
                                                          0.55      39.73 f
  U0_ARITHMETIC_UNIT/div_63/u_div_u_fa_PartRem_0_9_6/CO (ADDFHX8M)
                                                          0.30      40.03 f
  U0_ARITHMETIC_UNIT/div_63/U49/Y (CLKAND2X6M)            0.67      40.71 f
  U0_ARITHMETIC_UNIT/div_63/U56/Y (MX2X3M)                0.51      41.21 f
  U0_ARITHMETIC_UNIT/div_63/u_div_u_fa_PartRem_0_8_1/CO (ADDFX2M)
                                                          0.63      41.84 f
  U0_ARITHMETIC_UNIT/div_63/u_div_u_fa_PartRem_0_8_2/CO (ADDFX2M)
                                                          0.55      42.39 f
  U0_ARITHMETIC_UNIT/div_63/u_div_u_fa_PartRem_0_8_3/CO (ADDFHX8M)
                                                          0.30      42.70 f
  U0_ARITHMETIC_UNIT/div_63/u_div_u_fa_PartRem_0_8_4/CO (ADDFX2M)
                                                          0.47      43.16 f
  U0_ARITHMETIC_UNIT/div_63/u_div_u_fa_PartRem_0_8_5/CO (ADDFX2M)
                                                          0.52      43.68 f
  U0_ARITHMETIC_UNIT/div_63/u_div_u_fa_PartRem_0_8_6/CO (ADDFHX4M)
                                                          0.33      44.02 f
  U0_ARITHMETIC_UNIT/div_63/u_div_u_fa_PartRem_0_8_7/CO (ADDFX2M)
                                                          0.47      44.49 f
  U0_ARITHMETIC_UNIT/div_63/U134/Y (AND2X1M)              0.45      44.93 f
  U0_ARITHMETIC_UNIT/div_63/U29/Y (BUFX24M)               0.28      45.21 f
  U0_ARITHMETIC_UNIT/div_63/U24/Y (MX2X1M)                0.72      45.94 r
  U0_ARITHMETIC_UNIT/div_63/u_div_u_fa_PartRem_0_7_1/CO (ADDFX2M)
                                                          0.74      46.68 r
  U0_ARITHMETIC_UNIT/div_63/u_div_u_fa_PartRem_0_7_2/CO (ADDFX2M)
                                                          0.47      47.14 r
  U0_ARITHMETIC_UNIT/div_63/u_div_u_fa_PartRem_0_7_3/CO (ADDFX2M)
                                                          0.47      47.61 r
  U0_ARITHMETIC_UNIT/div_63/u_div_u_fa_PartRem_0_7_4/CO (ADDFX2M)
                                                          0.47      48.08 r
  U0_ARITHMETIC_UNIT/div_63/u_div_u_fa_PartRem_0_7_5/CO (ADDFX2M)
                                                          0.53      48.61 r
  U0_ARITHMETIC_UNIT/div_63/u_div_u_fa_PartRem_0_7_6/CO (ADDFHX8M)
                                                          0.25      48.85 r
  U0_ARITHMETIC_UNIT/div_63/u_div_u_fa_PartRem_0_7_7/CO (ADDFX2M)
                                                          0.42      49.28 r
  U0_ARITHMETIC_UNIT/div_63/u_div_u_fa_PartRem_0_7_8/CO (ADDFX2M)
                                                          0.48      49.76 r
  U0_ARITHMETIC_UNIT/div_63/U15/Y (CLKAND2X12M)           0.27      50.02 r
  U0_ARITHMETIC_UNIT/div_63/U30/Y (BUFX18M)               0.31      50.33 r
  U0_ARITHMETIC_UNIT/div_63/U178/Y (CLKMX2X2M)            0.64      50.97 f
  U0_ARITHMETIC_UNIT/div_63/u_div_u_fa_PartRem_0_6_1/CO (ADDFX2M)
                                                          0.73      51.70 f
  U0_ARITHMETIC_UNIT/div_63/u_div_u_fa_PartRem_0_6_2/CO (ADDFX2M)
                                                          0.51      52.21 f
  U0_ARITHMETIC_UNIT/div_63/u_div_u_fa_PartRem_0_6_3/CO (ADDFHX2M)
                                                          0.40      52.61 f
  U0_ARITHMETIC_UNIT/div_63/u_div_u_fa_PartRem_0_6_4/CO (ADDFHX4M)
                                                          0.35      52.96 f
  U0_ARITHMETIC_UNIT/div_63/u_div_u_fa_PartRem_0_6_5/CO (ADDFHX8M)
                                                          0.29      53.25 f
  U0_ARITHMETIC_UNIT/div_63/u_div_u_fa_PartRem_0_6_6/CO (ADDFHX8M)
                                                          0.27      53.52 f
  U0_ARITHMETIC_UNIT/div_63/u_div_u_fa_PartRem_0_6_7/CO (ADDFX2M)
                                                          0.48      54.00 f
  U0_ARITHMETIC_UNIT/div_63/u_div_u_fa_PartRem_0_6_8/CO (ADDFHX4M)
                                                          0.36      54.36 f
  U0_ARITHMETIC_UNIT/div_63/u_div_u_fa_PartRem_0_6_9/CO (ADDFHX8M)
                                                          0.27      54.63 f
  U0_ARITHMETIC_UNIT/div_63/U31/Y (AND3XLM)               0.60      55.23 f
  U0_ARITHMETIC_UNIT/div_63/U19/Y (BUFX20M)               0.36      55.59 f
  U0_ARITHMETIC_UNIT/div_63/U180/Y (CLKMX2X2M)            0.58      56.16 f
  U0_ARITHMETIC_UNIT/div_63/u_div_u_fa_PartRem_0_5_1/CO (ADDFX2M)
                                                          0.73      56.89 f
  U0_ARITHMETIC_UNIT/div_63/u_div_u_fa_PartRem_0_5_2/CO (ADDFX2M)
                                                          0.51      57.40 f
  U0_ARITHMETIC_UNIT/div_63/u_div_u_fa_PartRem_0_5_3/CO (ADDFX2M)
                                                          0.51      57.91 f
  U0_ARITHMETIC_UNIT/div_63/u_div_u_fa_PartRem_0_5_4/CO (ADDFX2M)
                                                          0.51      58.41 f
  U0_ARITHMETIC_UNIT/div_63/u_div_u_fa_PartRem_0_5_5/CO (ADDFX2M)
                                                          0.55      58.96 f
  U0_ARITHMETIC_UNIT/div_63/u_div_u_fa_PartRem_0_5_6/CO (ADDFHX8M)
                                                          0.30      59.27 f
  U0_ARITHMETIC_UNIT/div_63/u_div_u_fa_PartRem_0_5_7/CO (ADDFX2M)
                                                          0.47      59.74 f
  U0_ARITHMETIC_UNIT/div_63/u_div_u_fa_PartRem_0_5_8/CO (ADDFX2M)
                                                          0.52      60.26 f
  U0_ARITHMETIC_UNIT/div_63/u_div_u_fa_PartRem_0_5_9/CO (ADDFHX4M)
                                                          0.34      60.60 f
  U0_ARITHMETIC_UNIT/div_63/u_div_u_fa_PartRem_0_5_10/CO (ADDFHX4M)
                                                          0.30      60.90 f
  U0_ARITHMETIC_UNIT/div_63/U135/Y (AND2X1M)              0.41      61.31 f
  U0_ARITHMETIC_UNIT/div_63/U43/Y (CLKBUFX40M)            0.32      61.63 f
  U0_ARITHMETIC_UNIT/div_63/U38/Y (MX2X8M)                0.36      61.99 f
  U0_ARITHMETIC_UNIT/div_63/u_div_u_fa_PartRem_0_4_1/CO (ADDFX2M)
                                                          0.61      62.60 f
  U0_ARITHMETIC_UNIT/div_63/u_div_u_fa_PartRem_0_4_2/CO (ADDFX2M)
                                                          0.51      63.11 f
  U0_ARITHMETIC_UNIT/div_63/u_div_u_fa_PartRem_0_4_3/CO (ADDFHX2M)
                                                          0.39      63.50 f
  U0_ARITHMETIC_UNIT/div_63/u_div_u_fa_PartRem_0_4_4/CO (ADDFX2M)
                                                          0.49      63.99 f
  U0_ARITHMETIC_UNIT/div_63/u_div_u_fa_PartRem_0_4_5/CO (ADDFHX2M)
                                                          0.39      64.38 f
  U0_ARITHMETIC_UNIT/div_63/u_div_u_fa_PartRem_0_4_6/CO (ADDFX2M)
                                                          0.49      64.87 f
  U0_ARITHMETIC_UNIT/div_63/u_div_u_fa_PartRem_0_4_7/CO (ADDFX2M)
                                                          0.51      65.38 f
  U0_ARITHMETIC_UNIT/div_63/u_div_u_fa_PartRem_0_4_8/CO (ADDFX2M)
                                                          0.51      65.88 f
  U0_ARITHMETIC_UNIT/div_63/u_div_u_fa_PartRem_0_4_9/CO (ADDFX2M)
                                                          0.51      66.39 f
  U0_ARITHMETIC_UNIT/div_63/u_div_u_fa_PartRem_0_4_10/CO (ADDFX2M)
                                                          0.55      66.94 f
  U0_ARITHMETIC_UNIT/div_63/u_div_u_fa_PartRem_0_4_11/CO (ADDFHX8M)
                                                          0.30      67.24 f
  U0_ARITHMETIC_UNIT/div_63/U37/Y (AND2X1M)               0.37      67.61 f
  U0_ARITHMETIC_UNIT/div_63/U20/Y (BUFX10M)               0.23      67.84 f
  U0_ARITHMETIC_UNIT/div_63/U36/Y (BUFX20M)               0.23      68.07 f
  U0_ARITHMETIC_UNIT/div_63/quotient[4] (ARITHMETIC_UNIT_DW_div_uns_0)
                                                          0.00      68.07 f
  U0_ARITHMETIC_UNIT/U163/Y (AOI22X1M)                    0.66      68.73 r
  U0_ARITHMETIC_UNIT/U161/Y (NAND2X2M)                    0.37      69.09 f
  U0_ARITHMETIC_UNIT/Arith_OUT_reg_4_/D (SDFFRHQX8M)      0.00      69.09 f
  data arrival time                                                 69.09

  clock CLK (rise edge)                                 100.00     100.00
  clock network delay (ideal)                             0.00     100.00
  clock uncertainty                                      -0.20      99.80
  U0_ARITHMETIC_UNIT/Arith_OUT_reg_4_/CK (SDFFRHQX8M)     0.00      99.80 r
  library setup time                                     -0.33      99.47
  data required time                                                99.47
  --------------------------------------------------------------------------
  data required time                                                99.47
  data arrival time                                                -69.09
  --------------------------------------------------------------------------
  slack (MET)                                                       30.37


  Startpoint: B[2] (input port clocked by CLK)
  Endpoint: U0_ARITHMETIC_UNIT/Arith_OUT_reg_5_
            (rising edge-triggered flip-flop clocked by CLK)
  Path Group: CLK
  Path Type: max

  Des/Clust/Port     Wire Load Model       Library
  ------------------------------------------------
  ALU_TOP            tsmc13_wl30           scmetro_tsmc_cl013g_rvt_ss_1p08v_125c

  Point                                                   Incr       Path
  --------------------------------------------------------------------------
  clock CLK (rise edge)                                   0.00       0.00
  clock network delay (ideal)                             0.00       0.00
  input external delay                                   20.00      20.00 r
  B[2] (in)                                               0.17      20.17 r
  U16/Y (CLKBUFX6M)                                       0.84      21.02 r
  U0_ARITHMETIC_UNIT/B[2] (ARITHMETIC_UNIT_test_1)        0.00      21.02 r
  U0_ARITHMETIC_UNIT/div_63/b[2] (ARITHMETIC_UNIT_DW_div_uns_0)
                                                          0.00      21.02 r
  U0_ARITHMETIC_UNIT/div_63/U171/Y (INVX2M)               0.34      21.36 f
  U0_ARITHMETIC_UNIT/div_63/U54/Y (CLKBUFX8M)             0.97      22.33 f
  U0_ARITHMETIC_UNIT/div_63/U2/Y (AND4X8M)                0.63      22.96 f
  U0_ARITHMETIC_UNIT/div_63/U1/Y (MX2X8M)                 0.34      23.29 r
  U0_ARITHMETIC_UNIT/div_63/u_div_u_fa_PartRem_0_14_1/CO (ADDFX2M)
                                                          0.66      23.95 r
  U0_ARITHMETIC_UNIT/div_63/U18/Y (AND3X1M)               0.49      24.44 r
  U0_ARITHMETIC_UNIT/div_63/U17/Y (BUFX10M)               0.26      24.71 r
  U0_ARITHMETIC_UNIT/div_63/U206/Y (CLKMX2X2M)            0.61      25.31 f
  U0_ARITHMETIC_UNIT/div_63/u_div_u_fa_PartRem_0_13_1/CO (ADDFX2M)
                                                          0.73      26.04 f
  U0_ARITHMETIC_UNIT/div_63/u_div_u_fa_PartRem_0_13_2/CO (ADDFX2M)
                                                          0.50      26.54 f
  U0_ARITHMETIC_UNIT/div_63/U48/Y (CLKAND2X4M)            0.57      27.12 f
  U0_ARITHMETIC_UNIT/div_63/U209/Y (CLKMX2X2M)            0.69      27.81 f
  U0_ARITHMETIC_UNIT/div_63/u_div_u_fa_PartRem_0_12_1/CO (ADDFX2M)
                                                          0.73      28.54 f
  U0_ARITHMETIC_UNIT/div_63/u_div_u_fa_PartRem_0_12_2/CO (ADDFX2M)
                                                          0.52      29.06 f
  U0_ARITHMETIC_UNIT/div_63/u_div_u_fa_PartRem_0_12_3/CO (ADDFHX4M)
                                                          0.35      29.40 f
  U0_ARITHMETIC_UNIT/div_63/U8/Y (AND3X12M)               0.32      29.72 f
  U0_ARITHMETIC_UNIT/div_63/U210/Y (CLKMX2X2M)            0.57      30.29 f
  U0_ARITHMETIC_UNIT/div_63/u_div_u_fa_PartRem_0_11_1/CO (ADDFX2M)
                                                          0.73      31.02 f
  U0_ARITHMETIC_UNIT/div_63/u_div_u_fa_PartRem_0_11_2/CO (ADDFX2M)
                                                          0.55      31.57 f
  U0_ARITHMETIC_UNIT/div_63/u_div_u_fa_PartRem_0_11_3/CO (ADDFHX8M)
                                                          0.30      31.88 f
  U0_ARITHMETIC_UNIT/div_63/u_div_u_fa_PartRem_0_11_4/CO (ADDFX2M)
                                                          0.48      32.36 f
  U0_ARITHMETIC_UNIT/div_63/U9/Y (AND2X12M)               0.30      32.66 f
  U0_ARITHMETIC_UNIT/div_63/U211/Y (CLKMX2X2M)            0.58      33.24 f
  U0_ARITHMETIC_UNIT/div_63/u_div_u_fa_PartRem_0_10_1/CO (ADDFX2M)
                                                          0.73      33.97 f
  U0_ARITHMETIC_UNIT/div_63/u_div_u_fa_PartRem_0_10_2/CO (ADDFX2M)
                                                          0.55      34.51 f
  U0_ARITHMETIC_UNIT/div_63/u_div_u_fa_PartRem_0_10_3/CO (ADDFHX8M)
                                                          0.30      34.82 f
  U0_ARITHMETIC_UNIT/div_63/u_div_u_fa_PartRem_0_10_4/CO (ADDFX2M)
                                                          0.47      35.29 f
  U0_ARITHMETIC_UNIT/div_63/u_div_u_fa_PartRem_0_10_5/CO (ADDFX2M)
                                                          0.50      35.79 f
  U0_ARITHMETIC_UNIT/div_63/U47/Y (CLKAND2X6M)            0.63      36.42 f
  U0_ARITHMETIC_UNIT/div_63/U212/Y (CLKMX2X2M)            0.71      37.13 f
  U0_ARITHMETIC_UNIT/div_63/u_div_u_fa_PartRem_0_9_1/CO (ADDFX2M)
                                                          0.73      37.86 f
  U0_ARITHMETIC_UNIT/div_63/u_div_u_fa_PartRem_0_9_2/CO (ADDFX2M)
                                                          0.55      38.41 f
  U0_ARITHMETIC_UNIT/div_63/u_div_u_fa_PartRem_0_9_3/CO (ADDFHX8M)
                                                          0.30      38.71 f
  U0_ARITHMETIC_UNIT/div_63/u_div_u_fa_PartRem_0_9_4/CO (ADDFX2M)
                                                          0.47      39.18 f
  U0_ARITHMETIC_UNIT/div_63/u_div_u_fa_PartRem_0_9_5/CO (ADDFX2M)
                                                          0.55      39.73 f
  U0_ARITHMETIC_UNIT/div_63/u_div_u_fa_PartRem_0_9_6/CO (ADDFHX8M)
                                                          0.30      40.03 f
  U0_ARITHMETIC_UNIT/div_63/U49/Y (CLKAND2X6M)            0.67      40.71 f
  U0_ARITHMETIC_UNIT/div_63/U56/Y (MX2X3M)                0.51      41.21 f
  U0_ARITHMETIC_UNIT/div_63/u_div_u_fa_PartRem_0_8_1/CO (ADDFX2M)
                                                          0.63      41.84 f
  U0_ARITHMETIC_UNIT/div_63/u_div_u_fa_PartRem_0_8_2/CO (ADDFX2M)
                                                          0.55      42.39 f
  U0_ARITHMETIC_UNIT/div_63/u_div_u_fa_PartRem_0_8_3/CO (ADDFHX8M)
                                                          0.30      42.70 f
  U0_ARITHMETIC_UNIT/div_63/u_div_u_fa_PartRem_0_8_4/CO (ADDFX2M)
                                                          0.47      43.16 f
  U0_ARITHMETIC_UNIT/div_63/u_div_u_fa_PartRem_0_8_5/CO (ADDFX2M)
                                                          0.52      43.68 f
  U0_ARITHMETIC_UNIT/div_63/u_div_u_fa_PartRem_0_8_6/CO (ADDFHX4M)
                                                          0.33      44.02 f
  U0_ARITHMETIC_UNIT/div_63/u_div_u_fa_PartRem_0_8_7/CO (ADDFX2M)
                                                          0.47      44.49 f
  U0_ARITHMETIC_UNIT/div_63/U134/Y (AND2X1M)              0.45      44.93 f
  U0_ARITHMETIC_UNIT/div_63/U29/Y (BUFX24M)               0.28      45.21 f
  U0_ARITHMETIC_UNIT/div_63/U24/Y (MX2X1M)                0.72      45.94 r
  U0_ARITHMETIC_UNIT/div_63/u_div_u_fa_PartRem_0_7_1/CO (ADDFX2M)
                                                          0.74      46.68 r
  U0_ARITHMETIC_UNIT/div_63/u_div_u_fa_PartRem_0_7_2/CO (ADDFX2M)
                                                          0.47      47.14 r
  U0_ARITHMETIC_UNIT/div_63/u_div_u_fa_PartRem_0_7_3/CO (ADDFX2M)
                                                          0.47      47.61 r
  U0_ARITHMETIC_UNIT/div_63/u_div_u_fa_PartRem_0_7_4/CO (ADDFX2M)
                                                          0.47      48.08 r
  U0_ARITHMETIC_UNIT/div_63/u_div_u_fa_PartRem_0_7_5/CO (ADDFX2M)
                                                          0.53      48.61 r
  U0_ARITHMETIC_UNIT/div_63/u_div_u_fa_PartRem_0_7_6/CO (ADDFHX8M)
                                                          0.25      48.85 r
  U0_ARITHMETIC_UNIT/div_63/u_div_u_fa_PartRem_0_7_7/CO (ADDFX2M)
                                                          0.42      49.28 r
  U0_ARITHMETIC_UNIT/div_63/u_div_u_fa_PartRem_0_7_8/CO (ADDFX2M)
                                                          0.48      49.76 r
  U0_ARITHMETIC_UNIT/div_63/U15/Y (CLKAND2X12M)           0.27      50.02 r
  U0_ARITHMETIC_UNIT/div_63/U30/Y (BUFX18M)               0.31      50.33 r
  U0_ARITHMETIC_UNIT/div_63/U178/Y (CLKMX2X2M)            0.64      50.97 f
  U0_ARITHMETIC_UNIT/div_63/u_div_u_fa_PartRem_0_6_1/CO (ADDFX2M)
                                                          0.73      51.70 f
  U0_ARITHMETIC_UNIT/div_63/u_div_u_fa_PartRem_0_6_2/CO (ADDFX2M)
                                                          0.51      52.21 f
  U0_ARITHMETIC_UNIT/div_63/u_div_u_fa_PartRem_0_6_3/CO (ADDFHX2M)
                                                          0.40      52.61 f
  U0_ARITHMETIC_UNIT/div_63/u_div_u_fa_PartRem_0_6_4/CO (ADDFHX4M)
                                                          0.35      52.96 f
  U0_ARITHMETIC_UNIT/div_63/u_div_u_fa_PartRem_0_6_5/CO (ADDFHX8M)
                                                          0.29      53.25 f
  U0_ARITHMETIC_UNIT/div_63/u_div_u_fa_PartRem_0_6_6/CO (ADDFHX8M)
                                                          0.27      53.52 f
  U0_ARITHMETIC_UNIT/div_63/u_div_u_fa_PartRem_0_6_7/CO (ADDFX2M)
                                                          0.48      54.00 f
  U0_ARITHMETIC_UNIT/div_63/u_div_u_fa_PartRem_0_6_8/CO (ADDFHX4M)
                                                          0.36      54.36 f
  U0_ARITHMETIC_UNIT/div_63/u_div_u_fa_PartRem_0_6_9/CO (ADDFHX8M)
                                                          0.27      54.63 f
  U0_ARITHMETIC_UNIT/div_63/U31/Y (AND3XLM)               0.60      55.23 f
  U0_ARITHMETIC_UNIT/div_63/U19/Y (BUFX20M)               0.36      55.59 f
  U0_ARITHMETIC_UNIT/div_63/U180/Y (CLKMX2X2M)            0.58      56.16 f
  U0_ARITHMETIC_UNIT/div_63/u_div_u_fa_PartRem_0_5_1/CO (ADDFX2M)
                                                          0.73      56.89 f
  U0_ARITHMETIC_UNIT/div_63/u_div_u_fa_PartRem_0_5_2/CO (ADDFX2M)
                                                          0.51      57.40 f
  U0_ARITHMETIC_UNIT/div_63/u_div_u_fa_PartRem_0_5_3/CO (ADDFX2M)
                                                          0.51      57.91 f
  U0_ARITHMETIC_UNIT/div_63/u_div_u_fa_PartRem_0_5_4/CO (ADDFX2M)
                                                          0.51      58.41 f
  U0_ARITHMETIC_UNIT/div_63/u_div_u_fa_PartRem_0_5_5/CO (ADDFX2M)
                                                          0.55      58.96 f
  U0_ARITHMETIC_UNIT/div_63/u_div_u_fa_PartRem_0_5_6/CO (ADDFHX8M)
                                                          0.30      59.27 f
  U0_ARITHMETIC_UNIT/div_63/u_div_u_fa_PartRem_0_5_7/CO (ADDFX2M)
                                                          0.47      59.74 f
  U0_ARITHMETIC_UNIT/div_63/u_div_u_fa_PartRem_0_5_8/CO (ADDFX2M)
                                                          0.52      60.26 f
  U0_ARITHMETIC_UNIT/div_63/u_div_u_fa_PartRem_0_5_9/CO (ADDFHX4M)
                                                          0.34      60.60 f
  U0_ARITHMETIC_UNIT/div_63/u_div_u_fa_PartRem_0_5_10/CO (ADDFHX4M)
                                                          0.30      60.90 f
  U0_ARITHMETIC_UNIT/div_63/U135/Y (AND2X1M)              0.41      61.31 f
  U0_ARITHMETIC_UNIT/div_63/U43/Y (CLKBUFX40M)            0.32      61.63 f
  U0_ARITHMETIC_UNIT/div_63/quotient[5] (ARITHMETIC_UNIT_DW_div_uns_0)
                                                          0.00      61.63 f
  U0_ARITHMETIC_UNIT/U166/Y (AOI22X1M)                    0.66      62.29 r
  U0_ARITHMETIC_UNIT/U164/Y (NAND2X2M)                    0.36      62.65 f
  U0_ARITHMETIC_UNIT/Arith_OUT_reg_5_/D (SDFFRQX2M)       0.00      62.65 f
  data arrival time                                                 62.65

  clock CLK (rise edge)                                 100.00     100.00
  clock network delay (ideal)                             0.00     100.00
  clock uncertainty                                      -0.20      99.80
  U0_ARITHMETIC_UNIT/Arith_OUT_reg_5_/CK (SDFFRQX2M)      0.00      99.80 r
  library setup time                                     -0.47      99.33
  data required time                                                99.33
  --------------------------------------------------------------------------
  data required time                                                99.33
  data arrival time                                                -62.65
  --------------------------------------------------------------------------
  slack (MET)                                                       36.68


  Startpoint: B[2] (input port clocked by CLK)
  Endpoint: U0_ARITHMETIC_UNIT/Arith_OUT_reg_6_
            (rising edge-triggered flip-flop clocked by CLK)
  Path Group: CLK
  Path Type: max

  Des/Clust/Port     Wire Load Model       Library
  ------------------------------------------------
  ALU_TOP            tsmc13_wl30           scmetro_tsmc_cl013g_rvt_ss_1p08v_125c

  Point                                                   Incr       Path
  --------------------------------------------------------------------------
  clock CLK (rise edge)                                   0.00       0.00
  clock network delay (ideal)                             0.00       0.00
  input external delay                                   20.00      20.00 r
  B[2] (in)                                               0.17      20.17 r
  U16/Y (CLKBUFX6M)                                       0.84      21.02 r
  U0_ARITHMETIC_UNIT/B[2] (ARITHMETIC_UNIT_test_1)        0.00      21.02 r
  U0_ARITHMETIC_UNIT/div_63/b[2] (ARITHMETIC_UNIT_DW_div_uns_0)
                                                          0.00      21.02 r
  U0_ARITHMETIC_UNIT/div_63/U171/Y (INVX2M)               0.34      21.36 f
  U0_ARITHMETIC_UNIT/div_63/U54/Y (CLKBUFX8M)             0.97      22.33 f
  U0_ARITHMETIC_UNIT/div_63/U2/Y (AND4X8M)                0.63      22.96 f
  U0_ARITHMETIC_UNIT/div_63/U1/Y (MX2X8M)                 0.34      23.29 r
  U0_ARITHMETIC_UNIT/div_63/u_div_u_fa_PartRem_0_14_1/CO (ADDFX2M)
                                                          0.66      23.95 r
  U0_ARITHMETIC_UNIT/div_63/U18/Y (AND3X1M)               0.49      24.44 r
  U0_ARITHMETIC_UNIT/div_63/U17/Y (BUFX10M)               0.26      24.71 r
  U0_ARITHMETIC_UNIT/div_63/U206/Y (CLKMX2X2M)            0.61      25.31 f
  U0_ARITHMETIC_UNIT/div_63/u_div_u_fa_PartRem_0_13_1/CO (ADDFX2M)
                                                          0.73      26.04 f
  U0_ARITHMETIC_UNIT/div_63/u_div_u_fa_PartRem_0_13_2/CO (ADDFX2M)
                                                          0.50      26.54 f
  U0_ARITHMETIC_UNIT/div_63/U48/Y (CLKAND2X4M)            0.57      27.12 f
  U0_ARITHMETIC_UNIT/div_63/U209/Y (CLKMX2X2M)            0.69      27.81 f
  U0_ARITHMETIC_UNIT/div_63/u_div_u_fa_PartRem_0_12_1/CO (ADDFX2M)
                                                          0.73      28.54 f
  U0_ARITHMETIC_UNIT/div_63/u_div_u_fa_PartRem_0_12_2/CO (ADDFX2M)
                                                          0.52      29.06 f
  U0_ARITHMETIC_UNIT/div_63/u_div_u_fa_PartRem_0_12_3/CO (ADDFHX4M)
                                                          0.35      29.40 f
  U0_ARITHMETIC_UNIT/div_63/U8/Y (AND3X12M)               0.32      29.72 f
  U0_ARITHMETIC_UNIT/div_63/U210/Y (CLKMX2X2M)            0.57      30.29 f
  U0_ARITHMETIC_UNIT/div_63/u_div_u_fa_PartRem_0_11_1/CO (ADDFX2M)
                                                          0.73      31.02 f
  U0_ARITHMETIC_UNIT/div_63/u_div_u_fa_PartRem_0_11_2/CO (ADDFX2M)
                                                          0.55      31.57 f
  U0_ARITHMETIC_UNIT/div_63/u_div_u_fa_PartRem_0_11_3/CO (ADDFHX8M)
                                                          0.30      31.88 f
  U0_ARITHMETIC_UNIT/div_63/u_div_u_fa_PartRem_0_11_4/CO (ADDFX2M)
                                                          0.48      32.36 f
  U0_ARITHMETIC_UNIT/div_63/U9/Y (AND2X12M)               0.30      32.66 f
  U0_ARITHMETIC_UNIT/div_63/U211/Y (CLKMX2X2M)            0.58      33.24 f
  U0_ARITHMETIC_UNIT/div_63/u_div_u_fa_PartRem_0_10_1/CO (ADDFX2M)
                                                          0.73      33.97 f
  U0_ARITHMETIC_UNIT/div_63/u_div_u_fa_PartRem_0_10_2/CO (ADDFX2M)
                                                          0.55      34.51 f
  U0_ARITHMETIC_UNIT/div_63/u_div_u_fa_PartRem_0_10_3/CO (ADDFHX8M)
                                                          0.30      34.82 f
  U0_ARITHMETIC_UNIT/div_63/u_div_u_fa_PartRem_0_10_4/CO (ADDFX2M)
                                                          0.47      35.29 f
  U0_ARITHMETIC_UNIT/div_63/u_div_u_fa_PartRem_0_10_5/CO (ADDFX2M)
                                                          0.50      35.79 f
  U0_ARITHMETIC_UNIT/div_63/U47/Y (CLKAND2X6M)            0.63      36.42 f
  U0_ARITHMETIC_UNIT/div_63/U212/Y (CLKMX2X2M)            0.71      37.13 f
  U0_ARITHMETIC_UNIT/div_63/u_div_u_fa_PartRem_0_9_1/CO (ADDFX2M)
                                                          0.73      37.86 f
  U0_ARITHMETIC_UNIT/div_63/u_div_u_fa_PartRem_0_9_2/CO (ADDFX2M)
                                                          0.55      38.41 f
  U0_ARITHMETIC_UNIT/div_63/u_div_u_fa_PartRem_0_9_3/CO (ADDFHX8M)
                                                          0.30      38.71 f
  U0_ARITHMETIC_UNIT/div_63/u_div_u_fa_PartRem_0_9_4/CO (ADDFX2M)
                                                          0.47      39.18 f
  U0_ARITHMETIC_UNIT/div_63/u_div_u_fa_PartRem_0_9_5/CO (ADDFX2M)
                                                          0.55      39.73 f
  U0_ARITHMETIC_UNIT/div_63/u_div_u_fa_PartRem_0_9_6/CO (ADDFHX8M)
                                                          0.30      40.03 f
  U0_ARITHMETIC_UNIT/div_63/U49/Y (CLKAND2X6M)            0.67      40.71 f
  U0_ARITHMETIC_UNIT/div_63/U56/Y (MX2X3M)                0.51      41.21 f
  U0_ARITHMETIC_UNIT/div_63/u_div_u_fa_PartRem_0_8_1/CO (ADDFX2M)
                                                          0.63      41.84 f
  U0_ARITHMETIC_UNIT/div_63/u_div_u_fa_PartRem_0_8_2/CO (ADDFX2M)
                                                          0.55      42.39 f
  U0_ARITHMETIC_UNIT/div_63/u_div_u_fa_PartRem_0_8_3/CO (ADDFHX8M)
                                                          0.30      42.70 f
  U0_ARITHMETIC_UNIT/div_63/u_div_u_fa_PartRem_0_8_4/CO (ADDFX2M)
                                                          0.47      43.16 f
  U0_ARITHMETIC_UNIT/div_63/u_div_u_fa_PartRem_0_8_5/CO (ADDFX2M)
                                                          0.52      43.68 f
  U0_ARITHMETIC_UNIT/div_63/u_div_u_fa_PartRem_0_8_6/CO (ADDFHX4M)
                                                          0.33      44.02 f
  U0_ARITHMETIC_UNIT/div_63/u_div_u_fa_PartRem_0_8_7/CO (ADDFX2M)
                                                          0.47      44.49 f
  U0_ARITHMETIC_UNIT/div_63/U134/Y (AND2X1M)              0.45      44.93 f
  U0_ARITHMETIC_UNIT/div_63/U29/Y (BUFX24M)               0.28      45.21 f
  U0_ARITHMETIC_UNIT/div_63/U24/Y (MX2X1M)                0.72      45.94 r
  U0_ARITHMETIC_UNIT/div_63/u_div_u_fa_PartRem_0_7_1/CO (ADDFX2M)
                                                          0.74      46.68 r
  U0_ARITHMETIC_UNIT/div_63/u_div_u_fa_PartRem_0_7_2/CO (ADDFX2M)
                                                          0.47      47.14 r
  U0_ARITHMETIC_UNIT/div_63/u_div_u_fa_PartRem_0_7_3/CO (ADDFX2M)
                                                          0.47      47.61 r
  U0_ARITHMETIC_UNIT/div_63/u_div_u_fa_PartRem_0_7_4/CO (ADDFX2M)
                                                          0.47      48.08 r
  U0_ARITHMETIC_UNIT/div_63/u_div_u_fa_PartRem_0_7_5/CO (ADDFX2M)
                                                          0.53      48.61 r
  U0_ARITHMETIC_UNIT/div_63/u_div_u_fa_PartRem_0_7_6/CO (ADDFHX8M)
                                                          0.25      48.85 r
  U0_ARITHMETIC_UNIT/div_63/u_div_u_fa_PartRem_0_7_7/CO (ADDFX2M)
                                                          0.42      49.28 r
  U0_ARITHMETIC_UNIT/div_63/u_div_u_fa_PartRem_0_7_8/CO (ADDFX2M)
                                                          0.48      49.76 r
  U0_ARITHMETIC_UNIT/div_63/U15/Y (CLKAND2X12M)           0.27      50.02 r
  U0_ARITHMETIC_UNIT/div_63/U30/Y (BUFX18M)               0.31      50.33 r
  U0_ARITHMETIC_UNIT/div_63/U178/Y (CLKMX2X2M)            0.64      50.97 f
  U0_ARITHMETIC_UNIT/div_63/u_div_u_fa_PartRem_0_6_1/CO (ADDFX2M)
                                                          0.73      51.70 f
  U0_ARITHMETIC_UNIT/div_63/u_div_u_fa_PartRem_0_6_2/CO (ADDFX2M)
                                                          0.51      52.21 f
  U0_ARITHMETIC_UNIT/div_63/u_div_u_fa_PartRem_0_6_3/CO (ADDFHX2M)
                                                          0.40      52.61 f
  U0_ARITHMETIC_UNIT/div_63/u_div_u_fa_PartRem_0_6_4/CO (ADDFHX4M)
                                                          0.35      52.96 f
  U0_ARITHMETIC_UNIT/div_63/u_div_u_fa_PartRem_0_6_5/CO (ADDFHX8M)
                                                          0.29      53.25 f
  U0_ARITHMETIC_UNIT/div_63/u_div_u_fa_PartRem_0_6_6/CO (ADDFHX8M)
                                                          0.27      53.52 f
  U0_ARITHMETIC_UNIT/div_63/u_div_u_fa_PartRem_0_6_7/CO (ADDFX2M)
                                                          0.48      54.00 f
  U0_ARITHMETIC_UNIT/div_63/u_div_u_fa_PartRem_0_6_8/CO (ADDFHX4M)
                                                          0.36      54.36 f
  U0_ARITHMETIC_UNIT/div_63/u_div_u_fa_PartRem_0_6_9/CO (ADDFHX8M)
                                                          0.27      54.63 f
  U0_ARITHMETIC_UNIT/div_63/U31/Y (AND3XLM)               0.60      55.23 f
  U0_ARITHMETIC_UNIT/div_63/U19/Y (BUFX20M)               0.36      55.59 f
  U0_ARITHMETIC_UNIT/div_63/quotient[6] (ARITHMETIC_UNIT_DW_div_uns_0)
                                                          0.00      55.59 f
  U0_ARITHMETIC_UNIT/U169/Y (AOI22X1M)                    0.65      56.24 r
  U0_ARITHMETIC_UNIT/U167/Y (NAND2X2M)                    0.36      56.60 f
  U0_ARITHMETIC_UNIT/Arith_OUT_reg_6_/D (SDFFRQX2M)       0.00      56.60 f
  data arrival time                                                 56.60

  clock CLK (rise edge)                                 100.00     100.00
  clock network delay (ideal)                             0.00     100.00
  clock uncertainty                                      -0.20      99.80
  U0_ARITHMETIC_UNIT/Arith_OUT_reg_6_/CK (SDFFRQX2M)      0.00      99.80 r
  library setup time                                     -0.47      99.33
  data required time                                                99.33
  --------------------------------------------------------------------------
  data required time                                                99.33
  data arrival time                                                -56.60
  --------------------------------------------------------------------------
  slack (MET)                                                       42.73


  Startpoint: B[2] (input port clocked by CLK)
  Endpoint: U0_ARITHMETIC_UNIT/Arith_OUT_reg_7_
            (rising edge-triggered flip-flop clocked by CLK)
  Path Group: CLK
  Path Type: max

  Des/Clust/Port     Wire Load Model       Library
  ------------------------------------------------
  ALU_TOP            tsmc13_wl30           scmetro_tsmc_cl013g_rvt_ss_1p08v_125c

  Point                                                   Incr       Path
  --------------------------------------------------------------------------
  clock CLK (rise edge)                                   0.00       0.00
  clock network delay (ideal)                             0.00       0.00
  input external delay                                   20.00      20.00 r
  B[2] (in)                                               0.17      20.17 r
  U16/Y (CLKBUFX6M)                                       0.84      21.02 r
  U0_ARITHMETIC_UNIT/B[2] (ARITHMETIC_UNIT_test_1)        0.00      21.02 r
  U0_ARITHMETIC_UNIT/div_63/b[2] (ARITHMETIC_UNIT_DW_div_uns_0)
                                                          0.00      21.02 r
  U0_ARITHMETIC_UNIT/div_63/U171/Y (INVX2M)               0.34      21.36 f
  U0_ARITHMETIC_UNIT/div_63/U54/Y (CLKBUFX8M)             0.97      22.33 f
  U0_ARITHMETIC_UNIT/div_63/U2/Y (AND4X8M)                0.63      22.96 f
  U0_ARITHMETIC_UNIT/div_63/U1/Y (MX2X8M)                 0.34      23.29 r
  U0_ARITHMETIC_UNIT/div_63/u_div_u_fa_PartRem_0_14_1/CO (ADDFX2M)
                                                          0.66      23.95 r
  U0_ARITHMETIC_UNIT/div_63/U18/Y (AND3X1M)               0.49      24.44 r
  U0_ARITHMETIC_UNIT/div_63/U17/Y (BUFX10M)               0.26      24.71 r
  U0_ARITHMETIC_UNIT/div_63/U206/Y (CLKMX2X2M)            0.61      25.31 f
  U0_ARITHMETIC_UNIT/div_63/u_div_u_fa_PartRem_0_13_1/CO (ADDFX2M)
                                                          0.73      26.04 f
  U0_ARITHMETIC_UNIT/div_63/u_div_u_fa_PartRem_0_13_2/CO (ADDFX2M)
                                                          0.50      26.54 f
  U0_ARITHMETIC_UNIT/div_63/U48/Y (CLKAND2X4M)            0.57      27.12 f
  U0_ARITHMETIC_UNIT/div_63/U209/Y (CLKMX2X2M)            0.69      27.81 f
  U0_ARITHMETIC_UNIT/div_63/u_div_u_fa_PartRem_0_12_1/CO (ADDFX2M)
                                                          0.73      28.54 f
  U0_ARITHMETIC_UNIT/div_63/u_div_u_fa_PartRem_0_12_2/CO (ADDFX2M)
                                                          0.52      29.06 f
  U0_ARITHMETIC_UNIT/div_63/u_div_u_fa_PartRem_0_12_3/CO (ADDFHX4M)
                                                          0.35      29.40 f
  U0_ARITHMETIC_UNIT/div_63/U8/Y (AND3X12M)               0.32      29.72 f
  U0_ARITHMETIC_UNIT/div_63/U210/Y (CLKMX2X2M)            0.57      30.29 f
  U0_ARITHMETIC_UNIT/div_63/u_div_u_fa_PartRem_0_11_1/CO (ADDFX2M)
                                                          0.73      31.02 f
  U0_ARITHMETIC_UNIT/div_63/u_div_u_fa_PartRem_0_11_2/CO (ADDFX2M)
                                                          0.55      31.57 f
  U0_ARITHMETIC_UNIT/div_63/u_div_u_fa_PartRem_0_11_3/CO (ADDFHX8M)
                                                          0.30      31.88 f
  U0_ARITHMETIC_UNIT/div_63/u_div_u_fa_PartRem_0_11_4/CO (ADDFX2M)
                                                          0.48      32.36 f
  U0_ARITHMETIC_UNIT/div_63/U9/Y (AND2X12M)               0.30      32.66 f
  U0_ARITHMETIC_UNIT/div_63/U211/Y (CLKMX2X2M)            0.58      33.24 f
  U0_ARITHMETIC_UNIT/div_63/u_div_u_fa_PartRem_0_10_1/CO (ADDFX2M)
                                                          0.73      33.97 f
  U0_ARITHMETIC_UNIT/div_63/u_div_u_fa_PartRem_0_10_2/CO (ADDFX2M)
                                                          0.55      34.51 f
  U0_ARITHMETIC_UNIT/div_63/u_div_u_fa_PartRem_0_10_3/CO (ADDFHX8M)
                                                          0.30      34.82 f
  U0_ARITHMETIC_UNIT/div_63/u_div_u_fa_PartRem_0_10_4/CO (ADDFX2M)
                                                          0.47      35.29 f
  U0_ARITHMETIC_UNIT/div_63/u_div_u_fa_PartRem_0_10_5/CO (ADDFX2M)
                                                          0.50      35.79 f
  U0_ARITHMETIC_UNIT/div_63/U47/Y (CLKAND2X6M)            0.63      36.42 f
  U0_ARITHMETIC_UNIT/div_63/U212/Y (CLKMX2X2M)            0.71      37.13 f
  U0_ARITHMETIC_UNIT/div_63/u_div_u_fa_PartRem_0_9_1/CO (ADDFX2M)
                                                          0.73      37.86 f
  U0_ARITHMETIC_UNIT/div_63/u_div_u_fa_PartRem_0_9_2/CO (ADDFX2M)
                                                          0.55      38.41 f
  U0_ARITHMETIC_UNIT/div_63/u_div_u_fa_PartRem_0_9_3/CO (ADDFHX8M)
                                                          0.30      38.71 f
  U0_ARITHMETIC_UNIT/div_63/u_div_u_fa_PartRem_0_9_4/CO (ADDFX2M)
                                                          0.47      39.18 f
  U0_ARITHMETIC_UNIT/div_63/u_div_u_fa_PartRem_0_9_5/CO (ADDFX2M)
                                                          0.55      39.73 f
  U0_ARITHMETIC_UNIT/div_63/u_div_u_fa_PartRem_0_9_6/CO (ADDFHX8M)
                                                          0.30      40.03 f
  U0_ARITHMETIC_UNIT/div_63/U49/Y (CLKAND2X6M)            0.67      40.71 f
  U0_ARITHMETIC_UNIT/div_63/U56/Y (MX2X3M)                0.63      41.33 r
  U0_ARITHMETIC_UNIT/div_63/u_div_u_fa_PartRem_0_8_1/CO (ADDFX2M)
                                                          0.70      42.04 r
  U0_ARITHMETIC_UNIT/div_63/u_div_u_fa_PartRem_0_8_2/CO (ADDFX2M)
                                                          0.53      42.57 r
  U0_ARITHMETIC_UNIT/div_63/u_div_u_fa_PartRem_0_8_3/CO (ADDFHX8M)
                                                          0.25      42.81 r
  U0_ARITHMETIC_UNIT/div_63/u_div_u_fa_PartRem_0_8_4/CO (ADDFX2M)
                                                          0.43      43.24 r
  U0_ARITHMETIC_UNIT/div_63/u_div_u_fa_PartRem_0_8_5/CO (ADDFX2M)
                                                          0.49      43.73 r
  U0_ARITHMETIC_UNIT/div_63/u_div_u_fa_PartRem_0_8_6/CO (ADDFHX4M)
                                                          0.30      44.02 r
  U0_ARITHMETIC_UNIT/div_63/u_div_u_fa_PartRem_0_8_7/CO (ADDFX2M)
                                                          0.43      44.45 r
  U0_ARITHMETIC_UNIT/div_63/U134/Y (AND2X1M)              0.52      44.97 r
  U0_ARITHMETIC_UNIT/div_63/U29/Y (BUFX24M)               0.31      45.28 r
  U0_ARITHMETIC_UNIT/div_63/U24/Y (MX2X1M)                0.61      45.89 f
  U0_ARITHMETIC_UNIT/div_63/u_div_u_fa_PartRem_0_7_1/CO (ADDFX2M)
                                                          0.72      46.61 f
  U0_ARITHMETIC_UNIT/div_63/u_div_u_fa_PartRem_0_7_2/CO (ADDFX2M)
                                                          0.51      47.11 f
  U0_ARITHMETIC_UNIT/div_63/u_div_u_fa_PartRem_0_7_3/CO (ADDFX2M)
                                                          0.51      47.62 f
  U0_ARITHMETIC_UNIT/div_63/u_div_u_fa_PartRem_0_7_4/CO (ADDFX2M)
                                                          0.51      48.12 f
  U0_ARITHMETIC_UNIT/div_63/u_div_u_fa_PartRem_0_7_5/CO (ADDFX2M)
                                                          0.55      48.67 f
  U0_ARITHMETIC_UNIT/div_63/u_div_u_fa_PartRem_0_7_6/CO (ADDFHX8M)
                                                          0.30      48.98 f
  U0_ARITHMETIC_UNIT/div_63/u_div_u_fa_PartRem_0_7_7/CO (ADDFX2M)
                                                          0.47      49.45 f
  U0_ARITHMETIC_UNIT/div_63/u_div_u_fa_PartRem_0_7_8/CO (ADDFX2M)
                                                          0.51      49.96 f
  U0_ARITHMETIC_UNIT/div_63/U15/Y (CLKAND2X12M)           0.21      50.17 f
  U0_ARITHMETIC_UNIT/div_63/U30/Y (BUFX18M)               0.22      50.39 f
  U0_ARITHMETIC_UNIT/div_63/quotient[7] (ARITHMETIC_UNIT_DW_div_uns_0)
                                                          0.00      50.39 f
  U0_ARITHMETIC_UNIT/U172/Y (AOI22X1M)                    0.65      51.04 r
  U0_ARITHMETIC_UNIT/U170/Y (NAND2X2M)                    0.36      51.40 f
  U0_ARITHMETIC_UNIT/Arith_OUT_reg_7_/D (SDFFRQX2M)       0.00      51.40 f
  data arrival time                                                 51.40

  clock CLK (rise edge)                                 100.00     100.00
  clock network delay (ideal)                             0.00     100.00
  clock uncertainty                                      -0.20      99.80
  U0_ARITHMETIC_UNIT/Arith_OUT_reg_7_/CK (SDFFRQX2M)      0.00      99.80 r
  library setup time                                     -0.47      99.33
  data required time                                                99.33
  --------------------------------------------------------------------------
  data required time                                                99.33
  data arrival time                                                -51.40
  --------------------------------------------------------------------------
  slack (MET)                                                       47.93


  Startpoint: A[0] (input port clocked by CLK)
  Endpoint: U0_ARITHMETIC_UNIT/Arith_OUT_reg_31_
            (rising edge-triggered flip-flop clocked by CLK)
  Path Group: CLK
  Path Type: max

  Des/Clust/Port     Wire Load Model       Library
  ------------------------------------------------
  ALU_TOP            tsmc13_wl30           scmetro_tsmc_cl013g_rvt_ss_1p08v_125c

  Point                                                   Incr       Path
  --------------------------------------------------------------------------
  clock CLK (rise edge)                                   0.00       0.00
  clock network delay (ideal)                             0.00       0.00
  input external delay                                   20.00      20.00 r
  A[0] (in)                                               0.17      20.17 r
  U18/Y (CLKBUFX6M)                                       0.96      21.14 r
  U0_ARITHMETIC_UNIT/A[0] (ARITHMETIC_UNIT_test_1)        0.00      21.14 r
  U0_ARITHMETIC_UNIT/mult_59/A[0] (ARITHMETIC_UNIT_DW02_mult_0)
                                                          0.00      21.14 r
  U0_ARITHMETIC_UNIT/mult_59/U102/Y (INVX2M)              0.37      21.50 f
  U0_ARITHMETIC_UNIT/mult_59/U101/Y (CLKBUFX8M)           0.97      22.48 f
  U0_ARITHMETIC_UNIT/mult_59/U29/Y (NOR2X2M)              1.01      23.49 r
  U0_ARITHMETIC_UNIT/mult_59/U92/Y (XOR2X1M)              0.68      24.17 r
  U0_ARITHMETIC_UNIT/mult_59/S2_2_2/CO (ADDFX2M)          0.56      24.73 r
  U0_ARITHMETIC_UNIT/mult_59/S2_3_2/CO (ADDFX2M)          0.77      25.50 r
  U0_ARITHMETIC_UNIT/mult_59/S2_4_2/CO (ADDFX2M)          0.77      26.27 r
  U0_ARITHMETIC_UNIT/mult_59/S2_5_2/CO (ADDFX2M)          0.77      27.03 r
  U0_ARITHMETIC_UNIT/mult_59/S2_6_2/CO (ADDFX2M)          0.77      27.80 r
  U0_ARITHMETIC_UNIT/mult_59/S2_7_2/CO (ADDFX2M)          0.77      28.57 r
  U0_ARITHMETIC_UNIT/mult_59/S2_8_2/CO (ADDFX2M)          0.77      29.34 r
  U0_ARITHMETIC_UNIT/mult_59/S2_9_2/CO (ADDFX2M)          0.77      30.11 r
  U0_ARITHMETIC_UNIT/mult_59/S2_10_2/CO (ADDFX2M)         0.77      30.88 r
  U0_ARITHMETIC_UNIT/mult_59/S2_11_2/CO (ADDFX2M)         0.77      31.64 r
  U0_ARITHMETIC_UNIT/mult_59/S2_12_2/CO (ADDFX2M)         0.77      32.41 r
  U0_ARITHMETIC_UNIT/mult_59/S2_13_2/CO (ADDFX2M)         0.77      33.18 r
  U0_ARITHMETIC_UNIT/mult_59/S2_14_2/CO (ADDFX2M)         0.77      33.95 r
  U0_ARITHMETIC_UNIT/mult_59/S4_2/S (ADDFX2M)             0.89      34.84 f
  U0_ARITHMETIC_UNIT/mult_59/U60/Y (CLKXOR2X2M)           0.68      35.52 r
  U0_ARITHMETIC_UNIT/mult_59/FS_1/A[15] (ARITHMETIC_UNIT_DW01_add_1)
                                                          0.00      35.52 r
  U0_ARITHMETIC_UNIT/mult_59/FS_1/U84/Y (CLKNAND2X2M)     0.71      36.23 f
  U0_ARITHMETIC_UNIT/mult_59/FS_1/U7/Y (CLKINVX2M)        0.64      36.86 r
  U0_ARITHMETIC_UNIT/mult_59/FS_1/U6/Y (AOI2B1X2M)        0.50      37.36 f
  U0_ARITHMETIC_UNIT/mult_59/FS_1/U14/Y (OAI21X2M)        0.95      38.32 r
  U0_ARITHMETIC_UNIT/mult_59/FS_1/U3/Y (AOI2B1X2M)        0.66      38.98 f
  U0_ARITHMETIC_UNIT/mult_59/FS_1/U11/Y (OAI21X2M)        0.98      39.96 r
  U0_ARITHMETIC_UNIT/mult_59/FS_1/U4/Y (AOI2B1X2M)        0.66      40.62 f
  U0_ARITHMETIC_UNIT/mult_59/FS_1/U12/Y (OAI21X2M)        0.98      41.60 r
  U0_ARITHMETIC_UNIT/mult_59/FS_1/U2/Y (AOI2B1X2M)        0.66      42.26 f
  U0_ARITHMETIC_UNIT/mult_59/FS_1/U13/Y (OAI21X2M)        0.98      43.24 r
  U0_ARITHMETIC_UNIT/mult_59/FS_1/U5/Y (AOI2B1X2M)        0.66      43.90 f
  U0_ARITHMETIC_UNIT/mult_59/FS_1/U10/Y (OAI21X2M)        0.98      44.88 r
  U0_ARITHMETIC_UNIT/mult_59/FS_1/U9/Y (AOI2B1X2M)        0.68      45.56 f
  U0_ARITHMETIC_UNIT/mult_59/FS_1/U8/Y (OAI21X4M)         0.80      46.35 r
  U0_ARITHMETIC_UNIT/mult_59/FS_1/U45/Y (OAI21X1M)        0.53      46.88 f
  U0_ARITHMETIC_UNIT/mult_59/FS_1/U44/Y (OAI2BB1X1M)      0.46      47.34 r
  U0_ARITHMETIC_UNIT/mult_59/FS_1/U27/Y (CLKXOR2X2M)      0.57      47.91 f
  U0_ARITHMETIC_UNIT/mult_59/FS_1/SUM[29] (ARITHMETIC_UNIT_DW01_add_1)
                                                          0.00      47.91 f
  U0_ARITHMETIC_UNIT/mult_59/PRODUCT[31] (ARITHMETIC_UNIT_DW02_mult_0)
                                                          0.00      47.91 f
  U0_ARITHMETIC_UNIT/U135/Y (AO21XLM)                     0.63      48.54 f
  U0_ARITHMETIC_UNIT/Arith_OUT_reg_31_/D (SDFFRQX1M)      0.00      48.54 f
  data arrival time                                                 48.54

  clock CLK (rise edge)                                 100.00     100.00
  clock network delay (ideal)                             0.00     100.00
  clock uncertainty                                      -0.20      99.80
  U0_ARITHMETIC_UNIT/Arith_OUT_reg_31_/CK (SDFFRQX1M)     0.00      99.80 r
  library setup time                                     -0.49      99.31
  data required time                                                99.31
  --------------------------------------------------------------------------
  data required time                                                99.31
  data arrival time                                                -48.54
  --------------------------------------------------------------------------
  slack (MET)                                                       50.77


  Startpoint: A[0] (input port clocked by CLK)
  Endpoint: U0_ARITHMETIC_UNIT/Arith_OUT_reg_30_
            (rising edge-triggered flip-flop clocked by CLK)
  Path Group: CLK
  Path Type: max

  Des/Clust/Port     Wire Load Model       Library
  ------------------------------------------------
  ALU_TOP            tsmc13_wl30           scmetro_tsmc_cl013g_rvt_ss_1p08v_125c

  Point                                                   Incr       Path
  --------------------------------------------------------------------------
  clock CLK (rise edge)                                   0.00       0.00
  clock network delay (ideal)                             0.00       0.00
  input external delay                                   20.00      20.00 r
  A[0] (in)                                               0.17      20.17 r
  U18/Y (CLKBUFX6M)                                       0.96      21.14 r
  U0_ARITHMETIC_UNIT/A[0] (ARITHMETIC_UNIT_test_1)        0.00      21.14 r
  U0_ARITHMETIC_UNIT/mult_59/A[0] (ARITHMETIC_UNIT_DW02_mult_0)
                                                          0.00      21.14 r
  U0_ARITHMETIC_UNIT/mult_59/U102/Y (INVX2M)              0.37      21.50 f
  U0_ARITHMETIC_UNIT/mult_59/U101/Y (CLKBUFX8M)           0.97      22.48 f
  U0_ARITHMETIC_UNIT/mult_59/U29/Y (NOR2X2M)              1.01      23.49 r
  U0_ARITHMETIC_UNIT/mult_59/U92/Y (XOR2X1M)              0.68      24.17 r
  U0_ARITHMETIC_UNIT/mult_59/S2_2_2/CO (ADDFX2M)          0.56      24.73 r
  U0_ARITHMETIC_UNIT/mult_59/S2_3_2/CO (ADDFX2M)          0.77      25.50 r
  U0_ARITHMETIC_UNIT/mult_59/S2_4_2/CO (ADDFX2M)          0.77      26.27 r
  U0_ARITHMETIC_UNIT/mult_59/S2_5_2/CO (ADDFX2M)          0.77      27.03 r
  U0_ARITHMETIC_UNIT/mult_59/S2_6_2/CO (ADDFX2M)          0.77      27.80 r
  U0_ARITHMETIC_UNIT/mult_59/S2_7_2/CO (ADDFX2M)          0.77      28.57 r
  U0_ARITHMETIC_UNIT/mult_59/S2_8_2/CO (ADDFX2M)          0.77      29.34 r
  U0_ARITHMETIC_UNIT/mult_59/S2_9_2/CO (ADDFX2M)          0.77      30.11 r
  U0_ARITHMETIC_UNIT/mult_59/S2_10_2/CO (ADDFX2M)         0.77      30.88 r
  U0_ARITHMETIC_UNIT/mult_59/S2_11_2/CO (ADDFX2M)         0.77      31.64 r
  U0_ARITHMETIC_UNIT/mult_59/S2_12_2/CO (ADDFX2M)         0.77      32.41 r
  U0_ARITHMETIC_UNIT/mult_59/S2_13_2/CO (ADDFX2M)         0.77      33.18 r
  U0_ARITHMETIC_UNIT/mult_59/S2_14_2/CO (ADDFX2M)         0.77      33.95 r
  U0_ARITHMETIC_UNIT/mult_59/S4_2/S (ADDFX2M)             0.89      34.84 f
  U0_ARITHMETIC_UNIT/mult_59/U60/Y (CLKXOR2X2M)           0.68      35.52 r
  U0_ARITHMETIC_UNIT/mult_59/FS_1/A[15] (ARITHMETIC_UNIT_DW01_add_1)
                                                          0.00      35.52 r
  U0_ARITHMETIC_UNIT/mult_59/FS_1/U84/Y (CLKNAND2X2M)     0.71      36.23 f
  U0_ARITHMETIC_UNIT/mult_59/FS_1/U7/Y (CLKINVX2M)        0.64      36.86 r
  U0_ARITHMETIC_UNIT/mult_59/FS_1/U6/Y (AOI2B1X2M)        0.50      37.36 f
  U0_ARITHMETIC_UNIT/mult_59/FS_1/U14/Y (OAI21X2M)        0.95      38.32 r
  U0_ARITHMETIC_UNIT/mult_59/FS_1/U3/Y (AOI2B1X2M)        0.66      38.98 f
  U0_ARITHMETIC_UNIT/mult_59/FS_1/U11/Y (OAI21X2M)        0.98      39.96 r
  U0_ARITHMETIC_UNIT/mult_59/FS_1/U4/Y (AOI2B1X2M)        0.66      40.62 f
  U0_ARITHMETIC_UNIT/mult_59/FS_1/U12/Y (OAI21X2M)        0.98      41.60 r
  U0_ARITHMETIC_UNIT/mult_59/FS_1/U2/Y (AOI2B1X2M)        0.66      42.26 f
  U0_ARITHMETIC_UNIT/mult_59/FS_1/U13/Y (OAI21X2M)        0.98      43.24 r
  U0_ARITHMETIC_UNIT/mult_59/FS_1/U5/Y (AOI2B1X2M)        0.66      43.90 f
  U0_ARITHMETIC_UNIT/mult_59/FS_1/U10/Y (OAI21X2M)        0.98      44.88 r
  U0_ARITHMETIC_UNIT/mult_59/FS_1/U9/Y (AOI2B1X2M)        0.68      45.56 f
  U0_ARITHMETIC_UNIT/mult_59/FS_1/U8/Y (OAI21X4M)         0.80      46.35 r
  U0_ARITHMETIC_UNIT/mult_59/FS_1/U46/Y (XOR3XLM)         0.60      46.96 f
  U0_ARITHMETIC_UNIT/mult_59/FS_1/SUM[28] (ARITHMETIC_UNIT_DW01_add_1)
                                                          0.00      46.96 f
  U0_ARITHMETIC_UNIT/mult_59/PRODUCT[30] (ARITHMETIC_UNIT_DW02_mult_0)
                                                          0.00      46.96 f
  U0_ARITHMETIC_UNIT/U136/Y (AO21XLM)                     0.67      47.63 f
  U0_ARITHMETIC_UNIT/Arith_OUT_reg_30_/D (SDFFRQX1M)      0.00      47.63 f
  data arrival time                                                 47.63

  clock CLK (rise edge)                                 100.00     100.00
  clock network delay (ideal)                             0.00     100.00
  clock uncertainty                                      -0.20      99.80
  U0_ARITHMETIC_UNIT/Arith_OUT_reg_30_/CK (SDFFRQX1M)     0.00      99.80 r
  library setup time                                     -0.49      99.31
  data required time                                                99.31
  --------------------------------------------------------------------------
  data required time                                                99.31
  data arrival time                                                -47.63
  --------------------------------------------------------------------------
  slack (MET)                                                       51.68


  Startpoint: A[0] (input port clocked by CLK)
  Endpoint: U0_ARITHMETIC_UNIT/Arith_OUT_reg_29_
            (rising edge-triggered flip-flop clocked by CLK)
  Path Group: CLK
  Path Type: max

  Des/Clust/Port     Wire Load Model       Library
  ------------------------------------------------
  ALU_TOP            tsmc13_wl30           scmetro_tsmc_cl013g_rvt_ss_1p08v_125c

  Point                                                   Incr       Path
  --------------------------------------------------------------------------
  clock CLK (rise edge)                                   0.00       0.00
  clock network delay (ideal)                             0.00       0.00
  input external delay                                   20.00      20.00 r
  A[0] (in)                                               0.17      20.17 r
  U18/Y (CLKBUFX6M)                                       0.96      21.14 r
  U0_ARITHMETIC_UNIT/A[0] (ARITHMETIC_UNIT_test_1)        0.00      21.14 r
  U0_ARITHMETIC_UNIT/mult_59/A[0] (ARITHMETIC_UNIT_DW02_mult_0)
                                                          0.00      21.14 r
  U0_ARITHMETIC_UNIT/mult_59/U102/Y (INVX2M)              0.37      21.50 f
  U0_ARITHMETIC_UNIT/mult_59/U101/Y (CLKBUFX8M)           0.97      22.48 f
  U0_ARITHMETIC_UNIT/mult_59/U29/Y (NOR2X2M)              1.01      23.49 r
  U0_ARITHMETIC_UNIT/mult_59/U92/Y (XOR2X1M)              0.68      24.17 r
  U0_ARITHMETIC_UNIT/mult_59/S2_2_2/CO (ADDFX2M)          0.56      24.73 r
  U0_ARITHMETIC_UNIT/mult_59/S2_3_2/CO (ADDFX2M)          0.77      25.50 r
  U0_ARITHMETIC_UNIT/mult_59/S2_4_2/CO (ADDFX2M)          0.77      26.27 r
  U0_ARITHMETIC_UNIT/mult_59/S2_5_2/CO (ADDFX2M)          0.77      27.03 r
  U0_ARITHMETIC_UNIT/mult_59/S2_6_2/CO (ADDFX2M)          0.77      27.80 r
  U0_ARITHMETIC_UNIT/mult_59/S2_7_2/CO (ADDFX2M)          0.77      28.57 r
  U0_ARITHMETIC_UNIT/mult_59/S2_8_2/CO (ADDFX2M)          0.77      29.34 r
  U0_ARITHMETIC_UNIT/mult_59/S2_9_2/CO (ADDFX2M)          0.77      30.11 r
  U0_ARITHMETIC_UNIT/mult_59/S2_10_2/CO (ADDFX2M)         0.77      30.88 r
  U0_ARITHMETIC_UNIT/mult_59/S2_11_2/CO (ADDFX2M)         0.77      31.64 r
  U0_ARITHMETIC_UNIT/mult_59/S2_12_2/CO (ADDFX2M)         0.77      32.41 r
  U0_ARITHMETIC_UNIT/mult_59/S2_13_2/CO (ADDFX2M)         0.77      33.18 r
  U0_ARITHMETIC_UNIT/mult_59/S2_14_2/CO (ADDFX2M)         0.77      33.95 r
  U0_ARITHMETIC_UNIT/mult_59/S4_2/S (ADDFX2M)             0.89      34.84 f
  U0_ARITHMETIC_UNIT/mult_59/U60/Y (CLKXOR2X2M)           0.68      35.52 r
  U0_ARITHMETIC_UNIT/mult_59/FS_1/A[15] (ARITHMETIC_UNIT_DW01_add_1)
                                                          0.00      35.52 r
  U0_ARITHMETIC_UNIT/mult_59/FS_1/U84/Y (CLKNAND2X2M)     0.71      36.23 f
  U0_ARITHMETIC_UNIT/mult_59/FS_1/U7/Y (CLKINVX2M)        0.64      36.86 r
  U0_ARITHMETIC_UNIT/mult_59/FS_1/U6/Y (AOI2B1X2M)        0.50      37.36 f
  U0_ARITHMETIC_UNIT/mult_59/FS_1/U14/Y (OAI21X2M)        0.95      38.32 r
  U0_ARITHMETIC_UNIT/mult_59/FS_1/U3/Y (AOI2B1X2M)        0.66      38.98 f
  U0_ARITHMETIC_UNIT/mult_59/FS_1/U11/Y (OAI21X2M)        0.98      39.96 r
  U0_ARITHMETIC_UNIT/mult_59/FS_1/U4/Y (AOI2B1X2M)        0.66      40.62 f
  U0_ARITHMETIC_UNIT/mult_59/FS_1/U12/Y (OAI21X2M)        0.98      41.60 r
  U0_ARITHMETIC_UNIT/mult_59/FS_1/U2/Y (AOI2B1X2M)        0.66      42.26 f
  U0_ARITHMETIC_UNIT/mult_59/FS_1/U13/Y (OAI21X2M)        0.98      43.24 r
  U0_ARITHMETIC_UNIT/mult_59/FS_1/U5/Y (AOI2B1X2M)        0.66      43.90 f
  U0_ARITHMETIC_UNIT/mult_59/FS_1/U10/Y (OAI21X2M)        0.98      44.88 r
  U0_ARITHMETIC_UNIT/mult_59/FS_1/U9/Y (AOI2B1X2M)        0.68      45.56 f
  U0_ARITHMETIC_UNIT/mult_59/FS_1/U47/Y (CLKXOR2X2M)      0.56      46.12 f
  U0_ARITHMETIC_UNIT/mult_59/FS_1/SUM[27] (ARITHMETIC_UNIT_DW01_add_1)
                                                          0.00      46.12 f
  U0_ARITHMETIC_UNIT/mult_59/PRODUCT[29] (ARITHMETIC_UNIT_DW02_mult_0)
                                                          0.00      46.12 f
  U0_ARITHMETIC_UNIT/U132/Y (AO21XLM)                     0.63      46.75 f
  U0_ARITHMETIC_UNIT/Arith_OUT_reg_29_/D (SDFFRQX1M)      0.00      46.75 f
  data arrival time                                                 46.75

  clock CLK (rise edge)                                 100.00     100.00
  clock network delay (ideal)                             0.00     100.00
  clock uncertainty                                      -0.20      99.80
  U0_ARITHMETIC_UNIT/Arith_OUT_reg_29_/CK (SDFFRQX1M)     0.00      99.80 r
  library setup time                                     -0.49      99.31
  data required time                                                99.31
  --------------------------------------------------------------------------
  data required time                                                99.31
  data arrival time                                                -46.75
  --------------------------------------------------------------------------
  slack (MET)                                                       52.56


  Startpoint: B[2] (input port clocked by CLK)
  Endpoint: U0_ARITHMETIC_UNIT/Arith_OUT_reg_8_
            (rising edge-triggered flip-flop clocked by CLK)
  Path Group: CLK
  Path Type: max

  Des/Clust/Port     Wire Load Model       Library
  ------------------------------------------------
  ALU_TOP            tsmc13_wl30           scmetro_tsmc_cl013g_rvt_ss_1p08v_125c

  Point                                                   Incr       Path
  --------------------------------------------------------------------------
  clock CLK (rise edge)                                   0.00       0.00
  clock network delay (ideal)                             0.00       0.00
  input external delay                                   20.00      20.00 r
  B[2] (in)                                               0.17      20.17 r
  U16/Y (CLKBUFX6M)                                       0.84      21.02 r
  U0_ARITHMETIC_UNIT/B[2] (ARITHMETIC_UNIT_test_1)        0.00      21.02 r
  U0_ARITHMETIC_UNIT/div_63/b[2] (ARITHMETIC_UNIT_DW_div_uns_0)
                                                          0.00      21.02 r
  U0_ARITHMETIC_UNIT/div_63/U171/Y (INVX2M)               0.34      21.36 f
  U0_ARITHMETIC_UNIT/div_63/U54/Y (CLKBUFX8M)             0.97      22.33 f
  U0_ARITHMETIC_UNIT/div_63/U2/Y (AND4X8M)                0.63      22.96 f
  U0_ARITHMETIC_UNIT/div_63/U1/Y (MX2X8M)                 0.34      23.29 r
  U0_ARITHMETIC_UNIT/div_63/u_div_u_fa_PartRem_0_14_1/CO (ADDFX2M)
                                                          0.66      23.95 r
  U0_ARITHMETIC_UNIT/div_63/U18/Y (AND3X1M)               0.49      24.44 r
  U0_ARITHMETIC_UNIT/div_63/U17/Y (BUFX10M)               0.26      24.71 r
  U0_ARITHMETIC_UNIT/div_63/U206/Y (CLKMX2X2M)            0.61      25.31 f
  U0_ARITHMETIC_UNIT/div_63/u_div_u_fa_PartRem_0_13_1/CO (ADDFX2M)
                                                          0.73      26.04 f
  U0_ARITHMETIC_UNIT/div_63/u_div_u_fa_PartRem_0_13_2/CO (ADDFX2M)
                                                          0.50      26.54 f
  U0_ARITHMETIC_UNIT/div_63/U48/Y (CLKAND2X4M)            0.57      27.12 f
  U0_ARITHMETIC_UNIT/div_63/U209/Y (CLKMX2X2M)            0.69      27.81 f
  U0_ARITHMETIC_UNIT/div_63/u_div_u_fa_PartRem_0_12_1/CO (ADDFX2M)
                                                          0.73      28.54 f
  U0_ARITHMETIC_UNIT/div_63/u_div_u_fa_PartRem_0_12_2/CO (ADDFX2M)
                                                          0.52      29.06 f
  U0_ARITHMETIC_UNIT/div_63/u_div_u_fa_PartRem_0_12_3/CO (ADDFHX4M)
                                                          0.35      29.40 f
  U0_ARITHMETIC_UNIT/div_63/U8/Y (AND3X12M)               0.32      29.72 f
  U0_ARITHMETIC_UNIT/div_63/U210/Y (CLKMX2X2M)            0.57      30.29 f
  U0_ARITHMETIC_UNIT/div_63/u_div_u_fa_PartRem_0_11_1/CO (ADDFX2M)
                                                          0.73      31.02 f
  U0_ARITHMETIC_UNIT/div_63/u_div_u_fa_PartRem_0_11_2/CO (ADDFX2M)
                                                          0.55      31.57 f
  U0_ARITHMETIC_UNIT/div_63/u_div_u_fa_PartRem_0_11_3/CO (ADDFHX8M)
                                                          0.30      31.88 f
  U0_ARITHMETIC_UNIT/div_63/u_div_u_fa_PartRem_0_11_4/CO (ADDFX2M)
                                                          0.48      32.36 f
  U0_ARITHMETIC_UNIT/div_63/U9/Y (AND2X12M)               0.30      32.66 f
  U0_ARITHMETIC_UNIT/div_63/U211/Y (CLKMX2X2M)            0.58      33.24 f
  U0_ARITHMETIC_UNIT/div_63/u_div_u_fa_PartRem_0_10_1/CO (ADDFX2M)
                                                          0.73      33.97 f
  U0_ARITHMETIC_UNIT/div_63/u_div_u_fa_PartRem_0_10_2/CO (ADDFX2M)
                                                          0.55      34.51 f
  U0_ARITHMETIC_UNIT/div_63/u_div_u_fa_PartRem_0_10_3/CO (ADDFHX8M)
                                                          0.30      34.82 f
  U0_ARITHMETIC_UNIT/div_63/u_div_u_fa_PartRem_0_10_4/CO (ADDFX2M)
                                                          0.47      35.29 f
  U0_ARITHMETIC_UNIT/div_63/u_div_u_fa_PartRem_0_10_5/CO (ADDFX2M)
                                                          0.50      35.79 f
  U0_ARITHMETIC_UNIT/div_63/U47/Y (CLKAND2X6M)            0.63      36.42 f
  U0_ARITHMETIC_UNIT/div_63/U212/Y (CLKMX2X2M)            0.71      37.13 f
  U0_ARITHMETIC_UNIT/div_63/u_div_u_fa_PartRem_0_9_1/CO (ADDFX2M)
                                                          0.73      37.86 f
  U0_ARITHMETIC_UNIT/div_63/u_div_u_fa_PartRem_0_9_2/CO (ADDFX2M)
                                                          0.55      38.41 f
  U0_ARITHMETIC_UNIT/div_63/u_div_u_fa_PartRem_0_9_3/CO (ADDFHX8M)
                                                          0.30      38.71 f
  U0_ARITHMETIC_UNIT/div_63/u_div_u_fa_PartRem_0_9_4/CO (ADDFX2M)
                                                          0.47      39.18 f
  U0_ARITHMETIC_UNIT/div_63/u_div_u_fa_PartRem_0_9_5/CO (ADDFX2M)
                                                          0.55      39.73 f
  U0_ARITHMETIC_UNIT/div_63/u_div_u_fa_PartRem_0_9_6/CO (ADDFHX8M)
                                                          0.30      40.03 f
  U0_ARITHMETIC_UNIT/div_63/U49/Y (CLKAND2X6M)            0.67      40.71 f
  U0_ARITHMETIC_UNIT/div_63/U56/Y (MX2X3M)                0.51      41.21 f
  U0_ARITHMETIC_UNIT/div_63/u_div_u_fa_PartRem_0_8_1/CO (ADDFX2M)
                                                          0.63      41.84 f
  U0_ARITHMETIC_UNIT/div_63/u_div_u_fa_PartRem_0_8_2/CO (ADDFX2M)
                                                          0.55      42.39 f
  U0_ARITHMETIC_UNIT/div_63/u_div_u_fa_PartRem_0_8_3/CO (ADDFHX8M)
                                                          0.30      42.70 f
  U0_ARITHMETIC_UNIT/div_63/u_div_u_fa_PartRem_0_8_4/CO (ADDFX2M)
                                                          0.47      43.16 f
  U0_ARITHMETIC_UNIT/div_63/u_div_u_fa_PartRem_0_8_5/CO (ADDFX2M)
                                                          0.52      43.68 f
  U0_ARITHMETIC_UNIT/div_63/u_div_u_fa_PartRem_0_8_6/CO (ADDFHX4M)
                                                          0.33      44.02 f
  U0_ARITHMETIC_UNIT/div_63/u_div_u_fa_PartRem_0_8_7/CO (ADDFX2M)
                                                          0.47      44.49 f
  U0_ARITHMETIC_UNIT/div_63/U134/Y (AND2X1M)              0.45      44.93 f
  U0_ARITHMETIC_UNIT/div_63/U29/Y (BUFX24M)               0.28      45.21 f
  U0_ARITHMETIC_UNIT/div_63/quotient[8] (ARITHMETIC_UNIT_DW_div_uns_0)
                                                          0.00      45.21 f
  U0_ARITHMETIC_UNIT/U175/Y (AOI22X1M)                    0.64      45.86 r
  U0_ARITHMETIC_UNIT/U173/Y (NAND2X2M)                    0.36      46.21 f
  U0_ARITHMETIC_UNIT/Arith_OUT_reg_8_/D (SDFFRQX2M)       0.00      46.21 f
  data arrival time                                                 46.21

  clock CLK (rise edge)                                 100.00     100.00
  clock network delay (ideal)                             0.00     100.00
  clock uncertainty                                      -0.20      99.80
  U0_ARITHMETIC_UNIT/Arith_OUT_reg_8_/CK (SDFFRQX2M)      0.00      99.80 r
  library setup time                                     -0.47      99.33
  data required time                                                99.33
  --------------------------------------------------------------------------
  data required time                                                99.33
  data arrival time                                                -46.21
  --------------------------------------------------------------------------
  slack (MET)                                                       53.12


  Startpoint: A[0] (input port clocked by CLK)
  Endpoint: U0_ARITHMETIC_UNIT/Arith_OUT_reg_28_
            (rising edge-triggered flip-flop clocked by CLK)
  Path Group: CLK
  Path Type: max

  Des/Clust/Port     Wire Load Model       Library
  ------------------------------------------------
  ALU_TOP            tsmc13_wl30           scmetro_tsmc_cl013g_rvt_ss_1p08v_125c

  Point                                                   Incr       Path
  --------------------------------------------------------------------------
  clock CLK (rise edge)                                   0.00       0.00
  clock network delay (ideal)                             0.00       0.00
  input external delay                                   20.00      20.00 r
  A[0] (in)                                               0.17      20.17 r
  U18/Y (CLKBUFX6M)                                       0.96      21.14 r
  U0_ARITHMETIC_UNIT/A[0] (ARITHMETIC_UNIT_test_1)        0.00      21.14 r
  U0_ARITHMETIC_UNIT/mult_59/A[0] (ARITHMETIC_UNIT_DW02_mult_0)
                                                          0.00      21.14 r
  U0_ARITHMETIC_UNIT/mult_59/U102/Y (INVX2M)              0.37      21.50 f
  U0_ARITHMETIC_UNIT/mult_59/U101/Y (CLKBUFX8M)           0.97      22.48 f
  U0_ARITHMETIC_UNIT/mult_59/U29/Y (NOR2X2M)              1.01      23.49 r
  U0_ARITHMETIC_UNIT/mult_59/U92/Y (XOR2X1M)              0.68      24.17 r
  U0_ARITHMETIC_UNIT/mult_59/S2_2_2/CO (ADDFX2M)          0.56      24.73 r
  U0_ARITHMETIC_UNIT/mult_59/S2_3_2/CO (ADDFX2M)          0.77      25.50 r
  U0_ARITHMETIC_UNIT/mult_59/S2_4_2/CO (ADDFX2M)          0.77      26.27 r
  U0_ARITHMETIC_UNIT/mult_59/S2_5_2/CO (ADDFX2M)          0.77      27.03 r
  U0_ARITHMETIC_UNIT/mult_59/S2_6_2/CO (ADDFX2M)          0.77      27.80 r
  U0_ARITHMETIC_UNIT/mult_59/S2_7_2/CO (ADDFX2M)          0.77      28.57 r
  U0_ARITHMETIC_UNIT/mult_59/S2_8_2/CO (ADDFX2M)          0.77      29.34 r
  U0_ARITHMETIC_UNIT/mult_59/S2_9_2/CO (ADDFX2M)          0.77      30.11 r
  U0_ARITHMETIC_UNIT/mult_59/S2_10_2/CO (ADDFX2M)         0.77      30.88 r
  U0_ARITHMETIC_UNIT/mult_59/S2_11_2/CO (ADDFX2M)         0.77      31.64 r
  U0_ARITHMETIC_UNIT/mult_59/S2_12_2/CO (ADDFX2M)         0.77      32.41 r
  U0_ARITHMETIC_UNIT/mult_59/S2_13_2/CO (ADDFX2M)         0.77      33.18 r
  U0_ARITHMETIC_UNIT/mult_59/S2_14_2/CO (ADDFX2M)         0.77      33.95 r
  U0_ARITHMETIC_UNIT/mult_59/S4_2/S (ADDFX2M)             0.89      34.84 f
  U0_ARITHMETIC_UNIT/mult_59/U60/Y (CLKXOR2X2M)           0.68      35.52 r
  U0_ARITHMETIC_UNIT/mult_59/FS_1/A[15] (ARITHMETIC_UNIT_DW01_add_1)
                                                          0.00      35.52 r
  U0_ARITHMETIC_UNIT/mult_59/FS_1/U84/Y (CLKNAND2X2M)     0.71      36.23 f
  U0_ARITHMETIC_UNIT/mult_59/FS_1/U7/Y (CLKINVX2M)        0.64      36.86 r
  U0_ARITHMETIC_UNIT/mult_59/FS_1/U6/Y (AOI2B1X2M)        0.50      37.36 f
  U0_ARITHMETIC_UNIT/mult_59/FS_1/U14/Y (OAI21X2M)        0.95      38.32 r
  U0_ARITHMETIC_UNIT/mult_59/FS_1/U3/Y (AOI2B1X2M)        0.66      38.98 f
  U0_ARITHMETIC_UNIT/mult_59/FS_1/U11/Y (OAI21X2M)        0.98      39.96 r
  U0_ARITHMETIC_UNIT/mult_59/FS_1/U4/Y (AOI2B1X2M)        0.66      40.62 f
  U0_ARITHMETIC_UNIT/mult_59/FS_1/U12/Y (OAI21X2M)        0.98      41.60 r
  U0_ARITHMETIC_UNIT/mult_59/FS_1/U2/Y (AOI2B1X2M)        0.66      42.26 f
  U0_ARITHMETIC_UNIT/mult_59/FS_1/U13/Y (OAI21X2M)        0.98      43.24 r
  U0_ARITHMETIC_UNIT/mult_59/FS_1/U5/Y (AOI2B1X2M)        0.66      43.90 f
  U0_ARITHMETIC_UNIT/mult_59/FS_1/U10/Y (OAI21X2M)        0.98      44.88 r
  U0_ARITHMETIC_UNIT/mult_59/FS_1/U50/Y (CLKXOR2X2M)      0.53      45.41 f
  U0_ARITHMETIC_UNIT/mult_59/FS_1/SUM[26] (ARITHMETIC_UNIT_DW01_add_1)
                                                          0.00      45.41 f
  U0_ARITHMETIC_UNIT/mult_59/PRODUCT[28] (ARITHMETIC_UNIT_DW02_mult_0)
                                                          0.00      45.41 f
  U0_ARITHMETIC_UNIT/U133/Y (AO21XLM)                     0.63      46.04 f
  U0_ARITHMETIC_UNIT/Arith_OUT_reg_28_/D (SDFFRQX1M)      0.00      46.04 f
  data arrival time                                                 46.04

  clock CLK (rise edge)                                 100.00     100.00
  clock network delay (ideal)                             0.00     100.00
  clock uncertainty                                      -0.20      99.80
  U0_ARITHMETIC_UNIT/Arith_OUT_reg_28_/CK (SDFFRQX1M)     0.00      99.80 r
  library setup time                                     -0.49      99.31
  data required time                                                99.31
  --------------------------------------------------------------------------
  data required time                                                99.31
  data arrival time                                                -46.04
  --------------------------------------------------------------------------
  slack (MET)                                                       53.27


  Startpoint: A[0] (input port clocked by CLK)
  Endpoint: U0_ARITHMETIC_UNIT/Arith_OUT_reg_27_
            (rising edge-triggered flip-flop clocked by CLK)
  Path Group: CLK
  Path Type: max

  Des/Clust/Port     Wire Load Model       Library
  ------------------------------------------------
  ALU_TOP            tsmc13_wl30           scmetro_tsmc_cl013g_rvt_ss_1p08v_125c

  Point                                                   Incr       Path
  --------------------------------------------------------------------------
  clock CLK (rise edge)                                   0.00       0.00
  clock network delay (ideal)                             0.00       0.00
  input external delay                                   20.00      20.00 r
  A[0] (in)                                               0.17      20.17 r
  U18/Y (CLKBUFX6M)                                       0.96      21.14 r
  U0_ARITHMETIC_UNIT/A[0] (ARITHMETIC_UNIT_test_1)        0.00      21.14 r
  U0_ARITHMETIC_UNIT/mult_59/A[0] (ARITHMETIC_UNIT_DW02_mult_0)
                                                          0.00      21.14 r
  U0_ARITHMETIC_UNIT/mult_59/U102/Y (INVX2M)              0.37      21.50 f
  U0_ARITHMETIC_UNIT/mult_59/U101/Y (CLKBUFX8M)           0.97      22.48 f
  U0_ARITHMETIC_UNIT/mult_59/U29/Y (NOR2X2M)              1.01      23.49 r
  U0_ARITHMETIC_UNIT/mult_59/U92/Y (XOR2X1M)              0.68      24.17 r
  U0_ARITHMETIC_UNIT/mult_59/S2_2_2/CO (ADDFX2M)          0.56      24.73 r
  U0_ARITHMETIC_UNIT/mult_59/S2_3_2/CO (ADDFX2M)          0.77      25.50 r
  U0_ARITHMETIC_UNIT/mult_59/S2_4_2/CO (ADDFX2M)          0.77      26.27 r
  U0_ARITHMETIC_UNIT/mult_59/S2_5_2/CO (ADDFX2M)          0.77      27.03 r
  U0_ARITHMETIC_UNIT/mult_59/S2_6_2/CO (ADDFX2M)          0.77      27.80 r
  U0_ARITHMETIC_UNIT/mult_59/S2_7_2/CO (ADDFX2M)          0.77      28.57 r
  U0_ARITHMETIC_UNIT/mult_59/S2_8_2/CO (ADDFX2M)          0.77      29.34 r
  U0_ARITHMETIC_UNIT/mult_59/S2_9_2/CO (ADDFX2M)          0.77      30.11 r
  U0_ARITHMETIC_UNIT/mult_59/S2_10_2/CO (ADDFX2M)         0.77      30.88 r
  U0_ARITHMETIC_UNIT/mult_59/S2_11_2/CO (ADDFX2M)         0.77      31.64 r
  U0_ARITHMETIC_UNIT/mult_59/S2_12_2/CO (ADDFX2M)         0.77      32.41 r
  U0_ARITHMETIC_UNIT/mult_59/S2_13_2/CO (ADDFX2M)         0.77      33.18 r
  U0_ARITHMETIC_UNIT/mult_59/S2_14_2/CO (ADDFX2M)         0.77      33.95 r
  U0_ARITHMETIC_UNIT/mult_59/S4_2/S (ADDFX2M)             0.89      34.84 f
  U0_ARITHMETIC_UNIT/mult_59/U60/Y (CLKXOR2X2M)           0.68      35.52 r
  U0_ARITHMETIC_UNIT/mult_59/FS_1/A[15] (ARITHMETIC_UNIT_DW01_add_1)
                                                          0.00      35.52 r
  U0_ARITHMETIC_UNIT/mult_59/FS_1/U84/Y (CLKNAND2X2M)     0.71      36.23 f
  U0_ARITHMETIC_UNIT/mult_59/FS_1/U7/Y (CLKINVX2M)        0.64      36.86 r
  U0_ARITHMETIC_UNIT/mult_59/FS_1/U6/Y (AOI2B1X2M)        0.50      37.36 f
  U0_ARITHMETIC_UNIT/mult_59/FS_1/U14/Y (OAI21X2M)        0.95      38.32 r
  U0_ARITHMETIC_UNIT/mult_59/FS_1/U3/Y (AOI2B1X2M)        0.66      38.98 f
  U0_ARITHMETIC_UNIT/mult_59/FS_1/U11/Y (OAI21X2M)        0.98      39.96 r
  U0_ARITHMETIC_UNIT/mult_59/FS_1/U4/Y (AOI2B1X2M)        0.66      40.62 f
  U0_ARITHMETIC_UNIT/mult_59/FS_1/U12/Y (OAI21X2M)        0.98      41.60 r
  U0_ARITHMETIC_UNIT/mult_59/FS_1/U2/Y (AOI2B1X2M)        0.66      42.26 f
  U0_ARITHMETIC_UNIT/mult_59/FS_1/U13/Y (OAI21X2M)        0.98      43.24 r
  U0_ARITHMETIC_UNIT/mult_59/FS_1/U5/Y (AOI2B1X2M)        0.66      43.90 f
  U0_ARITHMETIC_UNIT/mult_59/FS_1/U53/Y (CLKXOR2X2M)      0.56      44.46 f
  U0_ARITHMETIC_UNIT/mult_59/FS_1/SUM[25] (ARITHMETIC_UNIT_DW01_add_1)
                                                          0.00      44.46 f
  U0_ARITHMETIC_UNIT/mult_59/PRODUCT[27] (ARITHMETIC_UNIT_DW02_mult_0)
                                                          0.00      44.46 f
  U0_ARITHMETIC_UNIT/U134/Y (AO21XLM)                     0.63      45.09 f
  U0_ARITHMETIC_UNIT/Arith_OUT_reg_27_/D (SDFFRQX1M)      0.00      45.09 f
  data arrival time                                                 45.09

  clock CLK (rise edge)                                 100.00     100.00
  clock network delay (ideal)                             0.00     100.00
  clock uncertainty                                      -0.20      99.80
  U0_ARITHMETIC_UNIT/Arith_OUT_reg_27_/CK (SDFFRQX1M)     0.00      99.80 r
  library setup time                                     -0.49      99.31
  data required time                                                99.31
  --------------------------------------------------------------------------
  data required time                                                99.31
  data arrival time                                                -45.09
  --------------------------------------------------------------------------
  slack (MET)                                                       54.22


  Startpoint: A[0] (input port clocked by CLK)
  Endpoint: U0_ARITHMETIC_UNIT/Arith_OUT_reg_26_
            (rising edge-triggered flip-flop clocked by CLK)
  Path Group: CLK
  Path Type: max

  Des/Clust/Port     Wire Load Model       Library
  ------------------------------------------------
  ALU_TOP            tsmc13_wl30           scmetro_tsmc_cl013g_rvt_ss_1p08v_125c

  Point                                                   Incr       Path
  --------------------------------------------------------------------------
  clock CLK (rise edge)                                   0.00       0.00
  clock network delay (ideal)                             0.00       0.00
  input external delay                                   20.00      20.00 r
  A[0] (in)                                               0.17      20.17 r
  U18/Y (CLKBUFX6M)                                       0.96      21.14 r
  U0_ARITHMETIC_UNIT/A[0] (ARITHMETIC_UNIT_test_1)        0.00      21.14 r
  U0_ARITHMETIC_UNIT/mult_59/A[0] (ARITHMETIC_UNIT_DW02_mult_0)
                                                          0.00      21.14 r
  U0_ARITHMETIC_UNIT/mult_59/U102/Y (INVX2M)              0.37      21.50 f
  U0_ARITHMETIC_UNIT/mult_59/U101/Y (CLKBUFX8M)           0.97      22.48 f
  U0_ARITHMETIC_UNIT/mult_59/U29/Y (NOR2X2M)              1.01      23.49 r
  U0_ARITHMETIC_UNIT/mult_59/U92/Y (XOR2X1M)              0.68      24.17 r
  U0_ARITHMETIC_UNIT/mult_59/S2_2_2/CO (ADDFX2M)          0.56      24.73 r
  U0_ARITHMETIC_UNIT/mult_59/S2_3_2/CO (ADDFX2M)          0.77      25.50 r
  U0_ARITHMETIC_UNIT/mult_59/S2_4_2/CO (ADDFX2M)          0.77      26.27 r
  U0_ARITHMETIC_UNIT/mult_59/S2_5_2/CO (ADDFX2M)          0.77      27.03 r
  U0_ARITHMETIC_UNIT/mult_59/S2_6_2/CO (ADDFX2M)          0.77      27.80 r
  U0_ARITHMETIC_UNIT/mult_59/S2_7_2/CO (ADDFX2M)          0.77      28.57 r
  U0_ARITHMETIC_UNIT/mult_59/S2_8_2/CO (ADDFX2M)          0.77      29.34 r
  U0_ARITHMETIC_UNIT/mult_59/S2_9_2/CO (ADDFX2M)          0.77      30.11 r
  U0_ARITHMETIC_UNIT/mult_59/S2_10_2/CO (ADDFX2M)         0.77      30.88 r
  U0_ARITHMETIC_UNIT/mult_59/S2_11_2/CO (ADDFX2M)         0.77      31.64 r
  U0_ARITHMETIC_UNIT/mult_59/S2_12_2/CO (ADDFX2M)         0.77      32.41 r
  U0_ARITHMETIC_UNIT/mult_59/S2_13_2/CO (ADDFX2M)         0.77      33.18 r
  U0_ARITHMETIC_UNIT/mult_59/S2_14_2/CO (ADDFX2M)         0.77      33.95 r
  U0_ARITHMETIC_UNIT/mult_59/S4_2/S (ADDFX2M)             0.89      34.84 f
  U0_ARITHMETIC_UNIT/mult_59/U60/Y (CLKXOR2X2M)           0.68      35.52 r
  U0_ARITHMETIC_UNIT/mult_59/FS_1/A[15] (ARITHMETIC_UNIT_DW01_add_1)
                                                          0.00      35.52 r
  U0_ARITHMETIC_UNIT/mult_59/FS_1/U84/Y (CLKNAND2X2M)     0.71      36.23 f
  U0_ARITHMETIC_UNIT/mult_59/FS_1/U7/Y (CLKINVX2M)        0.64      36.86 r
  U0_ARITHMETIC_UNIT/mult_59/FS_1/U6/Y (AOI2B1X2M)        0.50      37.36 f
  U0_ARITHMETIC_UNIT/mult_59/FS_1/U14/Y (OAI21X2M)        0.95      38.32 r
  U0_ARITHMETIC_UNIT/mult_59/FS_1/U3/Y (AOI2B1X2M)        0.66      38.98 f
  U0_ARITHMETIC_UNIT/mult_59/FS_1/U11/Y (OAI21X2M)        0.98      39.96 r
  U0_ARITHMETIC_UNIT/mult_59/FS_1/U4/Y (AOI2B1X2M)        0.66      40.62 f
  U0_ARITHMETIC_UNIT/mult_59/FS_1/U12/Y (OAI21X2M)        0.98      41.60 r
  U0_ARITHMETIC_UNIT/mult_59/FS_1/U2/Y (AOI2B1X2M)        0.66      42.26 f
  U0_ARITHMETIC_UNIT/mult_59/FS_1/U13/Y (OAI21X2M)        0.98      43.24 r
  U0_ARITHMETIC_UNIT/mult_59/FS_1/U56/Y (CLKXOR2X2M)      0.53      43.77 f
  U0_ARITHMETIC_UNIT/mult_59/FS_1/SUM[24] (ARITHMETIC_UNIT_DW01_add_1)
                                                          0.00      43.77 f
  U0_ARITHMETIC_UNIT/mult_59/PRODUCT[26] (ARITHMETIC_UNIT_DW02_mult_0)
                                                          0.00      43.77 f
  U0_ARITHMETIC_UNIT/U137/Y (AO21XLM)                     0.63      44.40 f
  U0_ARITHMETIC_UNIT/Arith_OUT_reg_26_/D (SDFFRQX1M)      0.00      44.40 f
  data arrival time                                                 44.40

  clock CLK (rise edge)                                 100.00     100.00
  clock network delay (ideal)                             0.00     100.00
  clock uncertainty                                      -0.20      99.80
  U0_ARITHMETIC_UNIT/Arith_OUT_reg_26_/CK (SDFFRQX1M)     0.00      99.80 r
  library setup time                                     -0.49      99.31
  data required time                                                99.31
  --------------------------------------------------------------------------
  data required time                                                99.31
  data arrival time                                                -44.40
  --------------------------------------------------------------------------
  slack (MET)                                                       54.91


  Startpoint: A[0] (input port clocked by CLK)
  Endpoint: U0_ARITHMETIC_UNIT/Arith_OUT_reg_25_
            (rising edge-triggered flip-flop clocked by CLK)
  Path Group: CLK
  Path Type: max

  Des/Clust/Port     Wire Load Model       Library
  ------------------------------------------------
  ALU_TOP            tsmc13_wl30           scmetro_tsmc_cl013g_rvt_ss_1p08v_125c

  Point                                                   Incr       Path
  --------------------------------------------------------------------------
  clock CLK (rise edge)                                   0.00       0.00
  clock network delay (ideal)                             0.00       0.00
  input external delay                                   20.00      20.00 r
  A[0] (in)                                               0.17      20.17 r
  U18/Y (CLKBUFX6M)                                       0.96      21.14 r
  U0_ARITHMETIC_UNIT/A[0] (ARITHMETIC_UNIT_test_1)        0.00      21.14 r
  U0_ARITHMETIC_UNIT/mult_59/A[0] (ARITHMETIC_UNIT_DW02_mult_0)
                                                          0.00      21.14 r
  U0_ARITHMETIC_UNIT/mult_59/U102/Y (INVX2M)              0.37      21.50 f
  U0_ARITHMETIC_UNIT/mult_59/U101/Y (CLKBUFX8M)           0.97      22.48 f
  U0_ARITHMETIC_UNIT/mult_59/U29/Y (NOR2X2M)              1.01      23.49 r
  U0_ARITHMETIC_UNIT/mult_59/U92/Y (XOR2X1M)              0.68      24.17 r
  U0_ARITHMETIC_UNIT/mult_59/S2_2_2/CO (ADDFX2M)          0.56      24.73 r
  U0_ARITHMETIC_UNIT/mult_59/S2_3_2/CO (ADDFX2M)          0.77      25.50 r
  U0_ARITHMETIC_UNIT/mult_59/S2_4_2/CO (ADDFX2M)          0.77      26.27 r
  U0_ARITHMETIC_UNIT/mult_59/S2_5_2/CO (ADDFX2M)          0.77      27.03 r
  U0_ARITHMETIC_UNIT/mult_59/S2_6_2/CO (ADDFX2M)          0.77      27.80 r
  U0_ARITHMETIC_UNIT/mult_59/S2_7_2/CO (ADDFX2M)          0.77      28.57 r
  U0_ARITHMETIC_UNIT/mult_59/S2_8_2/CO (ADDFX2M)          0.77      29.34 r
  U0_ARITHMETIC_UNIT/mult_59/S2_9_2/CO (ADDFX2M)          0.77      30.11 r
  U0_ARITHMETIC_UNIT/mult_59/S2_10_2/CO (ADDFX2M)         0.77      30.88 r
  U0_ARITHMETIC_UNIT/mult_59/S2_11_2/CO (ADDFX2M)         0.77      31.64 r
  U0_ARITHMETIC_UNIT/mult_59/S2_12_2/CO (ADDFX2M)         0.77      32.41 r
  U0_ARITHMETIC_UNIT/mult_59/S2_13_2/CO (ADDFX2M)         0.77      33.18 r
  U0_ARITHMETIC_UNIT/mult_59/S2_14_2/CO (ADDFX2M)         0.77      33.95 r
  U0_ARITHMETIC_UNIT/mult_59/S4_2/S (ADDFX2M)             0.89      34.84 f
  U0_ARITHMETIC_UNIT/mult_59/U60/Y (CLKXOR2X2M)           0.68      35.52 r
  U0_ARITHMETIC_UNIT/mult_59/FS_1/A[15] (ARITHMETIC_UNIT_DW01_add_1)
                                                          0.00      35.52 r
  U0_ARITHMETIC_UNIT/mult_59/FS_1/U84/Y (CLKNAND2X2M)     0.71      36.23 f
  U0_ARITHMETIC_UNIT/mult_59/FS_1/U7/Y (CLKINVX2M)        0.64      36.86 r
  U0_ARITHMETIC_UNIT/mult_59/FS_1/U6/Y (AOI2B1X2M)        0.50      37.36 f
  U0_ARITHMETIC_UNIT/mult_59/FS_1/U14/Y (OAI21X2M)        0.95      38.32 r
  U0_ARITHMETIC_UNIT/mult_59/FS_1/U3/Y (AOI2B1X2M)        0.66      38.98 f
  U0_ARITHMETIC_UNIT/mult_59/FS_1/U11/Y (OAI21X2M)        0.98      39.96 r
  U0_ARITHMETIC_UNIT/mult_59/FS_1/U4/Y (AOI2B1X2M)        0.66      40.62 f
  U0_ARITHMETIC_UNIT/mult_59/FS_1/U12/Y (OAI21X2M)        0.98      41.60 r
  U0_ARITHMETIC_UNIT/mult_59/FS_1/U2/Y (AOI2B1X2M)        0.66      42.26 f
  U0_ARITHMETIC_UNIT/mult_59/FS_1/U59/Y (CLKXOR2X2M)      0.56      42.82 f
  U0_ARITHMETIC_UNIT/mult_59/FS_1/SUM[23] (ARITHMETIC_UNIT_DW01_add_1)
                                                          0.00      42.82 f
  U0_ARITHMETIC_UNIT/mult_59/PRODUCT[25] (ARITHMETIC_UNIT_DW02_mult_0)
                                                          0.00      42.82 f
  U0_ARITHMETIC_UNIT/U138/Y (AO21XLM)                     0.63      43.45 f
  U0_ARITHMETIC_UNIT/Arith_OUT_reg_25_/D (SDFFRQX1M)      0.00      43.45 f
  data arrival time                                                 43.45

  clock CLK (rise edge)                                 100.00     100.00
  clock network delay (ideal)                             0.00     100.00
  clock uncertainty                                      -0.20      99.80
  U0_ARITHMETIC_UNIT/Arith_OUT_reg_25_/CK (SDFFRQX1M)     0.00      99.80 r
  library setup time                                     -0.49      99.31
  data required time                                                99.31
  --------------------------------------------------------------------------
  data required time                                                99.31
  data arrival time                                                -43.45
  --------------------------------------------------------------------------
  slack (MET)                                                       55.86


  Startpoint: A[0] (input port clocked by CLK)
  Endpoint: U0_ARITHMETIC_UNIT/Arith_OUT_reg_24_
            (rising edge-triggered flip-flop clocked by CLK)
  Path Group: CLK
  Path Type: max

  Des/Clust/Port     Wire Load Model       Library
  ------------------------------------------------
  ALU_TOP            tsmc13_wl30           scmetro_tsmc_cl013g_rvt_ss_1p08v_125c

  Point                                                   Incr       Path
  --------------------------------------------------------------------------
  clock CLK (rise edge)                                   0.00       0.00
  clock network delay (ideal)                             0.00       0.00
  input external delay                                   20.00      20.00 r
  A[0] (in)                                               0.17      20.17 r
  U18/Y (CLKBUFX6M)                                       0.96      21.14 r
  U0_ARITHMETIC_UNIT/A[0] (ARITHMETIC_UNIT_test_1)        0.00      21.14 r
  U0_ARITHMETIC_UNIT/mult_59/A[0] (ARITHMETIC_UNIT_DW02_mult_0)
                                                          0.00      21.14 r
  U0_ARITHMETIC_UNIT/mult_59/U102/Y (INVX2M)              0.37      21.50 f
  U0_ARITHMETIC_UNIT/mult_59/U101/Y (CLKBUFX8M)           0.97      22.48 f
  U0_ARITHMETIC_UNIT/mult_59/U29/Y (NOR2X2M)              1.01      23.49 r
  U0_ARITHMETIC_UNIT/mult_59/U92/Y (XOR2X1M)              0.68      24.17 r
  U0_ARITHMETIC_UNIT/mult_59/S2_2_2/CO (ADDFX2M)          0.56      24.73 r
  U0_ARITHMETIC_UNIT/mult_59/S2_3_2/CO (ADDFX2M)          0.77      25.50 r
  U0_ARITHMETIC_UNIT/mult_59/S2_4_2/CO (ADDFX2M)          0.77      26.27 r
  U0_ARITHMETIC_UNIT/mult_59/S2_5_2/CO (ADDFX2M)          0.77      27.03 r
  U0_ARITHMETIC_UNIT/mult_59/S2_6_2/CO (ADDFX2M)          0.77      27.80 r
  U0_ARITHMETIC_UNIT/mult_59/S2_7_2/CO (ADDFX2M)          0.77      28.57 r
  U0_ARITHMETIC_UNIT/mult_59/S2_8_2/CO (ADDFX2M)          0.77      29.34 r
  U0_ARITHMETIC_UNIT/mult_59/S2_9_2/CO (ADDFX2M)          0.77      30.11 r
  U0_ARITHMETIC_UNIT/mult_59/S2_10_2/CO (ADDFX2M)         0.77      30.88 r
  U0_ARITHMETIC_UNIT/mult_59/S2_11_2/CO (ADDFX2M)         0.77      31.64 r
  U0_ARITHMETIC_UNIT/mult_59/S2_12_2/CO (ADDFX2M)         0.77      32.41 r
  U0_ARITHMETIC_UNIT/mult_59/S2_13_2/CO (ADDFX2M)         0.77      33.18 r
  U0_ARITHMETIC_UNIT/mult_59/S2_14_2/CO (ADDFX2M)         0.77      33.95 r
  U0_ARITHMETIC_UNIT/mult_59/S4_2/S (ADDFX2M)             0.89      34.84 f
  U0_ARITHMETIC_UNIT/mult_59/U60/Y (CLKXOR2X2M)           0.68      35.52 r
  U0_ARITHMETIC_UNIT/mult_59/FS_1/A[15] (ARITHMETIC_UNIT_DW01_add_1)
                                                          0.00      35.52 r
  U0_ARITHMETIC_UNIT/mult_59/FS_1/U84/Y (CLKNAND2X2M)     0.71      36.23 f
  U0_ARITHMETIC_UNIT/mult_59/FS_1/U7/Y (CLKINVX2M)        0.64      36.86 r
  U0_ARITHMETIC_UNIT/mult_59/FS_1/U6/Y (AOI2B1X2M)        0.50      37.36 f
  U0_ARITHMETIC_UNIT/mult_59/FS_1/U14/Y (OAI21X2M)        0.95      38.32 r
  U0_ARITHMETIC_UNIT/mult_59/FS_1/U3/Y (AOI2B1X2M)        0.66      38.98 f
  U0_ARITHMETIC_UNIT/mult_59/FS_1/U11/Y (OAI21X2M)        0.98      39.96 r
  U0_ARITHMETIC_UNIT/mult_59/FS_1/U4/Y (AOI2B1X2M)        0.66      40.62 f
  U0_ARITHMETIC_UNIT/mult_59/FS_1/U12/Y (OAI21X2M)        0.98      41.60 r
  U0_ARITHMETIC_UNIT/mult_59/FS_1/U62/Y (CLKXOR2X2M)      0.53      42.13 f
  U0_ARITHMETIC_UNIT/mult_59/FS_1/SUM[22] (ARITHMETIC_UNIT_DW01_add_1)
                                                          0.00      42.13 f
  U0_ARITHMETIC_UNIT/mult_59/PRODUCT[24] (ARITHMETIC_UNIT_DW02_mult_0)
                                                          0.00      42.13 f
  U0_ARITHMETIC_UNIT/U139/Y (AO21XLM)                     0.63      42.76 f
  U0_ARITHMETIC_UNIT/Arith_OUT_reg_24_/D (SDFFRQX1M)      0.00      42.76 f
  data arrival time                                                 42.76

  clock CLK (rise edge)                                 100.00     100.00
  clock network delay (ideal)                             0.00     100.00
  clock uncertainty                                      -0.20      99.80
  U0_ARITHMETIC_UNIT/Arith_OUT_reg_24_/CK (SDFFRQX1M)     0.00      99.80 r
  library setup time                                     -0.49      99.31
  data required time                                                99.31
  --------------------------------------------------------------------------
  data required time                                                99.31
  data arrival time                                                -42.76
  --------------------------------------------------------------------------
  slack (MET)                                                       56.55


  Startpoint: B[2] (input port clocked by CLK)
  Endpoint: U0_ARITHMETIC_UNIT/Arith_OUT_reg_9_
            (rising edge-triggered flip-flop clocked by CLK)
  Path Group: CLK
  Path Type: max

  Des/Clust/Port     Wire Load Model       Library
  ------------------------------------------------
  ALU_TOP            tsmc13_wl30           scmetro_tsmc_cl013g_rvt_ss_1p08v_125c

  Point                                                   Incr       Path
  --------------------------------------------------------------------------
  clock CLK (rise edge)                                   0.00       0.00
  clock network delay (ideal)                             0.00       0.00
  input external delay                                   20.00      20.00 r
  B[2] (in)                                               0.17      20.17 r
  U16/Y (CLKBUFX6M)                                       0.84      21.02 r
  U0_ARITHMETIC_UNIT/B[2] (ARITHMETIC_UNIT_test_1)        0.00      21.02 r
  U0_ARITHMETIC_UNIT/div_63/b[2] (ARITHMETIC_UNIT_DW_div_uns_0)
                                                          0.00      21.02 r
  U0_ARITHMETIC_UNIT/div_63/U171/Y (INVX2M)               0.34      21.36 f
  U0_ARITHMETIC_UNIT/div_63/U54/Y (CLKBUFX8M)             0.97      22.33 f
  U0_ARITHMETIC_UNIT/div_63/U2/Y (AND4X8M)                0.63      22.96 f
  U0_ARITHMETIC_UNIT/div_63/U1/Y (MX2X8M)                 0.34      23.29 r
  U0_ARITHMETIC_UNIT/div_63/u_div_u_fa_PartRem_0_14_1/CO (ADDFX2M)
                                                          0.66      23.95 r
  U0_ARITHMETIC_UNIT/div_63/U18/Y (AND3X1M)               0.49      24.44 r
  U0_ARITHMETIC_UNIT/div_63/U17/Y (BUFX10M)               0.26      24.71 r
  U0_ARITHMETIC_UNIT/div_63/U206/Y (CLKMX2X2M)            0.61      25.31 f
  U0_ARITHMETIC_UNIT/div_63/u_div_u_fa_PartRem_0_13_1/CO (ADDFX2M)
                                                          0.73      26.04 f
  U0_ARITHMETIC_UNIT/div_63/u_div_u_fa_PartRem_0_13_2/CO (ADDFX2M)
                                                          0.50      26.54 f
  U0_ARITHMETIC_UNIT/div_63/U48/Y (CLKAND2X4M)            0.57      27.12 f
  U0_ARITHMETIC_UNIT/div_63/U209/Y (CLKMX2X2M)            0.69      27.81 f
  U0_ARITHMETIC_UNIT/div_63/u_div_u_fa_PartRem_0_12_1/CO (ADDFX2M)
                                                          0.73      28.54 f
  U0_ARITHMETIC_UNIT/div_63/u_div_u_fa_PartRem_0_12_2/CO (ADDFX2M)
                                                          0.52      29.06 f
  U0_ARITHMETIC_UNIT/div_63/u_div_u_fa_PartRem_0_12_3/CO (ADDFHX4M)
                                                          0.35      29.40 f
  U0_ARITHMETIC_UNIT/div_63/U8/Y (AND3X12M)               0.32      29.72 f
  U0_ARITHMETIC_UNIT/div_63/U210/Y (CLKMX2X2M)            0.57      30.29 f
  U0_ARITHMETIC_UNIT/div_63/u_div_u_fa_PartRem_0_11_1/CO (ADDFX2M)
                                                          0.73      31.02 f
  U0_ARITHMETIC_UNIT/div_63/u_div_u_fa_PartRem_0_11_2/CO (ADDFX2M)
                                                          0.55      31.57 f
  U0_ARITHMETIC_UNIT/div_63/u_div_u_fa_PartRem_0_11_3/CO (ADDFHX8M)
                                                          0.30      31.88 f
  U0_ARITHMETIC_UNIT/div_63/u_div_u_fa_PartRem_0_11_4/CO (ADDFX2M)
                                                          0.48      32.36 f
  U0_ARITHMETIC_UNIT/div_63/U9/Y (AND2X12M)               0.30      32.66 f
  U0_ARITHMETIC_UNIT/div_63/U211/Y (CLKMX2X2M)            0.58      33.24 f
  U0_ARITHMETIC_UNIT/div_63/u_div_u_fa_PartRem_0_10_1/CO (ADDFX2M)
                                                          0.73      33.97 f
  U0_ARITHMETIC_UNIT/div_63/u_div_u_fa_PartRem_0_10_2/CO (ADDFX2M)
                                                          0.55      34.51 f
  U0_ARITHMETIC_UNIT/div_63/u_div_u_fa_PartRem_0_10_3/CO (ADDFHX8M)
                                                          0.30      34.82 f
  U0_ARITHMETIC_UNIT/div_63/u_div_u_fa_PartRem_0_10_4/CO (ADDFX2M)
                                                          0.47      35.29 f
  U0_ARITHMETIC_UNIT/div_63/u_div_u_fa_PartRem_0_10_5/CO (ADDFX2M)
                                                          0.50      35.79 f
  U0_ARITHMETIC_UNIT/div_63/U47/Y (CLKAND2X6M)            0.63      36.42 f
  U0_ARITHMETIC_UNIT/div_63/U212/Y (CLKMX2X2M)            0.71      37.13 f
  U0_ARITHMETIC_UNIT/div_63/u_div_u_fa_PartRem_0_9_1/CO (ADDFX2M)
                                                          0.73      37.86 f
  U0_ARITHMETIC_UNIT/div_63/u_div_u_fa_PartRem_0_9_2/CO (ADDFX2M)
                                                          0.55      38.41 f
  U0_ARITHMETIC_UNIT/div_63/u_div_u_fa_PartRem_0_9_3/CO (ADDFHX8M)
                                                          0.30      38.71 f
  U0_ARITHMETIC_UNIT/div_63/u_div_u_fa_PartRem_0_9_4/CO (ADDFX2M)
                                                          0.47      39.18 f
  U0_ARITHMETIC_UNIT/div_63/u_div_u_fa_PartRem_0_9_5/CO (ADDFX2M)
                                                          0.55      39.73 f
  U0_ARITHMETIC_UNIT/div_63/u_div_u_fa_PartRem_0_9_6/CO (ADDFHX8M)
                                                          0.30      40.03 f
  U0_ARITHMETIC_UNIT/div_63/U49/Y (CLKAND2X6M)            0.67      40.71 f
  U0_ARITHMETIC_UNIT/div_63/quotient[9] (ARITHMETIC_UNIT_DW_div_uns_0)
                                                          0.00      40.71 f
  U0_ARITHMETIC_UNIT/U178/Y (AOI22X1M)                    0.85      41.56 r
  U0_ARITHMETIC_UNIT/U176/Y (NAND2X2M)                    0.36      41.91 f
  U0_ARITHMETIC_UNIT/Arith_OUT_reg_9_/D (SDFFRQX2M)       0.00      41.91 f
  data arrival time                                                 41.91

  clock CLK (rise edge)                                 100.00     100.00
  clock network delay (ideal)                             0.00     100.00
  clock uncertainty                                      -0.20      99.80
  U0_ARITHMETIC_UNIT/Arith_OUT_reg_9_/CK (SDFFRQX2M)      0.00      99.80 r
  library setup time                                     -0.47      99.33
  data required time                                                99.33
  --------------------------------------------------------------------------
  data required time                                                99.33
  data arrival time                                                -41.91
  --------------------------------------------------------------------------
  slack (MET)                                                       57.42


  Startpoint: A[0] (input port clocked by CLK)
  Endpoint: U0_ARITHMETIC_UNIT/Arith_OUT_reg_23_
            (rising edge-triggered flip-flop clocked by CLK)
  Path Group: CLK
  Path Type: max

  Des/Clust/Port     Wire Load Model       Library
  ------------------------------------------------
  ALU_TOP            tsmc13_wl30           scmetro_tsmc_cl013g_rvt_ss_1p08v_125c

  Point                                                   Incr       Path
  --------------------------------------------------------------------------
  clock CLK (rise edge)                                   0.00       0.00
  clock network delay (ideal)                             0.00       0.00
  input external delay                                   20.00      20.00 r
  A[0] (in)                                               0.17      20.17 r
  U18/Y (CLKBUFX6M)                                       0.96      21.14 r
  U0_ARITHMETIC_UNIT/A[0] (ARITHMETIC_UNIT_test_1)        0.00      21.14 r
  U0_ARITHMETIC_UNIT/mult_59/A[0] (ARITHMETIC_UNIT_DW02_mult_0)
                                                          0.00      21.14 r
  U0_ARITHMETIC_UNIT/mult_59/U102/Y (INVX2M)              0.37      21.50 f
  U0_ARITHMETIC_UNIT/mult_59/U101/Y (CLKBUFX8M)           0.97      22.48 f
  U0_ARITHMETIC_UNIT/mult_59/U24/Y (NOR2X2M)              1.01      23.49 r
  U0_ARITHMETIC_UNIT/mult_59/U93/Y (XOR2X1M)              0.68      24.17 r
  U0_ARITHMETIC_UNIT/mult_59/S2_2_1/CO (ADDFX2M)          0.56      24.73 r
  U0_ARITHMETIC_UNIT/mult_59/S2_3_1/CO (ADDFX2M)          0.77      25.50 r
  U0_ARITHMETIC_UNIT/mult_59/S2_4_1/CO (ADDFX2M)          0.77      26.27 r
  U0_ARITHMETIC_UNIT/mult_59/S2_5_1/CO (ADDFX2M)          0.77      27.03 r
  U0_ARITHMETIC_UNIT/mult_59/S2_6_1/CO (ADDFX2M)          0.77      27.80 r
  U0_ARITHMETIC_UNIT/mult_59/S2_7_1/CO (ADDFX2M)          0.77      28.57 r
  U0_ARITHMETIC_UNIT/mult_59/S2_8_1/CO (ADDFX2M)          0.77      29.34 r
  U0_ARITHMETIC_UNIT/mult_59/S2_9_1/CO (ADDFX2M)          0.77      30.11 r
  U0_ARITHMETIC_UNIT/mult_59/S2_10_1/CO (ADDFX2M)         0.77      30.88 r
  U0_ARITHMETIC_UNIT/mult_59/S2_11_1/CO (ADDFX2M)         0.77      31.64 r
  U0_ARITHMETIC_UNIT/mult_59/S2_12_1/CO (ADDFX2M)         0.77      32.41 r
  U0_ARITHMETIC_UNIT/mult_59/S2_13_1/CO (ADDFX2M)         0.77      33.18 r
  U0_ARITHMETIC_UNIT/mult_59/S2_14_1/CO (ADDFX2M)         0.77      33.95 r
  U0_ARITHMETIC_UNIT/mult_59/S4_1/CO (ADDFX2M)            0.93      34.88 r
  U0_ARITHMETIC_UNIT/mult_59/U60/Y (CLKXOR2X2M)           0.67      35.56 f
  U0_ARITHMETIC_UNIT/mult_59/FS_1/A[15] (ARITHMETIC_UNIT_DW01_add_1)
                                                          0.00      35.56 f
  U0_ARITHMETIC_UNIT/mult_59/FS_1/U84/Y (CLKNAND2X2M)     0.56      36.12 r
  U0_ARITHMETIC_UNIT/mult_59/FS_1/U7/Y (CLKINVX2M)        0.58      36.70 f
  U0_ARITHMETIC_UNIT/mult_59/FS_1/U6/Y (AOI2B1X2M)        0.90      37.60 r
  U0_ARITHMETIC_UNIT/mult_59/FS_1/U14/Y (OAI21X2M)        0.61      38.21 f
  U0_ARITHMETIC_UNIT/mult_59/FS_1/U3/Y (AOI2B1X2M)        0.89      39.10 r
  U0_ARITHMETIC_UNIT/mult_59/FS_1/U11/Y (OAI21X2M)        0.61      39.71 f
  U0_ARITHMETIC_UNIT/mult_59/FS_1/U4/Y (AOI2B1X2M)        0.89      40.60 r
  U0_ARITHMETIC_UNIT/mult_59/FS_1/U65/Y (CLKXOR2X2M)      0.65      41.25 f
  U0_ARITHMETIC_UNIT/mult_59/FS_1/SUM[21] (ARITHMETIC_UNIT_DW01_add_1)
                                                          0.00      41.25 f
  U0_ARITHMETIC_UNIT/mult_59/PRODUCT[23] (ARITHMETIC_UNIT_DW02_mult_0)
                                                          0.00      41.25 f
  U0_ARITHMETIC_UNIT/U140/Y (AO21XLM)                     0.63      41.88 f
  U0_ARITHMETIC_UNIT/Arith_OUT_reg_23_/D (SDFFRQX1M)      0.00      41.88 f
  data arrival time                                                 41.88

  clock CLK (rise edge)                                 100.00     100.00
  clock network delay (ideal)                             0.00     100.00
  clock uncertainty                                      -0.20      99.80
  U0_ARITHMETIC_UNIT/Arith_OUT_reg_23_/CK (SDFFRQX1M)     0.00      99.80 r
  library setup time                                     -0.49      99.31
  data required time                                                99.31
  --------------------------------------------------------------------------
  data required time                                                99.31
  data arrival time                                                -41.88
  --------------------------------------------------------------------------
  slack (MET)                                                       57.43


  Startpoint: A[0] (input port clocked by CLK)
  Endpoint: U0_ARITHMETIC_UNIT/Arith_OUT_reg_22_
            (rising edge-triggered flip-flop clocked by CLK)
  Path Group: CLK
  Path Type: max

  Des/Clust/Port     Wire Load Model       Library
  ------------------------------------------------
  ALU_TOP            tsmc13_wl30           scmetro_tsmc_cl013g_rvt_ss_1p08v_125c

  Point                                                   Incr       Path
  --------------------------------------------------------------------------
  clock CLK (rise edge)                                   0.00       0.00
  clock network delay (ideal)                             0.00       0.00
  input external delay                                   20.00      20.00 r
  A[0] (in)                                               0.17      20.17 r
  U18/Y (CLKBUFX6M)                                       0.96      21.14 r
  U0_ARITHMETIC_UNIT/A[0] (ARITHMETIC_UNIT_test_1)        0.00      21.14 r
  U0_ARITHMETIC_UNIT/mult_59/A[0] (ARITHMETIC_UNIT_DW02_mult_0)
                                                          0.00      21.14 r
  U0_ARITHMETIC_UNIT/mult_59/U102/Y (INVX2M)              0.37      21.50 f
  U0_ARITHMETIC_UNIT/mult_59/U101/Y (CLKBUFX8M)           0.97      22.48 f
  U0_ARITHMETIC_UNIT/mult_59/U29/Y (NOR2X2M)              1.01      23.49 r
  U0_ARITHMETIC_UNIT/mult_59/U92/Y (XOR2X1M)              0.68      24.17 r
  U0_ARITHMETIC_UNIT/mult_59/S2_2_2/CO (ADDFX2M)          0.56      24.73 r
  U0_ARITHMETIC_UNIT/mult_59/S2_3_2/CO (ADDFX2M)          0.77      25.50 r
  U0_ARITHMETIC_UNIT/mult_59/S2_4_2/CO (ADDFX2M)          0.77      26.27 r
  U0_ARITHMETIC_UNIT/mult_59/S2_5_2/CO (ADDFX2M)          0.77      27.03 r
  U0_ARITHMETIC_UNIT/mult_59/S2_6_2/CO (ADDFX2M)          0.77      27.80 r
  U0_ARITHMETIC_UNIT/mult_59/S2_7_2/CO (ADDFX2M)          0.77      28.57 r
  U0_ARITHMETIC_UNIT/mult_59/S2_8_2/CO (ADDFX2M)          0.77      29.34 r
  U0_ARITHMETIC_UNIT/mult_59/S2_9_2/CO (ADDFX2M)          0.77      30.11 r
  U0_ARITHMETIC_UNIT/mult_59/S2_10_2/CO (ADDFX2M)         0.77      30.88 r
  U0_ARITHMETIC_UNIT/mult_59/S2_11_2/CO (ADDFX2M)         0.77      31.64 r
  U0_ARITHMETIC_UNIT/mult_59/S2_12_2/CO (ADDFX2M)         0.77      32.41 r
  U0_ARITHMETIC_UNIT/mult_59/S2_13_2/CO (ADDFX2M)         0.77      33.18 r
  U0_ARITHMETIC_UNIT/mult_59/S2_14_2/CO (ADDFX2M)         0.77      33.95 r
  U0_ARITHMETIC_UNIT/mult_59/S4_2/S (ADDFX2M)             0.89      34.84 f
  U0_ARITHMETIC_UNIT/mult_59/U60/Y (CLKXOR2X2M)           0.68      35.52 r
  U0_ARITHMETIC_UNIT/mult_59/FS_1/A[15] (ARITHMETIC_UNIT_DW01_add_1)
                                                          0.00      35.52 r
  U0_ARITHMETIC_UNIT/mult_59/FS_1/U84/Y (CLKNAND2X2M)     0.71      36.23 f
  U0_ARITHMETIC_UNIT/mult_59/FS_1/U7/Y (CLKINVX2M)        0.64      36.86 r
  U0_ARITHMETIC_UNIT/mult_59/FS_1/U6/Y (AOI2B1X2M)        0.50      37.36 f
  U0_ARITHMETIC_UNIT/mult_59/FS_1/U14/Y (OAI21X2M)        0.95      38.32 r
  U0_ARITHMETIC_UNIT/mult_59/FS_1/U3/Y (AOI2B1X2M)        0.66      38.98 f
  U0_ARITHMETIC_UNIT/mult_59/FS_1/U11/Y (OAI21X2M)        0.98      39.96 r
  U0_ARITHMETIC_UNIT/mult_59/FS_1/U68/Y (CLKXOR2X2M)      0.53      40.49 f
  U0_ARITHMETIC_UNIT/mult_59/FS_1/SUM[20] (ARITHMETIC_UNIT_DW01_add_1)
                                                          0.00      40.49 f
  U0_ARITHMETIC_UNIT/mult_59/PRODUCT[22] (ARITHMETIC_UNIT_DW02_mult_0)
                                                          0.00      40.49 f
  U0_ARITHMETIC_UNIT/U141/Y (AO21XLM)                     0.63      41.12 f
  U0_ARITHMETIC_UNIT/Arith_OUT_reg_22_/D (SDFFRQX1M)      0.00      41.12 f
  data arrival time                                                 41.12

  clock CLK (rise edge)                                 100.00     100.00
  clock network delay (ideal)                             0.00     100.00
  clock uncertainty                                      -0.20      99.80
  U0_ARITHMETIC_UNIT/Arith_OUT_reg_22_/CK (SDFFRQX1M)     0.00      99.80 r
  library setup time                                     -0.49      99.31
  data required time                                                99.31
  --------------------------------------------------------------------------
  data required time                                                99.31
  data arrival time                                                -41.12
  --------------------------------------------------------------------------
  slack (MET)                                                       58.19


  Startpoint: A[0] (input port clocked by CLK)
  Endpoint: U0_ARITHMETIC_UNIT/Arith_OUT_reg_21_
            (rising edge-triggered flip-flop clocked by CLK)
  Path Group: CLK
  Path Type: max

  Des/Clust/Port     Wire Load Model       Library
  ------------------------------------------------
  ALU_TOP            tsmc13_wl30           scmetro_tsmc_cl013g_rvt_ss_1p08v_125c

  Point                                                   Incr       Path
  --------------------------------------------------------------------------
  clock CLK (rise edge)                                   0.00       0.00
  clock network delay (ideal)                             0.00       0.00
  input external delay                                   20.00      20.00 r
  A[0] (in)                                               0.17      20.17 r
  U18/Y (CLKBUFX6M)                                       0.96      21.14 r
  U0_ARITHMETIC_UNIT/A[0] (ARITHMETIC_UNIT_test_1)        0.00      21.14 r
  U0_ARITHMETIC_UNIT/mult_59/A[0] (ARITHMETIC_UNIT_DW02_mult_0)
                                                          0.00      21.14 r
  U0_ARITHMETIC_UNIT/mult_59/U102/Y (INVX2M)              0.37      21.50 f
  U0_ARITHMETIC_UNIT/mult_59/U101/Y (CLKBUFX8M)           0.97      22.48 f
  U0_ARITHMETIC_UNIT/mult_59/U24/Y (NOR2X2M)              1.01      23.49 r
  U0_ARITHMETIC_UNIT/mult_59/U93/Y (XOR2X1M)              0.68      24.17 r
  U0_ARITHMETIC_UNIT/mult_59/S2_2_1/CO (ADDFX2M)          0.56      24.73 r
  U0_ARITHMETIC_UNIT/mult_59/S2_3_1/CO (ADDFX2M)          0.77      25.50 r
  U0_ARITHMETIC_UNIT/mult_59/S2_4_1/CO (ADDFX2M)          0.77      26.27 r
  U0_ARITHMETIC_UNIT/mult_59/S2_5_1/CO (ADDFX2M)          0.77      27.03 r
  U0_ARITHMETIC_UNIT/mult_59/S2_6_1/CO (ADDFX2M)          0.77      27.80 r
  U0_ARITHMETIC_UNIT/mult_59/S2_7_1/CO (ADDFX2M)          0.77      28.57 r
  U0_ARITHMETIC_UNIT/mult_59/S2_8_1/CO (ADDFX2M)          0.77      29.34 r
  U0_ARITHMETIC_UNIT/mult_59/S2_9_1/CO (ADDFX2M)          0.77      30.11 r
  U0_ARITHMETIC_UNIT/mult_59/S2_10_1/CO (ADDFX2M)         0.77      30.88 r
  U0_ARITHMETIC_UNIT/mult_59/S2_11_1/CO (ADDFX2M)         0.77      31.64 r
  U0_ARITHMETIC_UNIT/mult_59/S2_12_1/CO (ADDFX2M)         0.77      32.41 r
  U0_ARITHMETIC_UNIT/mult_59/S2_13_1/CO (ADDFX2M)         0.77      33.18 r
  U0_ARITHMETIC_UNIT/mult_59/S2_14_1/CO (ADDFX2M)         0.77      33.95 r
  U0_ARITHMETIC_UNIT/mult_59/S4_1/CO (ADDFX2M)            0.93      34.88 r
  U0_ARITHMETIC_UNIT/mult_59/U60/Y (CLKXOR2X2M)           0.67      35.56 f
  U0_ARITHMETIC_UNIT/mult_59/FS_1/A[15] (ARITHMETIC_UNIT_DW01_add_1)
                                                          0.00      35.56 f
  U0_ARITHMETIC_UNIT/mult_59/FS_1/U84/Y (CLKNAND2X2M)     0.56      36.12 r
  U0_ARITHMETIC_UNIT/mult_59/FS_1/U7/Y (CLKINVX2M)        0.58      36.70 f
  U0_ARITHMETIC_UNIT/mult_59/FS_1/U6/Y (AOI2B1X2M)        0.90      37.60 r
  U0_ARITHMETIC_UNIT/mult_59/FS_1/U14/Y (OAI21X2M)        0.61      38.21 f
  U0_ARITHMETIC_UNIT/mult_59/FS_1/U3/Y (AOI2B1X2M)        0.89      39.10 r
  U0_ARITHMETIC_UNIT/mult_59/FS_1/U71/Y (CLKXOR2X2M)      0.65      39.75 f
  U0_ARITHMETIC_UNIT/mult_59/FS_1/SUM[19] (ARITHMETIC_UNIT_DW01_add_1)
                                                          0.00      39.75 f
  U0_ARITHMETIC_UNIT/mult_59/PRODUCT[21] (ARITHMETIC_UNIT_DW02_mult_0)
                                                          0.00      39.75 f
  U0_ARITHMETIC_UNIT/U142/Y (AO21XLM)                     0.63      40.38 f
  U0_ARITHMETIC_UNIT/Arith_OUT_reg_21_/D (SDFFRQX1M)      0.00      40.38 f
  data arrival time                                                 40.38

  clock CLK (rise edge)                                 100.00     100.00
  clock network delay (ideal)                             0.00     100.00
  clock uncertainty                                      -0.20      99.80
  U0_ARITHMETIC_UNIT/Arith_OUT_reg_21_/CK (SDFFRQX1M)     0.00      99.80 r
  library setup time                                     -0.49      99.31
  data required time                                                99.31
  --------------------------------------------------------------------------
  data required time                                                99.31
  data arrival time                                                -40.38
  --------------------------------------------------------------------------
  slack (MET)                                                       58.93


  Startpoint: A[0] (input port clocked by CLK)
  Endpoint: U0_ARITHMETIC_UNIT/Arith_OUT_reg_20_
            (rising edge-triggered flip-flop clocked by CLK)
  Path Group: CLK
  Path Type: max

  Des/Clust/Port     Wire Load Model       Library
  ------------------------------------------------
  ALU_TOP            tsmc13_wl30           scmetro_tsmc_cl013g_rvt_ss_1p08v_125c

  Point                                                   Incr       Path
  --------------------------------------------------------------------------
  clock CLK (rise edge)                                   0.00       0.00
  clock network delay (ideal)                             0.00       0.00
  input external delay                                   20.00      20.00 r
  A[0] (in)                                               0.17      20.17 r
  U18/Y (CLKBUFX6M)                                       0.96      21.14 r
  U0_ARITHMETIC_UNIT/A[0] (ARITHMETIC_UNIT_test_1)        0.00      21.14 r
  U0_ARITHMETIC_UNIT/mult_59/A[0] (ARITHMETIC_UNIT_DW02_mult_0)
                                                          0.00      21.14 r
  U0_ARITHMETIC_UNIT/mult_59/U102/Y (INVX2M)              0.37      21.50 f
  U0_ARITHMETIC_UNIT/mult_59/U101/Y (CLKBUFX8M)           0.97      22.48 f
  U0_ARITHMETIC_UNIT/mult_59/U29/Y (NOR2X2M)              1.01      23.49 r
  U0_ARITHMETIC_UNIT/mult_59/U92/Y (XOR2X1M)              0.68      24.17 r
  U0_ARITHMETIC_UNIT/mult_59/S2_2_2/CO (ADDFX2M)          0.56      24.73 r
  U0_ARITHMETIC_UNIT/mult_59/S2_3_2/CO (ADDFX2M)          0.77      25.50 r
  U0_ARITHMETIC_UNIT/mult_59/S2_4_2/CO (ADDFX2M)          0.77      26.27 r
  U0_ARITHMETIC_UNIT/mult_59/S2_5_2/CO (ADDFX2M)          0.77      27.03 r
  U0_ARITHMETIC_UNIT/mult_59/S2_6_2/CO (ADDFX2M)          0.77      27.80 r
  U0_ARITHMETIC_UNIT/mult_59/S2_7_2/CO (ADDFX2M)          0.77      28.57 r
  U0_ARITHMETIC_UNIT/mult_59/S2_8_2/CO (ADDFX2M)          0.77      29.34 r
  U0_ARITHMETIC_UNIT/mult_59/S2_9_2/CO (ADDFX2M)          0.77      30.11 r
  U0_ARITHMETIC_UNIT/mult_59/S2_10_2/CO (ADDFX2M)         0.77      30.88 r
  U0_ARITHMETIC_UNIT/mult_59/S2_11_2/CO (ADDFX2M)         0.77      31.64 r
  U0_ARITHMETIC_UNIT/mult_59/S2_12_2/CO (ADDFX2M)         0.77      32.41 r
  U0_ARITHMETIC_UNIT/mult_59/S2_13_2/CO (ADDFX2M)         0.77      33.18 r
  U0_ARITHMETIC_UNIT/mult_59/S2_14_2/CO (ADDFX2M)         0.77      33.95 r
  U0_ARITHMETIC_UNIT/mult_59/S4_2/S (ADDFX2M)             0.89      34.84 f
  U0_ARITHMETIC_UNIT/mult_59/U60/Y (CLKXOR2X2M)           0.68      35.52 r
  U0_ARITHMETIC_UNIT/mult_59/FS_1/A[15] (ARITHMETIC_UNIT_DW01_add_1)
                                                          0.00      35.52 r
  U0_ARITHMETIC_UNIT/mult_59/FS_1/U84/Y (CLKNAND2X2M)     0.71      36.23 f
  U0_ARITHMETIC_UNIT/mult_59/FS_1/U7/Y (CLKINVX2M)        0.64      36.86 r
  U0_ARITHMETIC_UNIT/mult_59/FS_1/U6/Y (AOI2B1X2M)        0.50      37.36 f
  U0_ARITHMETIC_UNIT/mult_59/FS_1/U14/Y (OAI21X2M)        0.95      38.32 r
  U0_ARITHMETIC_UNIT/mult_59/FS_1/U74/Y (CLKXOR2X2M)      0.53      38.85 f
  U0_ARITHMETIC_UNIT/mult_59/FS_1/SUM[18] (ARITHMETIC_UNIT_DW01_add_1)
                                                          0.00      38.85 f
  U0_ARITHMETIC_UNIT/mult_59/PRODUCT[20] (ARITHMETIC_UNIT_DW02_mult_0)
                                                          0.00      38.85 f
  U0_ARITHMETIC_UNIT/U143/Y (AO21XLM)                     0.63      39.48 f
  U0_ARITHMETIC_UNIT/Arith_OUT_reg_20_/D (SDFFRQX1M)      0.00      39.48 f
  data arrival time                                                 39.48

  clock CLK (rise edge)                                 100.00     100.00
  clock network delay (ideal)                             0.00     100.00
  clock uncertainty                                      -0.20      99.80
  U0_ARITHMETIC_UNIT/Arith_OUT_reg_20_/CK (SDFFRQX1M)     0.00      99.80 r
  library setup time                                     -0.49      99.31
  data required time                                                99.31
  --------------------------------------------------------------------------
  data required time                                                99.31
  data arrival time                                                -39.48
  --------------------------------------------------------------------------
  slack (MET)                                                       59.83


  Startpoint: A[0] (input port clocked by CLK)
  Endpoint: U0_ARITHMETIC_UNIT/Arith_OUT_reg_19_
            (rising edge-triggered flip-flop clocked by CLK)
  Path Group: CLK
  Path Type: max

  Des/Clust/Port     Wire Load Model       Library
  ------------------------------------------------
  ALU_TOP            tsmc13_wl30           scmetro_tsmc_cl013g_rvt_ss_1p08v_125c

  Point                                                   Incr       Path
  --------------------------------------------------------------------------
  clock CLK (rise edge)                                   0.00       0.00
  clock network delay (ideal)                             0.00       0.00
  input external delay                                   20.00      20.00 r
  A[0] (in)                                               0.17      20.17 r
  U18/Y (CLKBUFX6M)                                       0.96      21.14 r
  U0_ARITHMETIC_UNIT/A[0] (ARITHMETIC_UNIT_test_1)        0.00      21.14 r
  U0_ARITHMETIC_UNIT/mult_59/A[0] (ARITHMETIC_UNIT_DW02_mult_0)
                                                          0.00      21.14 r
  U0_ARITHMETIC_UNIT/mult_59/U102/Y (INVX2M)              0.37      21.50 f
  U0_ARITHMETIC_UNIT/mult_59/U101/Y (CLKBUFX8M)           0.97      22.48 f
  U0_ARITHMETIC_UNIT/mult_59/U24/Y (NOR2X2M)              1.01      23.49 r
  U0_ARITHMETIC_UNIT/mult_59/U93/Y (XOR2X1M)              0.68      24.17 r
  U0_ARITHMETIC_UNIT/mult_59/S2_2_1/CO (ADDFX2M)          0.56      24.73 r
  U0_ARITHMETIC_UNIT/mult_59/S2_3_1/CO (ADDFX2M)          0.77      25.50 r
  U0_ARITHMETIC_UNIT/mult_59/S2_4_1/CO (ADDFX2M)          0.77      26.27 r
  U0_ARITHMETIC_UNIT/mult_59/S2_5_1/CO (ADDFX2M)          0.77      27.03 r
  U0_ARITHMETIC_UNIT/mult_59/S2_6_1/CO (ADDFX2M)          0.77      27.80 r
  U0_ARITHMETIC_UNIT/mult_59/S2_7_1/CO (ADDFX2M)          0.77      28.57 r
  U0_ARITHMETIC_UNIT/mult_59/S2_8_1/CO (ADDFX2M)          0.77      29.34 r
  U0_ARITHMETIC_UNIT/mult_59/S2_9_1/CO (ADDFX2M)          0.77      30.11 r
  U0_ARITHMETIC_UNIT/mult_59/S2_10_1/CO (ADDFX2M)         0.77      30.88 r
  U0_ARITHMETIC_UNIT/mult_59/S2_11_1/CO (ADDFX2M)         0.77      31.64 r
  U0_ARITHMETIC_UNIT/mult_59/S2_12_1/CO (ADDFX2M)         0.77      32.41 r
  U0_ARITHMETIC_UNIT/mult_59/S2_13_1/CO (ADDFX2M)         0.77      33.18 r
  U0_ARITHMETIC_UNIT/mult_59/S2_14_1/CO (ADDFX2M)         0.77      33.95 r
  U0_ARITHMETIC_UNIT/mult_59/S4_1/CO (ADDFX2M)            0.93      34.88 r
  U0_ARITHMETIC_UNIT/mult_59/U60/Y (CLKXOR2X2M)           0.67      35.56 f
  U0_ARITHMETIC_UNIT/mult_59/FS_1/A[15] (ARITHMETIC_UNIT_DW01_add_1)
                                                          0.00      35.56 f
  U0_ARITHMETIC_UNIT/mult_59/FS_1/U84/Y (CLKNAND2X2M)     0.56      36.12 r
  U0_ARITHMETIC_UNIT/mult_59/FS_1/U7/Y (CLKINVX2M)        0.58      36.70 f
  U0_ARITHMETIC_UNIT/mult_59/FS_1/U6/Y (AOI2B1X2M)        0.90      37.60 r
  U0_ARITHMETIC_UNIT/mult_59/FS_1/U77/Y (CLKXOR2X2M)      0.65      38.24 f
  U0_ARITHMETIC_UNIT/mult_59/FS_1/SUM[17] (ARITHMETIC_UNIT_DW01_add_1)
                                                          0.00      38.24 f
  U0_ARITHMETIC_UNIT/mult_59/PRODUCT[19] (ARITHMETIC_UNIT_DW02_mult_0)
                                                          0.00      38.24 f
  U0_ARITHMETIC_UNIT/U144/Y (AO21XLM)                     0.63      38.88 f
  U0_ARITHMETIC_UNIT/Arith_OUT_reg_19_/D (SDFFRQX1M)      0.00      38.88 f
  data arrival time                                                 38.88

  clock CLK (rise edge)                                 100.00     100.00
  clock network delay (ideal)                             0.00     100.00
  clock uncertainty                                      -0.20      99.80
  U0_ARITHMETIC_UNIT/Arith_OUT_reg_19_/CK (SDFFRQX1M)     0.00      99.80 r
  library setup time                                     -0.49      99.31
  data required time                                                99.31
  --------------------------------------------------------------------------
  data required time                                                99.31
  data arrival time                                                -38.88
  --------------------------------------------------------------------------
  slack (MET)                                                       60.43


  Startpoint: A[0] (input port clocked by CLK)
  Endpoint: U0_ARITHMETIC_UNIT/Arith_OUT_reg_18_
            (rising edge-triggered flip-flop clocked by CLK)
  Path Group: CLK
  Path Type: max

  Des/Clust/Port     Wire Load Model       Library
  ------------------------------------------------
  ALU_TOP            tsmc13_wl30           scmetro_tsmc_cl013g_rvt_ss_1p08v_125c

  Point                                                   Incr       Path
  --------------------------------------------------------------------------
  clock CLK (rise edge)                                   0.00       0.00
  clock network delay (ideal)                             0.00       0.00
  input external delay                                   20.00      20.00 r
  A[0] (in)                                               0.17      20.17 r
  U18/Y (CLKBUFX6M)                                       0.96      21.14 r
  U0_ARITHMETIC_UNIT/A[0] (ARITHMETIC_UNIT_test_1)        0.00      21.14 r
  U0_ARITHMETIC_UNIT/mult_59/A[0] (ARITHMETIC_UNIT_DW02_mult_0)
                                                          0.00      21.14 r
  U0_ARITHMETIC_UNIT/mult_59/U102/Y (INVX2M)              0.37      21.50 f
  U0_ARITHMETIC_UNIT/mult_59/U101/Y (CLKBUFX8M)           0.97      22.48 f
  U0_ARITHMETIC_UNIT/mult_59/U29/Y (NOR2X2M)              1.01      23.49 r
  U0_ARITHMETIC_UNIT/mult_59/U92/Y (XOR2X1M)              0.68      24.17 r
  U0_ARITHMETIC_UNIT/mult_59/S2_2_2/CO (ADDFX2M)          0.56      24.73 r
  U0_ARITHMETIC_UNIT/mult_59/S2_3_2/CO (ADDFX2M)          0.77      25.50 r
  U0_ARITHMETIC_UNIT/mult_59/S2_4_2/CO (ADDFX2M)          0.77      26.27 r
  U0_ARITHMETIC_UNIT/mult_59/S2_5_2/CO (ADDFX2M)          0.77      27.03 r
  U0_ARITHMETIC_UNIT/mult_59/S2_6_2/CO (ADDFX2M)          0.77      27.80 r
  U0_ARITHMETIC_UNIT/mult_59/S2_7_2/CO (ADDFX2M)          0.77      28.57 r
  U0_ARITHMETIC_UNIT/mult_59/S2_8_2/CO (ADDFX2M)          0.77      29.34 r
  U0_ARITHMETIC_UNIT/mult_59/S2_9_2/CO (ADDFX2M)          0.77      30.11 r
  U0_ARITHMETIC_UNIT/mult_59/S2_10_2/CO (ADDFX2M)         0.77      30.88 r
  U0_ARITHMETIC_UNIT/mult_59/S2_11_2/CO (ADDFX2M)         0.77      31.64 r
  U0_ARITHMETIC_UNIT/mult_59/S2_12_2/CO (ADDFX2M)         0.77      32.41 r
  U0_ARITHMETIC_UNIT/mult_59/S2_13_2/CO (ADDFX2M)         0.77      33.18 r
  U0_ARITHMETIC_UNIT/mult_59/S2_14_2/CO (ADDFX2M)         0.77      33.95 r
  U0_ARITHMETIC_UNIT/mult_59/S4_2/CO (ADDFX2M)            0.93      34.88 r
  U0_ARITHMETIC_UNIT/mult_59/U61/Y (CLKXOR2X2M)           0.67      35.56 f
  U0_ARITHMETIC_UNIT/mult_59/FS_1/A[16] (ARITHMETIC_UNIT_DW01_add_1)
                                                          0.00      35.56 f
  U0_ARITHMETIC_UNIT/mult_59/FS_1/U82/Y (AND2X1M)         0.69      36.25 f
  U0_ARITHMETIC_UNIT/mult_59/FS_1/U81/Y (NOR2X1M)         0.70      36.95 r
  U0_ARITHMETIC_UNIT/mult_59/FS_1/U80/Y (CLKXOR2X2M)      0.62      37.57 f
  U0_ARITHMETIC_UNIT/mult_59/FS_1/SUM[16] (ARITHMETIC_UNIT_DW01_add_1)
                                                          0.00      37.57 f
  U0_ARITHMETIC_UNIT/mult_59/PRODUCT[18] (ARITHMETIC_UNIT_DW02_mult_0)
                                                          0.00      37.57 f
  U0_ARITHMETIC_UNIT/U145/Y (AO21XLM)                     0.63      38.20 f
  U0_ARITHMETIC_UNIT/Arith_OUT_reg_18_/D (SDFFRQX1M)      0.00      38.20 f
  data arrival time                                                 38.20

  clock CLK (rise edge)                                 100.00     100.00
  clock network delay (ideal)                             0.00     100.00
  clock uncertainty                                      -0.20      99.80
  U0_ARITHMETIC_UNIT/Arith_OUT_reg_18_/CK (SDFFRQX1M)     0.00      99.80 r
  library setup time                                     -0.49      99.31
  data required time                                                99.31
  --------------------------------------------------------------------------
  data required time                                                99.31
  data arrival time                                                -38.20
  --------------------------------------------------------------------------
  slack (MET)                                                       61.11


  Startpoint: A[0] (input port clocked by CLK)
  Endpoint: U0_ARITHMETIC_UNIT/Arith_OUT_reg_17_
            (rising edge-triggered flip-flop clocked by CLK)
  Path Group: CLK
  Path Type: max

  Des/Clust/Port     Wire Load Model       Library
  ------------------------------------------------
  ALU_TOP            tsmc13_wl30           scmetro_tsmc_cl013g_rvt_ss_1p08v_125c

  Point                                                   Incr       Path
  --------------------------------------------------------------------------
  clock CLK (rise edge)                                   0.00       0.00
  clock network delay (ideal)                             0.00       0.00
  input external delay                                   20.00      20.00 r
  A[0] (in)                                               0.17      20.17 r
  U18/Y (CLKBUFX6M)                                       0.96      21.14 r
  U0_ARITHMETIC_UNIT/A[0] (ARITHMETIC_UNIT_test_1)        0.00      21.14 r
  U0_ARITHMETIC_UNIT/mult_59/A[0] (ARITHMETIC_UNIT_DW02_mult_0)
                                                          0.00      21.14 r
  U0_ARITHMETIC_UNIT/mult_59/U102/Y (INVX2M)              0.37      21.50 f
  U0_ARITHMETIC_UNIT/mult_59/U101/Y (CLKBUFX8M)           0.97      22.48 f
  U0_ARITHMETIC_UNIT/mult_59/U29/Y (NOR2X2M)              1.01      23.49 r
  U0_ARITHMETIC_UNIT/mult_59/U92/Y (XOR2X1M)              0.68      24.17 r
  U0_ARITHMETIC_UNIT/mult_59/S2_2_2/CO (ADDFX2M)          0.56      24.73 r
  U0_ARITHMETIC_UNIT/mult_59/S2_3_2/CO (ADDFX2M)          0.77      25.50 r
  U0_ARITHMETIC_UNIT/mult_59/S2_4_2/CO (ADDFX2M)          0.77      26.27 r
  U0_ARITHMETIC_UNIT/mult_59/S2_5_2/CO (ADDFX2M)          0.77      27.03 r
  U0_ARITHMETIC_UNIT/mult_59/S2_6_2/CO (ADDFX2M)          0.77      27.80 r
  U0_ARITHMETIC_UNIT/mult_59/S2_7_2/CO (ADDFX2M)          0.77      28.57 r
  U0_ARITHMETIC_UNIT/mult_59/S2_8_2/CO (ADDFX2M)          0.77      29.34 r
  U0_ARITHMETIC_UNIT/mult_59/S2_9_2/CO (ADDFX2M)          0.77      30.11 r
  U0_ARITHMETIC_UNIT/mult_59/S2_10_2/CO (ADDFX2M)         0.77      30.88 r
  U0_ARITHMETIC_UNIT/mult_59/S2_11_2/CO (ADDFX2M)         0.77      31.64 r
  U0_ARITHMETIC_UNIT/mult_59/S2_12_2/CO (ADDFX2M)         0.77      32.41 r
  U0_ARITHMETIC_UNIT/mult_59/S2_13_2/CO (ADDFX2M)         0.77      33.18 r
  U0_ARITHMETIC_UNIT/mult_59/S2_14_2/CO (ADDFX2M)         0.77      33.95 r
  U0_ARITHMETIC_UNIT/mult_59/S4_2/S (ADDFX2M)             0.89      34.84 f
  U0_ARITHMETIC_UNIT/mult_59/U60/Y (CLKXOR2X2M)           0.68      35.52 r
  U0_ARITHMETIC_UNIT/mult_59/FS_1/A[15] (ARITHMETIC_UNIT_DW01_add_1)
                                                          0.00      35.52 r
  U0_ARITHMETIC_UNIT/mult_59/FS_1/U84/Y (CLKNAND2X2M)     0.71      36.23 f
  U0_ARITHMETIC_UNIT/mult_59/FS_1/U83/Y (NAND2BX1M)       0.58      36.80 r
  U0_ARITHMETIC_UNIT/mult_59/FS_1/U28/Y (INVX2M)          0.24      37.04 f
  U0_ARITHMETIC_UNIT/mult_59/FS_1/SUM[15] (ARITHMETIC_UNIT_DW01_add_1)
                                                          0.00      37.04 f
  U0_ARITHMETIC_UNIT/mult_59/PRODUCT[17] (ARITHMETIC_UNIT_DW02_mult_0)
                                                          0.00      37.04 f
  U0_ARITHMETIC_UNIT/U146/Y (AO21XLM)                     0.61      37.65 f
  U0_ARITHMETIC_UNIT/Arith_OUT_reg_17_/D (SDFFRQX1M)      0.00      37.65 f
  data arrival time                                                 37.65

  clock CLK (rise edge)                                 100.00     100.00
  clock network delay (ideal)                             0.00     100.00
  clock uncertainty                                      -0.20      99.80
  U0_ARITHMETIC_UNIT/Arith_OUT_reg_17_/CK (SDFFRQX1M)     0.00      99.80 r
  library setup time                                     -0.49      99.31
  data required time                                                99.31
  --------------------------------------------------------------------------
  data required time                                                99.31
  data arrival time                                                -37.65
  --------------------------------------------------------------------------
  slack (MET)                                                       61.66


  Startpoint: B[2] (input port clocked by CLK)
  Endpoint: U0_ARITHMETIC_UNIT/Arith_OUT_reg_10_
            (rising edge-triggered flip-flop clocked by CLK)
  Path Group: CLK
  Path Type: max

  Des/Clust/Port     Wire Load Model       Library
  ------------------------------------------------
  ALU_TOP            tsmc13_wl30           scmetro_tsmc_cl013g_rvt_ss_1p08v_125c

  Point                                                   Incr       Path
  --------------------------------------------------------------------------
  clock CLK (rise edge)                                   0.00       0.00
  clock network delay (ideal)                             0.00       0.00
  input external delay                                   20.00      20.00 r
  B[2] (in)                                               0.17      20.17 r
  U16/Y (CLKBUFX6M)                                       0.84      21.02 r
  U0_ARITHMETIC_UNIT/B[2] (ARITHMETIC_UNIT_test_1)        0.00      21.02 r
  U0_ARITHMETIC_UNIT/div_63/b[2] (ARITHMETIC_UNIT_DW_div_uns_0)
                                                          0.00      21.02 r
  U0_ARITHMETIC_UNIT/div_63/U171/Y (INVX2M)               0.34      21.36 f
  U0_ARITHMETIC_UNIT/div_63/U54/Y (CLKBUFX8M)             0.97      22.33 f
  U0_ARITHMETIC_UNIT/div_63/U2/Y (AND4X8M)                0.63      22.96 f
  U0_ARITHMETIC_UNIT/div_63/U1/Y (MX2X8M)                 0.34      23.29 r
  U0_ARITHMETIC_UNIT/div_63/u_div_u_fa_PartRem_0_14_1/CO (ADDFX2M)
                                                          0.66      23.95 r
  U0_ARITHMETIC_UNIT/div_63/U18/Y (AND3X1M)               0.49      24.44 r
  U0_ARITHMETIC_UNIT/div_63/U17/Y (BUFX10M)               0.26      24.71 r
  U0_ARITHMETIC_UNIT/div_63/U206/Y (CLKMX2X2M)            0.61      25.31 f
  U0_ARITHMETIC_UNIT/div_63/u_div_u_fa_PartRem_0_13_1/CO (ADDFX2M)
                                                          0.73      26.04 f
  U0_ARITHMETIC_UNIT/div_63/u_div_u_fa_PartRem_0_13_2/CO (ADDFX2M)
                                                          0.50      26.54 f
  U0_ARITHMETIC_UNIT/div_63/U48/Y (CLKAND2X4M)            0.57      27.12 f
  U0_ARITHMETIC_UNIT/div_63/U209/Y (CLKMX2X2M)            0.69      27.81 f
  U0_ARITHMETIC_UNIT/div_63/u_div_u_fa_PartRem_0_12_1/CO (ADDFX2M)
                                                          0.73      28.54 f
  U0_ARITHMETIC_UNIT/div_63/u_div_u_fa_PartRem_0_12_2/CO (ADDFX2M)
                                                          0.52      29.06 f
  U0_ARITHMETIC_UNIT/div_63/u_div_u_fa_PartRem_0_12_3/CO (ADDFHX4M)
                                                          0.35      29.40 f
  U0_ARITHMETIC_UNIT/div_63/U8/Y (AND3X12M)               0.32      29.72 f
  U0_ARITHMETIC_UNIT/div_63/U210/Y (CLKMX2X2M)            0.57      30.29 f
  U0_ARITHMETIC_UNIT/div_63/u_div_u_fa_PartRem_0_11_1/CO (ADDFX2M)
                                                          0.73      31.02 f
  U0_ARITHMETIC_UNIT/div_63/u_div_u_fa_PartRem_0_11_2/CO (ADDFX2M)
                                                          0.55      31.57 f
  U0_ARITHMETIC_UNIT/div_63/u_div_u_fa_PartRem_0_11_3/CO (ADDFHX8M)
                                                          0.30      31.88 f
  U0_ARITHMETIC_UNIT/div_63/u_div_u_fa_PartRem_0_11_4/CO (ADDFX2M)
                                                          0.48      32.36 f
  U0_ARITHMETIC_UNIT/div_63/U9/Y (AND2X12M)               0.30      32.66 f
  U0_ARITHMETIC_UNIT/div_63/U211/Y (CLKMX2X2M)            0.58      33.24 f
  U0_ARITHMETIC_UNIT/div_63/u_div_u_fa_PartRem_0_10_1/CO (ADDFX2M)
                                                          0.73      33.97 f
  U0_ARITHMETIC_UNIT/div_63/u_div_u_fa_PartRem_0_10_2/CO (ADDFX2M)
                                                          0.55      34.51 f
  U0_ARITHMETIC_UNIT/div_63/u_div_u_fa_PartRem_0_10_3/CO (ADDFHX8M)
                                                          0.30      34.82 f
  U0_ARITHMETIC_UNIT/div_63/u_div_u_fa_PartRem_0_10_4/CO (ADDFX2M)
                                                          0.47      35.29 f
  U0_ARITHMETIC_UNIT/div_63/u_div_u_fa_PartRem_0_10_5/CO (ADDFX2M)
                                                          0.50      35.79 f
  U0_ARITHMETIC_UNIT/div_63/U47/Y (CLKAND2X6M)            0.63      36.42 f
  U0_ARITHMETIC_UNIT/div_63/quotient[10] (ARITHMETIC_UNIT_DW_div_uns_0)
                                                          0.00      36.42 f
  U0_ARITHMETIC_UNIT/U181/Y (AOI22X1M)                    0.82      37.24 r
  U0_ARITHMETIC_UNIT/U179/Y (NAND2X2M)                    0.36      37.59 f
  U0_ARITHMETIC_UNIT/Arith_OUT_reg_10_/D (SDFFRQX1M)      0.00      37.59 f
  data arrival time                                                 37.59

  clock CLK (rise edge)                                 100.00     100.00
  clock network delay (ideal)                             0.00     100.00
  clock uncertainty                                      -0.20      99.80
  U0_ARITHMETIC_UNIT/Arith_OUT_reg_10_/CK (SDFFRQX1M)     0.00      99.80 r
  library setup time                                     -0.47      99.33
  data required time                                                99.33
  --------------------------------------------------------------------------
  data required time                                                99.33
  data arrival time                                                -37.59
  --------------------------------------------------------------------------
  slack (MET)                                                       61.74


  Startpoint: A[0] (input port clocked by CLK)
  Endpoint: U0_ARITHMETIC_UNIT/Carry_OUT_reg
            (rising edge-triggered flip-flop clocked by CLK)
  Path Group: CLK
  Path Type: max

  Des/Clust/Port     Wire Load Model       Library
  ------------------------------------------------
  ALU_TOP            tsmc13_wl30           scmetro_tsmc_cl013g_rvt_ss_1p08v_125c

  Point                                                   Incr       Path
  --------------------------------------------------------------------------
  clock CLK (rise edge)                                   0.00       0.00
  clock network delay (ideal)                             0.00       0.00
  input external delay                                   20.00      20.00 r
  A[0] (in)                                               0.17      20.17 r
  U18/Y (CLKBUFX6M)                                       0.96      21.14 r
  U0_ARITHMETIC_UNIT/A[0] (ARITHMETIC_UNIT_test_1)        0.00      21.14 r
  U0_ARITHMETIC_UNIT/mult_59/A[0] (ARITHMETIC_UNIT_DW02_mult_0)
                                                          0.00      21.14 r
  U0_ARITHMETIC_UNIT/mult_59/U102/Y (INVX2M)              0.37      21.50 f
  U0_ARITHMETIC_UNIT/mult_59/U101/Y (CLKBUFX8M)           0.97      22.48 f
  U0_ARITHMETIC_UNIT/mult_59/U30/Y (NOR2X2M)              1.01      23.49 r
  U0_ARITHMETIC_UNIT/mult_59/U99/Y (XOR2X1M)              0.68      24.17 r
  U0_ARITHMETIC_UNIT/mult_59/S1_2_0/CO (ADDFX2M)          0.56      24.73 r
  U0_ARITHMETIC_UNIT/mult_59/S1_3_0/CO (ADDFX2M)          0.77      25.50 r
  U0_ARITHMETIC_UNIT/mult_59/S1_4_0/CO (ADDFX2M)          0.77      26.27 r
  U0_ARITHMETIC_UNIT/mult_59/S1_5_0/CO (ADDFX2M)          0.77      27.03 r
  U0_ARITHMETIC_UNIT/mult_59/S1_6_0/CO (ADDFX2M)          0.77      27.80 r
  U0_ARITHMETIC_UNIT/mult_59/S1_7_0/CO (ADDFX2M)          0.77      28.57 r
  U0_ARITHMETIC_UNIT/mult_59/S1_8_0/CO (ADDFX2M)          0.77      29.34 r
  U0_ARITHMETIC_UNIT/mult_59/S1_9_0/CO (ADDFX2M)          0.77      30.11 r
  U0_ARITHMETIC_UNIT/mult_59/S1_10_0/CO (ADDFX2M)         0.77      30.88 r
  U0_ARITHMETIC_UNIT/mult_59/S1_11_0/CO (ADDFX2M)         0.77      31.64 r
  U0_ARITHMETIC_UNIT/mult_59/S1_12_0/CO (ADDFX2M)         0.77      32.41 r
  U0_ARITHMETIC_UNIT/mult_59/S1_13_0/CO (ADDFX2M)         0.77      33.18 r
  U0_ARITHMETIC_UNIT/mult_59/S1_14_0/CO (ADDFX2M)         0.77      33.95 r
  U0_ARITHMETIC_UNIT/mult_59/S4_0/CO (ADDFX2M)            0.93      34.88 r
  U0_ARITHMETIC_UNIT/mult_59/U100/Y (CLKXOR2X2M)          0.49      35.37 f
  U0_ARITHMETIC_UNIT/mult_59/FS_1/A[14] (ARITHMETIC_UNIT_DW01_add_1)
                                                          0.00      35.37 f
  U0_ARITHMETIC_UNIT/mult_59/FS_1/U43/Y (BUFX2M)          0.31      35.68 f
  U0_ARITHMETIC_UNIT/mult_59/FS_1/SUM[14] (ARITHMETIC_UNIT_DW01_add_1)
                                                          0.00      35.68 f
  U0_ARITHMETIC_UNIT/mult_59/PRODUCT[16] (ARITHMETIC_UNIT_DW02_mult_0)
                                                          0.00      35.68 f
  U0_ARITHMETIC_UNIT/U195/Y (AOI221X2M)                   0.79      36.47 r
  U0_ARITHMETIC_UNIT/U194/Y (INVX2M)                      0.48      36.95 f
  U0_ARITHMETIC_UNIT/Carry_OUT_reg/D (SDFFRQX1M)          0.00      36.95 f
  data arrival time                                                 36.95

  clock CLK (rise edge)                                 100.00     100.00
  clock network delay (ideal)                             0.00     100.00
  clock uncertainty                                      -0.20      99.80
  U0_ARITHMETIC_UNIT/Carry_OUT_reg/CK (SDFFRQX1M)         0.00      99.80 r
  library setup time                                     -0.48      99.32
  data required time                                                99.32
  --------------------------------------------------------------------------
  data required time                                                99.32
  data arrival time                                                -36.95
  --------------------------------------------------------------------------
  slack (MET)                                                       62.37


  Startpoint: A[0] (input port clocked by CLK)
  Endpoint: U0_ARITHMETIC_UNIT/Arith_OUT_reg_16_
            (rising edge-triggered flip-flop clocked by CLK)
  Path Group: CLK
  Path Type: max

  Des/Clust/Port     Wire Load Model       Library
  ------------------------------------------------
  ALU_TOP            tsmc13_wl30           scmetro_tsmc_cl013g_rvt_ss_1p08v_125c

  Point                                                   Incr       Path
  --------------------------------------------------------------------------
  clock CLK (rise edge)                                   0.00       0.00
  clock network delay (ideal)                             0.00       0.00
  input external delay                                   20.00      20.00 r
  A[0] (in)                                               0.17      20.17 r
  U18/Y (CLKBUFX6M)                                       0.96      21.14 r
  U0_ARITHMETIC_UNIT/A[0] (ARITHMETIC_UNIT_test_1)        0.00      21.14 r
  U0_ARITHMETIC_UNIT/mult_59/A[0] (ARITHMETIC_UNIT_DW02_mult_0)
                                                          0.00      21.14 r
  U0_ARITHMETIC_UNIT/mult_59/U102/Y (INVX2M)              0.37      21.50 f
  U0_ARITHMETIC_UNIT/mult_59/U101/Y (CLKBUFX8M)           0.97      22.48 f
  U0_ARITHMETIC_UNIT/mult_59/U30/Y (NOR2X2M)              1.01      23.49 r
  U0_ARITHMETIC_UNIT/mult_59/U99/Y (XOR2X1M)              0.68      24.17 r
  U0_ARITHMETIC_UNIT/mult_59/S1_2_0/CO (ADDFX2M)          0.56      24.73 r
  U0_ARITHMETIC_UNIT/mult_59/S1_3_0/CO (ADDFX2M)          0.77      25.50 r
  U0_ARITHMETIC_UNIT/mult_59/S1_4_0/CO (ADDFX2M)          0.77      26.27 r
  U0_ARITHMETIC_UNIT/mult_59/S1_5_0/CO (ADDFX2M)          0.77      27.03 r
  U0_ARITHMETIC_UNIT/mult_59/S1_6_0/CO (ADDFX2M)          0.77      27.80 r
  U0_ARITHMETIC_UNIT/mult_59/S1_7_0/CO (ADDFX2M)          0.77      28.57 r
  U0_ARITHMETIC_UNIT/mult_59/S1_8_0/CO (ADDFX2M)          0.77      29.34 r
  U0_ARITHMETIC_UNIT/mult_59/S1_9_0/CO (ADDFX2M)          0.77      30.11 r
  U0_ARITHMETIC_UNIT/mult_59/S1_10_0/CO (ADDFX2M)         0.77      30.88 r
  U0_ARITHMETIC_UNIT/mult_59/S1_11_0/CO (ADDFX2M)         0.77      31.64 r
  U0_ARITHMETIC_UNIT/mult_59/S1_12_0/CO (ADDFX2M)         0.77      32.41 r
  U0_ARITHMETIC_UNIT/mult_59/S1_13_0/CO (ADDFX2M)         0.77      33.18 r
  U0_ARITHMETIC_UNIT/mult_59/S1_14_0/CO (ADDFX2M)         0.77      33.95 r
  U0_ARITHMETIC_UNIT/mult_59/S4_0/CO (ADDFX2M)            0.93      34.88 r
  U0_ARITHMETIC_UNIT/mult_59/U100/Y (CLKXOR2X2M)          0.49      35.37 f
  U0_ARITHMETIC_UNIT/mult_59/FS_1/A[14] (ARITHMETIC_UNIT_DW01_add_1)
                                                          0.00      35.37 f
  U0_ARITHMETIC_UNIT/mult_59/FS_1/U43/Y (BUFX2M)          0.31      35.68 f
  U0_ARITHMETIC_UNIT/mult_59/FS_1/SUM[14] (ARITHMETIC_UNIT_DW01_add_1)
                                                          0.00      35.68 f
  U0_ARITHMETIC_UNIT/mult_59/PRODUCT[16] (ARITHMETIC_UNIT_DW02_mult_0)
                                                          0.00      35.68 f
  U0_ARITHMETIC_UNIT/U195/Y (AOI221X2M)                   0.79      36.47 r
  U0_ARITHMETIC_UNIT/U194/Y (INVX2M)                      0.48      36.95 f
  U0_ARITHMETIC_UNIT/Arith_OUT_reg_16_/D (SDFFRQX1M)      0.00      36.95 f
  data arrival time                                                 36.95

  clock CLK (rise edge)                                 100.00     100.00
  clock network delay (ideal)                             0.00     100.00
  clock uncertainty                                      -0.20      99.80
  U0_ARITHMETIC_UNIT/Arith_OUT_reg_16_/CK (SDFFRQX1M)     0.00      99.80 r
  library setup time                                     -0.48      99.32
  data required time                                                99.32
  --------------------------------------------------------------------------
  data required time                                                99.32
  data arrival time                                                -36.95
  --------------------------------------------------------------------------
  slack (MET)                                                       62.37


  Startpoint: A[0] (input port clocked by CLK)
  Endpoint: U0_ARITHMETIC_UNIT/Arith_OUT_reg_15_
            (rising edge-triggered flip-flop clocked by CLK)
  Path Group: CLK
  Path Type: max

  Des/Clust/Port     Wire Load Model       Library
  ------------------------------------------------
  ALU_TOP            tsmc13_wl30           scmetro_tsmc_cl013g_rvt_ss_1p08v_125c

  Point                                                   Incr       Path
  --------------------------------------------------------------------------
  clock CLK (rise edge)                                   0.00       0.00
  clock network delay (ideal)                             0.00       0.00
  input external delay                                   20.00      20.00 r
  A[0] (in)                                               0.17      20.17 r
  U18/Y (CLKBUFX6M)                                       0.96      21.14 r
  U0_ARITHMETIC_UNIT/A[0] (ARITHMETIC_UNIT_test_1)        0.00      21.14 r
  U0_ARITHMETIC_UNIT/mult_59/A[0] (ARITHMETIC_UNIT_DW02_mult_0)
                                                          0.00      21.14 r
  U0_ARITHMETIC_UNIT/mult_59/U102/Y (INVX2M)              0.37      21.50 f
  U0_ARITHMETIC_UNIT/mult_59/U101/Y (CLKBUFX8M)           0.97      22.48 f
  U0_ARITHMETIC_UNIT/mult_59/U30/Y (NOR2X2M)              1.01      23.49 r
  U0_ARITHMETIC_UNIT/mult_59/U99/Y (XOR2X1M)              0.68      24.17 r
  U0_ARITHMETIC_UNIT/mult_59/S1_2_0/CO (ADDFX2M)          0.56      24.73 r
  U0_ARITHMETIC_UNIT/mult_59/S1_3_0/CO (ADDFX2M)          0.77      25.50 r
  U0_ARITHMETIC_UNIT/mult_59/S1_4_0/CO (ADDFX2M)          0.77      26.27 r
  U0_ARITHMETIC_UNIT/mult_59/S1_5_0/CO (ADDFX2M)          0.77      27.03 r
  U0_ARITHMETIC_UNIT/mult_59/S1_6_0/CO (ADDFX2M)          0.77      27.80 r
  U0_ARITHMETIC_UNIT/mult_59/S1_7_0/CO (ADDFX2M)          0.77      28.57 r
  U0_ARITHMETIC_UNIT/mult_59/S1_8_0/CO (ADDFX2M)          0.77      29.34 r
  U0_ARITHMETIC_UNIT/mult_59/S1_9_0/CO (ADDFX2M)          0.77      30.11 r
  U0_ARITHMETIC_UNIT/mult_59/S1_10_0/CO (ADDFX2M)         0.77      30.88 r
  U0_ARITHMETIC_UNIT/mult_59/S1_11_0/CO (ADDFX2M)         0.77      31.64 r
  U0_ARITHMETIC_UNIT/mult_59/S1_12_0/CO (ADDFX2M)         0.77      32.41 r
  U0_ARITHMETIC_UNIT/mult_59/S1_13_0/CO (ADDFX2M)         0.77      33.18 r
  U0_ARITHMETIC_UNIT/mult_59/S1_14_0/CO (ADDFX2M)         0.77      33.95 r
  U0_ARITHMETIC_UNIT/mult_59/S4_0/S (ADDFX2M)             0.77      34.72 f
  U0_ARITHMETIC_UNIT/mult_59/FS_1/A[13] (ARITHMETIC_UNIT_DW01_add_1)
                                                          0.00      34.72 f
  U0_ARITHMETIC_UNIT/mult_59/FS_1/U42/Y (BUFX2M)          0.29      35.01 f
  U0_ARITHMETIC_UNIT/mult_59/FS_1/SUM[13] (ARITHMETIC_UNIT_DW01_add_1)
                                                          0.00      35.01 f
  U0_ARITHMETIC_UNIT/mult_59/PRODUCT[15] (ARITHMETIC_UNIT_DW02_mult_0)
                                                          0.00      35.01 f
  U0_ARITHMETIC_UNIT/U197/Y (AOI22X1M)                    0.65      35.66 r
  U0_ARITHMETIC_UNIT/U196/Y (NAND2X2M)                    0.39      36.05 f
  U0_ARITHMETIC_UNIT/Arith_OUT_reg_15_/D (SDFFRQX1M)      0.00      36.05 f
  data arrival time                                                 36.05

  clock CLK (rise edge)                                 100.00     100.00
  clock network delay (ideal)                             0.00     100.00
  clock uncertainty                                      -0.20      99.80
  U0_ARITHMETIC_UNIT/Arith_OUT_reg_15_/CK (SDFFRQX1M)     0.00      99.80 r
  library setup time                                     -0.47      99.33
  data required time                                                99.33
  --------------------------------------------------------------------------
  data required time                                                99.33
  data arrival time                                                -36.05
  --------------------------------------------------------------------------
  slack (MET)                                                       63.28


  Startpoint: A[0] (input port clocked by CLK)
  Endpoint: U0_ARITHMETIC_UNIT/Arith_OUT_reg_14_
            (rising edge-triggered flip-flop clocked by CLK)
  Path Group: CLK
  Path Type: max

  Des/Clust/Port     Wire Load Model       Library
  ------------------------------------------------
  ALU_TOP            tsmc13_wl30           scmetro_tsmc_cl013g_rvt_ss_1p08v_125c

  Point                                                   Incr       Path
  --------------------------------------------------------------------------
  clock CLK (rise edge)                                   0.00       0.00
  clock network delay (ideal)                             0.00       0.00
  input external delay                                   20.00      20.00 r
  A[0] (in)                                               0.17      20.17 r
  U18/Y (CLKBUFX6M)                                       0.96      21.14 r
  U0_ARITHMETIC_UNIT/A[0] (ARITHMETIC_UNIT_test_1)        0.00      21.14 r
  U0_ARITHMETIC_UNIT/mult_59/A[0] (ARITHMETIC_UNIT_DW02_mult_0)
                                                          0.00      21.14 r
  U0_ARITHMETIC_UNIT/mult_59/U102/Y (INVX2M)              0.37      21.50 f
  U0_ARITHMETIC_UNIT/mult_59/U101/Y (CLKBUFX8M)           0.97      22.48 f
  U0_ARITHMETIC_UNIT/mult_59/U30/Y (NOR2X2M)              1.01      23.49 r
  U0_ARITHMETIC_UNIT/mult_59/U99/Y (XOR2X1M)              0.68      24.17 r
  U0_ARITHMETIC_UNIT/mult_59/S1_2_0/CO (ADDFX2M)          0.56      24.73 r
  U0_ARITHMETIC_UNIT/mult_59/S1_3_0/CO (ADDFX2M)          0.77      25.50 r
  U0_ARITHMETIC_UNIT/mult_59/S1_4_0/CO (ADDFX2M)          0.77      26.27 r
  U0_ARITHMETIC_UNIT/mult_59/S1_5_0/CO (ADDFX2M)          0.77      27.03 r
  U0_ARITHMETIC_UNIT/mult_59/S1_6_0/CO (ADDFX2M)          0.77      27.80 r
  U0_ARITHMETIC_UNIT/mult_59/S1_7_0/CO (ADDFX2M)          0.77      28.57 r
  U0_ARITHMETIC_UNIT/mult_59/S1_8_0/CO (ADDFX2M)          0.77      29.34 r
  U0_ARITHMETIC_UNIT/mult_59/S1_9_0/CO (ADDFX2M)          0.77      30.11 r
  U0_ARITHMETIC_UNIT/mult_59/S1_10_0/CO (ADDFX2M)         0.77      30.88 r
  U0_ARITHMETIC_UNIT/mult_59/S1_11_0/CO (ADDFX2M)         0.77      31.64 r
  U0_ARITHMETIC_UNIT/mult_59/S1_12_0/CO (ADDFX2M)         0.77      32.41 r
  U0_ARITHMETIC_UNIT/mult_59/S1_13_0/CO (ADDFX2M)         0.77      33.18 r
  U0_ARITHMETIC_UNIT/mult_59/S1_14_0/S (ADDFX2M)          0.77      33.96 f
  U0_ARITHMETIC_UNIT/mult_59/FS_1/A[12] (ARITHMETIC_UNIT_DW01_add_1)
                                                          0.00      33.96 f
  U0_ARITHMETIC_UNIT/mult_59/FS_1/U41/Y (BUFX2M)          0.29      34.24 f
  U0_ARITHMETIC_UNIT/mult_59/FS_1/SUM[12] (ARITHMETIC_UNIT_DW01_add_1)
                                                          0.00      34.24 f
  U0_ARITHMETIC_UNIT/mult_59/PRODUCT[14] (ARITHMETIC_UNIT_DW02_mult_0)
                                                          0.00      34.24 f
  U0_ARITHMETIC_UNIT/U192/Y (AOI22X1M)                    0.65      34.90 r
  U0_ARITHMETIC_UNIT/U191/Y (NAND2X2M)                    0.39      35.28 f
  U0_ARITHMETIC_UNIT/Arith_OUT_reg_14_/D (SDFFRQX1M)      0.00      35.28 f
  data arrival time                                                 35.28

  clock CLK (rise edge)                                 100.00     100.00
  clock network delay (ideal)                             0.00     100.00
  clock uncertainty                                      -0.20      99.80
  U0_ARITHMETIC_UNIT/Arith_OUT_reg_14_/CK (SDFFRQX1M)     0.00      99.80 r
  library setup time                                     -0.47      99.33
  data required time                                                99.33
  --------------------------------------------------------------------------
  data required time                                                99.33
  data arrival time                                                -35.28
  --------------------------------------------------------------------------
  slack (MET)                                                       64.05


  Startpoint: A[0] (input port clocked by CLK)
  Endpoint: U0_ARITHMETIC_UNIT/Arith_OUT_reg_13_
            (rising edge-triggered flip-flop clocked by CLK)
  Path Group: CLK
  Path Type: max

  Des/Clust/Port     Wire Load Model       Library
  ------------------------------------------------
  ALU_TOP            tsmc13_wl30           scmetro_tsmc_cl013g_rvt_ss_1p08v_125c

  Point                                                   Incr       Path
  --------------------------------------------------------------------------
  clock CLK (rise edge)                                   0.00       0.00
  clock network delay (ideal)                             0.00       0.00
  input external delay                                   20.00      20.00 r
  A[0] (in)                                               0.17      20.17 r
  U18/Y (CLKBUFX6M)                                       0.96      21.14 r
  U0_ARITHMETIC_UNIT/A[0] (ARITHMETIC_UNIT_test_1)        0.00      21.14 r
  U0_ARITHMETIC_UNIT/mult_59/A[0] (ARITHMETIC_UNIT_DW02_mult_0)
                                                          0.00      21.14 r
  U0_ARITHMETIC_UNIT/mult_59/U102/Y (INVX2M)              0.37      21.50 f
  U0_ARITHMETIC_UNIT/mult_59/U101/Y (CLKBUFX8M)           0.97      22.48 f
  U0_ARITHMETIC_UNIT/mult_59/U30/Y (NOR2X2M)              1.01      23.49 r
  U0_ARITHMETIC_UNIT/mult_59/U99/Y (XOR2X1M)              0.68      24.17 r
  U0_ARITHMETIC_UNIT/mult_59/S1_2_0/CO (ADDFX2M)          0.56      24.73 r
  U0_ARITHMETIC_UNIT/mult_59/S1_3_0/CO (ADDFX2M)          0.77      25.50 r
  U0_ARITHMETIC_UNIT/mult_59/S1_4_0/CO (ADDFX2M)          0.77      26.27 r
  U0_ARITHMETIC_UNIT/mult_59/S1_5_0/CO (ADDFX2M)          0.77      27.03 r
  U0_ARITHMETIC_UNIT/mult_59/S1_6_0/CO (ADDFX2M)          0.77      27.80 r
  U0_ARITHMETIC_UNIT/mult_59/S1_7_0/CO (ADDFX2M)          0.77      28.57 r
  U0_ARITHMETIC_UNIT/mult_59/S1_8_0/CO (ADDFX2M)          0.77      29.34 r
  U0_ARITHMETIC_UNIT/mult_59/S1_9_0/CO (ADDFX2M)          0.77      30.11 r
  U0_ARITHMETIC_UNIT/mult_59/S1_10_0/CO (ADDFX2M)         0.77      30.88 r
  U0_ARITHMETIC_UNIT/mult_59/S1_11_0/CO (ADDFX2M)         0.77      31.64 r
  U0_ARITHMETIC_UNIT/mult_59/S1_12_0/CO (ADDFX2M)         0.77      32.41 r
  U0_ARITHMETIC_UNIT/mult_59/S1_13_0/S (ADDFX2M)          0.77      33.19 f
  U0_ARITHMETIC_UNIT/mult_59/FS_1/A[11] (ARITHMETIC_UNIT_DW01_add_1)
                                                          0.00      33.19 f
  U0_ARITHMETIC_UNIT/mult_59/FS_1/U40/Y (BUFX2M)          0.29      33.47 f
  U0_ARITHMETIC_UNIT/mult_59/FS_1/SUM[11] (ARITHMETIC_UNIT_DW01_add_1)
                                                          0.00      33.47 f
  U0_ARITHMETIC_UNIT/mult_59/PRODUCT[13] (ARITHMETIC_UNIT_DW02_mult_0)
                                                          0.00      33.47 f
  U0_ARITHMETIC_UNIT/U189/Y (AOI22X1M)                    0.65      34.13 r
  U0_ARITHMETIC_UNIT/U188/Y (NAND2X2M)                    0.39      34.52 f
  U0_ARITHMETIC_UNIT/Arith_OUT_reg_13_/D (SDFFRQX1M)      0.00      34.52 f
  data arrival time                                                 34.52

  clock CLK (rise edge)                                 100.00     100.00
  clock network delay (ideal)                             0.00     100.00
  clock uncertainty                                      -0.20      99.80
  U0_ARITHMETIC_UNIT/Arith_OUT_reg_13_/CK (SDFFRQX1M)     0.00      99.80 r
  library setup time                                     -0.47      99.33
  data required time                                                99.33
  --------------------------------------------------------------------------
  data required time                                                99.33
  data arrival time                                                -34.52
  --------------------------------------------------------------------------
  slack (MET)                                                       64.81


  Startpoint: A[0] (input port clocked by CLK)
  Endpoint: U0_ARITHMETIC_UNIT/Arith_OUT_reg_12_
            (rising edge-triggered flip-flop clocked by CLK)
  Path Group: CLK
  Path Type: max

  Des/Clust/Port     Wire Load Model       Library
  ------------------------------------------------
  ALU_TOP            tsmc13_wl30           scmetro_tsmc_cl013g_rvt_ss_1p08v_125c

  Point                                                   Incr       Path
  --------------------------------------------------------------------------
  clock CLK (rise edge)                                   0.00       0.00
  clock network delay (ideal)                             0.00       0.00
  input external delay                                   20.00      20.00 r
  A[0] (in)                                               0.17      20.17 r
  U18/Y (CLKBUFX6M)                                       0.96      21.14 r
  U0_ARITHMETIC_UNIT/A[0] (ARITHMETIC_UNIT_test_1)        0.00      21.14 r
  U0_ARITHMETIC_UNIT/mult_59/A[0] (ARITHMETIC_UNIT_DW02_mult_0)
                                                          0.00      21.14 r
  U0_ARITHMETIC_UNIT/mult_59/U102/Y (INVX2M)              0.37      21.50 f
  U0_ARITHMETIC_UNIT/mult_59/U101/Y (CLKBUFX8M)           0.97      22.48 f
  U0_ARITHMETIC_UNIT/mult_59/U30/Y (NOR2X2M)              1.01      23.49 r
  U0_ARITHMETIC_UNIT/mult_59/U99/Y (XOR2X1M)              0.68      24.17 r
  U0_ARITHMETIC_UNIT/mult_59/S1_2_0/CO (ADDFX2M)          0.56      24.73 r
  U0_ARITHMETIC_UNIT/mult_59/S1_3_0/CO (ADDFX2M)          0.77      25.50 r
  U0_ARITHMETIC_UNIT/mult_59/S1_4_0/CO (ADDFX2M)          0.77      26.27 r
  U0_ARITHMETIC_UNIT/mult_59/S1_5_0/CO (ADDFX2M)          0.77      27.03 r
  U0_ARITHMETIC_UNIT/mult_59/S1_6_0/CO (ADDFX2M)          0.77      27.80 r
  U0_ARITHMETIC_UNIT/mult_59/S1_7_0/CO (ADDFX2M)          0.77      28.57 r
  U0_ARITHMETIC_UNIT/mult_59/S1_8_0/CO (ADDFX2M)          0.77      29.34 r
  U0_ARITHMETIC_UNIT/mult_59/S1_9_0/CO (ADDFX2M)          0.77      30.11 r
  U0_ARITHMETIC_UNIT/mult_59/S1_10_0/CO (ADDFX2M)         0.77      30.88 r
  U0_ARITHMETIC_UNIT/mult_59/S1_11_0/CO (ADDFX2M)         0.77      31.64 r
  U0_ARITHMETIC_UNIT/mult_59/S1_12_0/S (ADDFX2M)          0.77      32.42 f
  U0_ARITHMETIC_UNIT/mult_59/FS_1/A[10] (ARITHMETIC_UNIT_DW01_add_1)
                                                          0.00      32.42 f
  U0_ARITHMETIC_UNIT/mult_59/FS_1/U39/Y (BUFX2M)          0.29      32.71 f
  U0_ARITHMETIC_UNIT/mult_59/FS_1/SUM[10] (ARITHMETIC_UNIT_DW01_add_1)
                                                          0.00      32.71 f
  U0_ARITHMETIC_UNIT/mult_59/PRODUCT[12] (ARITHMETIC_UNIT_DW02_mult_0)
                                                          0.00      32.71 f
  U0_ARITHMETIC_UNIT/U186/Y (AOI22X1M)                    0.65      33.36 r
  U0_ARITHMETIC_UNIT/U185/Y (NAND2X2M)                    0.39      33.75 f
  U0_ARITHMETIC_UNIT/Arith_OUT_reg_12_/D (SDFFRQX1M)      0.00      33.75 f
  data arrival time                                                 33.75

  clock CLK (rise edge)                                 100.00     100.00
  clock network delay (ideal)                             0.00     100.00
  clock uncertainty                                      -0.20      99.80
  U0_ARITHMETIC_UNIT/Arith_OUT_reg_12_/CK (SDFFRQX1M)     0.00      99.80 r
  library setup time                                     -0.47      99.33
  data required time                                                99.33
  --------------------------------------------------------------------------
  data required time                                                99.33
  data arrival time                                                -33.75
  --------------------------------------------------------------------------
  slack (MET)                                                       65.58


  Startpoint: B[2] (input port clocked by CLK)
  Endpoint: U0_ARITHMETIC_UNIT/Arith_OUT_reg_11_
            (rising edge-triggered flip-flop clocked by CLK)
  Path Group: CLK
  Path Type: max

  Des/Clust/Port     Wire Load Model       Library
  ------------------------------------------------
  ALU_TOP            tsmc13_wl30           scmetro_tsmc_cl013g_rvt_ss_1p08v_125c

  Point                                                   Incr       Path
  --------------------------------------------------------------------------
  clock CLK (rise edge)                                   0.00       0.00
  clock network delay (ideal)                             0.00       0.00
  input external delay                                   20.00      20.00 r
  B[2] (in)                                               0.17      20.17 r
  U16/Y (CLKBUFX6M)                                       0.84      21.02 r
  U0_ARITHMETIC_UNIT/B[2] (ARITHMETIC_UNIT_test_1)        0.00      21.02 r
  U0_ARITHMETIC_UNIT/div_63/b[2] (ARITHMETIC_UNIT_DW_div_uns_0)
                                                          0.00      21.02 r
  U0_ARITHMETIC_UNIT/div_63/U171/Y (INVX2M)               0.34      21.36 f
  U0_ARITHMETIC_UNIT/div_63/U54/Y (CLKBUFX8M)             0.97      22.33 f
  U0_ARITHMETIC_UNIT/div_63/U2/Y (AND4X8M)                0.63      22.96 f
  U0_ARITHMETIC_UNIT/div_63/U1/Y (MX2X8M)                 0.34      23.29 r
  U0_ARITHMETIC_UNIT/div_63/u_div_u_fa_PartRem_0_14_1/CO (ADDFX2M)
                                                          0.66      23.95 r
  U0_ARITHMETIC_UNIT/div_63/U18/Y (AND3X1M)               0.49      24.44 r
  U0_ARITHMETIC_UNIT/div_63/U17/Y (BUFX10M)               0.26      24.71 r
  U0_ARITHMETIC_UNIT/div_63/U206/Y (CLKMX2X2M)            0.61      25.31 f
  U0_ARITHMETIC_UNIT/div_63/u_div_u_fa_PartRem_0_13_1/CO (ADDFX2M)
                                                          0.73      26.04 f
  U0_ARITHMETIC_UNIT/div_63/u_div_u_fa_PartRem_0_13_2/CO (ADDFX2M)
                                                          0.50      26.54 f
  U0_ARITHMETIC_UNIT/div_63/U48/Y (CLKAND2X4M)            0.57      27.12 f
  U0_ARITHMETIC_UNIT/div_63/U209/Y (CLKMX2X2M)            0.69      27.81 f
  U0_ARITHMETIC_UNIT/div_63/u_div_u_fa_PartRem_0_12_1/CO (ADDFX2M)
                                                          0.73      28.54 f
  U0_ARITHMETIC_UNIT/div_63/u_div_u_fa_PartRem_0_12_2/CO (ADDFX2M)
                                                          0.52      29.06 f
  U0_ARITHMETIC_UNIT/div_63/u_div_u_fa_PartRem_0_12_3/CO (ADDFHX4M)
                                                          0.35      29.40 f
  U0_ARITHMETIC_UNIT/div_63/U8/Y (AND3X12M)               0.32      29.72 f
  U0_ARITHMETIC_UNIT/div_63/U210/Y (CLKMX2X2M)            0.57      30.29 f
  U0_ARITHMETIC_UNIT/div_63/u_div_u_fa_PartRem_0_11_1/CO (ADDFX2M)
                                                          0.73      31.02 f
  U0_ARITHMETIC_UNIT/div_63/u_div_u_fa_PartRem_0_11_2/CO (ADDFX2M)
                                                          0.55      31.57 f
  U0_ARITHMETIC_UNIT/div_63/u_div_u_fa_PartRem_0_11_3/CO (ADDFHX8M)
                                                          0.30      31.88 f
  U0_ARITHMETIC_UNIT/div_63/u_div_u_fa_PartRem_0_11_4/CO (ADDFX2M)
                                                          0.48      32.36 f
  U0_ARITHMETIC_UNIT/div_63/U9/Y (AND2X12M)               0.30      32.66 f
  U0_ARITHMETIC_UNIT/div_63/quotient[11] (ARITHMETIC_UNIT_DW_div_uns_0)
                                                          0.00      32.66 f
  U0_ARITHMETIC_UNIT/U184/Y (AOI22X1M)                    0.65      33.31 r
  U0_ARITHMETIC_UNIT/U182/Y (NAND2X2M)                    0.36      33.67 f
  U0_ARITHMETIC_UNIT/Arith_OUT_reg_11_/D (SDFFRQX1M)      0.00      33.67 f
  data arrival time                                                 33.67

  clock CLK (rise edge)                                 100.00     100.00
  clock network delay (ideal)                             0.00     100.00
  clock uncertainty                                      -0.20      99.80
  U0_ARITHMETIC_UNIT/Arith_OUT_reg_11_/CK (SDFFRQX1M)     0.00      99.80 r
  library setup time                                     -0.47      99.33
  data required time                                                99.33
  --------------------------------------------------------------------------
  data required time                                                99.33
  data arrival time                                                -33.67
  --------------------------------------------------------------------------
  slack (MET)                                                       65.66


  Startpoint: A[0] (input port clocked by CLK)
  Endpoint: U0_CMP_UNIT/CMP_OUT_reg_0_
            (rising edge-triggered flip-flop clocked by CLK)
  Path Group: CLK
  Path Type: max

  Des/Clust/Port     Wire Load Model       Library
  ------------------------------------------------
  ALU_TOP            tsmc13_wl30           scmetro_tsmc_cl013g_rvt_ss_1p08v_125c

  Point                                                   Incr       Path
  --------------------------------------------------------------------------
  clock CLK (rise edge)                                   0.00       0.00
  clock network delay (ideal)                             0.00       0.00
  input external delay                                   20.00      20.00 r
  A[0] (in)                                               0.17      20.17 r
  U18/Y (CLKBUFX6M)                                       0.96      21.14 r
  U0_CMP_UNIT/A[0] (CMP_UNIT_test_1)                      0.00      21.14 r
  U0_CMP_UNIT/r57/A[0] (CMP_UNIT_DW01_cmp6_0)             0.00      21.14 r
  U0_CMP_UNIT/r57/U20/Y (NOR2BX2M)                        0.88      22.02 r
  U0_CMP_UNIT/r57/U21/Y (OAI2BB1XLM)                      0.61      22.63 r
  U0_CMP_UNIT/r57/U46/Y (OAI211X1M)                       0.63      23.26 f
  U0_CMP_UNIT/r57/U8/Y (CLKINVX2M)                        0.41      23.67 r
  U0_CMP_UNIT/r57/U7/Y (OAI31X2M)                         0.27      23.94 f
  U0_CMP_UNIT/r57/U45/Y (OAI211X1M)                       0.76      24.70 r
  U0_CMP_UNIT/r57/U44/Y (NAND3BX1M)                       0.65      25.36 f
  U0_CMP_UNIT/r57/U43/Y (AOI31X1M)                        0.81      26.17 r
  U0_CMP_UNIT/r57/U4/Y (AOI211X2M)                        0.44      26.60 f
  U0_CMP_UNIT/r57/U3/Y (NOR3BX2M)                         0.75      27.35 r
  U0_CMP_UNIT/r57/U31/Y (INVXLM)                          0.56      27.91 f
  U0_CMP_UNIT/r57/U42/Y (AOI31X1M)                        0.74      28.64 r
  U0_CMP_UNIT/r57/U41/Y (OAI2B11X1M)                      0.76      29.40 r
  U0_CMP_UNIT/r57/U40/Y (AOI32X1M)                        0.73      30.13 f
  U0_CMP_UNIT/r57/U6/Y (OAI21BX2M)                        1.03      31.16 r
  U0_CMP_UNIT/r57/U39/Y (NOR2X1M)                         0.49      31.65 f
  U0_CMP_UNIT/r57/EQ (CMP_UNIT_DW01_cmp6_0)               0.00      31.65 f
  U0_CMP_UNIT/U23/Y (AOI22X1M)                            0.74      32.39 r
  U0_CMP_UNIT/U22/Y (NOR3X2M)                             0.32      32.71 f
  U0_CMP_UNIT/CMP_OUT_reg_0_/D (SDFFRQX2M)                0.00      32.71 f
  data arrival time                                                 32.71

  clock CLK (rise edge)                                 100.00     100.00
  clock network delay (ideal)                             0.00     100.00
  clock uncertainty                                      -0.20      99.80
  U0_CMP_UNIT/CMP_OUT_reg_0_/CK (SDFFRQX2M)               0.00      99.80 r
  library setup time                                     -0.46      99.34
  data required time                                                99.34
  --------------------------------------------------------------------------
  data required time                                                99.34
  data arrival time                                                -32.71
  --------------------------------------------------------------------------
  slack (MET)                                                       66.64


  Startpoint: A[0] (input port clocked by CLK)
  Endpoint: U0_CMP_UNIT/CMP_OUT_reg_1_
            (rising edge-triggered flip-flop clocked by CLK)
  Path Group: CLK
  Path Type: max

  Des/Clust/Port     Wire Load Model       Library
  ------------------------------------------------
  ALU_TOP            tsmc13_wl30           scmetro_tsmc_cl013g_rvt_ss_1p08v_125c

  Point                                                   Incr       Path
  --------------------------------------------------------------------------
  clock CLK (rise edge)                                   0.00       0.00
  clock network delay (ideal)                             0.00       0.00
  input external delay                                   20.00      20.00 r
  A[0] (in)                                               0.17      20.17 r
  U18/Y (CLKBUFX6M)                                       0.96      21.14 r
  U0_CMP_UNIT/A[0] (CMP_UNIT_test_1)                      0.00      21.14 r
  U0_CMP_UNIT/r57/A[0] (CMP_UNIT_DW01_cmp6_0)             0.00      21.14 r
  U0_CMP_UNIT/r57/U20/Y (NOR2BX2M)                        0.88      22.02 r
  U0_CMP_UNIT/r57/U21/Y (OAI2BB1XLM)                      0.61      22.63 r
  U0_CMP_UNIT/r57/U46/Y (OAI211X1M)                       0.63      23.26 f
  U0_CMP_UNIT/r57/U8/Y (CLKINVX2M)                        0.41      23.67 r
  U0_CMP_UNIT/r57/U7/Y (OAI31X2M)                         0.27      23.94 f
  U0_CMP_UNIT/r57/U45/Y (OAI211X1M)                       0.76      24.70 r
  U0_CMP_UNIT/r57/U44/Y (NAND3BX1M)                       0.65      25.36 f
  U0_CMP_UNIT/r57/U43/Y (AOI31X1M)                        0.81      26.17 r
  U0_CMP_UNIT/r57/U4/Y (AOI211X2M)                        0.44      26.60 f
  U0_CMP_UNIT/r57/U3/Y (NOR3BX2M)                         0.75      27.35 r
  U0_CMP_UNIT/r57/U31/Y (INVXLM)                          0.56      27.91 f
  U0_CMP_UNIT/r57/U42/Y (AOI31X1M)                        0.74      28.64 r
  U0_CMP_UNIT/r57/U41/Y (OAI2B11X1M)                      0.76      29.40 r
  U0_CMP_UNIT/r57/U40/Y (AOI32X1M)                        0.73      30.13 f
  U0_CMP_UNIT/r57/U6/Y (OAI21BX2M)                        1.03      31.16 r
  U0_CMP_UNIT/r57/GT (CMP_UNIT_DW01_cmp6_0)               0.00      31.16 r
  U0_CMP_UNIT/U21/Y (AOI22X1M)                            0.62      31.79 f
  U0_CMP_UNIT/U20/Y (NOR3X2M)                             0.77      32.56 r
  U0_CMP_UNIT/CMP_OUT_reg_1_/D (SDFFRQX2M)                0.00      32.56 r
  data arrival time                                                 32.56

  clock CLK (rise edge)                                 100.00     100.00
  clock network delay (ideal)                             0.00     100.00
  clock uncertainty                                      -0.20      99.80
  U0_CMP_UNIT/CMP_OUT_reg_1_/CK (SDFFRQX2M)               0.00      99.80 r
  library setup time                                     -0.40      99.40
  data required time                                                99.40
  --------------------------------------------------------------------------
  data required time                                                99.40
  data arrival time                                                -32.56
  --------------------------------------------------------------------------
  slack (MET)                                                       66.85


  Startpoint: ALU_FUNC[2]
              (input port clocked by CLK)
  Endpoint: U0_LOGIC_UNIT/Logic_OUT_reg_1_
            (rising edge-triggered flip-flop clocked by CLK)
  Path Group: CLK
  Path Type: max

  Des/Clust/Port     Wire Load Model       Library
  ------------------------------------------------
  ALU_TOP            tsmc13_wl30           scmetro_tsmc_cl013g_rvt_ss_1p08v_125c

  Point                                                   Incr       Path
  --------------------------------------------------------------------------
  clock CLK (rise edge)                                   0.00       0.00
  clock network delay (ideal)                             0.00       0.00
  input external delay                                   20.00      20.00 r
  ALU_FUNC[2] (in)                                        0.17      20.17 r
  U40/Y (BUFX2M)                                          0.69      20.86 r
  U0/IN[0] (Decoder)                                      0.00      20.86 r
  U0/U5/Y (INVX2M)                                        0.50      21.36 f
  U0/U1/Y (NOR2X6M)                                       0.90      22.26 r
  U0/OUT[1] (Decoder)                                     0.00      22.26 r
  U0_LOGIC_UNIT/Logic_enable (LOGIC_UNIT_test_1)          0.00      22.26 r
  U0_LOGIC_UNIT/U159/Y (NAND3BX2M)                        0.89      23.15 f
  U0_LOGIC_UNIT/U80/Y (BUFX2M)                            0.65      23.80 f
  U0_LOGIC_UNIT/U76/Y (CLKBUFX8M)                         0.92      24.73 f
  U0_LOGIC_UNIT/U145/Y (OAI21X2M)                         0.52      25.24 r
  U0_LOGIC_UNIT/U92/Y (AOI22X1M)                          0.50      25.75 f
  U0_LOGIC_UNIT/U91/Y (OAI221X1M)                         0.48      26.23 r
  U0_LOGIC_UNIT/Logic_OUT_reg_1_/D (SDFFRQX2M)            0.00      26.23 r
  data arrival time                                                 26.23

  clock CLK (rise edge)                                 100.00     100.00
  clock network delay (ideal)                             0.00     100.00
  clock uncertainty                                      -0.20      99.80
  U0_LOGIC_UNIT/Logic_OUT_reg_1_/CK (SDFFRQX2M)           0.00      99.80 r
  library setup time                                     -0.41      99.39
  data required time                                                99.39
  --------------------------------------------------------------------------
  data required time                                                99.39
  data arrival time                                                -26.23
  --------------------------------------------------------------------------
  slack (MET)                                                       73.16


  Startpoint: ALU_FUNC[2]
              (input port clocked by CLK)
  Endpoint: U0_LOGIC_UNIT/Logic_OUT_reg_3_
            (rising edge-triggered flip-flop clocked by CLK)
  Path Group: CLK
  Path Type: max

  Des/Clust/Port     Wire Load Model       Library
  ------------------------------------------------
  ALU_TOP            tsmc13_wl30           scmetro_tsmc_cl013g_rvt_ss_1p08v_125c

  Point                                                   Incr       Path
  --------------------------------------------------------------------------
  clock CLK (rise edge)                                   0.00       0.00
  clock network delay (ideal)                             0.00       0.00
  input external delay                                   20.00      20.00 r
  ALU_FUNC[2] (in)                                        0.17      20.17 r
  U40/Y (BUFX2M)                                          0.69      20.86 r
  U0/IN[0] (Decoder)                                      0.00      20.86 r
  U0/U5/Y (INVX2M)                                        0.50      21.36 f
  U0/U1/Y (NOR2X6M)                                       0.90      22.26 r
  U0/OUT[1] (Decoder)                                     0.00      22.26 r
  U0_LOGIC_UNIT/Logic_enable (LOGIC_UNIT_test_1)          0.00      22.26 r
  U0_LOGIC_UNIT/U159/Y (NAND3BX2M)                        0.89      23.15 f
  U0_LOGIC_UNIT/U80/Y (BUFX2M)                            0.65      23.80 f
  U0_LOGIC_UNIT/U76/Y (CLKBUFX8M)                         0.92      24.73 f
  U0_LOGIC_UNIT/U147/Y (OAI21X2M)                         0.52      25.24 r
  U0_LOGIC_UNIT/U100/Y (AOI22X1M)                         0.50      25.75 f
  U0_LOGIC_UNIT/U99/Y (OAI221X1M)                         0.48      26.23 r
  U0_LOGIC_UNIT/Logic_OUT_reg_3_/D (SDFFRQX2M)            0.00      26.23 r
  data arrival time                                                 26.23

  clock CLK (rise edge)                                 100.00     100.00
  clock network delay (ideal)                             0.00     100.00
  clock uncertainty                                      -0.20      99.80
  U0_LOGIC_UNIT/Logic_OUT_reg_3_/CK (SDFFRQX2M)           0.00      99.80 r
  library setup time                                     -0.41      99.39
  data required time                                                99.39
  --------------------------------------------------------------------------
  data required time                                                99.39
  data arrival time                                                -26.23
  --------------------------------------------------------------------------
  slack (MET)                                                       73.16


  Startpoint: ALU_FUNC[2]
              (input port clocked by CLK)
  Endpoint: U0_LOGIC_UNIT/Logic_OUT_reg_5_
            (rising edge-triggered flip-flop clocked by CLK)
  Path Group: CLK
  Path Type: max

  Des/Clust/Port     Wire Load Model       Library
  ------------------------------------------------
  ALU_TOP            tsmc13_wl30           scmetro_tsmc_cl013g_rvt_ss_1p08v_125c

  Point                                                   Incr       Path
  --------------------------------------------------------------------------
  clock CLK (rise edge)                                   0.00       0.00
  clock network delay (ideal)                             0.00       0.00
  input external delay                                   20.00      20.00 r
  ALU_FUNC[2] (in)                                        0.17      20.17 r
  U40/Y (BUFX2M)                                          0.69      20.86 r
  U0/IN[0] (Decoder)                                      0.00      20.86 r
  U0/U5/Y (INVX2M)                                        0.50      21.36 f
  U0/U1/Y (NOR2X6M)                                       0.90      22.26 r
  U0/OUT[1] (Decoder)                                     0.00      22.26 r
  U0_LOGIC_UNIT/Logic_enable (LOGIC_UNIT_test_1)          0.00      22.26 r
  U0_LOGIC_UNIT/U159/Y (NAND3BX2M)                        0.89      23.15 f
  U0_LOGIC_UNIT/U80/Y (BUFX2M)                            0.65      23.80 f
  U0_LOGIC_UNIT/U76/Y (CLKBUFX8M)                         0.92      24.73 f
  U0_LOGIC_UNIT/U149/Y (OAI21X2M)                         0.52      25.24 r
  U0_LOGIC_UNIT/U108/Y (AOI22X1M)                         0.50      25.75 f
  U0_LOGIC_UNIT/U107/Y (OAI221X1M)                        0.46      26.20 r
  U0_LOGIC_UNIT/Logic_OUT_reg_5_/D (SDFFRQX2M)            0.00      26.20 r
  data arrival time                                                 26.20

  clock CLK (rise edge)                                 100.00     100.00
  clock network delay (ideal)                             0.00     100.00
  clock uncertainty                                      -0.20      99.80
  U0_LOGIC_UNIT/Logic_OUT_reg_5_/CK (SDFFRQX2M)           0.00      99.80 r
  library setup time                                     -0.41      99.39
  data required time                                                99.39
  --------------------------------------------------------------------------
  data required time                                                99.39
  data arrival time                                                -26.20
  --------------------------------------------------------------------------
  slack (MET)                                                       73.18


  Startpoint: ALU_FUNC[2]
              (input port clocked by CLK)
  Endpoint: U0_LOGIC_UNIT/Logic_OUT_reg_0_
            (rising edge-triggered flip-flop clocked by CLK)
  Path Group: CLK
  Path Type: max

  Des/Clust/Port     Wire Load Model       Library
  ------------------------------------------------
  ALU_TOP            tsmc13_wl30           scmetro_tsmc_cl013g_rvt_ss_1p08v_125c

  Point                                                   Incr       Path
  --------------------------------------------------------------------------
  clock CLK (rise edge)                                   0.00       0.00
  clock network delay (ideal)                             0.00       0.00
  input external delay                                   20.00      20.00 f
  ALU_FUNC[2] (in)                                        0.11      20.11 f
  U40/Y (BUFX2M)                                          0.46      20.56 f
  U0/IN[0] (Decoder)                                      0.00      20.56 f
  U0/U5/Y (INVX2M)                                        0.57      21.14 r
  U0/U1/Y (NOR2X6M)                                       0.39      21.53 f
  U0/OUT[1] (Decoder)                                     0.00      21.53 f
  U0_LOGIC_UNIT/Logic_enable (LOGIC_UNIT_test_1)          0.00      21.53 f
  U0_LOGIC_UNIT/U159/Y (NAND3BX2M)                        0.70      22.23 r
  U0_LOGIC_UNIT/U80/Y (BUFX2M)                            0.70      22.93 r
  U0_LOGIC_UNIT/U77/Y (BUFX6M)                            0.90      23.83 r
  U0_LOGIC_UNIT/U144/Y (OAI21X2M)                         0.45      24.29 f
  U0_LOGIC_UNIT/U88/Y (AOI22X1M)                          0.72      25.00 r
  U0_LOGIC_UNIT/U87/Y (OAI221X1M)                         0.72      25.72 f
  U0_LOGIC_UNIT/Logic_OUT_reg_0_/D (SDFFRQX2M)            0.00      25.72 f
  data arrival time                                                 25.72

  clock CLK (rise edge)                                 100.00     100.00
  clock network delay (ideal)                             0.00     100.00
  clock uncertainty                                      -0.20      99.80
  U0_LOGIC_UNIT/Logic_OUT_reg_0_/CK (SDFFRQX2M)           0.00      99.80 r
  library setup time                                     -0.56      99.24
  data required time                                                99.24
  --------------------------------------------------------------------------
  data required time                                                99.24
  data arrival time                                                -25.72
  --------------------------------------------------------------------------
  slack (MET)                                                       73.52


  Startpoint: ALU_FUNC[2]
              (input port clocked by CLK)
  Endpoint: U0_LOGIC_UNIT/Logic_OUT_reg_2_
            (rising edge-triggered flip-flop clocked by CLK)
  Path Group: CLK
  Path Type: max

  Des/Clust/Port     Wire Load Model       Library
  ------------------------------------------------
  ALU_TOP            tsmc13_wl30           scmetro_tsmc_cl013g_rvt_ss_1p08v_125c

  Point                                                   Incr       Path
  --------------------------------------------------------------------------
  clock CLK (rise edge)                                   0.00       0.00
  clock network delay (ideal)                             0.00       0.00
  input external delay                                   20.00      20.00 f
  ALU_FUNC[2] (in)                                        0.11      20.11 f
  U40/Y (BUFX2M)                                          0.46      20.56 f
  U0/IN[0] (Decoder)                                      0.00      20.56 f
  U0/U5/Y (INVX2M)                                        0.57      21.14 r
  U0/U1/Y (NOR2X6M)                                       0.39      21.53 f
  U0/OUT[1] (Decoder)                                     0.00      21.53 f
  U0_LOGIC_UNIT/Logic_enable (LOGIC_UNIT_test_1)          0.00      21.53 f
  U0_LOGIC_UNIT/U159/Y (NAND3BX2M)                        0.70      22.23 r
  U0_LOGIC_UNIT/U80/Y (BUFX2M)                            0.70      22.93 r
  U0_LOGIC_UNIT/U77/Y (BUFX6M)                            0.90      23.83 r
  U0_LOGIC_UNIT/U146/Y (OAI21X2M)                         0.45      24.29 f
  U0_LOGIC_UNIT/U96/Y (AOI22X1M)                          0.72      25.00 r
  U0_LOGIC_UNIT/U95/Y (OAI221X1M)                         0.71      25.72 f
  U0_LOGIC_UNIT/Logic_OUT_reg_2_/D (SDFFRQX2M)            0.00      25.72 f
  data arrival time                                                 25.72

  clock CLK (rise edge)                                 100.00     100.00
  clock network delay (ideal)                             0.00     100.00
  clock uncertainty                                      -0.20      99.80
  U0_LOGIC_UNIT/Logic_OUT_reg_2_/CK (SDFFRQX2M)           0.00      99.80 r
  library setup time                                     -0.56      99.24
  data required time                                                99.24
  --------------------------------------------------------------------------
  data required time                                                99.24
  data arrival time                                                -25.72
  --------------------------------------------------------------------------
  slack (MET)                                                       73.52


  Startpoint: ALU_FUNC[2]
              (input port clocked by CLK)
  Endpoint: U0_LOGIC_UNIT/Logic_OUT_reg_15_
            (rising edge-triggered flip-flop clocked by CLK)
  Path Group: CLK
  Path Type: max

  Des/Clust/Port     Wire Load Model       Library
  ------------------------------------------------
  ALU_TOP            tsmc13_wl30           scmetro_tsmc_cl013g_rvt_ss_1p08v_125c

  Point                                                   Incr       Path
  --------------------------------------------------------------------------
  clock CLK (rise edge)                                   0.00       0.00
  clock network delay (ideal)                             0.00       0.00
  input external delay                                   20.00      20.00 f
  ALU_FUNC[2] (in)                                        0.11      20.11 f
  U40/Y (BUFX2M)                                          0.46      20.56 f
  U0/IN[0] (Decoder)                                      0.00      20.56 f
  U0/U5/Y (INVX2M)                                        0.57      21.14 r
  U0/U1/Y (NOR2X6M)                                       0.39      21.53 f
  U0/OUT[1] (Decoder)                                     0.00      21.53 f
  U0_LOGIC_UNIT/Logic_enable (LOGIC_UNIT_test_1)          0.00      21.53 f
  U0_LOGIC_UNIT/U159/Y (NAND3BX2M)                        0.70      22.23 r
  U0_LOGIC_UNIT/U80/Y (BUFX2M)                            0.70      22.93 r
  U0_LOGIC_UNIT/U77/Y (BUFX6M)                            0.90      23.83 r
  U0_LOGIC_UNIT/U158/Y (OAI21X2M)                         0.45      24.29 f
  U0_LOGIC_UNIT/U141/Y (AOI22X1M)                         0.72      25.00 r
  U0_LOGIC_UNIT/U140/Y (OAI221X1M)                        0.71      25.71 f
  U0_LOGIC_UNIT/Logic_OUT_reg_15_/D (SDFFRQX2M)           0.00      25.71 f
  data arrival time                                                 25.71

  clock CLK (rise edge)                                 100.00     100.00
  clock network delay (ideal)                             0.00     100.00
  clock uncertainty                                      -0.20      99.80
  U0_LOGIC_UNIT/Logic_OUT_reg_15_/CK (SDFFRQX2M)          0.00      99.80 r
  library setup time                                     -0.56      99.24
  data required time                                                99.24
  --------------------------------------------------------------------------
  data required time                                                99.24
  data arrival time                                                -25.71
  --------------------------------------------------------------------------
  slack (MET)                                                       73.53


  Startpoint: ALU_FUNC[2]
              (input port clocked by CLK)
  Endpoint: U0_LOGIC_UNIT/Logic_OUT_reg_14_
            (rising edge-triggered flip-flop clocked by CLK)
  Path Group: CLK
  Path Type: max

  Des/Clust/Port     Wire Load Model       Library
  ------------------------------------------------
  ALU_TOP            tsmc13_wl30           scmetro_tsmc_cl013g_rvt_ss_1p08v_125c

  Point                                                   Incr       Path
  --------------------------------------------------------------------------
  clock CLK (rise edge)                                   0.00       0.00
  clock network delay (ideal)                             0.00       0.00
  input external delay                                   20.00      20.00 f
  ALU_FUNC[2] (in)                                        0.11      20.11 f
  U40/Y (BUFX2M)                                          0.46      20.56 f
  U0/IN[0] (Decoder)                                      0.00      20.56 f
  U0/U5/Y (INVX2M)                                        0.57      21.14 r
  U0/U1/Y (NOR2X6M)                                       0.39      21.53 f
  U0/OUT[1] (Decoder)                                     0.00      21.53 f
  U0_LOGIC_UNIT/Logic_enable (LOGIC_UNIT_test_1)          0.00      21.53 f
  U0_LOGIC_UNIT/U159/Y (NAND3BX2M)                        0.70      22.23 r
  U0_LOGIC_UNIT/U80/Y (BUFX2M)                            0.70      22.93 r
  U0_LOGIC_UNIT/U77/Y (BUFX6M)                            0.90      23.83 r
  U0_LOGIC_UNIT/U157/Y (OAI21X2M)                         0.45      24.29 f
  U0_LOGIC_UNIT/U138/Y (AOI22X1M)                         0.72      25.00 r
  U0_LOGIC_UNIT/U137/Y (OAI221X1M)                        0.71      25.71 f
  U0_LOGIC_UNIT/Logic_OUT_reg_14_/D (SDFFRQX2M)           0.00      25.71 f
  data arrival time                                                 25.71

  clock CLK (rise edge)                                 100.00     100.00
  clock network delay (ideal)                             0.00     100.00
  clock uncertainty                                      -0.20      99.80
  U0_LOGIC_UNIT/Logic_OUT_reg_14_/CK (SDFFRQX2M)          0.00      99.80 r
  library setup time                                     -0.56      99.24
  data required time                                                99.24
  --------------------------------------------------------------------------
  data required time                                                99.24
  data arrival time                                                -25.71
  --------------------------------------------------------------------------
  slack (MET)                                                       73.53


  Startpoint: ALU_FUNC[2]
              (input port clocked by CLK)
  Endpoint: U0_LOGIC_UNIT/Logic_OUT_reg_8_
            (rising edge-triggered flip-flop clocked by CLK)
  Path Group: CLK
  Path Type: max

  Des/Clust/Port     Wire Load Model       Library
  ------------------------------------------------
  ALU_TOP            tsmc13_wl30           scmetro_tsmc_cl013g_rvt_ss_1p08v_125c

  Point                                                   Incr       Path
  --------------------------------------------------------------------------
  clock CLK (rise edge)                                   0.00       0.00
  clock network delay (ideal)                             0.00       0.00
  input external delay                                   20.00      20.00 f
  ALU_FUNC[2] (in)                                        0.11      20.11 f
  U40/Y (BUFX2M)                                          0.46      20.56 f
  U0/IN[0] (Decoder)                                      0.00      20.56 f
  U0/U5/Y (INVX2M)                                        0.57      21.14 r
  U0/U1/Y (NOR2X6M)                                       0.39      21.53 f
  U0/OUT[1] (Decoder)                                     0.00      21.53 f
  U0_LOGIC_UNIT/Logic_enable (LOGIC_UNIT_test_1)          0.00      21.53 f
  U0_LOGIC_UNIT/U159/Y (NAND3BX2M)                        0.70      22.23 r
  U0_LOGIC_UNIT/U80/Y (BUFX2M)                            0.70      22.93 r
  U0_LOGIC_UNIT/U77/Y (BUFX6M)                            0.90      23.83 r
  U0_LOGIC_UNIT/U152/Y (OAI21X2M)                         0.45      24.29 f
  U0_LOGIC_UNIT/U119/Y (AOI22X1M)                         0.72      25.00 r
  U0_LOGIC_UNIT/U118/Y (OAI221X1M)                        0.71      25.71 f
  U0_LOGIC_UNIT/Logic_OUT_reg_8_/D (SDFFRQX2M)            0.00      25.71 f
  data arrival time                                                 25.71

  clock CLK (rise edge)                                 100.00     100.00
  clock network delay (ideal)                             0.00     100.00
  clock uncertainty                                      -0.20      99.80
  U0_LOGIC_UNIT/Logic_OUT_reg_8_/CK (SDFFRQX2M)           0.00      99.80 r
  library setup time                                     -0.56      99.24
  data required time                                                99.24
  --------------------------------------------------------------------------
  data required time                                                99.24
  data arrival time                                                -25.71
  --------------------------------------------------------------------------
  slack (MET)                                                       73.53


  Startpoint: ALU_FUNC[2]
              (input port clocked by CLK)
  Endpoint: U0_LOGIC_UNIT/Logic_OUT_reg_7_
            (rising edge-triggered flip-flop clocked by CLK)
  Path Group: CLK
  Path Type: max

  Des/Clust/Port     Wire Load Model       Library
  ------------------------------------------------
  ALU_TOP            tsmc13_wl30           scmetro_tsmc_cl013g_rvt_ss_1p08v_125c

  Point                                                   Incr       Path
  --------------------------------------------------------------------------
  clock CLK (rise edge)                                   0.00       0.00
  clock network delay (ideal)                             0.00       0.00
  input external delay                                   20.00      20.00 f
  ALU_FUNC[2] (in)                                        0.11      20.11 f
  U40/Y (BUFX2M)                                          0.46      20.56 f
  U0/IN[0] (Decoder)                                      0.00      20.56 f
  U0/U5/Y (INVX2M)                                        0.57      21.14 r
  U0/U1/Y (NOR2X6M)                                       0.39      21.53 f
  U0/OUT[1] (Decoder)                                     0.00      21.53 f
  U0_LOGIC_UNIT/Logic_enable (LOGIC_UNIT_test_1)          0.00      21.53 f
  U0_LOGIC_UNIT/U159/Y (NAND3BX2M)                        0.70      22.23 r
  U0_LOGIC_UNIT/U80/Y (BUFX2M)                            0.70      22.93 r
  U0_LOGIC_UNIT/U77/Y (BUFX6M)                            0.90      23.83 r
  U0_LOGIC_UNIT/U151/Y (OAI21X2M)                         0.45      24.29 f
  U0_LOGIC_UNIT/U115/Y (AOI22X1M)                         0.72      25.00 r
  U0_LOGIC_UNIT/U114/Y (OAI221X1M)                        0.71      25.71 f
  U0_LOGIC_UNIT/Logic_OUT_reg_7_/D (SDFFRQX2M)            0.00      25.71 f
  data arrival time                                                 25.71

  clock CLK (rise edge)                                 100.00     100.00
  clock network delay (ideal)                             0.00     100.00
  clock uncertainty                                      -0.20      99.80
  U0_LOGIC_UNIT/Logic_OUT_reg_7_/CK (SDFFRQX2M)           0.00      99.80 r
  library setup time                                     -0.56      99.24
  data required time                                                99.24
  --------------------------------------------------------------------------
  data required time                                                99.24
  data arrival time                                                -25.71
  --------------------------------------------------------------------------
  slack (MET)                                                       73.53


  Startpoint: ALU_FUNC[2]
              (input port clocked by CLK)
  Endpoint: U0_LOGIC_UNIT/Logic_OUT_reg_6_
            (rising edge-triggered flip-flop clocked by CLK)
  Path Group: CLK
  Path Type: max

  Des/Clust/Port     Wire Load Model       Library
  ------------------------------------------------
  ALU_TOP            tsmc13_wl30           scmetro_tsmc_cl013g_rvt_ss_1p08v_125c

  Point                                                   Incr       Path
  --------------------------------------------------------------------------
  clock CLK (rise edge)                                   0.00       0.00
  clock network delay (ideal)                             0.00       0.00
  input external delay                                   20.00      20.00 f
  ALU_FUNC[2] (in)                                        0.11      20.11 f
  U40/Y (BUFX2M)                                          0.46      20.56 f
  U0/IN[0] (Decoder)                                      0.00      20.56 f
  U0/U5/Y (INVX2M)                                        0.57      21.14 r
  U0/U1/Y (NOR2X6M)                                       0.39      21.53 f
  U0/OUT[1] (Decoder)                                     0.00      21.53 f
  U0_LOGIC_UNIT/Logic_enable (LOGIC_UNIT_test_1)          0.00      21.53 f
  U0_LOGIC_UNIT/U159/Y (NAND3BX2M)                        0.70      22.23 r
  U0_LOGIC_UNIT/U80/Y (BUFX2M)                            0.70      22.93 r
  U0_LOGIC_UNIT/U77/Y (BUFX6M)                            0.90      23.83 r
  U0_LOGIC_UNIT/U150/Y (OAI21X2M)                         0.45      24.29 f
  U0_LOGIC_UNIT/U111/Y (AOI22X1M)                         0.72      25.00 r
  U0_LOGIC_UNIT/U110/Y (OAI221X1M)                        0.71      25.71 f
  U0_LOGIC_UNIT/Logic_OUT_reg_6_/D (SDFFRQX2M)            0.00      25.71 f
  data arrival time                                                 25.71

  clock CLK (rise edge)                                 100.00     100.00
  clock network delay (ideal)                             0.00     100.00
  clock uncertainty                                      -0.20      99.80
  U0_LOGIC_UNIT/Logic_OUT_reg_6_/CK (SDFFRQX2M)           0.00      99.80 r
  library setup time                                     -0.56      99.24
  data required time                                                99.24
  --------------------------------------------------------------------------
  data required time                                                99.24
  data arrival time                                                -25.71
  --------------------------------------------------------------------------
  slack (MET)                                                       73.53


  Startpoint: ALU_FUNC[2]
              (input port clocked by CLK)
  Endpoint: U0_LOGIC_UNIT/Logic_OUT_reg_10_
            (rising edge-triggered flip-flop clocked by CLK)
  Path Group: CLK
  Path Type: max

  Des/Clust/Port     Wire Load Model       Library
  ------------------------------------------------
  ALU_TOP            tsmc13_wl30           scmetro_tsmc_cl013g_rvt_ss_1p08v_125c

  Point                                                   Incr       Path
  --------------------------------------------------------------------------
  clock CLK (rise edge)                                   0.00       0.00
  clock network delay (ideal)                             0.00       0.00
  input external delay                                   20.00      20.00 f
  ALU_FUNC[2] (in)                                        0.11      20.11 f
  U40/Y (BUFX2M)                                          0.46      20.56 f
  U0/IN[0] (Decoder)                                      0.00      20.56 f
  U0/U5/Y (INVX2M)                                        0.57      21.14 r
  U0/U1/Y (NOR2X6M)                                       0.39      21.53 f
  U0/OUT[1] (Decoder)                                     0.00      21.53 f
  U0_LOGIC_UNIT/Logic_enable (LOGIC_UNIT_test_1)          0.00      21.53 f
  U0_LOGIC_UNIT/U159/Y (NAND3BX2M)                        0.70      22.23 r
  U0_LOGIC_UNIT/U80/Y (BUFX2M)                            0.70      22.93 r
  U0_LOGIC_UNIT/U77/Y (BUFX6M)                            0.90      23.83 r
  U0_LOGIC_UNIT/U153/Y (OAI21X2M)                         0.45      24.29 f
  U0_LOGIC_UNIT/U123/Y (AOI22X1M)                         0.72      25.00 r
  U0_LOGIC_UNIT/U122/Y (OAI221X1M)                        0.71      25.71 f
  U0_LOGIC_UNIT/Logic_OUT_reg_10_/D (SDFFRQX2M)           0.00      25.71 f
  data arrival time                                                 25.71

  clock CLK (rise edge)                                 100.00     100.00
  clock network delay (ideal)                             0.00     100.00
  clock uncertainty                                      -0.20      99.80
  U0_LOGIC_UNIT/Logic_OUT_reg_10_/CK (SDFFRQX2M)          0.00      99.80 r
  library setup time                                     -0.56      99.24
  data required time                                                99.24
  --------------------------------------------------------------------------
  data required time                                                99.24
  data arrival time                                                -25.71
  --------------------------------------------------------------------------
  slack (MET)                                                       73.53


  Startpoint: ALU_FUNC[2]
              (input port clocked by CLK)
  Endpoint: U0_LOGIC_UNIT/Logic_OUT_reg_4_
            (rising edge-triggered flip-flop clocked by CLK)
  Path Group: CLK
  Path Type: max

  Des/Clust/Port     Wire Load Model       Library
  ------------------------------------------------
  ALU_TOP            tsmc13_wl30           scmetro_tsmc_cl013g_rvt_ss_1p08v_125c

  Point                                                   Incr       Path
  --------------------------------------------------------------------------
  clock CLK (rise edge)                                   0.00       0.00
  clock network delay (ideal)                             0.00       0.00
  input external delay                                   20.00      20.00 f
  ALU_FUNC[2] (in)                                        0.11      20.11 f
  U40/Y (BUFX2M)                                          0.46      20.56 f
  U0/IN[0] (Decoder)                                      0.00      20.56 f
  U0/U5/Y (INVX2M)                                        0.57      21.14 r
  U0/U1/Y (NOR2X6M)                                       0.39      21.53 f
  U0/OUT[1] (Decoder)                                     0.00      21.53 f
  U0_LOGIC_UNIT/Logic_enable (LOGIC_UNIT_test_1)          0.00      21.53 f
  U0_LOGIC_UNIT/U159/Y (NAND3BX2M)                        0.70      22.23 r
  U0_LOGIC_UNIT/U80/Y (BUFX2M)                            0.70      22.93 r
  U0_LOGIC_UNIT/U77/Y (BUFX6M)                            0.90      23.83 r
  U0_LOGIC_UNIT/U148/Y (OAI21X2M)                         0.45      24.29 f
  U0_LOGIC_UNIT/U104/Y (AOI22X1M)                         0.72      25.00 r
  U0_LOGIC_UNIT/U103/Y (OAI221X1M)                        0.71      25.71 f
  U0_LOGIC_UNIT/Logic_OUT_reg_4_/D (SDFFRQX2M)            0.00      25.71 f
  data arrival time                                                 25.71

  clock CLK (rise edge)                                 100.00     100.00
  clock network delay (ideal)                             0.00     100.00
  clock uncertainty                                      -0.20      99.80
  U0_LOGIC_UNIT/Logic_OUT_reg_4_/CK (SDFFRQX2M)           0.00      99.80 r
  library setup time                                     -0.56      99.24
  data required time                                                99.24
  --------------------------------------------------------------------------
  data required time                                                99.24
  data arrival time                                                -25.71
  --------------------------------------------------------------------------
  slack (MET)                                                       73.53


  Startpoint: ALU_FUNC[2]
              (input port clocked by CLK)
  Endpoint: U0_LOGIC_UNIT/Logic_OUT_reg_13_
            (rising edge-triggered flip-flop clocked by CLK)
  Path Group: CLK
  Path Type: max

  Des/Clust/Port     Wire Load Model       Library
  ------------------------------------------------
  ALU_TOP            tsmc13_wl30           scmetro_tsmc_cl013g_rvt_ss_1p08v_125c

  Point                                                   Incr       Path
  --------------------------------------------------------------------------
  clock CLK (rise edge)                                   0.00       0.00
  clock network delay (ideal)                             0.00       0.00
  input external delay                                   20.00      20.00 f
  ALU_FUNC[2] (in)                                        0.11      20.11 f
  U40/Y (BUFX2M)                                          0.46      20.56 f
  U0/IN[0] (Decoder)                                      0.00      20.56 f
  U0/U5/Y (INVX2M)                                        0.57      21.14 r
  U0/U1/Y (NOR2X6M)                                       0.39      21.53 f
  U0/OUT[1] (Decoder)                                     0.00      21.53 f
  U0_LOGIC_UNIT/Logic_enable (LOGIC_UNIT_test_1)          0.00      21.53 f
  U0_LOGIC_UNIT/U159/Y (NAND3BX2M)                        0.70      22.23 r
  U0_LOGIC_UNIT/U80/Y (BUFX2M)                            0.70      22.93 r
  U0_LOGIC_UNIT/U77/Y (BUFX6M)                            0.90      23.83 r
  U0_LOGIC_UNIT/U156/Y (OAI21X2M)                         0.45      24.29 f
  U0_LOGIC_UNIT/U134/Y (AOI22X1M)                         0.72      25.00 r
  U0_LOGIC_UNIT/U133/Y (OAI221X1M)                        0.71      25.71 f
  U0_LOGIC_UNIT/Logic_OUT_reg_13_/D (SDFFRQX2M)           0.00      25.71 f
  data arrival time                                                 25.71

  clock CLK (rise edge)                                 100.00     100.00
  clock network delay (ideal)                             0.00     100.00
  clock uncertainty                                      -0.20      99.80
  U0_LOGIC_UNIT/Logic_OUT_reg_13_/CK (SDFFRQX2M)          0.00      99.80 r
  library setup time                                     -0.56      99.24
  data required time                                                99.24
  --------------------------------------------------------------------------
  data required time                                                99.24
  data arrival time                                                -25.71
  --------------------------------------------------------------------------
  slack (MET)                                                       73.53


  Startpoint: ALU_FUNC[2]
              (input port clocked by CLK)
  Endpoint: U0_LOGIC_UNIT/Logic_OUT_reg_12_
            (rising edge-triggered flip-flop clocked by CLK)
  Path Group: CLK
  Path Type: max

  Des/Clust/Port     Wire Load Model       Library
  ------------------------------------------------
  ALU_TOP            tsmc13_wl30           scmetro_tsmc_cl013g_rvt_ss_1p08v_125c

  Point                                                   Incr       Path
  --------------------------------------------------------------------------
  clock CLK (rise edge)                                   0.00       0.00
  clock network delay (ideal)                             0.00       0.00
  input external delay                                   20.00      20.00 f
  ALU_FUNC[2] (in)                                        0.11      20.11 f
  U40/Y (BUFX2M)                                          0.46      20.56 f
  U0/IN[0] (Decoder)                                      0.00      20.56 f
  U0/U5/Y (INVX2M)                                        0.57      21.14 r
  U0/U1/Y (NOR2X6M)                                       0.39      21.53 f
  U0/OUT[1] (Decoder)                                     0.00      21.53 f
  U0_LOGIC_UNIT/Logic_enable (LOGIC_UNIT_test_1)          0.00      21.53 f
  U0_LOGIC_UNIT/U159/Y (NAND3BX2M)                        0.70      22.23 r
  U0_LOGIC_UNIT/U80/Y (BUFX2M)                            0.70      22.93 r
  U0_LOGIC_UNIT/U77/Y (BUFX6M)                            0.90      23.83 r
  U0_LOGIC_UNIT/U155/Y (OAI21X2M)                         0.45      24.29 f
  U0_LOGIC_UNIT/U130/Y (AOI22X1M)                         0.72      25.00 r
  U0_LOGIC_UNIT/U129/Y (OAI221X1M)                        0.71      25.71 f
  U0_LOGIC_UNIT/Logic_OUT_reg_12_/D (SDFFRQX2M)           0.00      25.71 f
  data arrival time                                                 25.71

  clock CLK (rise edge)                                 100.00     100.00
  clock network delay (ideal)                             0.00     100.00
  clock uncertainty                                      -0.20      99.80
  U0_LOGIC_UNIT/Logic_OUT_reg_12_/CK (SDFFRQX2M)          0.00      99.80 r
  library setup time                                     -0.56      99.24
  data required time                                                99.24
  --------------------------------------------------------------------------
  data required time                                                99.24
  data arrival time                                                -25.71
  --------------------------------------------------------------------------
  slack (MET)                                                       73.53


  Startpoint: ALU_FUNC[2]
              (input port clocked by CLK)
  Endpoint: U0_LOGIC_UNIT/Logic_OUT_reg_11_
            (rising edge-triggered flip-flop clocked by CLK)
  Path Group: CLK
  Path Type: max

  Des/Clust/Port     Wire Load Model       Library
  ------------------------------------------------
  ALU_TOP            tsmc13_wl30           scmetro_tsmc_cl013g_rvt_ss_1p08v_125c

  Point                                                   Incr       Path
  --------------------------------------------------------------------------
  clock CLK (rise edge)                                   0.00       0.00
  clock network delay (ideal)                             0.00       0.00
  input external delay                                   20.00      20.00 f
  ALU_FUNC[2] (in)                                        0.11      20.11 f
  U40/Y (BUFX2M)                                          0.46      20.56 f
  U0/IN[0] (Decoder)                                      0.00      20.56 f
  U0/U5/Y (INVX2M)                                        0.57      21.14 r
  U0/U1/Y (NOR2X6M)                                       0.39      21.53 f
  U0/OUT[1] (Decoder)                                     0.00      21.53 f
  U0_LOGIC_UNIT/Logic_enable (LOGIC_UNIT_test_1)          0.00      21.53 f
  U0_LOGIC_UNIT/U159/Y (NAND3BX2M)                        0.70      22.23 r
  U0_LOGIC_UNIT/U80/Y (BUFX2M)                            0.70      22.93 r
  U0_LOGIC_UNIT/U77/Y (BUFX6M)                            0.90      23.83 r
  U0_LOGIC_UNIT/U154/Y (OAI21X2M)                         0.45      24.29 f
  U0_LOGIC_UNIT/U127/Y (AOI22X1M)                         0.72      25.00 r
  U0_LOGIC_UNIT/U126/Y (OAI221X1M)                        0.71      25.71 f
  U0_LOGIC_UNIT/Logic_OUT_reg_11_/D (SDFFRQX2M)           0.00      25.71 f
  data arrival time                                                 25.71

  clock CLK (rise edge)                                 100.00     100.00
  clock network delay (ideal)                             0.00     100.00
  clock uncertainty                                      -0.20      99.80
  U0_LOGIC_UNIT/Logic_OUT_reg_11_/CK (SDFFRQX2M)          0.00      99.80 r
  library setup time                                     -0.56      99.24
  data required time                                                99.24
  --------------------------------------------------------------------------
  data required time                                                99.24
  data arrival time                                                -25.71
  --------------------------------------------------------------------------
  slack (MET)                                                       73.53


  Startpoint: ALU_FUNC[3]
              (input port clocked by CLK)
  Endpoint: U0_SHIFT_UNIT/Shift_OUT_reg_7_
            (rising edge-triggered flip-flop clocked by CLK)
  Path Group: CLK
  Path Type: max

  Des/Clust/Port     Wire Load Model       Library
  ------------------------------------------------
  ALU_TOP            tsmc13_wl30           scmetro_tsmc_cl013g_rvt_ss_1p08v_125c

  Point                                                   Incr       Path
  --------------------------------------------------------------------------
  clock CLK (rise edge)                                   0.00       0.00
  clock network delay (ideal)                             0.00       0.00
  input external delay                                   20.00      20.00 r
  ALU_FUNC[3] (in)                                        0.17      20.17 r
  U39/Y (BUFX2M)                                          0.73      20.90 r
  U0/IN[1] (Decoder)                                      0.00      20.90 r
  U0/U6/Y (INVX2M)                                        0.49      21.39 f
  U0/U3/Y (NOR2X6M)                                       0.77      22.15 r
  U0/OUT[3] (Decoder)                                     0.00      22.15 r
  U0_SHIFT_UNIT/Shift_enable (SHIFT_UNIT_test_1)          0.00      22.15 r
  U0_SHIFT_UNIT/U102/Y (NOR3BX2M)                         0.80      22.95 r
  U0_SHIFT_UNIT/U101/Y (CLKBUFX8M)                        0.99      23.95 r
  U0_SHIFT_UNIT/U100/Y (AOI22X1M)                         0.64      24.59 f
  U0_SHIFT_UNIT/U99/Y (OAI221X1M)                         0.50      25.08 r
  U0_SHIFT_UNIT/Shift_OUT_reg_7_/D (SDFFRQX2M)            0.00      25.08 r
  data arrival time                                                 25.08

  clock CLK (rise edge)                                 100.00     100.00
  clock network delay (ideal)                             0.00     100.00
  clock uncertainty                                      -0.20      99.80
  U0_SHIFT_UNIT/Shift_OUT_reg_7_/CK (SDFFRQX2M)           0.00      99.80 r
  library setup time                                     -0.41      99.39
  data required time                                                99.39
  --------------------------------------------------------------------------
  data required time                                                99.39
  data arrival time                                                -25.08
  --------------------------------------------------------------------------
  slack (MET)                                                       74.31


  Startpoint: ALU_FUNC[3]
              (input port clocked by CLK)
  Endpoint: U0_SHIFT_UNIT/Shift_OUT_reg_12_
            (rising edge-triggered flip-flop clocked by CLK)
  Path Group: CLK
  Path Type: max

  Des/Clust/Port     Wire Load Model       Library
  ------------------------------------------------
  ALU_TOP            tsmc13_wl30           scmetro_tsmc_cl013g_rvt_ss_1p08v_125c

  Point                                                   Incr       Path
  --------------------------------------------------------------------------
  clock CLK (rise edge)                                   0.00       0.00
  clock network delay (ideal)                             0.00       0.00
  input external delay                                   20.00      20.00 r
  ALU_FUNC[3] (in)                                        0.17      20.17 r
  U39/Y (BUFX2M)                                          0.73      20.90 r
  U0/IN[1] (Decoder)                                      0.00      20.90 r
  U0/U6/Y (INVX2M)                                        0.49      21.39 f
  U0/U3/Y (NOR2X6M)                                       0.77      22.15 r
  U0/OUT[3] (Decoder)                                     0.00      22.15 r
  U0_SHIFT_UNIT/Shift_enable (SHIFT_UNIT_test_1)          0.00      22.15 r
  U0_SHIFT_UNIT/U102/Y (NOR3BX2M)                         0.80      22.95 r
  U0_SHIFT_UNIT/U101/Y (CLKBUFX8M)                        0.99      23.95 r
  U0_SHIFT_UNIT/U96/Y (AOI22X1M)                          0.59      24.54 f
  U0_SHIFT_UNIT/U94/Y (OAI221X1M)                         0.50      25.04 r
  U0_SHIFT_UNIT/Shift_OUT_reg_12_/D (SDFFRQX2M)           0.00      25.04 r
  data arrival time                                                 25.04

  clock CLK (rise edge)                                 100.00     100.00
  clock network delay (ideal)                             0.00     100.00
  clock uncertainty                                      -0.20      99.80
  U0_SHIFT_UNIT/Shift_OUT_reg_12_/CK (SDFFRQX2M)          0.00      99.80 r
  library setup time                                     -0.41      99.39
  data required time                                                99.39
  --------------------------------------------------------------------------
  data required time                                                99.39
  data arrival time                                                -25.04
  --------------------------------------------------------------------------
  slack (MET)                                                       74.35


  Startpoint: ALU_FUNC[3]
              (input port clocked by CLK)
  Endpoint: U0_SHIFT_UNIT/Shift_OUT_reg_11_
            (rising edge-triggered flip-flop clocked by CLK)
  Path Group: CLK
  Path Type: max

  Des/Clust/Port     Wire Load Model       Library
  ------------------------------------------------
  ALU_TOP            tsmc13_wl30           scmetro_tsmc_cl013g_rvt_ss_1p08v_125c

  Point                                                   Incr       Path
  --------------------------------------------------------------------------
  clock CLK (rise edge)                                   0.00       0.00
  clock network delay (ideal)                             0.00       0.00
  input external delay                                   20.00      20.00 r
  ALU_FUNC[3] (in)                                        0.17      20.17 r
  U39/Y (BUFX2M)                                          0.73      20.90 r
  U0/IN[1] (Decoder)                                      0.00      20.90 r
  U0/U6/Y (INVX2M)                                        0.49      21.39 f
  U0/U3/Y (NOR2X6M)                                       0.77      22.15 r
  U0/OUT[3] (Decoder)                                     0.00      22.15 r
  U0_SHIFT_UNIT/Shift_enable (SHIFT_UNIT_test_1)          0.00      22.15 r
  U0_SHIFT_UNIT/U102/Y (NOR3BX2M)                         0.80      22.95 r
  U0_SHIFT_UNIT/U101/Y (CLKBUFX8M)                        0.99      23.95 r
  U0_SHIFT_UNIT/U93/Y (AOI22X1M)                          0.59      24.54 f
  U0_SHIFT_UNIT/U92/Y (OAI221X1M)                         0.50      25.04 r
  U0_SHIFT_UNIT/Shift_OUT_reg_11_/D (SDFFRQX2M)           0.00      25.04 r
  data arrival time                                                 25.04

  clock CLK (rise edge)                                 100.00     100.00
  clock network delay (ideal)                             0.00     100.00
  clock uncertainty                                      -0.20      99.80
  U0_SHIFT_UNIT/Shift_OUT_reg_11_/CK (SDFFRQX2M)          0.00      99.80 r
  library setup time                                     -0.41      99.39
  data required time                                                99.39
  --------------------------------------------------------------------------
  data required time                                                99.39
  data arrival time                                                -25.04
  --------------------------------------------------------------------------
  slack (MET)                                                       74.35


  Startpoint: ALU_FUNC[3]
              (input port clocked by CLK)
  Endpoint: U0_SHIFT_UNIT/Shift_OUT_reg_5_
            (rising edge-triggered flip-flop clocked by CLK)
  Path Group: CLK
  Path Type: max

  Des/Clust/Port     Wire Load Model       Library
  ------------------------------------------------
  ALU_TOP            tsmc13_wl30           scmetro_tsmc_cl013g_rvt_ss_1p08v_125c

  Point                                                   Incr       Path
  --------------------------------------------------------------------------
  clock CLK (rise edge)                                   0.00       0.00
  clock network delay (ideal)                             0.00       0.00
  input external delay                                   20.00      20.00 r
  ALU_FUNC[3] (in)                                        0.17      20.17 r
  U39/Y (BUFX2M)                                          0.73      20.90 r
  U0/IN[1] (Decoder)                                      0.00      20.90 r
  U0/U6/Y (INVX2M)                                        0.49      21.39 f
  U0/U3/Y (NOR2X6M)                                       0.77      22.15 r
  U0/OUT[3] (Decoder)                                     0.00      22.15 r
  U0_SHIFT_UNIT/Shift_enable (SHIFT_UNIT_test_1)          0.00      22.15 r
  U0_SHIFT_UNIT/U102/Y (NOR3BX2M)                         0.80      22.95 r
  U0_SHIFT_UNIT/U101/Y (CLKBUFX8M)                        0.99      23.95 r
  U0_SHIFT_UNIT/U83/Y (AOI22X1M)                          0.59      24.54 f
  U0_SHIFT_UNIT/U82/Y (OAI221X1M)                         0.50      25.04 r
  U0_SHIFT_UNIT/Shift_OUT_reg_5_/D (SDFFRQX2M)            0.00      25.04 r
  data arrival time                                                 25.04

  clock CLK (rise edge)                                 100.00     100.00
  clock network delay (ideal)                             0.00     100.00
  clock uncertainty                                      -0.20      99.80
  U0_SHIFT_UNIT/Shift_OUT_reg_5_/CK (SDFFRQX2M)           0.00      99.80 r
  library setup time                                     -0.41      99.39
  data required time                                                99.39
  --------------------------------------------------------------------------
  data required time                                                99.39
  data arrival time                                                -25.04
  --------------------------------------------------------------------------
  slack (MET)                                                       74.35


  Startpoint: ALU_FUNC[3]
              (input port clocked by CLK)
  Endpoint: U0_SHIFT_UNIT/Shift_OUT_reg_2_
            (rising edge-triggered flip-flop clocked by CLK)
  Path Group: CLK
  Path Type: max

  Des/Clust/Port     Wire Load Model       Library
  ------------------------------------------------
  ALU_TOP            tsmc13_wl30           scmetro_tsmc_cl013g_rvt_ss_1p08v_125c

  Point                                                   Incr       Path
  --------------------------------------------------------------------------
  clock CLK (rise edge)                                   0.00       0.00
  clock network delay (ideal)                             0.00       0.00
  input external delay                                   20.00      20.00 r
  ALU_FUNC[3] (in)                                        0.17      20.17 r
  U39/Y (BUFX2M)                                          0.73      20.90 r
  U0/IN[1] (Decoder)                                      0.00      20.90 r
  U0/U6/Y (INVX2M)                                        0.49      21.39 f
  U0/U3/Y (NOR2X6M)                                       0.77      22.15 r
  U0/OUT[3] (Decoder)                                     0.00      22.15 r
  U0_SHIFT_UNIT/Shift_enable (SHIFT_UNIT_test_1)          0.00      22.15 r
  U0_SHIFT_UNIT/U102/Y (NOR3BX2M)                         0.80      22.95 r
  U0_SHIFT_UNIT/U101/Y (CLKBUFX8M)                        0.99      23.95 r
  U0_SHIFT_UNIT/U76/Y (AOI22X1M)                          0.59      24.54 f
  U0_SHIFT_UNIT/U75/Y (OAI221X1M)                         0.50      25.04 r
  U0_SHIFT_UNIT/Shift_OUT_reg_2_/D (SDFFRQX2M)            0.00      25.04 r
  data arrival time                                                 25.04

  clock CLK (rise edge)                                 100.00     100.00
  clock network delay (ideal)                             0.00     100.00
  clock uncertainty                                      -0.20      99.80
  U0_SHIFT_UNIT/Shift_OUT_reg_2_/CK (SDFFRQX2M)           0.00      99.80 r
  library setup time                                     -0.41      99.39
  data required time                                                99.39
  --------------------------------------------------------------------------
  data required time                                                99.39
  data arrival time                                                -25.04
  --------------------------------------------------------------------------
  slack (MET)                                                       74.35


  Startpoint: ALU_FUNC[3]
              (input port clocked by CLK)
  Endpoint: U0_SHIFT_UNIT/Shift_OUT_reg_3_
            (rising edge-triggered flip-flop clocked by CLK)
  Path Group: CLK
  Path Type: max

  Des/Clust/Port     Wire Load Model       Library
  ------------------------------------------------
  ALU_TOP            tsmc13_wl30           scmetro_tsmc_cl013g_rvt_ss_1p08v_125c

  Point                                                   Incr       Path
  --------------------------------------------------------------------------
  clock CLK (rise edge)                                   0.00       0.00
  clock network delay (ideal)                             0.00       0.00
  input external delay                                   20.00      20.00 r
  ALU_FUNC[3] (in)                                        0.17      20.17 r
  U39/Y (BUFX2M)                                          0.73      20.90 r
  U0/IN[1] (Decoder)                                      0.00      20.90 r
  U0/U6/Y (INVX2M)                                        0.49      21.39 f
  U0/U3/Y (NOR2X6M)                                       0.77      22.15 r
  U0/OUT[3] (Decoder)                                     0.00      22.15 r
  U0_SHIFT_UNIT/Shift_enable (SHIFT_UNIT_test_1)          0.00      22.15 r
  U0_SHIFT_UNIT/U102/Y (NOR3BX2M)                         0.80      22.95 r
  U0_SHIFT_UNIT/U101/Y (CLKBUFX8M)                        0.99      23.95 r
  U0_SHIFT_UNIT/U79/Y (AOI22X1M)                          0.59      24.54 f
  U0_SHIFT_UNIT/U77/Y (OAI221X1M)                         0.50      25.03 r
  U0_SHIFT_UNIT/Shift_OUT_reg_3_/D (SDFFRQX2M)            0.00      25.03 r
  data arrival time                                                 25.03

  clock CLK (rise edge)                                 100.00     100.00
  clock network delay (ideal)                             0.00     100.00
  clock uncertainty                                      -0.20      99.80
  U0_SHIFT_UNIT/Shift_OUT_reg_3_/CK (SDFFRQX2M)           0.00      99.80 r
  library setup time                                     -0.41      99.39
  data required time                                                99.39
  --------------------------------------------------------------------------
  data required time                                                99.39
  data arrival time                                                -25.03
  --------------------------------------------------------------------------
  slack (MET)                                                       74.36


  Startpoint: ALU_FUNC[3]
              (input port clocked by CLK)
  Endpoint: U0_SHIFT_UNIT/Shift_OUT_reg_13_
            (rising edge-triggered flip-flop clocked by CLK)
  Path Group: CLK
  Path Type: max

  Des/Clust/Port     Wire Load Model       Library
  ------------------------------------------------
  ALU_TOP            tsmc13_wl30           scmetro_tsmc_cl013g_rvt_ss_1p08v_125c

  Point                                                   Incr       Path
  --------------------------------------------------------------------------
  clock CLK (rise edge)                                   0.00       0.00
  clock network delay (ideal)                             0.00       0.00
  input external delay                                   20.00      20.00 r
  ALU_FUNC[3] (in)                                        0.17      20.17 r
  U39/Y (BUFX2M)                                          0.73      20.90 r
  U0/IN[1] (Decoder)                                      0.00      20.90 r
  U0/U6/Y (INVX2M)                                        0.49      21.39 f
  U0/U3/Y (NOR2X6M)                                       0.77      22.15 r
  U0/OUT[3] (Decoder)                                     0.00      22.15 r
  U0_SHIFT_UNIT/Shift_enable (SHIFT_UNIT_test_1)          0.00      22.15 r
  U0_SHIFT_UNIT/U102/Y (NOR3BX2M)                         0.80      22.95 r
  U0_SHIFT_UNIT/U101/Y (CLKBUFX8M)                        0.99      23.95 r
  U0_SHIFT_UNIT/U98/Y (AOI22X1M)                          0.59      24.54 f
  U0_SHIFT_UNIT/U97/Y (OAI221X1M)                         0.50      25.03 r
  U0_SHIFT_UNIT/Shift_OUT_reg_13_/D (SDFFRQX2M)           0.00      25.03 r
  data arrival time                                                 25.03

  clock CLK (rise edge)                                 100.00     100.00
  clock network delay (ideal)                             0.00     100.00
  clock uncertainty                                      -0.20      99.80
  U0_SHIFT_UNIT/Shift_OUT_reg_13_/CK (SDFFRQX2M)          0.00      99.80 r
  library setup time                                     -0.41      99.39
  data required time                                                99.39
  --------------------------------------------------------------------------
  data required time                                                99.39
  data arrival time                                                -25.03
  --------------------------------------------------------------------------
  slack (MET)                                                       74.36


  Startpoint: ALU_FUNC[3]
              (input port clocked by CLK)
  Endpoint: U0_SHIFT_UNIT/Shift_OUT_reg_9_
            (rising edge-triggered flip-flop clocked by CLK)
  Path Group: CLK
  Path Type: max

  Des/Clust/Port     Wire Load Model       Library
  ------------------------------------------------
  ALU_TOP            tsmc13_wl30           scmetro_tsmc_cl013g_rvt_ss_1p08v_125c

  Point                                                   Incr       Path
  --------------------------------------------------------------------------
  clock CLK (rise edge)                                   0.00       0.00
  clock network delay (ideal)                             0.00       0.00
  input external delay                                   20.00      20.00 r
  ALU_FUNC[3] (in)                                        0.17      20.17 r
  U39/Y (BUFX2M)                                          0.73      20.90 r
  U0/IN[1] (Decoder)                                      0.00      20.90 r
  U0/U6/Y (INVX2M)                                        0.49      21.39 f
  U0/U3/Y (NOR2X6M)                                       0.77      22.15 r
  U0/OUT[3] (Decoder)                                     0.00      22.15 r
  U0_SHIFT_UNIT/Shift_enable (SHIFT_UNIT_test_1)          0.00      22.15 r
  U0_SHIFT_UNIT/U102/Y (NOR3BX2M)                         0.80      22.95 r
  U0_SHIFT_UNIT/U101/Y (CLKBUFX8M)                        0.99      23.95 r
  U0_SHIFT_UNIT/U89/Y (AOI22X1M)                          0.59      24.54 f
  U0_SHIFT_UNIT/U88/Y (OAI221X1M)                         0.50      25.03 r
  U0_SHIFT_UNIT/Shift_OUT_reg_9_/D (SDFFRQX2M)            0.00      25.03 r
  data arrival time                                                 25.03

  clock CLK (rise edge)                                 100.00     100.00
  clock network delay (ideal)                             0.00     100.00
  clock uncertainty                                      -0.20      99.80
  U0_SHIFT_UNIT/Shift_OUT_reg_9_/CK (SDFFRQX2M)           0.00      99.80 r
  library setup time                                     -0.41      99.39
  data required time                                                99.39
  --------------------------------------------------------------------------
  data required time                                                99.39
  data arrival time                                                -25.03
  --------------------------------------------------------------------------
  slack (MET)                                                       74.36


  Startpoint: ALU_FUNC[3]
              (input port clocked by CLK)
  Endpoint: U0_SHIFT_UNIT/Shift_OUT_reg_4_
            (rising edge-triggered flip-flop clocked by CLK)
  Path Group: CLK
  Path Type: max

  Des/Clust/Port     Wire Load Model       Library
  ------------------------------------------------
  ALU_TOP            tsmc13_wl30           scmetro_tsmc_cl013g_rvt_ss_1p08v_125c

  Point                                                   Incr       Path
  --------------------------------------------------------------------------
  clock CLK (rise edge)                                   0.00       0.00
  clock network delay (ideal)                             0.00       0.00
  input external delay                                   20.00      20.00 r
  ALU_FUNC[3] (in)                                        0.17      20.17 r
  U39/Y (BUFX2M)                                          0.73      20.90 r
  U0/IN[1] (Decoder)                                      0.00      20.90 r
  U0/U6/Y (INVX2M)                                        0.49      21.39 f
  U0/U3/Y (NOR2X6M)                                       0.77      22.15 r
  U0/OUT[3] (Decoder)                                     0.00      22.15 r
  U0_SHIFT_UNIT/Shift_enable (SHIFT_UNIT_test_1)          0.00      22.15 r
  U0_SHIFT_UNIT/U102/Y (NOR3BX2M)                         0.80      22.95 r
  U0_SHIFT_UNIT/U101/Y (CLKBUFX8M)                        0.99      23.95 r
  U0_SHIFT_UNIT/U81/Y (AOI22X1M)                          0.59      24.54 f
  U0_SHIFT_UNIT/U80/Y (OAI221X1M)                         0.50      25.03 r
  U0_SHIFT_UNIT/Shift_OUT_reg_4_/D (SDFFRQX2M)            0.00      25.03 r
  data arrival time                                                 25.03

  clock CLK (rise edge)                                 100.00     100.00
  clock network delay (ideal)                             0.00     100.00
  clock uncertainty                                      -0.20      99.80
  U0_SHIFT_UNIT/Shift_OUT_reg_4_/CK (SDFFRQX2M)           0.00      99.80 r
  library setup time                                     -0.41      99.39
  data required time                                                99.39
  --------------------------------------------------------------------------
  data required time                                                99.39
  data arrival time                                                -25.03
  --------------------------------------------------------------------------
  slack (MET)                                                       74.36


  Startpoint: ALU_FUNC[3]
              (input port clocked by CLK)
  Endpoint: U0_SHIFT_UNIT/Shift_OUT_reg_8_
            (rising edge-triggered flip-flop clocked by CLK)
  Path Group: CLK
  Path Type: max

  Des/Clust/Port     Wire Load Model       Library
  ------------------------------------------------
  ALU_TOP            tsmc13_wl30           scmetro_tsmc_cl013g_rvt_ss_1p08v_125c

  Point                                                   Incr       Path
  --------------------------------------------------------------------------
  clock CLK (rise edge)                                   0.00       0.00
  clock network delay (ideal)                             0.00       0.00
  input external delay                                   20.00      20.00 r
  ALU_FUNC[3] (in)                                        0.17      20.17 r
  U39/Y (BUFX2M)                                          0.73      20.90 r
  U0/IN[1] (Decoder)                                      0.00      20.90 r
  U0/U6/Y (INVX2M)                                        0.49      21.39 f
  U0/U3/Y (NOR2X6M)                                       0.77      22.15 r
  U0/OUT[3] (Decoder)                                     0.00      22.15 r
  U0_SHIFT_UNIT/Shift_enable (SHIFT_UNIT_test_1)          0.00      22.15 r
  U0_SHIFT_UNIT/U102/Y (NOR3BX2M)                         0.80      22.95 r
  U0_SHIFT_UNIT/U101/Y (CLKBUFX8M)                        0.99      23.95 r
  U0_SHIFT_UNIT/U87/Y (AOI22X1M)                          0.59      24.54 f
  U0_SHIFT_UNIT/U86/Y (OAI221X1M)                         0.49      25.03 r
  U0_SHIFT_UNIT/Shift_OUT_reg_8_/D (SDFFRQX2M)            0.00      25.03 r
  data arrival time                                                 25.03

  clock CLK (rise edge)                                 100.00     100.00
  clock network delay (ideal)                             0.00     100.00
  clock uncertainty                                      -0.20      99.80
  U0_SHIFT_UNIT/Shift_OUT_reg_8_/CK (SDFFRQX2M)           0.00      99.80 r
  library setup time                                     -0.41      99.39
  data required time                                                99.39
  --------------------------------------------------------------------------
  data required time                                                99.39
  data arrival time                                                -25.03
  --------------------------------------------------------------------------
  slack (MET)                                                       74.36


  Startpoint: ALU_FUNC[3]
              (input port clocked by CLK)
  Endpoint: U0_SHIFT_UNIT/Shift_OUT_reg_10_
            (rising edge-triggered flip-flop clocked by CLK)
  Path Group: CLK
  Path Type: max

  Des/Clust/Port     Wire Load Model       Library
  ------------------------------------------------
  ALU_TOP            tsmc13_wl30           scmetro_tsmc_cl013g_rvt_ss_1p08v_125c

  Point                                                   Incr       Path
  --------------------------------------------------------------------------
  clock CLK (rise edge)                                   0.00       0.00
  clock network delay (ideal)                             0.00       0.00
  input external delay                                   20.00      20.00 r
  ALU_FUNC[3] (in)                                        0.17      20.17 r
  U39/Y (BUFX2M)                                          0.73      20.90 r
  U0/IN[1] (Decoder)                                      0.00      20.90 r
  U0/U6/Y (INVX2M)                                        0.49      21.39 f
  U0/U3/Y (NOR2X6M)                                       0.77      22.15 r
  U0/OUT[3] (Decoder)                                     0.00      22.15 r
  U0_SHIFT_UNIT/Shift_enable (SHIFT_UNIT_test_1)          0.00      22.15 r
  U0_SHIFT_UNIT/U102/Y (NOR3BX2M)                         0.80      22.95 r
  U0_SHIFT_UNIT/U101/Y (CLKBUFX8M)                        0.99      23.95 r
  U0_SHIFT_UNIT/U91/Y (AOI22X1M)                          0.59      24.54 f
  U0_SHIFT_UNIT/U90/Y (OAI221X1M)                         0.49      25.02 r
  U0_SHIFT_UNIT/Shift_OUT_reg_10_/D (SDFFRQX2M)           0.00      25.02 r
  data arrival time                                                 25.02

  clock CLK (rise edge)                                 100.00     100.00
  clock network delay (ideal)                             0.00     100.00
  clock uncertainty                                      -0.20      99.80
  U0_SHIFT_UNIT/Shift_OUT_reg_10_/CK (SDFFRQX2M)          0.00      99.80 r
  library setup time                                     -0.41      99.39
  data required time                                                99.39
  --------------------------------------------------------------------------
  data required time                                                99.39
  data arrival time                                                -25.02
  --------------------------------------------------------------------------
  slack (MET)                                                       74.37


  Startpoint: ALU_FUNC[3]
              (input port clocked by CLK)
  Endpoint: U0_SHIFT_UNIT/Shift_OUT_reg_6_
            (rising edge-triggered flip-flop clocked by CLK)
  Path Group: CLK
  Path Type: max

  Des/Clust/Port     Wire Load Model       Library
  ------------------------------------------------
  ALU_TOP            tsmc13_wl30           scmetro_tsmc_cl013g_rvt_ss_1p08v_125c

  Point                                                   Incr       Path
  --------------------------------------------------------------------------
  clock CLK (rise edge)                                   0.00       0.00
  clock network delay (ideal)                             0.00       0.00
  input external delay                                   20.00      20.00 r
  ALU_FUNC[3] (in)                                        0.17      20.17 r
  U39/Y (BUFX2M)                                          0.73      20.90 r
  U0/IN[1] (Decoder)                                      0.00      20.90 r
  U0/U6/Y (INVX2M)                                        0.49      21.39 f
  U0/U3/Y (NOR2X6M)                                       0.77      22.15 r
  U0/OUT[3] (Decoder)                                     0.00      22.15 r
  U0_SHIFT_UNIT/Shift_enable (SHIFT_UNIT_test_1)          0.00      22.15 r
  U0_SHIFT_UNIT/U102/Y (NOR3BX2M)                         0.80      22.95 r
  U0_SHIFT_UNIT/U101/Y (CLKBUFX8M)                        0.99      23.95 r
  U0_SHIFT_UNIT/U85/Y (AOI22X1M)                          0.59      24.54 f
  U0_SHIFT_UNIT/U84/Y (OAI221X1M)                         0.48      25.02 r
  U0_SHIFT_UNIT/Shift_OUT_reg_6_/D (SDFFRQX2M)            0.00      25.02 r
  data arrival time                                                 25.02

  clock CLK (rise edge)                                 100.00     100.00
  clock network delay (ideal)                             0.00     100.00
  clock uncertainty                                      -0.20      99.80
  U0_SHIFT_UNIT/Shift_OUT_reg_6_/CK (SDFFRQX2M)           0.00      99.80 r
  library setup time                                     -0.41      99.39
  data required time                                                99.39
  --------------------------------------------------------------------------
  data required time                                                99.39
  data arrival time                                                -25.02
  --------------------------------------------------------------------------
  slack (MET)                                                       74.37


  Startpoint: ALU_FUNC[3]
              (input port clocked by CLK)
  Endpoint: U0_SHIFT_UNIT/Shift_OUT_reg_1_
            (rising edge-triggered flip-flop clocked by CLK)
  Path Group: CLK
  Path Type: max

  Des/Clust/Port     Wire Load Model       Library
  ------------------------------------------------
  ALU_TOP            tsmc13_wl30           scmetro_tsmc_cl013g_rvt_ss_1p08v_125c

  Point                                                   Incr       Path
  --------------------------------------------------------------------------
  clock CLK (rise edge)                                   0.00       0.00
  clock network delay (ideal)                             0.00       0.00
  input external delay                                   20.00      20.00 r
  ALU_FUNC[3] (in)                                        0.17      20.17 r
  U39/Y (BUFX2M)                                          0.73      20.90 r
  U0/IN[1] (Decoder)                                      0.00      20.90 r
  U0/U6/Y (INVX2M)                                        0.49      21.39 f
  U0/U3/Y (NOR2X6M)                                       0.77      22.15 r
  U0/OUT[3] (Decoder)                                     0.00      22.15 r
  U0_SHIFT_UNIT/Shift_enable (SHIFT_UNIT_test_1)          0.00      22.15 r
  U0_SHIFT_UNIT/U108/Y (NAND3X2M)                         0.43      22.59 f
  U0_SHIFT_UNIT/U107/Y (CLKBUFX8M)                        0.88      23.47 f
  U0_SHIFT_UNIT/U72/Y (INVX2M)                            0.68      24.15 r
  U0_SHIFT_UNIT/U112/Y (AOI22X1M)                         0.50      24.64 f
  U0_SHIFT_UNIT/U111/Y (NAND2X2M)                         0.40      25.04 r
  U0_SHIFT_UNIT/Shift_OUT_reg_1_/D (SDFFRQX2M)            0.00      25.04 r
  data arrival time                                                 25.04

  clock CLK (rise edge)                                 100.00     100.00
  clock network delay (ideal)                             0.00     100.00
  clock uncertainty                                      -0.20      99.80
  U0_SHIFT_UNIT/Shift_OUT_reg_1_/CK (SDFFRQX2M)           0.00      99.80 r
  library setup time                                     -0.32      99.48
  data required time                                                99.48
  --------------------------------------------------------------------------
  data required time                                                99.48
  data arrival time                                                -25.04
  --------------------------------------------------------------------------
  slack (MET)                                                       74.44


  Startpoint: ALU_FUNC[3]
              (input port clocked by CLK)
  Endpoint: U0_SHIFT_UNIT/Shift_OUT_reg_14_
            (rising edge-triggered flip-flop clocked by CLK)
  Path Group: CLK
  Path Type: max

  Des/Clust/Port     Wire Load Model       Library
  ------------------------------------------------
  ALU_TOP            tsmc13_wl30           scmetro_tsmc_cl013g_rvt_ss_1p08v_125c

  Point                                                   Incr       Path
  --------------------------------------------------------------------------
  clock CLK (rise edge)                                   0.00       0.00
  clock network delay (ideal)                             0.00       0.00
  input external delay                                   20.00      20.00 r
  ALU_FUNC[3] (in)                                        0.17      20.17 r
  U39/Y (BUFX2M)                                          0.73      20.90 r
  U0/IN[1] (Decoder)                                      0.00      20.90 r
  U0/U6/Y (INVX2M)                                        0.49      21.39 f
  U0/U3/Y (NOR2X6M)                                       0.77      22.15 r
  U0/OUT[3] (Decoder)                                     0.00      22.15 r
  U0_SHIFT_UNIT/Shift_enable (SHIFT_UNIT_test_1)          0.00      22.15 r
  U0_SHIFT_UNIT/U108/Y (NAND3X2M)                         0.43      22.59 f
  U0_SHIFT_UNIT/U107/Y (CLKBUFX8M)                        0.88      23.47 f
  U0_SHIFT_UNIT/U72/Y (INVX2M)                            0.68      24.15 r
  U0_SHIFT_UNIT/U115/Y (AOI22X1M)                         0.50      24.64 f
  U0_SHIFT_UNIT/U114/Y (NAND2X2M)                         0.37      25.01 r
  U0_SHIFT_UNIT/Shift_OUT_reg_14_/D (SDFFRQX2M)           0.00      25.01 r
  data arrival time                                                 25.01

  clock CLK (rise edge)                                 100.00     100.00
  clock network delay (ideal)                             0.00     100.00
  clock uncertainty                                      -0.20      99.80
  U0_SHIFT_UNIT/Shift_OUT_reg_14_/CK (SDFFRQX2M)          0.00      99.80 r
  library setup time                                     -0.32      99.48
  data required time                                                99.48
  --------------------------------------------------------------------------
  data required time                                                99.48
  data arrival time                                                -25.01
  --------------------------------------------------------------------------
  slack (MET)                                                       74.47


  Startpoint: ALU_FUNC[3]
              (input port clocked by CLK)
  Endpoint: U0_SHIFT_UNIT/Shift_OUT_reg_15_
            (rising edge-triggered flip-flop clocked by CLK)
  Path Group: CLK
  Path Type: max

  Des/Clust/Port     Wire Load Model       Library
  ------------------------------------------------
  ALU_TOP            tsmc13_wl30           scmetro_tsmc_cl013g_rvt_ss_1p08v_125c

  Point                                                   Incr       Path
  --------------------------------------------------------------------------
  clock CLK (rise edge)                                   0.00       0.00
  clock network delay (ideal)                             0.00       0.00
  input external delay                                   20.00      20.00 r
  ALU_FUNC[3] (in)                                        0.17      20.17 r
  U39/Y (BUFX2M)                                          0.73      20.90 r
  U0/IN[1] (Decoder)                                      0.00      20.90 r
  U0/U6/Y (INVX2M)                                        0.49      21.39 f
  U0/U3/Y (NOR2X6M)                                       0.77      22.15 r
  U0/OUT[3] (Decoder)                                     0.00      22.15 r
  U0_SHIFT_UNIT/Shift_enable (SHIFT_UNIT_test_1)          0.00      22.15 r
  U0_SHIFT_UNIT/U104/Y (NOR3BX2M)                         0.80      22.95 r
  U0_SHIFT_UNIT/U103/Y (CLKBUFX8M)                        1.00      23.95 r
  U0_SHIFT_UNIT/U109/Y (OAI2BB2X1M)                       0.46      24.42 r
  U0_SHIFT_UNIT/Shift_OUT_reg_15_/D (SDFFRQX2M)           0.00      24.42 r
  data arrival time                                                 24.42

  clock CLK (rise edge)                                 100.00     100.00
  clock network delay (ideal)                             0.00     100.00
  clock uncertainty                                      -0.20      99.80
  U0_SHIFT_UNIT/Shift_OUT_reg_15_/CK (SDFFRQX2M)          0.00      99.80 r
  library setup time                                     -0.39      99.41
  data required time                                                99.41
  --------------------------------------------------------------------------
  data required time                                                99.41
  data arrival time                                                -24.42
  --------------------------------------------------------------------------
  slack (MET)                                                       74.99


  Startpoint: ALU_FUNC[3]
              (input port clocked by CLK)
  Endpoint: U0_SHIFT_UNIT/Shift_OUT_reg_0_
            (rising edge-triggered flip-flop clocked by CLK)
  Path Group: CLK
  Path Type: max

  Des/Clust/Port     Wire Load Model       Library
  ------------------------------------------------
  ALU_TOP            tsmc13_wl30           scmetro_tsmc_cl013g_rvt_ss_1p08v_125c

  Point                                                   Incr       Path
  --------------------------------------------------------------------------
  clock CLK (rise edge)                                   0.00       0.00
  clock network delay (ideal)                             0.00       0.00
  input external delay                                   20.00      20.00 r
  ALU_FUNC[3] (in)                                        0.17      20.17 r
  U39/Y (BUFX2M)                                          0.73      20.90 r
  U0/IN[1] (Decoder)                                      0.00      20.90 r
  U0/U6/Y (INVX2M)                                        0.49      21.39 f
  U0/U3/Y (NOR2X6M)                                       0.77      22.15 r
  U0/OUT[3] (Decoder)                                     0.00      22.15 r
  U0_SHIFT_UNIT/Shift_enable (SHIFT_UNIT_test_1)          0.00      22.15 r
  U0_SHIFT_UNIT/U102/Y (NOR3BX2M)                         0.80      22.95 r
  U0_SHIFT_UNIT/U101/Y (CLKBUFX8M)                        0.99      23.95 r
  U0_SHIFT_UNIT/U110/Y (OAI2BB2X1M)                       0.46      24.41 r
  U0_SHIFT_UNIT/Shift_OUT_reg_0_/D (SDFFRQX2M)            0.00      24.41 r
  data arrival time                                                 24.41

  clock CLK (rise edge)                                 100.00     100.00
  clock network delay (ideal)                             0.00     100.00
  clock uncertainty                                      -0.20      99.80
  U0_SHIFT_UNIT/Shift_OUT_reg_0_/CK (SDFFRQX2M)           0.00      99.80 r
  library setup time                                     -0.39      99.41
  data required time                                                99.41
  --------------------------------------------------------------------------
  data required time                                                99.41
  data arrival time                                                -24.41
  --------------------------------------------------------------------------
  slack (MET)                                                       74.99


  Startpoint: ALU_FUNC[2]
              (input port clocked by CLK)
  Endpoint: U0_LOGIC_UNIT/Logic_OUT_reg_9_
            (rising edge-triggered flip-flop clocked by CLK)
  Path Group: CLK
  Path Type: max

  Des/Clust/Port     Wire Load Model       Library
  ------------------------------------------------
  ALU_TOP            tsmc13_wl30           scmetro_tsmc_cl013g_rvt_ss_1p08v_125c

  Point                                                   Incr       Path
  --------------------------------------------------------------------------
  clock CLK (rise edge)                                   0.00       0.00
  clock network delay (ideal)                             0.00       0.00
  input external delay                                   20.00      20.00 r
  ALU_FUNC[2] (in)                                        0.17      20.17 r
  U40/Y (BUFX2M)                                          0.69      20.86 r
  U0/IN[0] (Decoder)                                      0.00      20.86 r
  U0/U5/Y (INVX2M)                                        0.50      21.36 f
  U0/U1/Y (NOR2X6M)                                       0.90      22.26 r
  U0/OUT[1] (Decoder)                                     0.00      22.26 r
  U0_LOGIC_UNIT/Logic_enable (LOGIC_UNIT_test_1)          0.00      22.26 r
  U0_LOGIC_UNIT/U162/Y (NOR2BX2M)                         0.54      22.79 r
  U0_LOGIC_UNIT/Logic_OUT_reg_9_/D (SDFFRQX2M)            0.00      22.79 r
  data arrival time                                                 22.79

  clock CLK (rise edge)                                 100.00     100.00
  clock network delay (ideal)                             0.00     100.00
  clock uncertainty                                      -0.20      99.80
  U0_LOGIC_UNIT/Logic_OUT_reg_9_/CK (SDFFRQX2M)           0.00      99.80 r
  library setup time                                     -0.35      99.45
  data required time                                                99.45
  --------------------------------------------------------------------------
  data required time                                                99.45
  data arrival time                                                -22.79
  --------------------------------------------------------------------------
  slack (MET)                                                       76.65


  Startpoint: ALU_FUNC[2]
              (input port clocked by CLK)
  Endpoint: U0_LOGIC_UNIT/Logic_Flag_reg
            (rising edge-triggered flip-flop clocked by CLK)
  Path Group: CLK
  Path Type: max

  Des/Clust/Port     Wire Load Model       Library
  ------------------------------------------------
  ALU_TOP            tsmc13_wl30           scmetro_tsmc_cl013g_rvt_ss_1p08v_125c

  Point                                                   Incr       Path
  --------------------------------------------------------------------------
  clock CLK (rise edge)                                   0.00       0.00
  clock network delay (ideal)                             0.00       0.00
  input external delay                                   20.00      20.00 r
  ALU_FUNC[2] (in)                                        0.17      20.17 r
  U40/Y (BUFX2M)                                          0.69      20.86 r
  U0/IN[0] (Decoder)                                      0.00      20.86 r
  U0/U5/Y (INVX2M)                                        0.50      21.36 f
  U0/U1/Y (NOR2X6M)                                       0.90      22.26 r
  U0/OUT[1] (Decoder)                                     0.00      22.26 r
  U0_LOGIC_UNIT/Logic_enable (LOGIC_UNIT_test_1)          0.00      22.26 r
  U0_LOGIC_UNIT/Logic_Flag_reg/D (SDFFRQX2M)              0.00      22.26 r
  data arrival time                                                 22.26

  clock CLK (rise edge)                                 100.00     100.00
  clock network delay (ideal)                             0.00     100.00
  clock uncertainty                                      -0.20      99.80
  U0_LOGIC_UNIT/Logic_Flag_reg/CK (SDFFRQX2M)             0.00      99.80 r
  library setup time                                     -0.43      99.37
  data required time                                                99.37
  --------------------------------------------------------------------------
  data required time                                                99.37
  data arrival time                                                -22.26
  --------------------------------------------------------------------------
  slack (MET)                                                       77.11


  Startpoint: ALU_FUNC[3]
              (input port clocked by CLK)
  Endpoint: U0_CMP_UNIT/CMP_Flag_reg
            (rising edge-triggered flip-flop clocked by CLK)
  Path Group: CLK
  Path Type: max

  Des/Clust/Port     Wire Load Model       Library
  ------------------------------------------------
  ALU_TOP            tsmc13_wl30           scmetro_tsmc_cl013g_rvt_ss_1p08v_125c

  Point                                                   Incr       Path
  --------------------------------------------------------------------------
  clock CLK (rise edge)                                   0.00       0.00
  clock network delay (ideal)                             0.00       0.00
  input external delay                                   20.00      20.00 r
  ALU_FUNC[3] (in)                                        0.17      20.17 r
  U39/Y (BUFX2M)                                          0.73      20.90 r
  U0/IN[1] (Decoder)                                      0.00      20.90 r
  U0/U6/Y (INVX2M)                                        0.49      21.39 f
  U0/U2/Y (NOR2X2M)                                       0.84      22.23 r
  U0/OUT[2] (Decoder)                                     0.00      22.23 r
  U0_CMP_UNIT/CMP_enable (CMP_UNIT_test_1)                0.00      22.23 r
  U0_CMP_UNIT/CMP_Flag_reg/D (SDFFRQX2M)                  0.00      22.23 r
  data arrival time                                                 22.23

  clock CLK (rise edge)                                 100.00     100.00
  clock network delay (ideal)                             0.00     100.00
  clock uncertainty                                      -0.20      99.80
  U0_CMP_UNIT/CMP_Flag_reg/CK (SDFFRQX2M)                 0.00      99.80 r
  library setup time                                     -0.42      99.38
  data required time                                                99.38
  --------------------------------------------------------------------------
  data required time                                                99.38
  data arrival time                                                -22.23
  --------------------------------------------------------------------------
  slack (MET)                                                       77.15


  Startpoint: ALU_FUNC[3]
              (input port clocked by CLK)
  Endpoint: U0_SHIFT_UNIT/Shift_Flag_reg
            (rising edge-triggered flip-flop clocked by CLK)
  Path Group: CLK
  Path Type: max

  Des/Clust/Port     Wire Load Model       Library
  ------------------------------------------------
  ALU_TOP            tsmc13_wl30           scmetro_tsmc_cl013g_rvt_ss_1p08v_125c

  Point                                                   Incr       Path
  --------------------------------------------------------------------------
  clock CLK (rise edge)                                   0.00       0.00
  clock network delay (ideal)                             0.00       0.00
  input external delay                                   20.00      20.00 r
  ALU_FUNC[3] (in)                                        0.17      20.17 r
  U39/Y (BUFX2M)                                          0.73      20.90 r
  U0/IN[1] (Decoder)                                      0.00      20.90 r
  U0/U6/Y (INVX2M)                                        0.49      21.39 f
  U0/U3/Y (NOR2X6M)                                       0.77      22.15 r
  U0/OUT[3] (Decoder)                                     0.00      22.15 r
  U0_SHIFT_UNIT/Shift_enable (SHIFT_UNIT_test_1)          0.00      22.15 r
  U0_SHIFT_UNIT/Shift_Flag_reg/D (SDFFRQX2M)              0.00      22.15 r
  data arrival time                                                 22.15

  clock CLK (rise edge)                                 100.00     100.00
  clock network delay (ideal)                             0.00     100.00
  clock uncertainty                                      -0.20      99.80
  U0_SHIFT_UNIT/Shift_Flag_reg/CK (SDFFRQX2M)             0.00      99.80 r
  library setup time                                     -0.40      99.40
  data required time                                                99.40
  --------------------------------------------------------------------------
  data required time                                                99.40
  data arrival time                                                -22.15
  --------------------------------------------------------------------------
  slack (MET)                                                       77.24


  Startpoint: U0_ARITHMETIC_UNIT/Arith_Flag_reg
              (rising edge-triggered flip-flop clocked by CLK)
  Endpoint: Arith_Flag (output port clocked by CLK)
  Path Group: CLK
  Path Type: max

  Des/Clust/Port     Wire Load Model       Library
  ------------------------------------------------
  ALU_TOP            tsmc13_wl30           scmetro_tsmc_cl013g_rvt_ss_1p08v_125c

  Point                                                   Incr       Path
  --------------------------------------------------------------------------
  clock CLK (rise edge)                                   0.00       0.00
  clock network delay (ideal)                             0.00       0.00
  U0_ARITHMETIC_UNIT/Arith_Flag_reg/CK (SDFFRQX1M)        0.00       0.00 r
  U0_ARITHMETIC_UNIT/Arith_Flag_reg/Q (SDFFRQX1M)         0.85       0.85 r
  U0_ARITHMETIC_UNIT/U98/Y (INVXLM)                       0.61       1.47 f
  U0_ARITHMETIC_UNIT/U99/Y (INVX8M)                       0.94       2.40 r
  U0_ARITHMETIC_UNIT/Arith_Flag (ARITHMETIC_UNIT_test_1)
                                                          0.00       2.40 r
  Arith_Flag (out)                                        0.00       2.40 r
  data arrival time                                                  2.40

  clock CLK (rise edge)                                 100.00     100.00
  clock network delay (ideal)                             0.00     100.00
  clock uncertainty                                      -0.20      99.80
  output external delay                                 -20.00      79.80
  data required time                                                79.80
  --------------------------------------------------------------------------
  data required time                                                79.80
  data arrival time                                                 -2.40
  --------------------------------------------------------------------------
  slack (MET)                                                       77.40


  Startpoint: U0_ARITHMETIC_UNIT/Carry_OUT_reg
              (rising edge-triggered flip-flop clocked by CLK)
  Endpoint: Carry_OUT (output port clocked by CLK)
  Path Group: CLK
  Path Type: max

  Des/Clust/Port     Wire Load Model       Library
  ------------------------------------------------
  ALU_TOP            tsmc13_wl30           scmetro_tsmc_cl013g_rvt_ss_1p08v_125c

  Point                                                   Incr       Path
  --------------------------------------------------------------------------
  clock CLK (rise edge)                                   0.00       0.00
  clock network delay (ideal)                             0.00       0.00
  U0_ARITHMETIC_UNIT/Carry_OUT_reg/CK (SDFFRQX1M)         0.00       0.00 r
  U0_ARITHMETIC_UNIT/Carry_OUT_reg/Q (SDFFRQX1M)          0.85       0.85 r
  U0_ARITHMETIC_UNIT/U86/Y (INVXLM)                       0.61       1.46 f
  U0_ARITHMETIC_UNIT/U87/Y (INVX8M)                       0.94       2.40 r
  U0_ARITHMETIC_UNIT/Carry_OUT (ARITHMETIC_UNIT_test_1)
                                                          0.00       2.40 r
  Carry_OUT (out)                                         0.00       2.40 r
  data arrival time                                                  2.40

  clock CLK (rise edge)                                 100.00     100.00
  clock network delay (ideal)                             0.00     100.00
  clock uncertainty                                      -0.20      99.80
  output external delay                                 -20.00      79.80
  data required time                                                79.80
  --------------------------------------------------------------------------
  data required time                                                79.80
  data arrival time                                                 -2.40
  --------------------------------------------------------------------------
  slack (MET)                                                       77.40


  Startpoint: U0_ARITHMETIC_UNIT/Arith_OUT_reg_31_
              (rising edge-triggered flip-flop clocked by CLK)
  Endpoint: Arith_OUT[31]
            (output port clocked by CLK)
  Path Group: CLK
  Path Type: max

  Des/Clust/Port     Wire Load Model       Library
  ------------------------------------------------
  ALU_TOP            tsmc13_wl30           scmetro_tsmc_cl013g_rvt_ss_1p08v_125c

  Point                                                   Incr       Path
  --------------------------------------------------------------------------
  clock CLK (rise edge)                                   0.00       0.00
  clock network delay (ideal)                             0.00       0.00
  U0_ARITHMETIC_UNIT/Arith_OUT_reg_31_/CK (SDFFRQX1M)     0.00       0.00 r
  U0_ARITHMETIC_UNIT/Arith_OUT_reg_31_/Q (SDFFRQX1M)      0.85       0.85 r
  U0_ARITHMETIC_UNIT/U48/Y (INVXLM)                       0.61       1.46 f
  U0_ARITHMETIC_UNIT/U49/Y (INVX8M)                       0.94       2.40 r
  U0_ARITHMETIC_UNIT/Arith_OUT[31] (ARITHMETIC_UNIT_test_1)
                                                          0.00       2.40 r
  Arith_OUT[31] (out)                                     0.00       2.40 r
  data arrival time                                                  2.40

  clock CLK (rise edge)                                 100.00     100.00
  clock network delay (ideal)                             0.00     100.00
  clock uncertainty                                      -0.20      99.80
  output external delay                                 -20.00      79.80
  data required time                                                79.80
  --------------------------------------------------------------------------
  data required time                                                79.80
  data arrival time                                                 -2.40
  --------------------------------------------------------------------------
  slack (MET)                                                       77.40


  Startpoint: U0_ARITHMETIC_UNIT/Arith_OUT_reg_30_
              (rising edge-triggered flip-flop clocked by CLK)
  Endpoint: Arith_OUT[30]
            (output port clocked by CLK)
  Path Group: CLK
  Path Type: max

  Des/Clust/Port     Wire Load Model       Library
  ------------------------------------------------
  ALU_TOP            tsmc13_wl30           scmetro_tsmc_cl013g_rvt_ss_1p08v_125c

  Point                                                   Incr       Path
  --------------------------------------------------------------------------
  clock CLK (rise edge)                                   0.00       0.00
  clock network delay (ideal)                             0.00       0.00
  U0_ARITHMETIC_UNIT/Arith_OUT_reg_30_/CK (SDFFRQX1M)     0.00       0.00 r
  U0_ARITHMETIC_UNIT/Arith_OUT_reg_30_/Q (SDFFRQX1M)      0.85       0.85 r
  U0_ARITHMETIC_UNIT/U50/Y (INVXLM)                       0.61       1.46 f
  U0_ARITHMETIC_UNIT/U51/Y (INVX8M)                       0.94       2.40 r
  U0_ARITHMETIC_UNIT/Arith_OUT[30] (ARITHMETIC_UNIT_test_1)
                                                          0.00       2.40 r
  Arith_OUT[30] (out)                                     0.00       2.40 r
  data arrival time                                                  2.40

  clock CLK (rise edge)                                 100.00     100.00
  clock network delay (ideal)                             0.00     100.00
  clock uncertainty                                      -0.20      99.80
  output external delay                                 -20.00      79.80
  data required time                                                79.80
  --------------------------------------------------------------------------
  data required time                                                79.80
  data arrival time                                                 -2.40
  --------------------------------------------------------------------------
  slack (MET)                                                       77.40


  Startpoint: U0_ARITHMETIC_UNIT/Arith_OUT_reg_29_
              (rising edge-triggered flip-flop clocked by CLK)
  Endpoint: Arith_OUT[29]
            (output port clocked by CLK)
  Path Group: CLK
  Path Type: max

  Des/Clust/Port     Wire Load Model       Library
  ------------------------------------------------
  ALU_TOP            tsmc13_wl30           scmetro_tsmc_cl013g_rvt_ss_1p08v_125c

  Point                                                   Incr       Path
  --------------------------------------------------------------------------
  clock CLK (rise edge)                                   0.00       0.00
  clock network delay (ideal)                             0.00       0.00
  U0_ARITHMETIC_UNIT/Arith_OUT_reg_29_/CK (SDFFRQX1M)     0.00       0.00 r
  U0_ARITHMETIC_UNIT/Arith_OUT_reg_29_/Q (SDFFRQX1M)      0.85       0.85 r
  U0_ARITHMETIC_UNIT/U52/Y (INVXLM)                       0.61       1.46 f
  U0_ARITHMETIC_UNIT/U53/Y (INVX8M)                       0.94       2.40 r
  U0_ARITHMETIC_UNIT/Arith_OUT[29] (ARITHMETIC_UNIT_test_1)
                                                          0.00       2.40 r
  Arith_OUT[29] (out)                                     0.00       2.40 r
  data arrival time                                                  2.40

  clock CLK (rise edge)                                 100.00     100.00
  clock network delay (ideal)                             0.00     100.00
  clock uncertainty                                      -0.20      99.80
  output external delay                                 -20.00      79.80
  data required time                                                79.80
  --------------------------------------------------------------------------
  data required time                                                79.80
  data arrival time                                                 -2.40
  --------------------------------------------------------------------------
  slack (MET)                                                       77.40


  Startpoint: U0_ARITHMETIC_UNIT/Arith_OUT_reg_28_
              (rising edge-triggered flip-flop clocked by CLK)
  Endpoint: Arith_OUT[28]
            (output port clocked by CLK)
  Path Group: CLK
  Path Type: max

  Des/Clust/Port     Wire Load Model       Library
  ------------------------------------------------
  ALU_TOP            tsmc13_wl30           scmetro_tsmc_cl013g_rvt_ss_1p08v_125c

  Point                                                   Incr       Path
  --------------------------------------------------------------------------
  clock CLK (rise edge)                                   0.00       0.00
  clock network delay (ideal)                             0.00       0.00
  U0_ARITHMETIC_UNIT/Arith_OUT_reg_28_/CK (SDFFRQX1M)     0.00       0.00 r
  U0_ARITHMETIC_UNIT/Arith_OUT_reg_28_/Q (SDFFRQX1M)      0.85       0.85 r
  U0_ARITHMETIC_UNIT/U56/Y (INVXLM)                       0.61       1.46 f
  U0_ARITHMETIC_UNIT/U57/Y (INVX8M)                       0.94       2.40 r
  U0_ARITHMETIC_UNIT/Arith_OUT[28] (ARITHMETIC_UNIT_test_1)
                                                          0.00       2.40 r
  Arith_OUT[28] (out)                                     0.00       2.40 r
  data arrival time                                                  2.40

  clock CLK (rise edge)                                 100.00     100.00
  clock network delay (ideal)                             0.00     100.00
  clock uncertainty                                      -0.20      99.80
  output external delay                                 -20.00      79.80
  data required time                                                79.80
  --------------------------------------------------------------------------
  data required time                                                79.80
  data arrival time                                                 -2.40
  --------------------------------------------------------------------------
  slack (MET)                                                       77.40


  Startpoint: U0_ARITHMETIC_UNIT/Arith_OUT_reg_27_
              (rising edge-triggered flip-flop clocked by CLK)
  Endpoint: Arith_OUT[27]
            (output port clocked by CLK)
  Path Group: CLK
  Path Type: max

  Des/Clust/Port     Wire Load Model       Library
  ------------------------------------------------
  ALU_TOP            tsmc13_wl30           scmetro_tsmc_cl013g_rvt_ss_1p08v_125c

  Point                                                   Incr       Path
  --------------------------------------------------------------------------
  clock CLK (rise edge)                                   0.00       0.00
  clock network delay (ideal)                             0.00       0.00
  U0_ARITHMETIC_UNIT/Arith_OUT_reg_27_/CK (SDFFRQX1M)     0.00       0.00 r
  U0_ARITHMETIC_UNIT/Arith_OUT_reg_27_/Q (SDFFRQX1M)      0.85       0.85 r
  U0_ARITHMETIC_UNIT/U58/Y (INVXLM)                       0.61       1.46 f
  U0_ARITHMETIC_UNIT/U59/Y (INVX8M)                       0.94       2.40 r
  U0_ARITHMETIC_UNIT/Arith_OUT[27] (ARITHMETIC_UNIT_test_1)
                                                          0.00       2.40 r
  Arith_OUT[27] (out)                                     0.00       2.40 r
  data arrival time                                                  2.40

  clock CLK (rise edge)                                 100.00     100.00
  clock network delay (ideal)                             0.00     100.00
  clock uncertainty                                      -0.20      99.80
  output external delay                                 -20.00      79.80
  data required time                                                79.80
  --------------------------------------------------------------------------
  data required time                                                79.80
  data arrival time                                                 -2.40
  --------------------------------------------------------------------------
  slack (MET)                                                       77.40


  Startpoint: U0_ARITHMETIC_UNIT/Arith_OUT_reg_26_
              (rising edge-triggered flip-flop clocked by CLK)
  Endpoint: Arith_OUT[26]
            (output port clocked by CLK)
  Path Group: CLK
  Path Type: max

  Des/Clust/Port     Wire Load Model       Library
  ------------------------------------------------
  ALU_TOP            tsmc13_wl30           scmetro_tsmc_cl013g_rvt_ss_1p08v_125c

  Point                                                   Incr       Path
  --------------------------------------------------------------------------
  clock CLK (rise edge)                                   0.00       0.00
  clock network delay (ideal)                             0.00       0.00
  U0_ARITHMETIC_UNIT/Arith_OUT_reg_26_/CK (SDFFRQX1M)     0.00       0.00 r
  U0_ARITHMETIC_UNIT/Arith_OUT_reg_26_/Q (SDFFRQX1M)      0.85       0.85 r
  U0_ARITHMETIC_UNIT/U60/Y (INVXLM)                       0.61       1.46 f
  U0_ARITHMETIC_UNIT/U61/Y (INVX8M)                       0.94       2.40 r
  U0_ARITHMETIC_UNIT/Arith_OUT[26] (ARITHMETIC_UNIT_test_1)
                                                          0.00       2.40 r
  Arith_OUT[26] (out)                                     0.00       2.40 r
  data arrival time                                                  2.40

  clock CLK (rise edge)                                 100.00     100.00
  clock network delay (ideal)                             0.00     100.00
  clock uncertainty                                      -0.20      99.80
  output external delay                                 -20.00      79.80
  data required time                                                79.80
  --------------------------------------------------------------------------
  data required time                                                79.80
  data arrival time                                                 -2.40
  --------------------------------------------------------------------------
  slack (MET)                                                       77.40


  Startpoint: U0_ARITHMETIC_UNIT/Arith_OUT_reg_25_
              (rising edge-triggered flip-flop clocked by CLK)
  Endpoint: Arith_OUT[25]
            (output port clocked by CLK)
  Path Group: CLK
  Path Type: max

  Des/Clust/Port     Wire Load Model       Library
  ------------------------------------------------
  ALU_TOP            tsmc13_wl30           scmetro_tsmc_cl013g_rvt_ss_1p08v_125c

  Point                                                   Incr       Path
  --------------------------------------------------------------------------
  clock CLK (rise edge)                                   0.00       0.00
  clock network delay (ideal)                             0.00       0.00
  U0_ARITHMETIC_UNIT/Arith_OUT_reg_25_/CK (SDFFRQX1M)     0.00       0.00 r
  U0_ARITHMETIC_UNIT/Arith_OUT_reg_25_/Q (SDFFRQX1M)      0.85       0.85 r
  U0_ARITHMETIC_UNIT/U62/Y (INVXLM)                       0.61       1.46 f
  U0_ARITHMETIC_UNIT/U63/Y (INVX8M)                       0.94       2.40 r
  U0_ARITHMETIC_UNIT/Arith_OUT[25] (ARITHMETIC_UNIT_test_1)
                                                          0.00       2.40 r
  Arith_OUT[25] (out)                                     0.00       2.40 r
  data arrival time                                                  2.40

  clock CLK (rise edge)                                 100.00     100.00
  clock network delay (ideal)                             0.00     100.00
  clock uncertainty                                      -0.20      99.80
  output external delay                                 -20.00      79.80
  data required time                                                79.80
  --------------------------------------------------------------------------
  data required time                                                79.80
  data arrival time                                                 -2.40
  --------------------------------------------------------------------------
  slack (MET)                                                       77.40


  Startpoint: U0_ARITHMETIC_UNIT/Arith_OUT_reg_24_
              (rising edge-triggered flip-flop clocked by CLK)
  Endpoint: Arith_OUT[24]
            (output port clocked by CLK)
  Path Group: CLK
  Path Type: max

  Des/Clust/Port     Wire Load Model       Library
  ------------------------------------------------
  ALU_TOP            tsmc13_wl30           scmetro_tsmc_cl013g_rvt_ss_1p08v_125c

  Point                                                   Incr       Path
  --------------------------------------------------------------------------
  clock CLK (rise edge)                                   0.00       0.00
  clock network delay (ideal)                             0.00       0.00
  U0_ARITHMETIC_UNIT/Arith_OUT_reg_24_/CK (SDFFRQX1M)     0.00       0.00 r
  U0_ARITHMETIC_UNIT/Arith_OUT_reg_24_/Q (SDFFRQX1M)      0.85       0.85 r
  U0_ARITHMETIC_UNIT/U64/Y (INVXLM)                       0.61       1.46 f
  U0_ARITHMETIC_UNIT/U65/Y (INVX8M)                       0.94       2.40 r
  U0_ARITHMETIC_UNIT/Arith_OUT[24] (ARITHMETIC_UNIT_test_1)
                                                          0.00       2.40 r
  Arith_OUT[24] (out)                                     0.00       2.40 r
  data arrival time                                                  2.40

  clock CLK (rise edge)                                 100.00     100.00
  clock network delay (ideal)                             0.00     100.00
  clock uncertainty                                      -0.20      99.80
  output external delay                                 -20.00      79.80
  data required time                                                79.80
  --------------------------------------------------------------------------
  data required time                                                79.80
  data arrival time                                                 -2.40
  --------------------------------------------------------------------------
  slack (MET)                                                       77.40


  Startpoint: U0_ARITHMETIC_UNIT/Arith_OUT_reg_23_
              (rising edge-triggered flip-flop clocked by CLK)
  Endpoint: Arith_OUT[23]
            (output port clocked by CLK)
  Path Group: CLK
  Path Type: max

  Des/Clust/Port     Wire Load Model       Library
  ------------------------------------------------
  ALU_TOP            tsmc13_wl30           scmetro_tsmc_cl013g_rvt_ss_1p08v_125c

  Point                                                   Incr       Path
  --------------------------------------------------------------------------
  clock CLK (rise edge)                                   0.00       0.00
  clock network delay (ideal)                             0.00       0.00
  U0_ARITHMETIC_UNIT/Arith_OUT_reg_23_/CK (SDFFRQX1M)     0.00       0.00 r
  U0_ARITHMETIC_UNIT/Arith_OUT_reg_23_/Q (SDFFRQX1M)      0.85       0.85 r
  U0_ARITHMETIC_UNIT/U66/Y (INVXLM)                       0.61       1.46 f
  U0_ARITHMETIC_UNIT/U67/Y (INVX8M)                       0.94       2.40 r
  U0_ARITHMETIC_UNIT/Arith_OUT[23] (ARITHMETIC_UNIT_test_1)
                                                          0.00       2.40 r
  Arith_OUT[23] (out)                                     0.00       2.40 r
  data arrival time                                                  2.40

  clock CLK (rise edge)                                 100.00     100.00
  clock network delay (ideal)                             0.00     100.00
  clock uncertainty                                      -0.20      99.80
  output external delay                                 -20.00      79.80
  data required time                                                79.80
  --------------------------------------------------------------------------
  data required time                                                79.80
  data arrival time                                                 -2.40
  --------------------------------------------------------------------------
  slack (MET)                                                       77.40


  Startpoint: U0_ARITHMETIC_UNIT/Arith_OUT_reg_22_
              (rising edge-triggered flip-flop clocked by CLK)
  Endpoint: Arith_OUT[22]
            (output port clocked by CLK)
  Path Group: CLK
  Path Type: max

  Des/Clust/Port     Wire Load Model       Library
  ------------------------------------------------
  ALU_TOP            tsmc13_wl30           scmetro_tsmc_cl013g_rvt_ss_1p08v_125c

  Point                                                   Incr       Path
  --------------------------------------------------------------------------
  clock CLK (rise edge)                                   0.00       0.00
  clock network delay (ideal)                             0.00       0.00
  U0_ARITHMETIC_UNIT/Arith_OUT_reg_22_/CK (SDFFRQX1M)     0.00       0.00 r
  U0_ARITHMETIC_UNIT/Arith_OUT_reg_22_/Q (SDFFRQX1M)      0.85       0.85 r
  U0_ARITHMETIC_UNIT/U68/Y (INVXLM)                       0.61       1.46 f
  U0_ARITHMETIC_UNIT/U69/Y (INVX8M)                       0.94       2.40 r
  U0_ARITHMETIC_UNIT/Arith_OUT[22] (ARITHMETIC_UNIT_test_1)
                                                          0.00       2.40 r
  Arith_OUT[22] (out)                                     0.00       2.40 r
  data arrival time                                                  2.40

  clock CLK (rise edge)                                 100.00     100.00
  clock network delay (ideal)                             0.00     100.00
  clock uncertainty                                      -0.20      99.80
  output external delay                                 -20.00      79.80
  data required time                                                79.80
  --------------------------------------------------------------------------
  data required time                                                79.80
  data arrival time                                                 -2.40
  --------------------------------------------------------------------------
  slack (MET)                                                       77.40


  Startpoint: U0_ARITHMETIC_UNIT/Arith_OUT_reg_21_
              (rising edge-triggered flip-flop clocked by CLK)
  Endpoint: Arith_OUT[21]
            (output port clocked by CLK)
  Path Group: CLK
  Path Type: max

  Des/Clust/Port     Wire Load Model       Library
  ------------------------------------------------
  ALU_TOP            tsmc13_wl30           scmetro_tsmc_cl013g_rvt_ss_1p08v_125c

  Point                                                   Incr       Path
  --------------------------------------------------------------------------
  clock CLK (rise edge)                                   0.00       0.00
  clock network delay (ideal)                             0.00       0.00
  U0_ARITHMETIC_UNIT/Arith_OUT_reg_21_/CK (SDFFRQX1M)     0.00       0.00 r
  U0_ARITHMETIC_UNIT/Arith_OUT_reg_21_/Q (SDFFRQX1M)      0.85       0.85 r
  U0_ARITHMETIC_UNIT/U72/Y (INVXLM)                       0.61       1.46 f
  U0_ARITHMETIC_UNIT/U73/Y (INVX8M)                       0.94       2.40 r
  U0_ARITHMETIC_UNIT/Arith_OUT[21] (ARITHMETIC_UNIT_test_1)
                                                          0.00       2.40 r
  Arith_OUT[21] (out)                                     0.00       2.40 r
  data arrival time                                                  2.40

  clock CLK (rise edge)                                 100.00     100.00
  clock network delay (ideal)                             0.00     100.00
  clock uncertainty                                      -0.20      99.80
  output external delay                                 -20.00      79.80
  data required time                                                79.80
  --------------------------------------------------------------------------
  data required time                                                79.80
  data arrival time                                                 -2.40
  --------------------------------------------------------------------------
  slack (MET)                                                       77.40


  Startpoint: U0_ARITHMETIC_UNIT/Arith_OUT_reg_20_
              (rising edge-triggered flip-flop clocked by CLK)
  Endpoint: Arith_OUT[20]
            (output port clocked by CLK)
  Path Group: CLK
  Path Type: max

  Des/Clust/Port     Wire Load Model       Library
  ------------------------------------------------
  ALU_TOP            tsmc13_wl30           scmetro_tsmc_cl013g_rvt_ss_1p08v_125c

  Point                                                   Incr       Path
  --------------------------------------------------------------------------
  clock CLK (rise edge)                                   0.00       0.00
  clock network delay (ideal)                             0.00       0.00
  U0_ARITHMETIC_UNIT/Arith_OUT_reg_20_/CK (SDFFRQX1M)     0.00       0.00 r
  U0_ARITHMETIC_UNIT/Arith_OUT_reg_20_/Q (SDFFRQX1M)      0.85       0.85 r
  U0_ARITHMETIC_UNIT/U74/Y (INVXLM)                       0.61       1.46 f
  U0_ARITHMETIC_UNIT/U75/Y (INVX8M)                       0.94       2.40 r
  U0_ARITHMETIC_UNIT/Arith_OUT[20] (ARITHMETIC_UNIT_test_1)
                                                          0.00       2.40 r
  Arith_OUT[20] (out)                                     0.00       2.40 r
  data arrival time                                                  2.40

  clock CLK (rise edge)                                 100.00     100.00
  clock network delay (ideal)                             0.00     100.00
  clock uncertainty                                      -0.20      99.80
  output external delay                                 -20.00      79.80
  data required time                                                79.80
  --------------------------------------------------------------------------
  data required time                                                79.80
  data arrival time                                                 -2.40
  --------------------------------------------------------------------------
  slack (MET)                                                       77.40


  Startpoint: U0_ARITHMETIC_UNIT/Arith_OUT_reg_19_
              (rising edge-triggered flip-flop clocked by CLK)
  Endpoint: Arith_OUT[19]
            (output port clocked by CLK)
  Path Group: CLK
  Path Type: max

  Des/Clust/Port     Wire Load Model       Library
  ------------------------------------------------
  ALU_TOP            tsmc13_wl30           scmetro_tsmc_cl013g_rvt_ss_1p08v_125c

  Point                                                   Incr       Path
  --------------------------------------------------------------------------
  clock CLK (rise edge)                                   0.00       0.00
  clock network delay (ideal)                             0.00       0.00
  U0_ARITHMETIC_UNIT/Arith_OUT_reg_19_/CK (SDFFRQX1M)     0.00       0.00 r
  U0_ARITHMETIC_UNIT/Arith_OUT_reg_19_/Q (SDFFRQX1M)      0.85       0.85 r
  U0_ARITHMETIC_UNIT/U76/Y (INVXLM)                       0.61       1.46 f
  U0_ARITHMETIC_UNIT/U77/Y (INVX8M)                       0.94       2.40 r
  U0_ARITHMETIC_UNIT/Arith_OUT[19] (ARITHMETIC_UNIT_test_1)
                                                          0.00       2.40 r
  Arith_OUT[19] (out)                                     0.00       2.40 r
  data arrival time                                                  2.40

  clock CLK (rise edge)                                 100.00     100.00
  clock network delay (ideal)                             0.00     100.00
  clock uncertainty                                      -0.20      99.80
  output external delay                                 -20.00      79.80
  data required time                                                79.80
  --------------------------------------------------------------------------
  data required time                                                79.80
  data arrival time                                                 -2.40
  --------------------------------------------------------------------------
  slack (MET)                                                       77.40


  Startpoint: U0_ARITHMETIC_UNIT/Arith_OUT_reg_18_
              (rising edge-triggered flip-flop clocked by CLK)
  Endpoint: Arith_OUT[18]
            (output port clocked by CLK)
  Path Group: CLK
  Path Type: max

  Des/Clust/Port     Wire Load Model       Library
  ------------------------------------------------
  ALU_TOP            tsmc13_wl30           scmetro_tsmc_cl013g_rvt_ss_1p08v_125c

  Point                                                   Incr       Path
  --------------------------------------------------------------------------
  clock CLK (rise edge)                                   0.00       0.00
  clock network delay (ideal)                             0.00       0.00
  U0_ARITHMETIC_UNIT/Arith_OUT_reg_18_/CK (SDFFRQX1M)     0.00       0.00 r
  U0_ARITHMETIC_UNIT/Arith_OUT_reg_18_/Q (SDFFRQX1M)      0.85       0.85 r
  U0_ARITHMETIC_UNIT/U78/Y (INVXLM)                       0.61       1.46 f
  U0_ARITHMETIC_UNIT/U79/Y (INVX8M)                       0.94       2.40 r
  U0_ARITHMETIC_UNIT/Arith_OUT[18] (ARITHMETIC_UNIT_test_1)
                                                          0.00       2.40 r
  Arith_OUT[18] (out)                                     0.00       2.40 r
  data arrival time                                                  2.40

  clock CLK (rise edge)                                 100.00     100.00
  clock network delay (ideal)                             0.00     100.00
  clock uncertainty                                      -0.20      99.80
  output external delay                                 -20.00      79.80
  data required time                                                79.80
  --------------------------------------------------------------------------
  data required time                                                79.80
  data arrival time                                                 -2.40
  --------------------------------------------------------------------------
  slack (MET)                                                       77.40


  Startpoint: U0_ARITHMETIC_UNIT/Arith_OUT_reg_17_
              (rising edge-triggered flip-flop clocked by CLK)
  Endpoint: Arith_OUT[17]
            (output port clocked by CLK)
  Path Group: CLK
  Path Type: max

  Des/Clust/Port     Wire Load Model       Library
  ------------------------------------------------
  ALU_TOP            tsmc13_wl30           scmetro_tsmc_cl013g_rvt_ss_1p08v_125c

  Point                                                   Incr       Path
  --------------------------------------------------------------------------
  clock CLK (rise edge)                                   0.00       0.00
  clock network delay (ideal)                             0.00       0.00
  U0_ARITHMETIC_UNIT/Arith_OUT_reg_17_/CK (SDFFRQX1M)     0.00       0.00 r
  U0_ARITHMETIC_UNIT/Arith_OUT_reg_17_/Q (SDFFRQX1M)      0.85       0.85 r
  U0_ARITHMETIC_UNIT/U80/Y (INVXLM)                       0.61       1.46 f
  U0_ARITHMETIC_UNIT/U81/Y (INVX8M)                       0.94       2.40 r
  U0_ARITHMETIC_UNIT/Arith_OUT[17] (ARITHMETIC_UNIT_test_1)
                                                          0.00       2.40 r
  Arith_OUT[17] (out)                                     0.00       2.40 r
  data arrival time                                                  2.40

  clock CLK (rise edge)                                 100.00     100.00
  clock network delay (ideal)                             0.00     100.00
  clock uncertainty                                      -0.20      99.80
  output external delay                                 -20.00      79.80
  data required time                                                79.80
  --------------------------------------------------------------------------
  data required time                                                79.80
  data arrival time                                                 -2.40
  --------------------------------------------------------------------------
  slack (MET)                                                       77.40


  Startpoint: U0_ARITHMETIC_UNIT/Arith_OUT_reg_16_
              (rising edge-triggered flip-flop clocked by CLK)
  Endpoint: Arith_OUT[16]
            (output port clocked by CLK)
  Path Group: CLK
  Path Type: max

  Des/Clust/Port     Wire Load Model       Library
  ------------------------------------------------
  ALU_TOP            tsmc13_wl30           scmetro_tsmc_cl013g_rvt_ss_1p08v_125c

  Point                                                   Incr       Path
  --------------------------------------------------------------------------
  clock CLK (rise edge)                                   0.00       0.00
  clock network delay (ideal)                             0.00       0.00
  U0_ARITHMETIC_UNIT/Arith_OUT_reg_16_/CK (SDFFRQX1M)     0.00       0.00 r
  U0_ARITHMETIC_UNIT/Arith_OUT_reg_16_/Q (SDFFRQX1M)      0.85       0.85 r
  U0_ARITHMETIC_UNIT/U84/Y (INVXLM)                       0.61       1.46 f
  U0_ARITHMETIC_UNIT/U85/Y (INVX8M)                       0.94       2.40 r
  U0_ARITHMETIC_UNIT/Arith_OUT[16] (ARITHMETIC_UNIT_test_1)
                                                          0.00       2.40 r
  Arith_OUT[16] (out)                                     0.00       2.40 r
  data arrival time                                                  2.40

  clock CLK (rise edge)                                 100.00     100.00
  clock network delay (ideal)                             0.00     100.00
  clock uncertainty                                      -0.20      99.80
  output external delay                                 -20.00      79.80
  data required time                                                79.80
  --------------------------------------------------------------------------
  data required time                                                79.80
  data arrival time                                                 -2.40
  --------------------------------------------------------------------------
  slack (MET)                                                       77.40


  Startpoint: U0_ARITHMETIC_UNIT/Arith_OUT_reg_15_
              (rising edge-triggered flip-flop clocked by CLK)
  Endpoint: Arith_OUT[15]
            (output port clocked by CLK)
  Path Group: CLK
  Path Type: max

  Des/Clust/Port     Wire Load Model       Library
  ------------------------------------------------
  ALU_TOP            tsmc13_wl30           scmetro_tsmc_cl013g_rvt_ss_1p08v_125c

  Point                                                   Incr       Path
  --------------------------------------------------------------------------
  clock CLK (rise edge)                                   0.00       0.00
  clock network delay (ideal)                             0.00       0.00
  U0_ARITHMETIC_UNIT/Arith_OUT_reg_15_/CK (SDFFRQX1M)     0.00       0.00 r
  U0_ARITHMETIC_UNIT/Arith_OUT_reg_15_/Q (SDFFRQX1M)      0.85       0.85 r
  U0_ARITHMETIC_UNIT/U88/Y (INVXLM)                       0.61       1.46 f
  U0_ARITHMETIC_UNIT/U89/Y (INVX8M)                       0.94       2.40 r
  U0_ARITHMETIC_UNIT/Arith_OUT[15] (ARITHMETIC_UNIT_test_1)
                                                          0.00       2.40 r
  Arith_OUT[15] (out)                                     0.00       2.40 r
  data arrival time                                                  2.40

  clock CLK (rise edge)                                 100.00     100.00
  clock network delay (ideal)                             0.00     100.00
  clock uncertainty                                      -0.20      99.80
  output external delay                                 -20.00      79.80
  data required time                                                79.80
  --------------------------------------------------------------------------
  data required time                                                79.80
  data arrival time                                                 -2.40
  --------------------------------------------------------------------------
  slack (MET)                                                       77.40


  Startpoint: U0_ARITHMETIC_UNIT/Arith_OUT_reg_14_
              (rising edge-triggered flip-flop clocked by CLK)
  Endpoint: Arith_OUT[14]
            (output port clocked by CLK)
  Path Group: CLK
  Path Type: max

  Des/Clust/Port     Wire Load Model       Library
  ------------------------------------------------
  ALU_TOP            tsmc13_wl30           scmetro_tsmc_cl013g_rvt_ss_1p08v_125c

  Point                                                   Incr       Path
  --------------------------------------------------------------------------
  clock CLK (rise edge)                                   0.00       0.00
  clock network delay (ideal)                             0.00       0.00
  U0_ARITHMETIC_UNIT/Arith_OUT_reg_14_/CK (SDFFRQX1M)     0.00       0.00 r
  U0_ARITHMETIC_UNIT/Arith_OUT_reg_14_/Q (SDFFRQX1M)      0.85       0.85 r
  U0_ARITHMETIC_UNIT/U90/Y (INVXLM)                       0.61       1.46 f
  U0_ARITHMETIC_UNIT/U91/Y (INVX8M)                       0.94       2.40 r
  U0_ARITHMETIC_UNIT/Arith_OUT[14] (ARITHMETIC_UNIT_test_1)
                                                          0.00       2.40 r
  Arith_OUT[14] (out)                                     0.00       2.40 r
  data arrival time                                                  2.40

  clock CLK (rise edge)                                 100.00     100.00
  clock network delay (ideal)                             0.00     100.00
  clock uncertainty                                      -0.20      99.80
  output external delay                                 -20.00      79.80
  data required time                                                79.80
  --------------------------------------------------------------------------
  data required time                                                79.80
  data arrival time                                                 -2.40
  --------------------------------------------------------------------------
  slack (MET)                                                       77.40


  Startpoint: U0_ARITHMETIC_UNIT/Arith_OUT_reg_13_
              (rising edge-triggered flip-flop clocked by CLK)
  Endpoint: Arith_OUT[13]
            (output port clocked by CLK)
  Path Group: CLK
  Path Type: max

  Des/Clust/Port     Wire Load Model       Library
  ------------------------------------------------
  ALU_TOP            tsmc13_wl30           scmetro_tsmc_cl013g_rvt_ss_1p08v_125c

  Point                                                   Incr       Path
  --------------------------------------------------------------------------
  clock CLK (rise edge)                                   0.00       0.00
  clock network delay (ideal)                             0.00       0.00
  U0_ARITHMETIC_UNIT/Arith_OUT_reg_13_/CK (SDFFRQX1M)     0.00       0.00 r
  U0_ARITHMETIC_UNIT/Arith_OUT_reg_13_/Q (SDFFRQX1M)      0.85       0.85 r
  U0_ARITHMETIC_UNIT/U92/Y (INVXLM)                       0.61       1.46 f
  U0_ARITHMETIC_UNIT/U93/Y (INVX8M)                       0.94       2.40 r
  U0_ARITHMETIC_UNIT/Arith_OUT[13] (ARITHMETIC_UNIT_test_1)
                                                          0.00       2.40 r
  Arith_OUT[13] (out)                                     0.00       2.40 r
  data arrival time                                                  2.40

  clock CLK (rise edge)                                 100.00     100.00
  clock network delay (ideal)                             0.00     100.00
  clock uncertainty                                      -0.20      99.80
  output external delay                                 -20.00      79.80
  data required time                                                79.80
  --------------------------------------------------------------------------
  data required time                                                79.80
  data arrival time                                                 -2.40
  --------------------------------------------------------------------------
  slack (MET)                                                       77.40


  Startpoint: U0_ARITHMETIC_UNIT/Arith_OUT_reg_12_
              (rising edge-triggered flip-flop clocked by CLK)
  Endpoint: Arith_OUT[12]
            (output port clocked by CLK)
  Path Group: CLK
  Path Type: max

  Des/Clust/Port     Wire Load Model       Library
  ------------------------------------------------
  ALU_TOP            tsmc13_wl30           scmetro_tsmc_cl013g_rvt_ss_1p08v_125c

  Point                                                   Incr       Path
  --------------------------------------------------------------------------
  clock CLK (rise edge)                                   0.00       0.00
  clock network delay (ideal)                             0.00       0.00
  U0_ARITHMETIC_UNIT/Arith_OUT_reg_12_/CK (SDFFRQX1M)     0.00       0.00 r
  U0_ARITHMETIC_UNIT/Arith_OUT_reg_12_/Q (SDFFRQX1M)      0.85       0.85 r
  U0_ARITHMETIC_UNIT/U96/Y (INVXLM)                       0.61       1.46 f
  U0_ARITHMETIC_UNIT/U97/Y (INVX8M)                       0.94       2.40 r
  U0_ARITHMETIC_UNIT/Arith_OUT[12] (ARITHMETIC_UNIT_test_1)
                                                          0.00       2.40 r
  Arith_OUT[12] (out)                                     0.00       2.40 r
  data arrival time                                                  2.40

  clock CLK (rise edge)                                 100.00     100.00
  clock network delay (ideal)                             0.00     100.00
  clock uncertainty                                      -0.20      99.80
  output external delay                                 -20.00      79.80
  data required time                                                79.80
  --------------------------------------------------------------------------
  data required time                                                79.80
  data arrival time                                                 -2.40
  --------------------------------------------------------------------------
  slack (MET)                                                       77.40


  Startpoint: U0_ARITHMETIC_UNIT/Arith_OUT_reg_11_
              (rising edge-triggered flip-flop clocked by CLK)
  Endpoint: Arith_OUT[11]
            (output port clocked by CLK)
  Path Group: CLK
  Path Type: max

  Des/Clust/Port     Wire Load Model       Library
  ------------------------------------------------
  ALU_TOP            tsmc13_wl30           scmetro_tsmc_cl013g_rvt_ss_1p08v_125c

  Point                                                   Incr       Path
  --------------------------------------------------------------------------
  clock CLK (rise edge)                                   0.00       0.00
  clock network delay (ideal)                             0.00       0.00
  U0_ARITHMETIC_UNIT/Arith_OUT_reg_11_/CK (SDFFRQX1M)     0.00       0.00 r
  U0_ARITHMETIC_UNIT/Arith_OUT_reg_11_/Q (SDFFRQX1M)      0.85       0.85 r
  U0_ARITHMETIC_UNIT/U94/Y (INVXLM)                       0.61       1.46 f
  U0_ARITHMETIC_UNIT/U95/Y (INVX8M)                       0.94       2.40 r
  U0_ARITHMETIC_UNIT/Arith_OUT[11] (ARITHMETIC_UNIT_test_1)
                                                          0.00       2.40 r
  Arith_OUT[11] (out)                                     0.00       2.40 r
  data arrival time                                                  2.40

  clock CLK (rise edge)                                 100.00     100.00
  clock network delay (ideal)                             0.00     100.00
  clock uncertainty                                      -0.20      99.80
  output external delay                                 -20.00      79.80
  data required time                                                79.80
  --------------------------------------------------------------------------
  data required time                                                79.80
  data arrival time                                                 -2.40
  --------------------------------------------------------------------------
  slack (MET)                                                       77.40


  Startpoint: U0_ARITHMETIC_UNIT/Arith_OUT_reg_10_
              (rising edge-triggered flip-flop clocked by CLK)
  Endpoint: Arith_OUT[10]
            (output port clocked by CLK)
  Path Group: CLK
  Path Type: max

  Des/Clust/Port     Wire Load Model       Library
  ------------------------------------------------
  ALU_TOP            tsmc13_wl30           scmetro_tsmc_cl013g_rvt_ss_1p08v_125c

  Point                                                   Incr       Path
  --------------------------------------------------------------------------
  clock CLK (rise edge)                                   0.00       0.00
  clock network delay (ideal)                             0.00       0.00
  U0_ARITHMETIC_UNIT/Arith_OUT_reg_10_/CK (SDFFRQX1M)     0.00       0.00 r
  U0_ARITHMETIC_UNIT/Arith_OUT_reg_10_/Q (SDFFRQX1M)      0.85       0.85 r
  U0_ARITHMETIC_UNIT/U82/Y (INVXLM)                       0.61       1.46 f
  U0_ARITHMETIC_UNIT/U83/Y (INVX8M)                       0.94       2.40 r
  U0_ARITHMETIC_UNIT/Arith_OUT[10] (ARITHMETIC_UNIT_test_1)
                                                          0.00       2.40 r
  Arith_OUT[10] (out)                                     0.00       2.40 r
  data arrival time                                                  2.40

  clock CLK (rise edge)                                 100.00     100.00
  clock network delay (ideal)                             0.00     100.00
  clock uncertainty                                      -0.20      99.80
  output external delay                                 -20.00      79.80
  data required time                                                79.80
  --------------------------------------------------------------------------
  data required time                                                79.80
  data arrival time                                                 -2.40
  --------------------------------------------------------------------------
  slack (MET)                                                       77.40


  Startpoint: U0_ARITHMETIC_UNIT/Arith_OUT_reg_8_
              (rising edge-triggered flip-flop clocked by CLK)
  Endpoint: Arith_OUT[8]
            (output port clocked by CLK)
  Path Group: CLK
  Path Type: max

  Des/Clust/Port     Wire Load Model       Library
  ------------------------------------------------
  ALU_TOP            tsmc13_wl30           scmetro_tsmc_cl013g_rvt_ss_1p08v_125c

  Point                                                   Incr       Path
  --------------------------------------------------------------------------
  clock CLK (rise edge)                                   0.00       0.00
  clock network delay (ideal)                             0.00       0.00
  U0_ARITHMETIC_UNIT/Arith_OUT_reg_8_/CK (SDFFRQX2M)      0.00       0.00 r
  U0_ARITHMETIC_UNIT/Arith_OUT_reg_8_/Q (SDFFRQX2M)       0.68       0.68 r
  U0_ARITHMETIC_UNIT/U54/Y (INVXLM)                       0.54       1.22 f
  U0_ARITHMETIC_UNIT/U55/Y (INVX8M)                       0.93       2.15 r
  U0_ARITHMETIC_UNIT/Arith_OUT[8] (ARITHMETIC_UNIT_test_1)
                                                          0.00       2.15 r
  Arith_OUT[8] (out)                                      0.00       2.15 r
  data arrival time                                                  2.15

  clock CLK (rise edge)                                 100.00     100.00
  clock network delay (ideal)                             0.00     100.00
  clock uncertainty                                      -0.20      99.80
  output external delay                                 -20.00      79.80
  data required time                                                79.80
  --------------------------------------------------------------------------
  data required time                                                79.80
  data arrival time                                                 -2.15
  --------------------------------------------------------------------------
  slack (MET)                                                       77.65


  Startpoint: U0_ARITHMETIC_UNIT/Arith_OUT_reg_7_
              (rising edge-triggered flip-flop clocked by CLK)
  Endpoint: Arith_OUT[7]
            (output port clocked by CLK)
  Path Group: CLK
  Path Type: max

  Des/Clust/Port     Wire Load Model       Library
  ------------------------------------------------
  ALU_TOP            tsmc13_wl30           scmetro_tsmc_cl013g_rvt_ss_1p08v_125c

  Point                                                   Incr       Path
  --------------------------------------------------------------------------
  clock CLK (rise edge)                                   0.00       0.00
  clock network delay (ideal)                             0.00       0.00
  U0_ARITHMETIC_UNIT/Arith_OUT_reg_7_/CK (SDFFRQX2M)      0.00       0.00 r
  U0_ARITHMETIC_UNIT/Arith_OUT_reg_7_/Q (SDFFRQX2M)       0.68       0.68 r
  U0_ARITHMETIC_UNIT/U46/Y (INVXLM)                       0.54       1.22 f
  U0_ARITHMETIC_UNIT/U47/Y (INVX8M)                       0.93       2.15 r
  U0_ARITHMETIC_UNIT/Arith_OUT[7] (ARITHMETIC_UNIT_test_1)
                                                          0.00       2.15 r
  Arith_OUT[7] (out)                                      0.00       2.15 r
  data arrival time                                                  2.15

  clock CLK (rise edge)                                 100.00     100.00
  clock network delay (ideal)                             0.00     100.00
  clock uncertainty                                      -0.20      99.80
  output external delay                                 -20.00      79.80
  data required time                                                79.80
  --------------------------------------------------------------------------
  data required time                                                79.80
  data arrival time                                                 -2.15
  --------------------------------------------------------------------------
  slack (MET)                                                       77.65


  Startpoint: U0_ARITHMETIC_UNIT/Arith_OUT_reg_6_
              (rising edge-triggered flip-flop clocked by CLK)
  Endpoint: Arith_OUT[6]
            (output port clocked by CLK)
  Path Group: CLK
  Path Type: max

  Des/Clust/Port     Wire Load Model       Library
  ------------------------------------------------
  ALU_TOP            tsmc13_wl30           scmetro_tsmc_cl013g_rvt_ss_1p08v_125c

  Point                                                   Incr       Path
  --------------------------------------------------------------------------
  clock CLK (rise edge)                                   0.00       0.00
  clock network delay (ideal)                             0.00       0.00
  U0_ARITHMETIC_UNIT/Arith_OUT_reg_6_/CK (SDFFRQX2M)      0.00       0.00 r
  U0_ARITHMETIC_UNIT/Arith_OUT_reg_6_/Q (SDFFRQX2M)       0.68       0.68 r
  U0_ARITHMETIC_UNIT/U44/Y (INVXLM)                       0.54       1.22 f
  U0_ARITHMETIC_UNIT/U45/Y (INVX8M)                       0.93       2.15 r
  U0_ARITHMETIC_UNIT/Arith_OUT[6] (ARITHMETIC_UNIT_test_1)
                                                          0.00       2.15 r
  Arith_OUT[6] (out)                                      0.00       2.15 r
  data arrival time                                                  2.15

  clock CLK (rise edge)                                 100.00     100.00
  clock network delay (ideal)                             0.00     100.00
  clock uncertainty                                      -0.20      99.80
  output external delay                                 -20.00      79.80
  data required time                                                79.80
  --------------------------------------------------------------------------
  data required time                                                79.80
  data arrival time                                                 -2.15
  --------------------------------------------------------------------------
  slack (MET)                                                       77.65


  Startpoint: U0_CMP_UNIT/CMP_OUT_reg_1_
              (rising edge-triggered flip-flop clocked by CLK)
  Endpoint: CMP_OUT[1] (output port clocked by CLK)
  Path Group: CLK
  Path Type: max

  Des/Clust/Port     Wire Load Model       Library
  ------------------------------------------------
  ALU_TOP            tsmc13_wl30           scmetro_tsmc_cl013g_rvt_ss_1p08v_125c

  Point                                                   Incr       Path
  --------------------------------------------------------------------------
  clock CLK (rise edge)                                   0.00       0.00
  clock network delay (ideal)                             0.00       0.00
  U0_CMP_UNIT/CMP_OUT_reg_1_/CK (SDFFRQX2M)               0.00       0.00 r
  U0_CMP_UNIT/CMP_OUT_reg_1_/Q (SDFFRQX2M)                0.68       0.68 r
  U0_CMP_UNIT/U12/Y (INVXLM)                              0.54       1.22 f
  U0_CMP_UNIT/U13/Y (INVX8M)                              0.93       2.15 r
  U0_CMP_UNIT/CMP_OUT[1] (CMP_UNIT_test_1)                0.00       2.15 r
  CMP_OUT[1] (out)                                        0.00       2.15 r
  data arrival time                                                  2.15

  clock CLK (rise edge)                                 100.00     100.00
  clock network delay (ideal)                             0.00     100.00
  clock uncertainty                                      -0.20      99.80
  output external delay                                 -20.00      79.80
  data required time                                                79.80
  --------------------------------------------------------------------------
  data required time                                                79.80
  data arrival time                                                 -2.15
  --------------------------------------------------------------------------
  slack (MET)                                                       77.65


  Startpoint: U0_CMP_UNIT/CMP_OUT_reg_0_
              (rising edge-triggered flip-flop clocked by CLK)
  Endpoint: CMP_OUT[0] (output port clocked by CLK)
  Path Group: CLK
  Path Type: max

  Des/Clust/Port     Wire Load Model       Library
  ------------------------------------------------
  ALU_TOP            tsmc13_wl30           scmetro_tsmc_cl013g_rvt_ss_1p08v_125c

  Point                                                   Incr       Path
  --------------------------------------------------------------------------
  clock CLK (rise edge)                                   0.00       0.00
  clock network delay (ideal)                             0.00       0.00
  U0_CMP_UNIT/CMP_OUT_reg_0_/CK (SDFFRQX2M)               0.00       0.00 r
  U0_CMP_UNIT/CMP_OUT_reg_0_/Q (SDFFRQX2M)                0.68       0.68 r
  U0_CMP_UNIT/U10/Y (INVXLM)                              0.54       1.22 f
  U0_CMP_UNIT/U11/Y (INVX8M)                              0.93       2.15 r
  U0_CMP_UNIT/CMP_OUT[0] (CMP_UNIT_test_1)                0.00       2.15 r
  CMP_OUT[0] (out)                                        0.00       2.15 r
  data arrival time                                                  2.15

  clock CLK (rise edge)                                 100.00     100.00
  clock network delay (ideal)                             0.00     100.00
  clock uncertainty                                      -0.20      99.80
  output external delay                                 -20.00      79.80
  data required time                                                79.80
  --------------------------------------------------------------------------
  data required time                                                79.80
  data arrival time                                                 -2.15
  --------------------------------------------------------------------------
  slack (MET)                                                       77.65


  Startpoint: U0_CMP_UNIT/CMP_Flag_reg
              (rising edge-triggered flip-flop clocked by CLK)
  Endpoint: CMP_Flag (output port clocked by CLK)
  Path Group: CLK
  Path Type: max

  Des/Clust/Port     Wire Load Model       Library
  ------------------------------------------------
  ALU_TOP            tsmc13_wl30           scmetro_tsmc_cl013g_rvt_ss_1p08v_125c

  Point                                                   Incr       Path
  --------------------------------------------------------------------------
  clock CLK (rise edge)                                   0.00       0.00
  clock network delay (ideal)                             0.00       0.00
  U0_CMP_UNIT/CMP_Flag_reg/CK (SDFFRQX2M)                 0.00       0.00 r
  U0_CMP_UNIT/CMP_Flag_reg/Q (SDFFRQX2M)                  0.68       0.68 r
  U0_CMP_UNIT/U14/Y (INVXLM)                              0.54       1.22 f
  U0_CMP_UNIT/U15/Y (INVX8M)                              0.93       2.15 r
  U0_CMP_UNIT/CMP_Flag (CMP_UNIT_test_1)                  0.00       2.15 r
  CMP_Flag (out)                                          0.00       2.15 r
  data arrival time                                                  2.15

  clock CLK (rise edge)                                 100.00     100.00
  clock network delay (ideal)                             0.00     100.00
  clock uncertainty                                      -0.20      99.80
  output external delay                                 -20.00      79.80
  data required time                                                79.80
  --------------------------------------------------------------------------
  data required time                                                79.80
  data arrival time                                                 -2.15
  --------------------------------------------------------------------------
  slack (MET)                                                       77.65


1
